-21.992310	-3.541399	-1.277845	-3.171162	-4.478351	-4.996777	-5.965562	-6.829139	-7.957437	-9.114401	-10.411617	-11.737726	-13.029116	-14.227126	-15.179364	-15.932256	-16.449204	-16.882635	-17.295126	-17.778643	-18.395768	-19.161958	-20.139011	-21.319787	-22.781316	-24.544727	-26.730060	-29.466909	-32.974527	-37.276304	-39.461931	-37.023583	-34.391914	-32.676855	-31.761279	-31.454144	-31.732085	-32.569945	-34.046287	-36.115752	-38.007746	-37.290443	-34.358578	-31.427836	-29.060030	-27.189600	-25.724765	-24.583922	-23.718372	-23.094545	-22.690590	-22.496737	-22.503479	-22.710850	-23.110827	-23.695908	-24.434237	-25.263676	-26.062312	-26.654708	-26.888317	-26.744211	-26.369644	-25.955218	-25.655298	-25.565639	-25.748372	-26.257264	-27.154513	-28.544306	-30.611913	-33.765997	-39.037327	-45.405370	-38.311052	-33.325403	-30.277919	-28.226514	-26.793337	-25.800077	-25.149767	-24.790518	-24.692374	-24.844639	-25.247425	-25.915109	-26.874914	-28.174128	-29.891103	-32.158251	-35.217671	-39.476436	-44.413066	-43.053121	-39.032435	-36.277252	-34.416269	-33.073314	-32.021320	-31.123600	-30.307949	-29.546820	-28.845378	-28.219798	-27.688051	-27.260667	-26.939759	-26.720135	-26.590030	-26.535995	-26.543656	-26.603209	-26.709500	-26.863991	-27.072535	-27.341740	-27.675653	-28.068995	-28.504831	-28.949314	-29.355122	-29.669855	-29.853769	-29.898046	-29.826629	-29.685774	-29.523270	-29.377419	-29.272551	-29.221306	-29.229929	-29.300825	-29.436908	-29.639990	-29.910223	-30.240845	-30.612680	-30.989443	-31.316034	-31.531323	-31.590844	-31.494023	-31.287997	-31.047015	-30.845782	-30.741522	-30.771050	-30.950053	-31.275069	-31.720536	-32.235221	-32.742327	-33.152679	-33.401226	-33.483603	-33.463731	-33.440676	-33.512420	-33.759644	-34.247051	-35.035842	-36.197253	-37.837480	-40.141257	-43.490872	-48.826659	-55.868678	-49.846372	-45.092835	-42.383800	-40.732881	-39.734151	-39.184918	-38.957391	-38.950840	-39.066066	-39.195736	-39.232673	-39.094641	-38.754920	-38.243481	-37.621516	-36.949012	-36.268544	-35.605566	-34.973371	-34.381184	-33.837769	-33.354530	-32.945530	-32.626655	-32.414825	-32.326327	-32.376738	-32.579536	-32.945915	-33.482555	-34.188682	-35.049353	-36.024013	-37.032039	-37.944965	-38.616980	-38.963866	-39.027071	-38.938844	-38.835417	-38.809502	-38.908721	-39.153855	-39.555855	-40.130579	-40.909134	-41.941032	-43.280829	-44.905494	-46.406618	-46.581294	-44.866531	-42.481666	-40.312746	-38.564576	-37.231213	-36.272640	-35.653188	-35.346421	-35.333363	-35.597774	-36.119427	-36.861035	-37.746565	-38.633444	-39.312597	-39.602274	-39.498704	-39.184759	-38.883044	-38.756988	-38.909167	-39.414461	-40.353783	-41.850420	-44.132174	-47.663489	-52.962689	-52.947213	-47.471216	-43.733006	-41.212935	-39.426128	-38.126662	-37.176804	-36.490606	-36.010054	-35.694418	-35.516072	
13.562842	13.239259	11.917769	9.084900	5.171284	3.821695	5.503180	6.613427	6.544103	5.417624	3.177796	-0.696762	-7.916289	-11.929643	-4.827095	-2.142576	-1.718581	-2.904936	-5.519960	-8.904613	-10.128289	-8.945023	-8.293013	-8.727465	-9.957390	-11.605429	-13.445495	-15.462927	-17.567720	-19.122563	-19.115371	-17.902163	-16.850892	-16.781504	-18.005598	-19.987695	-19.632575	-16.733199	-14.297888	-12.791192	-11.932964	-11.444899	-11.179658	-11.141742	-11.417110	-12.048860	-12.816775	-13.018829	-12.169862	-10.882592	-9.834137	-9.136579	-8.638621	-8.300003	-8.320034	-8.987429	-10.551164	-13.261122	-17.632552	-24.694005	-22.417492	-16.421277	-13.178316	-11.618831	-11.248656	-11.619228	-12.053664	-11.984063	-11.646454	-11.632402	-12.224526	-13.351860	-14.624281	-15.440984	-15.499820	-15.063987	-14.491798	-13.957733	-13.502240	-13.092983	-12.648698	-12.077817	-11.368828	-10.661161	-10.190825	-10.180563	-10.790325	-12.123604	-14.238404	-17.117311	-20.519779	-23.619464	-25.085306	-24.813876	-23.948318	-23.276903	-23.068092	-23.347910	-24.091553	-25.144746	-25.406229	-23.228882	-19.966089	-17.219799	-15.326672	-14.281263	-14.063166	-14.686845	-16.164543	-18.280875	-19.882288	-19.418759	-17.906539	-16.678218	-16.005468	-15.873424	-16.280499	-17.226137	-18.645204	-20.484025	-23.062431	-27.311728	-28.981030	-23.207094	-19.514230	-17.873329	-17.711705	-18.570388	-19.820800	-20.956164	-22.228860	-23.447649	-22.282371	-19.548371	-17.746658	-17.390328	-18.463546	-20.917939	-24.676082	-29.603713	-32.171391	-26.877613	-22.466654	-19.889332	-18.604689	-18.166634	-18.243982	-18.715026	-19.680962	-21.314440	-23.757749	-27.269046	-31.972917	-31.120334	-26.189020	-23.220332	-21.845156	-21.380332	-21.072236	-20.508585	-20.020865	-20.124197	-21.086321	-22.972558	-25.695004	-28.936504	-32.337133	-36.255067	-35.151052	-28.352214	-23.667002	-20.898627	-19.699447	-19.997884	-21.821487	-24.280865	-23.584794	-21.058729	-19.831852	-20.361670	-22.922163	-28.117980	-29.368657	-24.293493	-21.605438	-20.729219	-21.147679	-22.588374	-24.641847	-26.036317	-25.136899	-22.967658	-21.100032	-20.029822	-19.793681	-20.194922	-20.814244	-21.287977	-21.816116	-23.039975	-25.648675	-29.767669	-29.404216	-25.227620	-22.832817	-22.243899	-23.383434	-26.721239	-34.695761	-39.703222	-30.201405	-27.395927	-27.081220	-28.909443	-34.191812	-41.485198	-32.242061	-28.949494	-28.301591	-27.330781	-24.269190	-21.361217	-19.648557	-19.023645	-19.087541	-19.305363	-19.359077	-19.495835	-20.228838	-22.013241	-25.248270	-29.296970	-28.751926	-26.041505	-24.917515	-25.233191	-26.126241	-26.289590	-25.778894	-25.946152	-27.736686	-31.998851	-37.323298	-33.127972	-29.570524	-27.368728	-25.230124	-23.137503	-21.601488	-20.920205	-21.236261	-22.708321	-25.477531	-28.306750	-27.131376	-24.751145	
19.312858	17.886885	13.254972	4.295992	-6.092539	-4.460410	4.760455	7.283560	6.894700	5.857180	4.617155	2.553355	0.819910	0.944611	1.949721	2.141129	0.790991	-2.044235	-6.516383	-13.927149	-13.956927	-9.512659	-8.002518	-9.330062	-15.563675	-20.333197	-12.853800	-11.718236	-14.195286	-23.734025	-18.710423	-10.967226	-8.397136	-9.001038	-12.902045	-17.414988	-16.796986	-23.722592	-16.382242	-8.612649	-6.052015	-6.516331	-9.990981	-16.607977	-13.632446	-10.534143	-11.913728	-19.474972	-14.003374	-9.942258	-10.716003	-14.386575	-16.363561	-12.373158	-8.118447	-6.700799	-8.507993	-14.360565	-22.533093	-17.510120	-14.988178	-13.164949	-10.739514	-9.094991	-10.059302	-16.254067	-24.667835	-13.701568	-12.388298	-12.848273	-11.660674	-10.724784	-11.244282	-12.897142	-16.184927	-22.226597	-16.342107	-12.704380	-14.550059	-33.788779	-15.361479	-11.728853	-14.752686	-24.129199	-11.172041	-7.554486	-7.905508	-12.294917	-23.162725	-15.175210	-12.695140	-14.440566	-19.304435	-18.549323	-15.380696	-16.104526	-21.296581	-22.938969	-19.953960	-21.716207	-24.920052	-23.201061	-23.417801	-23.865939	-18.266433	-15.075606	-15.035139	-17.170149	-19.993789	-25.054596	-43.989883	-28.603087	-24.880061	-20.200755	-19.111425	-22.261007	-21.180563	-18.644715	-21.565039	-42.519319	-25.188869	-23.010558	-23.202290	-21.494338	-19.279675	-17.572045	-17.930724	-21.626033	-32.226644	-30.231117	-22.221664	-20.679220	-19.728277	-15.024074	-12.850069	-14.656400	-22.686766	-28.072878	-22.916853	-25.750899	-29.953800	-33.033672	-21.841313	-17.166651	-16.810484	-21.147348	-36.610573	-20.906218	-17.934778	-19.162605	-24.234710	-27.848297	-23.946431	-22.028995	-18.913741	-16.523599	-17.073641	-22.172084	-23.061006	-17.311858	-16.900044	-21.664407	-25.424805	-19.278147	-18.298556	-20.820247	-26.496980	-33.934824	-33.378445	-27.456633	-22.879691	-18.467136	-14.521099	-12.139282	-11.375570	-11.785686	-12.795743	-13.740446	-13.938161	-13.821510	-14.455593	-16.162483	-18.761204	-21.569622	-20.938223	-19.129165	-19.986345	-24.241244	-33.080491	-35.061720	-28.735130	-32.426847	-28.395507	-19.593003	-17.395312	-19.713723	-30.126262	-23.715234	-18.436227	-17.665064	-19.814083	-25.295249	-28.207748	-20.714180	-16.851773	-15.700754	-16.680938	-19.359170	-22.863045	-25.833389	-29.275979	-31.048238	-26.131509	-23.690833	-23.199457	-22.659854	-20.841618	-18.393237	-16.236096	-14.600584	-13.566796	-13.515575	-15.166251	-19.931074	-29.893781	-22.342191	-19.605187	-20.478084	-21.697973	-19.703092	-17.845976	-17.494434	-18.401175	-20.723402	-24.647882	-28.195746	-31.930702	-48.964282	-27.484552	-22.593796	-21.223705	-21.931658	-23.010026	-22.227535	-20.925998	-20.214268	-19.452585	-18.459550	-18.161072	-19.125419	-20.707165	-21.932898	-24.048316	-27.549880	-25.718970	-22.458737	
19.906466	18.201933	12.562632	0.605580	-10.021640	1.615485	6.662772	6.120440	1.301515	1.687095	2.903651	-1.030884	-3.801311	-1.852575	-3.806244	-4.821988	-6.002445	-16.337295	-11.273153	-7.078912	-10.483582	-16.699437	-9.846381	-8.649225	-10.635136	-13.412210	-15.358893	-19.686906	-25.430881	-13.318338	-8.406900	-6.280402	-6.359792	-7.942075	-8.536874	-8.315906	-9.369620	-10.838105	-11.399635	-9.299249	-6.569123	-6.445721	-9.581960	-16.496485	-40.603670	-17.232190	-10.631707	-7.608044	-6.772470	-7.999273	-11.400863	-16.462307	-17.087967	-13.219094	-10.980106	-10.290787	-11.212515	-13.782084	-16.025199	-15.743196	-15.817834	-18.809889	-14.466381	-10.304189	-10.131093	-13.138828	-16.905182	-16.557173	-16.977896	-18.173746	-15.801538	-14.186354	-15.741196	-21.418596	-16.545619	-12.173673	-10.753328	-11.043335	-12.898461	-13.783144	-11.982169	-11.237453	-12.506849	-15.409032	-13.794166	-9.925879	-9.158862	-11.090641	-13.304822	-12.462449	-10.476166	-9.836618	-10.634392	-11.282090	-10.835724	-10.517645	-11.245504	-13.097495	-16.181591	-21.980897	-31.572925	-24.250031	-22.559252	-22.438601	-23.259574	-23.622842	-22.154273	-24.026746	-26.763575	-22.262749	-21.121849	-22.793347	-22.922981	-21.038307	-20.016356	-19.719777	-19.394539	-19.748358	-21.530846	-21.728277	-19.163510	-17.903638	-20.068764	-28.108035	-26.962193	-25.144765	-23.341055	-21.652418	-24.923517	-30.757141	-21.561423	-16.866250	-13.922133	-11.647408	-10.526877	-11.172043	-13.458926	-16.273880	-18.271614	-18.923178	-18.431065	-17.516398	-16.932180	-17.558498	-20.469746	-26.505791	-22.504249	-17.625588	-16.291538	-19.026769	-34.081085	-20.983118	-15.540431	-14.119316	-15.534738	-19.292559	-18.970750	-15.996947	-14.914966	-15.146438	-15.747877	-16.288870	-16.451027	-16.310615	-16.862284	-18.265955	-20.848272	-24.692092	-23.813350	-23.778297	-30.266909	-26.010317	-17.442286	-13.296588	-12.525840	-14.981388	-20.011896	-28.158914	-25.690607	-18.744305	-17.926920	-19.374634	-20.101432	-21.297219	-20.406598	-18.113360	-18.964895	-24.444422	-30.114343	-27.208637	-27.121236	-24.582857	-20.282966	-17.589816	-17.566123	-20.396028	-23.187163	-20.502432	-19.367564	-21.676491	-23.857440	-21.404048	-19.166439	-17.088867	-16.873876	-18.835968	-21.111860	-24.489955	-27.822779	-23.960424	-23.331503	-23.788635	-24.288079	-28.118593	-34.212610	-29.892470	-26.449156	-22.729298	-18.583981	-16.316372	-17.634752	-21.608050	-18.034460	-16.003505	-17.273042	-21.368883	-30.425305	-30.010419	-27.767570	-23.558590	-18.575816	-16.540776	-17.522594	-22.288351	-30.248601	-27.317390	-29.595841	-32.589872	-23.822085	-20.873813	-22.108785	-27.323834	-24.042668	-20.942004	-22.222315	-28.073076	-44.580539	-25.989808	-21.791079	-22.588927	-26.546281	-23.752059	-22.046426	-25.611277	-45.987451	-24.675049	
19.890900	18.174565	12.606605	1.883799	-6.714824	2.049949	6.831651	8.384838	8.824095	8.551932	6.830358	2.799367	-3.509245	-6.217922	-7.655353	-9.001093	-8.034941	-8.605655	-7.544251	-4.783354	-3.102773	-2.943269	-4.469501	-8.035086	-14.480571	-16.611142	-12.843072	-12.592940	-15.327501	-19.611501	-9.900522	-5.480448	-5.560696	-9.144684	-9.795742	-8.133061	-8.908740	-10.889358	-13.623663	-11.050922	-7.456882	-7.421877	-10.397790	-13.142034	-12.507877	-11.644704	-13.891203	-21.010827	-11.379327	-7.856507	-7.905370	-9.682913	-12.229642	-17.173574	-42.389620	-18.238419	-15.739602	-17.759933	-22.084165	-16.766932	-12.410837	-11.637229	-12.816306	-12.424617	-11.577910	-13.352207	-16.841965	-17.361515	-16.821260	-16.428482	-18.081667	-23.657083	-19.520740	-13.604060	-9.930153	-7.780107	-7.510105	-9.721460	-14.666993	-16.801723	-13.723360	-11.805198	-11.928901	-13.428718	-12.928457	-11.247399	-11.070139	-13.182828	-16.742858	-13.060220	-10.307364	-11.545716	-17.900758	-18.931855	-14.064066	-14.599109	-18.958237	-20.006951	-18.412521	-19.441931	-20.989679	-20.298274	-18.652298	-18.667291	-20.953027	-22.302991	-21.440362	-22.234182	-23.785393	-23.524598	-22.626743	-22.053920	-22.495592	-26.276442	-31.923778	-21.888400	-18.578562	-18.966323	-21.874883	-22.306607	-18.669145	-17.075525	-17.483535	-17.869502	-17.784604	-17.930601	-16.517143	-14.494825	-13.686418	-14.608420	-18.392317	-31.621647	-24.460903	-18.485023	-15.855054	-15.355622	-17.046471	-18.472556	-21.164377	-25.007370	-17.414354	-16.780045	-24.226315	-24.358642	-19.394971	-19.819103	-19.818011	-16.806111	-13.885738	-13.042118	-13.741374	-14.816253	-15.110924	-14.664413	-15.296137	-17.160436	-17.975171	-19.727504	-28.716051	-26.255281	-22.962181	-26.532653	-21.343410	-17.269240	-17.608238	-22.443372	-18.849436	-13.946108	-12.645139	-13.876121	-17.832378	-20.138479	-16.322932	-15.292514	-16.510400	-19.238216	-23.818143	-21.081422	-18.019705	-18.971828	-23.777285	-26.654964	-26.856918	-27.852130	-20.298775	-17.075112	-16.646947	-17.317364	-18.568974	-21.297041	-23.890242	-21.190292	-20.319088	-21.440103	-21.053159	-21.294424	-22.473563	-21.943753	-21.177897	-21.190892	-20.729714	-18.099275	-16.762873	-18.209427	-21.722548	-25.863114	-27.498028	-22.805344	-19.804996	-18.017239	-17.781276	-20.269719	-25.896836	-28.331157	-27.934448	-27.350316	-24.448028	-25.137473	-25.852475	-19.622544	-16.652370	-15.486479	-14.140790	-12.916861	-13.121688	-15.672957	-21.454511	-31.847261	-24.515191	-20.156175	-20.694048	-24.292576	-22.492682	-20.214958	-20.326363	-21.482179	-22.174611	-21.463249	-19.850926	-18.960822	-19.783627	-22.029983	-25.253416	-29.429964	-27.659983	-27.063368	-34.454410	-28.974310	-21.616718	-18.900354	-18.859915	-21.755380	-30.769319	-29.326320	-21.881476	-18.963799	
19.873659	18.174178	12.617443	1.788626	-3.654546	2.282178	4.896238	-0.211979	-1.111646	7.401644	8.413000	4.970921	-1.959218	-6.151623	-20.555103	-4.178012	-1.589613	-3.146412	-2.678209	-1.517136	-3.756584	-12.060378	-12.781503	-7.823644	-7.765906	-10.671972	-19.666627	-16.830303	-9.733372	-6.573059	-3.867545	-2.382137	-2.976127	-5.889737	-12.101010	-17.995674	-14.491520	-20.800881	-15.315646	-7.936978	-6.558668	-8.219086	-11.464445	-12.538453	-10.918396	-12.220969	-18.460924	-17.718436	-11.017775	-8.457979	-9.389468	-14.134058	-15.047220	-10.504121	-9.046590	-9.706333	-12.032638	-14.172236	-10.605088	-7.989549	-8.749780	-13.226386	-17.909635	-19.954223	-28.205515	-13.372764	-10.343883	-11.719310	-14.601899	-13.750658	-12.691339	-12.755422	-14.072441	-20.286379	-19.789338	-10.325457	-7.580711	-8.799722	-15.421642	-21.665068	-14.293174	-15.827119	-29.252647	-17.134166	-13.263693	-14.477715	-23.120991	-20.372660	-12.190921	-10.053784	-11.507757	-18.156682	-21.611473	-13.956988	-12.647527	-14.427291	-17.969684	-22.263574	-25.548274	-20.682754	-19.170970	-23.021872	-20.025300	-14.939775	-14.044696	-16.523737	-22.963158	-27.759811	-25.306502	-25.708144	-24.749284	-25.177186	-30.561440	-28.082089	-21.773006	-19.455812	-20.261893	-24.799326	-28.294722	-25.323389	-21.840883	-19.341846	-20.534346	-23.908497	-17.262460	-12.577542	-10.751088	-11.251678	-14.262698	-20.738144	-23.675284	-18.933525	-18.229096	-20.585788	-19.314087	-15.953744	-15.522342	-15.841149	-13.761814	-11.989204	-11.849601	-12.843781	-13.859443	-13.965146	-13.871478	-15.290183	-17.815964	-14.883981	-12.523994	-13.719747	-18.343537	-26.888616	-25.775340	-18.979303	-20.371721	-28.363228	-16.724533	-13.660986	-14.102778	-16.188807	-18.798301	-22.755387	-29.917911	-21.414893	-15.631099	-12.974964	-12.596260	-13.980596	-14.071989	-11.456488	-9.946447	-10.629967	-14.130318	-23.211409	-25.335803	-20.661159	-20.278914	-18.436728	-17.265719	-18.660980	-22.198659	-23.597655	-22.490857	-20.439653	-18.005032	-17.566322	-20.964416	-25.934481	-17.687133	-14.605084	-15.186533	-19.301687	-28.880934	-43.791419	-30.942599	-22.593225	-20.932896	-25.507141	-41.005352	-25.324399	-21.431331	-18.445119	-17.926961	-21.307055	-28.770494	-24.882481	-22.459937	-21.165427	-18.959335	-17.368717	-17.289524	-18.724889	-21.026453	-21.345131	-18.523705	-16.425623	-16.241416	-18.004004	-21.091004	-18.733210	-14.875562	-14.608033	-19.523756	-23.374069	-15.646589	-13.840026	-14.851439	-16.762626	-18.003083	-19.613839	-23.025812	-27.694503	-30.295668	-28.128296	-28.049679	-37.261219	-31.456287	-31.091028	-35.469599	-22.147968	-18.788956	-19.008935	-21.508795	-24.594741	-25.535973	-26.434022	-27.540951	-24.643796	-22.409454	-23.376867	-25.404905	-23.327475	-21.613925	-20.976130	-21.052394	-22.323127	
19.948175	18.208926	12.485762	0.252435	-15.804756	-3.047364	2.344554	4.523839	7.337862	10.063738	10.969290	9.516264	5.808915	1.234227	-0.465547	1.205604	2.781371	2.948783	1.700433	-1.037208	-5.644425	-11.358119	-12.676445	-12.058512	-14.517767	-18.853164	-14.386670	-10.211156	-6.386288	-3.193993	-1.437396	-2.043100	-6.667680	-16.842770	-7.822703	-5.456037	-4.965748	-4.474269	-5.027799	-7.112813	-10.257316	-17.647982	-14.865469	-6.702519	-4.660526	-5.939131	-9.032913	-13.024354	-18.946007	-11.149540	-7.707532	-8.598477	-13.753525	-14.859488	-9.972129	-8.455803	-8.442296	-8.334816	-8.059299	-8.032123	-7.991514	-8.114578	-9.084585	-10.635598	-11.705720	-12.449866	-12.041710	-9.816688	-8.656830	-10.202612	-15.991074	-18.990315	-13.084952	-11.545024	-12.849922	-15.100770	-12.568236	-9.836003	-9.372875	-10.616651	-12.768639	-15.416236	-19.356867	-22.459400	-17.086312	-14.177826	-15.270021	-26.081888	-16.754479	-10.554752	-9.611162	-11.886900	-17.458703	-21.878254	-14.969078	-12.644270	-13.889578	-18.147268	-21.686818	-18.408319	-15.347271	-13.546617	-12.585573	-12.644661	-15.069259	-25.057365	-21.011669	-14.127152	-12.257702	-12.736965	-15.784203	-23.003883	-23.546771	-17.859779	-16.366316	-17.335693	-18.768118	-19.818167	-21.199881	-21.180615	-19.267769	-18.212669	-19.602120	-21.381006	-19.314300	-17.794109	-16.238073	-14.925241	-15.908824	-20.164552	-30.066301	-28.124076	-17.217612	-12.506073	-10.980295	-11.974733	-14.829556	-15.028886	-13.290490	-14.889056	-20.022523	-20.108940	-23.586338	-27.418591	-16.350672	-14.002957	-14.330418	-14.526011	-14.009579	-14.880030	-18.719063	-22.204676	-17.414016	-14.841022	-14.023545	-13.433270	-12.769781	-12.628519	-13.013209	-13.789310	-15.196185	-17.113291	-19.178776	-21.749909	-20.547154	-16.358913	-15.330863	-17.379697	-17.950602	-15.547158	-14.016276	-13.031344	-13.311796	-15.751494	-19.611068	-21.854250	-21.647438	-17.843121	-15.475309	-16.534134	-19.930796	-21.768749	-26.909633	-29.881463	-19.668669	-17.497555	-19.081152	-21.208423	-17.176656	-14.518299	-15.250455	-19.593870	-25.446173	-25.233615	-21.482904	-17.913583	-16.871485	-18.140185	-21.432304	-25.993605	-24.402061	-20.399422	-19.372796	-20.972864	-22.789323	-23.921292	-28.319998	-28.987682	-25.890535	-27.321656	-29.456031	-27.764585	-25.198360	-24.101457	-22.896736	-18.884128	-15.986644	-15.438970	-16.014882	-15.291041	-14.609237	-15.966206	-19.301443	-21.545057	-19.498411	-17.734892	-18.287876	-21.306072	-23.955619	-22.460112	-22.987007	-27.681544	-35.722686	-36.169667	-28.603568	-24.372190	-22.832738	-22.326953	-23.162490	-25.544413	-24.568214	-23.243358	-25.987594	-29.671746	-25.099221	-24.131280	-24.904652	-23.461674	-22.569563	-23.411556	-23.923591	-23.128069	-24.638929	-33.503504	-30.969302	-26.758567	
19.905101	18.244957	12.865041	2.267004	-6.147951	-0.157642	1.442921	-3.482418	3.098372	8.382875	9.790472	8.046080	1.947066	-15.018849	-5.527129	-2.864003	-2.012764	-6.545969	-10.187832	-3.966769	-4.535300	-8.837137	-11.694183	-14.454737	-20.610420	-17.764102	-12.916388	-12.099451	-18.555143	-12.545307	-8.264476	-6.707967	-4.478309	-2.546775	-1.418869	-1.218848	-2.586890	-5.936426	-9.891972	-14.471378	-40.981416	-13.092461	-8.062549	-5.014663	-2.898930	-2.583016	-4.707380	-8.958778	-12.393252	-11.572696	-9.362148	-8.535598	-8.949514	-9.512353	-10.559522	-14.042291	-19.197633	-14.081884	-13.179824	-18.398301	-14.606512	-12.606273	-17.145600	-19.110982	-15.118076	-15.614278	-16.886092	-12.408363	-10.276891	-11.565757	-14.481291	-15.191282	-13.631452	-13.086560	-14.650778	-16.885422	-17.537712	-17.620270	-17.275626	-19.264904	-22.984807	-21.557852	-22.028227	-21.083408	-16.449724	-12.661901	-11.350253	-11.412918	-10.899601	-9.309420	-8.402104	-9.451248	-12.296427	-15.195893	-17.122716	-18.122544	-17.447870	-18.124956	-19.745616	-19.967407	-20.498338	-21.656598	-26.148738	-20.213367	-15.517278	-13.876763	-12.486278	-10.335772	-8.514191	-8.042901	-9.041164	-10.850472	-12.468444	-13.786600	-16.012704	-21.107026	-25.455904	-18.170796	-14.219540	-12.710867	-13.506842	-17.089666	-24.158652	-35.094130	-32.844058	-30.956829	-25.475985	-19.561008	-18.380672	-20.391551	-22.189861	-19.521261	-15.485193	-12.934872	-12.519794	-14.045064	-16.461486	-16.730182	-14.405731	-13.307381	-14.101851	-14.890079	-14.646606	-16.092923	-21.835232	-28.036181	-26.522656	-30.203391	-22.447542	-20.096961	-17.930710	-15.894837	-17.153227	-22.349419	-18.354455	-15.387370	-16.899555	-23.727685	-30.318039	-20.314782	-20.443229	-29.964358	-25.063549	-20.872467	-19.235488	-17.181426	-16.741533	-20.375155	-28.031274	-21.652719	-24.138392	-26.884881	-18.567394	-17.042703	-18.846627	-19.127375	-14.369523	-11.282635	-10.584925	-12.221347	-16.849630	-26.350283	-23.429281	-18.616079	-17.383904	-19.776935	-25.656935	-25.599074	-19.302035	-15.182988	-14.163339	-15.948649	-18.695471	-18.528901	-18.939534	-19.740076	-18.011997	-17.985201	-22.218878	-43.312321	-24.434466	-19.816073	-18.438365	-19.310930	-19.882658	-18.302831	-19.198888	-25.352613	-44.853596	-31.384727	-34.745081	-38.275984	-32.138199	-31.079751	-29.661075	-31.955142	-22.510008	-17.314622	-16.520830	-17.893486	-18.107882	-18.507925	-21.467669	-24.852150	-25.392137	-27.020873	-29.940928	-34.312130	-34.304859	-28.883393	-24.783152	-23.393191	-24.631252	-25.946237	-22.703391	-18.911491	-17.477965	-19.000994	-23.988216	-31.874243	-43.549351	-32.950278	-27.220199	-25.624487	-24.813037	-23.878907	-22.913030	-23.467601	-27.722469	-31.703374	-25.653320	-23.651051	-23.856816	-24.686506	-25.260831	-25.733897	
19.855721	18.115104	12.289748	-1.552913	-8.310719	-4.101286	3.024132	5.427583	4.550437	1.050728	0.930756	4.004756	4.705721	2.837424	-0.511147	-0.309517	1.747192	2.545878	2.318635	0.869998	-3.223528	-13.406927	-7.513189	-4.002621	-3.524754	-2.698900	-1.369845	-0.753525	-0.989521	-2.327322	-4.179839	-3.756568	-3.905350	-9.483316	-10.659411	-2.651207	-1.100397	-2.986598	-5.181240	-4.154862	-4.331218	-7.923333	-15.936394	-10.366919	-5.612848	-3.968633	-5.604420	-12.489442	-18.852101	-16.114318	-32.021915	-14.779803	-10.576893	-11.174951	-15.458396	-19.536749	-16.120560	-13.413552	-11.061643	-9.152566	-8.458749	-9.279690	-11.299985	-14.016775	-18.761329	-17.070275	-10.868585	-8.692994	-9.481090	-13.163949	-18.480388	-16.570609	-16.327714	-20.973432	-25.033468	-19.779566	-17.531459	-17.683746	-16.368467	-13.692841	-12.318606	-11.986964	-12.652030	-12.481757	-9.899177	-8.625985	-10.274245	-16.357937	-18.253243	-12.689300	-12.495131	-15.872552	-18.172470	-18.912700	-23.580839	-31.085894	-25.008964	-18.172026	-15.814757	-16.896123	-19.259673	-18.531297	-16.343168	-14.883732	-15.631381	-22.174170	-22.730792	-14.452163	-13.701643	-16.184200	-15.713348	-15.758843	-21.214186	-27.755333	-19.555711	-17.451448	-19.010375	-27.775708	-20.724026	-14.799167	-13.634699	-14.860954	-16.952559	-18.821011	-18.433421	-16.938612	-17.469175	-21.596962	-27.374965	-26.356096	-25.949683	-23.533842	-26.776289	-22.694539	-18.264630	-20.813384	-40.239958	-20.137910	-15.821631	-14.140267	-14.462700	-16.756926	-17.764832	-16.581434	-16.953113	-18.126560	-17.659205	-16.907594	-17.843055	-19.937914	-18.844000	-16.547505	-15.544029	-15.324183	-15.459578	-16.852304	-21.999907	-29.359964	-20.138153	-17.424403	-16.788159	-16.686047	-17.583092	-21.835306	-31.149720	-21.564325	-20.453446	-22.795448	-20.683881	-17.000906	-14.566724	-14.342747	-17.542484	-30.898948	-21.888271	-15.883442	-13.944327	-14.065220	-15.875563	-17.294401	-16.739917	-16.649278	-16.168558	-14.736913	-13.960976	-14.641693	-16.227815	-15.955994	-16.111027	-21.138752	-22.091130	-15.826826	-14.937589	-16.993214	-20.387869	-21.703918	-19.382420	-18.809393	-21.332364	-26.067200	-26.600264	-26.397455	-27.587984	-19.555138	-14.485051	-12.514607	-12.657219	-14.105507	-15.787970	-16.750792	-16.930180	-16.576867	-16.089924	-16.211475	-16.970147	-17.565975	-19.319491	-25.689112	-32.137464	-27.487248	-25.312001	-20.709405	-19.506548	-22.668588	-34.024197	-31.023987	-30.078961	-34.000607	-33.765083	-26.340616	-22.023827	-21.995032	-27.143261	-38.897979	-26.891103	-21.898383	-18.371415	-17.011814	-18.189138	-21.753383	-25.922316	-27.424055	-25.783466	-25.035982	-28.874889	-34.881024	-28.305998	-27.885033	-31.593331	-32.204543	-27.585517	-26.100429	-30.037488	-30.185259	-23.670132	-23.352534	
19.868520	18.196974	12.648891	0.142071	-12.406472	-5.240895	3.823831	6.284370	5.363565	2.207029	-3.552559	-6.417914	1.773956	3.708376	1.163041	-3.311100	0.365216	2.683265	2.626497	1.741993	1.003945	-0.235881	-2.799273	-6.607152	-3.980658	0.064754	1.093348	-0.202533	-1.921016	-1.174132	-0.001109	-0.477909	-2.928147	-6.243860	-5.124197	-2.224904	-1.325771	-2.325629	-3.295183	-2.388771	-1.645107	-2.618519	-6.597188	-16.716606	-8.102331	-5.064107	-6.883569	-11.036363	-10.325936	-9.268102	-9.916050	-13.605000	-31.686706	-15.584087	-11.873415	-11.802347	-14.082116	-17.593685	-13.375659	-10.841677	-12.170564	-16.291842	-14.109923	-10.415953	-8.956584	-8.952031	-10.316346	-13.828272	-21.199932	-16.152362	-11.795057	-11.691884	-14.947363	-21.143638	-23.785108	-19.736711	-17.774676	-17.316115	-14.439885	-11.159705	-9.320928	-8.593584	-8.745340	-9.785868	-11.054168	-11.669605	-13.036598	-16.272448	-16.453583	-14.411837	-15.136838	-18.462826	-21.970737	-23.987573	-25.912139	-27.332004	-22.453275	-18.345572	-17.275728	-17.194491	-15.876535	-15.000313	-16.436611	-20.827942	-20.086315	-15.932867	-15.123637	-17.310310	-21.080231	-21.834347	-19.750244	-17.509637	-17.255731	-20.067933	-28.062467	-25.070794	-18.215122	-14.807867	-13.506489	-14.891230	-21.093935	-36.783096	-23.050889	-20.830087	-17.964087	-16.291746	-16.842151	-19.045314	-21.031395	-20.538462	-19.374788	-18.579307	-17.684326	-16.356378	-15.321454	-16.016984	-20.353421	-35.837944	-23.803282	-22.641229	-26.692697	-26.978195	-23.494794	-18.532073	-15.855814	-17.665974	-33.404944	-18.988897	-14.643523	-15.637023	-22.271122	-25.104692	-18.943849	-18.646272	-19.406911	-17.717221	-16.615095	-17.607134	-20.859104	-23.020439	-23.004385	-32.484913	-21.831049	-15.903322	-14.035838	-13.728248	-14.778347	-16.366859	-15.440102	-13.415304	-12.376018	-12.893220	-15.332961	-20.111645	-25.250945	-23.301071	-24.669012	-32.027032	-27.706078	-25.422294	-21.467091	-19.321637	-19.613926	-21.533563	-25.270426	-18.341556	-13.804516	-12.918210	-14.485970	-16.911891	-17.542490	-16.402767	-16.704094	-21.503432	-23.227884	-16.717387	-15.691748	-18.548834	-25.940413	-32.657507	-28.338749	-26.381891	-22.477033	-16.790729	-13.701070	-13.828316	-17.586340	-22.695097	-18.568975	-17.337999	-19.963539	-22.476418	-18.531717	-15.524296	-14.182268	-14.525407	-16.983146	-21.596161	-25.634607	-23.382193	-19.553642	-18.738579	-22.576037	-33.723432	-21.715770	-17.856368	-16.581271	-16.384675	-17.074698	-19.049604	-21.775975	-23.043049	-24.615682	-31.066870	-37.906181	-29.831929	-30.042013	-22.340285	-18.602352	-19.233544	-23.896026	-29.900934	-27.548121	-25.451153	-25.292222	-26.690761	-28.069976	-28.984113	-30.817925	-31.918293	-30.977030	-27.197001	-23.195586	-20.872468	-20.024192	-20.160774	
19.914809	18.200874	12.662503	1.837110	-11.071634	-4.315735	1.577003	6.333150	9.023317	9.137159	7.162147	4.076001	2.672210	2.743431	0.953161	-3.095813	-8.723952	-6.630679	-5.363071	-11.982576	-8.031552	-2.424983	-1.281479	-1.732536	-1.478473	-1.924470	-6.123931	-20.888533	-17.373489	-11.132300	-4.359243	-2.894316	-6.340252	-14.302332	-13.584665	-6.184831	-4.197077	-7.184843	-10.456826	-12.307421	-13.816028	-6.447792	-3.731484	-2.831846	-2.587597	-3.355349	-5.619285	-8.171146	-7.868127	-6.665593	-6.896350	-8.694261	-10.917142	-11.832877	-11.080102	-9.636571	-8.665196	-9.215790	-12.226766	-18.420420	-22.072407	-20.212600	-17.923095	-14.798950	-12.771076	-14.221553	-22.983992	-22.377349	-16.289389	-14.849718	-14.041118	-12.687171	-12.062236	-13.107157	-14.698558	-14.926588	-15.300092	-15.646435	-13.521376	-14.087536	-23.029267	-20.763776	-14.900550	-15.845908	-20.085806	-18.788026	-17.195266	-18.363251	-19.713266	-19.408207	-18.431677	-18.757768	-21.986357	-29.530357	-47.920313	-26.348121	-20.202983	-18.300031	-19.630110	-20.807925	-18.411835	-18.915250	-26.716902	-28.463550	-19.082294	-14.886013	-13.844115	-16.205358	-20.662494	-20.166583	-17.422479	-16.788902	-18.857513	-22.850260	-24.729428	-21.808139	-17.488558	-14.337033	-13.099877	-13.761684	-16.311817	-21.199473	-28.772103	-29.353136	-25.102293	-22.692013	-24.525841	-29.394673	-24.167731	-23.381585	-25.272904	-27.550160	-25.869976	-17.028311	-13.587472	-13.978143	-17.843665	-22.942442	-20.871948	-19.643782	-20.365074	-20.409641	-22.227295	-25.141843	-18.773304	-15.402145	-14.082006	-13.274648	-12.769976	-13.334609	-15.746721	-21.157947	-32.504344	-26.337376	-23.838642	-19.946496	-16.973178	-17.305535	-20.763554	-25.280081	-24.909497	-20.166776	-15.751228	-12.950121	-11.988952	-12.829350	-15.069325	-17.835397	-20.751253	-22.921609	-20.780953	-19.021060	-19.539948	-21.035651	-22.086014	-21.655961	-20.710127	-21.009998	-22.394604	-24.692962	-23.289735	-21.913102	-24.293139	-24.581389	-19.701594	-17.055383	-16.962248	-18.206655	-20.542956	-29.189293	-29.623590	-24.094107	-20.995880	-15.727036	-13.077119	-13.314393	-17.196441	-31.247778	-21.764514	-17.916633	-17.016234	-16.103115	-15.007224	-14.510569	-15.947479	-21.099046	-29.081673	-21.757020	-18.694900	-18.030485	-19.193715	-23.174859	-43.008707	-24.770600	-21.628302	-22.137830	-20.280454	-19.947509	-22.738364	-21.651934	-19.755648	-20.144447	-20.149056	-18.678015	-16.395430	-14.514915	-13.818150	-14.457267	-17.004797	-23.018633	-35.707440	-31.713336	-27.131051	-23.141037	-21.805319	-22.069265	-21.248681	-19.317154	-18.265702	-19.087184	-23.033960	-35.748789	-31.438438	-27.796861	-29.676465	-35.517379	-36.722586	-31.594011	-31.257468	-33.051092	-35.362712	-29.515687	-24.341352	-23.871482	-28.413011	-38.192122	
19.944092	18.231916	12.726212	2.472915	-5.108624	-0.555965	1.007453	6.704615	10.997239	11.527274	8.741597	3.598181	2.990788	3.730632	1.328800	-3.289403	-6.386285	-5.351485	-3.562075	-4.877202	-8.219547	-7.219764	-7.883095	-7.856643	-2.499119	-0.781158	-2.649158	-7.550243	-16.868482	-12.604867	-2.799147	0.614740	0.796126	-0.742287	-1.415311	-1.239070	-2.476173	-4.946093	-5.574633	-4.652312	-3.425111	-3.472055	-7.595594	-8.568710	-3.035768	-2.652407	-7.564711	-27.447030	-8.585185	-7.479522	-13.071150	-27.484807	-17.430441	-25.630252	-21.743536	-22.125667	-19.755149	-13.123066	-11.929011	-13.038476	-13.820265	-13.650753	-13.979786	-11.866214	-9.496367	-9.956411	-13.924582	-24.760865	-16.756528	-12.357350	-12.982893	-13.162887	-9.426881	-8.397540	-9.985322	-9.313922	-7.135651	-7.594794	-11.888123	-26.026470	-16.691842	-12.428123	-12.630938	-17.464227	-29.487035	-17.399720	-16.038730	-19.787967	-31.127195	-31.123827	-28.359657	-34.954911	-26.404707	-22.420239	-23.148139	-19.654320	-15.455596	-15.119752	-20.965033	-24.819674	-14.786580	-12.842854	-13.597269	-14.708324	-14.294384	-12.414554	-11.624715	-13.735184	-21.096509	-23.460204	-17.949066	-17.838935	-20.369217	-23.923542	-26.120050	-23.476095	-18.521573	-16.953751	-20.520083	-34.400452	-19.700775	-17.893441	-21.343568	-27.304743	-25.506205	-24.933703	-25.442986	-25.070667	-24.340196	-24.001785	-24.582943	-24.926497	-20.269049	-15.507989	-13.042277	-12.985837	-15.316032	-18.502289	-18.690733	-17.111715	-16.302121	-17.191169	-18.480011	-17.449941	-15.156719	-15.592500	-23.339244	-20.052058	-14.832800	-15.452963	-17.743869	-17.633389	-16.829696	-15.775446	-14.549731	-14.615429	-17.136548	-21.511080	-21.365979	-22.153371	-25.295135	-18.641131	-15.825354	-16.971666	-20.840744	-24.112028	-27.508753	-36.500802	-35.906566	-34.423036	-31.663439	-27.374647	-27.242870	-31.791554	-24.254013	-20.249677	-19.554789	-19.360717	-19.745849	-21.135773	-20.272337	-17.985745	-16.610537	-16.427686	-17.525612	-19.529219	-22.443508	-26.941891	-21.540945	-18.177283	-19.083086	-22.136501	-21.231467	-18.246022	-15.405799	-14.152745	-14.609500	-15.308113	-14.773200	-14.101479	-15.823841	-23.363162	-21.743935	-16.514593	-16.406336	-19.697419	-27.117846	-29.754650	-18.112284	-13.781073	-13.092142	-15.097820	-19.326483	-25.511950	-30.702253	-30.971460	-26.079133	-21.970891	-19.481190	-18.565344	-20.410760	-25.817606	-22.883173	-20.457216	-22.285633	-23.685148	-23.591978	-25.820962	-23.348245	-21.317349	-22.794350	-26.599691	-25.318543	-21.115400	-19.333971	-20.680135	-26.865843	-27.741743	-22.405041	-22.060986	-24.702568	-27.526127	-27.634358	-28.274240	-32.145773	-39.539486	-30.336542	-27.018104	-27.794018	-30.081076	-27.208316	-24.631525	-24.064650	-25.002492	-28.407243	-35.472201	
19.951377	18.249412	12.640770	0.568860	-6.086025	2.131990	8.293986	11.312342	11.987230	10.584947	6.786374	-0.613694	1.831114	5.545552	5.120772	2.574147	2.609728	3.022906	0.590492	-4.241079	-8.176146	-8.300465	-7.522981	-7.192272	-7.087127	-4.672850	-2.481179	-2.762013	-4.308373	-4.034876	-1.426446	0.708167	0.894534	-1.039510	-3.995731	-5.210944	-6.351623	-10.338112	-9.815507	-4.747248	-2.008851	-0.567795	-0.006024	-0.430969	-2.195665	-5.909129	-10.680128	-8.491000	-5.545168	-4.816467	-6.055438	-8.856498	-11.913486	-13.026150	-12.421579	-11.767821	-11.466950	-13.595458	-25.167068	-18.227884	-12.844005	-12.024594	-10.734159	-8.092637	-6.345223	-6.070903	-7.138019	-9.185146	-11.372854	-11.333214	-8.553240	-6.454074	-6.051952	-7.027587	-7.991907	-7.159875	-5.921050	-5.980834	-7.664141	-10.374592	-12.744662	-12.816363	-10.623747	-9.232548	-9.173154	-10.098278	-12.926311	-19.384306	-20.118018	-17.294978	-17.634338	-18.956238	-21.317743	-28.944328	-20.772711	-13.003913	-9.557724	-8.679974	-9.453142	-10.952807	-12.495485	-13.256770	-14.045748	-17.795139	-22.710400	-15.775144	-13.031205	-13.107337	-15.044490	-18.983315	-24.271537	-22.490655	-21.304820	-26.219409	-26.440374	-17.512701	-14.518236	-14.769129	-18.347259	-29.989978	-22.315100	-15.833932	-13.934012	-15.062846	-19.104814	-22.595361	-20.680987	-21.264720	-26.909908	-24.145825	-18.390433	-16.879017	-18.806242	-25.645703	-20.664610	-14.789819	-13.439857	-16.019755	-23.585003	-20.750243	-17.066486	-17.596500	-22.050163	-17.613979	-12.304942	-10.357852	-10.389710	-11.760602	-14.500593	-18.772887	-20.958344	-21.519310	-31.637220	-21.173443	-14.714058	-13.422860	-15.593252	-19.679356	-21.967662	-27.662742	-22.411102	-16.741753	-15.747114	-17.962490	-22.301627	-23.987539	-25.119596	-29.403079	-30.551229	-31.109342	-34.263812	-30.119605	-23.875819	-19.399890	-17.488216	-18.702250	-22.758544	-21.440032	-18.548141	-18.293334	-20.352959	-25.980644	-28.630011	-21.878989	-20.386731	-23.528757	-22.462867	-16.518471	-14.391817	-15.177948	-18.548624	-23.144557	-28.551537	-33.571904	-22.340365	-20.457025	-22.122288	-30.544015	-23.706654	-15.346401	-13.020570	-14.051494	-18.222972	-26.072902	-23.222249	-19.171758	-17.511278	-16.030792	-14.165264	-13.022883	-13.127659	-14.844646	-19.136428	-27.672104	-29.447868	-32.265713	-34.001490	-26.515338	-31.604026	-27.305502	-18.922591	-17.433184	-20.279234	-28.808711	-36.071649	-30.220356	-27.419311	-24.267736	-21.790689	-21.084429	-23.719352	-37.554824	-26.511917	-20.796434	-19.805655	-22.032250	-28.201455	-33.578551	-26.709997	-25.281434	-28.163290	-33.401056	-35.435931	-31.497137	-27.561969	-26.754536	-27.855918	-28.812867	-27.942549	-25.869657	-23.888475	-23.770738	-27.497968	-28.185278	-21.611099	-18.975011	
19.889998	18.156145	12.280380	-1.706308	-10.857626	-0.255804	8.038243	9.505027	6.212742	-4.379758	-0.402310	2.344156	2.265588	3.671990	6.847523	8.988099	8.887897	6.123300	-0.477206	-15.522245	-8.273216	-8.701614	-6.252336	-4.560738	-5.303184	-3.144905	-1.883664	-4.570348	-12.487999	-10.156466	-8.540285	-11.745339	-9.157563	-6.386693	-7.496571	-7.960251	-8.808490	-23.628536	-7.374185	-4.514472	-10.406364	-11.020660	-3.963158	-4.256814	-9.275155	-20.314339	-15.745239	-10.001461	-4.893818	-2.569148	-3.750233	-9.399477	-18.889131	-14.070755	-14.716056	-14.328720	-11.056698	-9.915302	-10.465597	-11.501457	-12.562902	-14.138211	-12.097224	-9.957782	-13.098619	-21.477049	-12.154126	-10.412105	-11.978234	-12.116086	-8.460374	-8.162923	-14.465560	-23.218158	-16.843408	-15.917763	-10.801210	-11.054194	-14.125027	-14.692981	-19.407836	-23.743751	-18.503561	-12.794513	-8.139817	-6.704922	-7.741776	-10.165310	-12.410667	-13.812974	-15.888422	-19.886908	-21.366744	-18.654478	-14.839308	-11.759324	-10.256762	-9.722430	-10.593344	-14.774169	-26.910291	-21.974461	-21.323382	-21.455228	-18.700735	-17.310288	-16.951713	-19.847718	-32.030732	-19.833026	-16.281653	-15.365246	-15.030507	-15.432983	-16.681864	-18.818247	-19.335950	-16.815767	-15.028984	-14.040798	-12.704375	-11.523112	-12.076391	-15.489702	-20.725994	-19.003355	-17.039762	-16.333905	-15.652452	-15.543059	-17.511772	-23.140994	-26.933240	-22.907299	-21.863973	-20.504832	-16.674076	-14.740297	-16.145166	-22.020696	-28.286759	-20.670116	-16.666206	-13.728530	-12.171005	-13.019607	-17.210041	-20.616193	-17.712439	-17.786283	-19.366792	-19.391116	-19.130908	-20.388076	-19.938781	-15.587358	-13.825631	-15.121187	-17.923885	-18.666253	-16.817170	-16.108837	-19.853809	-26.053495	-17.433435	-15.371876	-16.809668	-20.782660	-26.146447	-27.167006	-26.779922	-31.726856	-35.121496	-22.051510	-16.594394	-14.190064	-14.578111	-18.519443	-30.466233	-24.464253	-20.625526	-21.335137	-25.898830	-33.613757	-21.993606	-16.894957	-15.067034	-15.188573	-16.128656	-17.874450	-21.937874	-28.778950	-26.333418	-22.173864	-20.561244	-21.768366	-25.798940	-22.370674	-16.828292	-14.319038	-14.237519	-16.447775	-20.846461	-26.436409	-31.648168	-28.002242	-20.438752	-17.572421	-19.656446	-31.489745	-22.571724	-19.051501	-20.477648	-26.253623	-30.007593	-25.076415	-22.030417	-19.656202	-17.755440	-16.319093	-15.693374	-16.373634	-18.966663	-23.906583	-29.777043	-30.523415	-25.408214	-21.409229	-19.491198	-19.634549	-22.152531	-27.823340	-29.271129	-24.806756	-23.726157	-23.347580	-22.450785	-21.887315	-21.253995	-21.613060	-23.958750	-27.932571	-30.881878	-29.274348	-28.974612	-31.050863	-33.941895	-35.035597	-33.087067	-35.448325	-28.107726	-23.496143	-22.654862	-22.555008	-19.800258	-16.888574	
19.934931	18.236732	12.800442	3.414424	0.215899	6.198981	8.644376	7.016120	4.142080	5.329890	6.809465	6.073539	3.804790	5.297444	5.061688	-6.678925	3.835974	9.377715	9.733079	7.308738	4.102208	2.152421	0.148258	-4.835318	-10.749523	-3.168714	-0.068133	0.319782	-1.890658	-7.326140	-9.893898	-7.123918	-4.669825	-2.272179	-1.652475	-3.073236	-5.393393	-5.462808	-3.171666	-1.155919	-0.317071	-0.960253	-3.455601	-8.395956	-17.265315	-30.110154	-14.001013	-6.641068	-2.513124	-1.564836	-4.164716	-11.391562	-13.349123	-11.780133	-14.058802	-15.532173	-15.841040	-12.621536	-11.305946	-15.833380	-14.775822	-8.761298	-6.954722	-6.852238	-7.523086	-9.044297	-12.862186	-24.298991	-13.322013	-9.509875	-9.133766	-8.513101	-7.156052	-6.244075	-5.567048	-5.478160	-6.842324	-9.999056	-13.130851	-13.320286	-13.427302	-15.202847	-16.528906	-13.412790	-11.273187	-10.862395	-12.180861	-17.842667	-28.125959	-17.972372	-18.288029	-21.801371	-21.514229	-17.489523	-16.549626	-20.146850	-27.699713	-26.850041	-18.495021	-14.531111	-14.322474	-16.754047	-19.589489	-20.020588	-20.436392	-22.135360	-18.502056	-14.420178	-12.776465	-12.755349	-13.235970	-13.060484	-13.333245	-16.286402	-23.530519	-28.452841	-26.550021	-22.174630	-21.669337	-21.149458	-18.339094	-16.375433	-14.316119	-13.887608	-15.153982	-16.553984	-20.488293	-37.003113	-24.517367	-18.236852	-14.896399	-14.165456	-14.519180	-15.368279	-17.037911	-17.534587	-19.422308	-28.705154	-20.184735	-15.885115	-15.653752	-18.659422	-22.151752	-17.461889	-15.572833	-16.898730	-21.159036	-30.990694	-29.837502	-23.259746	-21.972844	-20.113928	-17.317686	-16.608267	-16.280111	-15.182302	-15.099821	-17.563172	-23.552565	-20.479090	-16.891000	-15.776412	-15.345858	-14.631818	-13.451475	-13.013500	-14.067205	-16.700120	-19.779138	-19.899669	-19.759963	-22.447079	-32.700803	-26.365055	-19.552689	-16.399453	-14.855043	-15.217140	-17.818041	-23.407301	-31.275300	-22.766861	-18.177404	-16.089575	-16.088303	-18.792294	-24.061089	-28.987947	-37.967955	-25.090313	-22.936013	-26.156867	-38.087838	-30.045366	-22.500971	-19.214081	-17.915345	-17.985493	-20.061407	-25.701027	-22.122627	-18.932861	-20.893865	-27.579053	-28.736288	-24.510087	-20.524742	-17.409482	-16.713248	-19.633894	-31.564129	-25.334017	-20.924009	-22.203950	-26.792350	-28.008571	-20.391462	-17.156513	-18.224601	-24.194524	-26.632177	-21.259600	-19.626960	-20.899117	-24.498178	-25.997337	-29.338959	-34.108195	-23.413983	-21.247523	-22.479677	-24.824468	-26.227377	-27.205823	-30.703450	-31.683498	-24.789713	-21.381486	-20.783359	-22.446742	-26.964293	-34.033807	-25.351460	-22.374426	-23.428265	-26.159242	-25.426334	-23.995925	-23.421546	-23.054121	-23.356648	-24.898159	-27.751692	-29.168148	-24.584744	-22.918991	
19.987757	18.278229	12.728007	2.594359	-0.357229	6.387821	9.714194	9.138520	7.151374	8.194048	9.399895	9.758651	10.123034	9.817321	8.592450	7.875832	8.855425	9.950472	9.481790	8.241726	8.776119	9.066773	7.297887	4.021249	0.145004	-4.080817	-0.351204	2.719485	2.853330	1.105125	-1.620058	-4.601670	-5.253253	-2.360042	-1.214655	-3.785798	-9.369613	-8.971732	-11.408183	-7.948256	-3.679830	-3.865431	-6.873642	-10.630608	-15.855347	-38.498163	-12.228127	-5.870202	-3.287823	-3.289888	-4.932788	-6.736652	-7.007855	-5.562898	-5.057079	-6.663660	-8.560669	-7.875653	-6.981327	-6.948855	-7.941667	-11.303140	-20.803463	-15.391229	-10.392517	-8.400865	-7.687391	-8.148428	-9.943854	-13.631946	-20.156949	-16.534058	-11.221931	-9.342013	-9.229273	-9.608839	-9.792411	-10.228157	-12.246817	-17.982323	-29.902545	-16.495353	-13.305286	-14.516200	-22.249872	-23.348989	-17.059338	-16.077348	-15.997679	-16.969424	-20.920076	-29.315151	-24.984979	-18.991625	-15.986592	-16.108666	-18.633861	-18.246712	-15.257274	-14.153976	-16.216381	-26.414699	-20.413663	-15.672180	-17.291825	-27.606769	-17.207489	-11.672625	-10.739850	-13.599677	-19.587007	-17.114073	-15.424942	-16.770379	-19.218918	-20.224303	-19.564246	-20.917233	-25.062986	-30.699840	-32.511237	-37.168468	-23.622902	-15.046498	-11.548488	-10.999976	-12.731201	-16.452849	-19.603315	-16.335097	-13.044506	-11.658991	-12.015792	-13.567422	-14.673453	-14.604390	-14.536779	-14.267121	-13.317609	-12.951136	-14.412588	-16.400688	-15.083730	-14.418751	-17.687801	-32.260497	-24.109713	-20.648054	-20.343494	-18.769595	-16.038645	-14.043538	-13.379778	-14.103247	-17.207708	-27.930231	-22.263924	-16.856224	-16.507229	-19.777006	-33.515116	-24.028787	-19.809219	-20.817397	-19.322535	-17.756413	-20.235400	-23.712125	-20.198211	-17.192247	-15.737450	-15.779707	-17.467751	-21.970258	-35.635151	-25.887429	-19.362903	-17.146092	-18.867461	-26.195703	-36.385390	-22.554488	-17.664037	-15.863192	-16.315667	-19.190789	-24.519881	-25.504893	-24.231406	-23.741224	-23.342805	-24.861420	-29.674588	-24.657554	-20.397166	-20.543757	-25.473733	-35.859600	-24.429167	-20.666585	-18.840799	-17.605546	-17.012510	-17.417225	-19.698706	-24.886686	-20.542778	-15.340818	-13.549699	-13.802530	-14.631004	-14.683384	-14.277143	-14.722841	-16.110149	-16.592431	-16.345402	-17.612740	-21.842971	-32.005166	-31.139280	-26.946850	-27.751224	-26.128339	-22.675094	-21.743718	-21.862047	-21.647041	-22.029892	-24.929768	-32.734180	-45.030988	-30.825516	-26.381889	-26.668115	-33.164167	-35.663318	-27.471688	-24.568564	-25.323451	-33.394939	-24.746667	-18.586699	-16.397691	-16.486438	-18.440361	-22.662217	-34.371210	-28.355311	-22.822651	-23.743691	-29.685790	-27.112719	-24.393966	-24.909994	-27.377025	
19.966649	18.207739	12.372534	-0.273125	-8.570120	2.457569	7.690172	9.506075	10.371007	10.100568	6.479969	1.346339	7.404971	8.360321	4.007770	-4.267445	3.558894	6.056378	4.740071	1.161872	4.221844	8.859775	10.811288	10.087800	6.833386	1.665608	0.295207	2.116310	0.285468	-8.090868	-14.713759	-8.372243	-7.838732	-4.819203	-2.430503	-2.535619	-4.013788	-5.247637	-5.669167	-5.067246	-5.524038	-8.683256	-15.041843	-13.876677	-11.732882	-15.930912	-17.662975	-7.722853	-5.417052	-8.278718	-19.359551	-11.720908	-9.404311	-9.293845	-7.190760	-5.642621	-5.814959	-7.675921	-12.589656	-37.861740	-12.030741	-8.524860	-9.200940	-13.735602	-21.638155	-14.649859	-12.217606	-12.108981	-14.744897	-30.536684	-14.771397	-12.381621	-17.550409	-21.254739	-17.120518	-19.311326	-19.490185	-23.382751	-26.908965	-17.878622	-17.314518	-20.318019	-21.494831	-17.982919	-15.247611	-14.684382	-16.989671	-22.515658	-21.148956	-16.555117	-14.523825	-15.151810	-17.584347	-14.840285	-11.400339	-10.701100	-12.696328	-17.694771	-26.027771	-21.332241	-15.230838	-11.856717	-10.298895	-10.273147	-11.533750	-13.610633	-16.380384	-16.685441	-13.096598	-11.686505	-13.412377	-18.394831	-23.168493	-24.982809	-35.047131	-21.619273	-17.431550	-17.369533	-19.871473	-23.543573	-24.768463	-20.541808	-16.303806	-14.958221	-17.013138	-17.769095	-14.054299	-12.937726	-14.908708	-20.402294	-22.467789	-17.945099	-17.496445	-20.962407	-22.945785	-18.818288	-19.503156	-26.665168	-17.249983	-13.930782	-14.919766	-17.329235	-15.718852	-12.680681	-11.247827	-11.299467	-12.148807	-14.129350	-17.649937	-16.061804	-13.700542	-15.384732	-23.311633	-21.122976	-15.107346	-13.264936	-13.588370	-16.171015	-22.830059	-20.412498	-15.548567	-14.951338	-16.738330	-18.844946	-19.806305	-20.047456	-20.466999	-22.375124	-28.540104	-23.217169	-17.164729	-15.672876	-17.454567	-22.147675	-28.820928	-37.816778	-25.968348	-19.758211	-17.096411	-16.177397	-16.020367	-16.829932	-20.829533	-45.424445	-21.785117	-18.878687	-19.802524	-21.937206	-25.576616	-26.919734	-20.842743	-17.709087	-17.122883	-18.767869	-22.936729	-27.706087	-25.323806	-22.960014	-22.459679	-23.575494	-24.715016	-23.634373	-23.786205	-26.413848	-22.527913	-17.580083	-15.351255	-15.702410	-18.883605	-22.314017	-23.581966	-26.976610	-17.896974	-14.522095	-15.768112	-21.086475	-21.707054	-20.103438	-22.252163	-24.698101	-23.324735	-21.482689	-20.308665	-18.974831	-18.614217	-21.122904	-24.057760	-20.870997	-19.834194	-22.029978	-27.005094	-28.642355	-25.305819	-23.909855	-24.530622	-27.283997	-33.485196	-57.571638	-34.128377	-26.025950	-20.570245	-17.086986	-15.546061	-16.021062	-18.844333	-26.057527	-33.088166	-23.081067	-20.323004	-19.630721	-19.997384	-21.103577	-23.239161	-28.367938	-34.587079	-25.859194	
20.018540	18.314978	12.739373	1.555707	-6.801286	1.199904	4.096054	-0.620327	-0.100003	7.518581	9.545787	8.716594	6.609711	5.608756	4.807094	0.765385	-12.124430	0.814459	3.661280	1.056048	-8.736048	1.785734	7.411110	9.520098	8.739248	5.591521	3.105992	1.407345	-2.515831	-5.834974	-7.910914	-13.538124	-13.620577	-5.095654	-3.265382	-6.464822	-12.256650	-7.399552	-6.438588	-7.436233	-8.758992	-14.301608	-13.230118	-7.451629	-6.424130	-7.855931	-10.640433	-9.777726	-5.428685	-3.809544	-5.534182	-11.325020	-20.374956	-23.337038	-18.767721	-11.620600	-11.392891	-19.944990	-17.515983	-10.646713	-8.726970	-7.647178	-6.917552	-7.667676	-10.968523	-18.269395	-33.217318	-26.281051	-18.023793	-12.841558	-10.017059	-8.419755	-7.407018	-6.824929	-6.822265	-7.668604	-9.516943	-12.214573	-15.985664	-23.139931	-30.724930	-24.028325	-22.013634	-21.819683	-28.052622	-22.049664	-15.065658	-13.766672	-17.430172	-29.412589	-16.068940	-11.848128	-10.318716	-9.689049	-9.914118	-12.085914	-17.682090	-29.104117	-25.526041	-22.743725	-20.738434	-16.494053	-12.733619	-11.267084	-12.560176	-16.661422	-21.609580	-21.667074	-17.714386	-15.753743	-15.918169	-17.433259	-19.589736	-19.068225	-18.114125	-20.109650	-25.330424	-23.983691	-21.846607	-24.145869	-37.830865	-24.069894	-16.997639	-14.643630	-14.572678	-14.902301	-15.910439	-19.991257	-27.761339	-24.372489	-23.191265	-23.635151	-21.519465	-19.981672	-23.969056	-32.729569	-19.001874	-14.941405	-12.923647	-12.689623	-15.207756	-25.074540	-18.595641	-12.109090	-11.204180	-14.974221	-20.033343	-12.586039	-9.582323	-9.518822	-11.987080	-18.508842	-26.734736	-16.513703	-13.874754	-14.251276	-16.106698	-17.015494	-15.155236	-12.607592	-11.095230	-11.505698	-14.925414	-24.898537	-27.447660	-21.118532	-20.131331	-20.725026	-22.101017	-20.860405	-17.734990	-16.806073	-19.044673	-25.509585	-32.042316	-27.278644	-26.370764	-24.468567	-21.448841	-21.444122	-24.307814	-19.998268	-16.015359	-14.854680	-15.759263	-19.111450	-24.248240	-22.199215	-21.200321	-22.769511	-21.795296	-19.855942	-19.226434	-19.421246	-21.067770	-24.122513	-27.923386	-29.069168	-24.085919	-22.717580	-24.047606	-25.930506	-27.818175	-34.044080	-32.568376	-21.605277	-17.831551	-18.182839	-23.243022	-36.955053	-48.745852	-24.345984	-17.290147	-14.941534	-15.422092	-17.476277	-19.523015	-21.202328	-23.920023	-25.788965	-23.456133	-21.454697	-19.372431	-16.965371	-15.285533	-14.969997	-16.585023	-21.487549	-30.456119	-23.331178	-21.485564	-24.151115	-31.083616	-29.018715	-26.027477	-25.524582	-26.109448	-28.547429	-31.131952	-23.902013	-20.076237	-20.039370	-22.948351	-25.939998	-25.557461	-24.810393	-24.237444	-23.444961	-23.111540	-24.592770	-29.745995	-35.983380	-28.809732	-25.826459	-24.949055	-25.025580	
20.018462	18.291582	12.643753	1.167335	-10.568069	0.553397	5.648504	6.322092	4.134588	3.068454	4.838809	3.683225	-1.326248	-2.160795	0.423928	0.866507	-0.043338	-0.384226	1.014948	1.919953	0.098011	-9.049843	-2.881494	4.574973	8.088762	9.019288	6.958217	1.026094	-9.049066	-10.639692	-7.815550	-5.395045	-4.910650	-6.541650	-8.589520	-5.323463	-3.552418	-4.906689	-8.747403	-11.644470	-8.726220	-5.508324	-3.167248	-1.730666	-2.010496	-4.277231	-7.283730	-6.988573	-4.802395	-4.634566	-6.569607	-8.568087	-9.765876	-11.004533	-12.200317	-12.190625	-9.345388	-6.721569	-5.791212	-7.508616	-12.731241	-10.299477	-7.211875	-8.283735	-13.280711	-25.067414	-26.735598	-32.047474	-21.211956	-13.399526	-12.235256	-19.248103	-15.136519	-8.500209	-7.916477	-10.839619	-12.474050	-10.985900	-11.917818	-15.654318	-20.747955	-26.196750	-21.269033	-17.329708	-16.046231	-16.221913	-18.519056	-18.258056	-13.409366	-10.375311	-9.515079	-11.526995	-18.105302	-14.395505	-10.655152	-12.069738	-19.675631	-27.111358	-19.844590	-19.692156	-18.638710	-17.320392	-22.313945	-24.449599	-15.235326	-14.746042	-16.980816	-15.977932	-16.420500	-22.507302	-26.769115	-18.716846	-17.696595	-19.942784	-19.147778	-16.497795	-15.627831	-15.279161	-15.756093	-18.118167	-17.913507	-14.764994	-14.735961	-19.352673	-19.586371	-14.846654	-14.126947	-15.785869	-18.323752	-20.862250	-25.392271	-32.287849	-31.921613	-22.186311	-16.831042	-14.197429	-13.421045	-14.575176	-15.686497	-15.222464	-17.033876	-24.940959	-17.561783	-11.752815	-9.874050	-10.188435	-11.920232	-16.464323	-21.279695	-12.529282	-9.853145	-10.418582	-12.951433	-18.034660	-36.735406	-21.414251	-19.807060	-20.283970	-21.496379	-32.213224	-14.418824	-10.282085	-10.671269	-15.008197	-24.738181	-23.585748	-22.453303	-28.065933	-37.773991	-27.386407	-20.186720	-17.297951	-18.339019	-24.512440	-35.559110	-26.174533	-25.212470	-23.621214	-22.478772	-24.263138	-29.141525	-26.048799	-17.409488	-13.888690	-13.981161	-16.779869	-19.226454	-19.288000	-20.299895	-21.696025	-21.119310	-21.044206	-23.696573	-20.933637	-16.628447	-15.566884	-16.632832	-18.661862	-21.007724	-22.534732	-21.029347	-19.590582	-20.110015	-22.489645	-29.784219	-24.846365	-16.526580	-13.656668	-13.917594	-16.154347	-17.792861	-17.521641	-16.498549	-16.145312	-18.175777	-24.146068	-27.417679	-22.437986	-21.684835	-24.802488	-34.102778	-42.374056	-33.076205	-29.635639	-24.671588	-19.924616	-18.217256	-19.010625	-20.723606	-21.627588	-22.174315	-23.882056	-26.646586	-28.897144	-31.626383	-38.744622	-27.658733	-22.853227	-22.234409	-23.514773	-23.457417	-24.031584	-28.242152	-34.994666	-31.108540	-28.570138	-31.251312	-33.481787	-28.046768	-29.146437	-39.737153	-33.168509	-32.418316	-49.282446	-31.393641	-30.004117	
19.956560	18.239557	12.589893	0.925469	-8.764063	1.937727	6.629597	6.665014	3.985288	1.938350	1.498405	0.639461	1.283739	0.540952	-6.120761	-3.055481	0.490930	-0.385993	1.891495	5.144407	6.226299	5.310268	1.527541	-4.934495	3.952958	8.234696	9.039185	6.864606	1.671145	-1.533180	-0.817155	-2.060097	-4.034394	-6.457682	-8.749281	-12.069221	-14.073481	-4.809030	-3.525303	-8.810780	-6.980639	-0.819129	0.470490	-1.603422	-6.328700	-11.888986	-20.241026	-7.932590	-4.585115	-6.498632	-12.856678	-12.902781	-13.574164	-19.270189	-23.806013	-29.294980	-16.717808	-8.346984	-4.667242	-3.906410	-4.909879	-6.405548	-8.303094	-12.587598	-23.132396	-20.277684	-17.666888	-15.661578	-12.401614	-9.886182	-8.450498	-8.154367	-9.708387	-15.326071	-21.496225	-14.402401	-11.943487	-9.775091	-9.307020	-12.212056	-20.040843	-31.796725	-21.723238	-14.760148	-12.720330	-14.382599	-17.940802	-17.995115	-14.499746	-12.599666	-13.741488	-14.025676	-10.624699	-9.064579	-9.621177	-10.649168	-10.711090	-11.001984	-12.395415	-15.116879	-14.048387	-10.484548	-9.196401	-9.829579	-12.687578	-15.061404	-11.744772	-10.999846	-14.324540	-25.784109	-22.794459	-16.708830	-15.710321	-16.511229	-16.202118	-17.199412	-19.822772	-11.734570	-7.576503	-6.592187	-8.179740	-12.866884	-17.867042	-15.094592	-12.866705	-12.680393	-17.145140	-24.500365	-14.948714	-13.172366	-14.848588	-18.364861	-20.170592	-19.415914	-16.241904	-12.934639	-12.731324	-16.138726	-19.572566	-20.347201	-21.123179	-16.652693	-12.822587	-11.589943	-13.890342	-15.649750	-11.312607	-9.351923	-8.856704	-9.256415	-12.718957	-21.811685	-13.842610	-11.289199	-11.940214	-13.203269	-14.083865	-14.452947	-14.688314	-14.807564	-14.535135	-12.718875	-10.289233	-9.024093	-9.145379	-10.325252	-12.323510	-14.895281	-17.158803	-21.493900	-19.316828	-13.193825	-11.831056	-13.712126	-17.956772	-25.899520	-24.092255	-16.913567	-15.433577	-17.570427	-21.267537	-19.802407	-14.388124	-11.334826	-11.708596	-14.933974	-16.710687	-18.924273	-28.582785	-19.163407	-17.180603	-21.132626	-23.897560	-15.941620	-12.800888	-13.298065	-18.318434	-23.135503	-17.768386	-17.396941	-16.697995	-15.364813	-16.630714	-20.063735	-21.591705	-19.162532	-15.604750	-12.679302	-11.780352	-13.952533	-21.109766	-33.658474	-24.619356	-22.087549	-21.495360	-24.681312	-37.342014	-29.047426	-22.758712	-21.474568	-23.590573	-26.690003	-27.695238	-28.871025	-26.531635	-23.110231	-21.639102	-23.977002	-36.211127	-25.527387	-21.861687	-23.543560	-30.043898	-28.868308	-24.848678	-23.564953	-23.355810	-23.648681	-24.933581	-27.537339	-25.828385	-21.934146	-20.371699	-20.503209	-21.053739	-21.219955	-21.486680	-22.844371	-25.751160	-28.622041	-27.963218	-25.711813	-23.501388	-21.678929	-20.239514	-19.198853	
20.029339	18.305286	12.628252	0.787460	-10.815231	1.170503	6.333223	6.851626	4.410775	-1.113284	-11.437506	-7.414767	-6.579868	1.723883	6.571336	8.349579	8.153906	5.787260	-0.588904	-0.649478	5.512234	7.652075	7.305074	4.190495	-3.384811	2.757477	7.340031	8.208572	6.776046	3.280988	-3.910625	-24.143461	-9.366852	-9.841680	-4.382193	-0.302401	2.020951	3.918199	4.793736	4.293998	2.252608	-2.140511	-8.282629	-5.614226	-5.154991	-7.853098	-5.663275	-2.417830	-1.220701	-1.456902	-2.890988	-6.012826	-10.636112	-11.984286	-12.562171	-13.701453	-10.406962	-7.513419	-6.751448	-9.288444	-19.080377	-20.239725	-13.294832	-11.171673	-11.642720	-13.782986	-18.338382	-20.232771	-15.476559	-20.363677	-12.909412	-7.096926	-6.378229	-8.800082	-12.394810	-13.826799	-10.570391	-7.860744	-7.793774	-10.314168	-15.121009	-19.426006	-17.859968	-14.207879	-13.026923	-15.115888	-19.253665	-22.163750	-14.900921	-10.886080	-10.580701	-10.949539	-12.061496	-15.927392	-16.738628	-20.521919	-15.287326	-9.328998	-8.081070	-8.940507	-8.174330	-4.795480	-2.787032	-3.104100	-5.109552	-6.365991	-5.535739	-4.978993	-6.057596	-8.829026	-12.658541	-15.123659	-10.634854	-7.138612	-6.271912	-7.207320	-7.996109	-8.275638	-8.766729	-7.193197	-5.992957	-7.019692	-8.444220	-7.250072	-5.558374	-5.330909	-6.984793	-11.011774	-21.926752	-17.716874	-11.784001	-11.544599	-14.914299	-19.448516	-18.310054	-16.820754	-14.211349	-11.735105	-11.536029	-13.636493	-14.805135	-12.840711	-11.642004	-12.090024	-13.852449	-14.964827	-14.760157	-12.752767	-9.343202	-8.093968	-9.498167	-12.204547	-12.849924	-10.581752	-9.864607	-13.573505	-20.635953	-15.100966	-15.614547	-20.526110	-25.120470	-18.956784	-15.091440	-17.644664	-16.119341	-9.732840	-7.715792	-8.061015	-9.011470	-9.102323	-8.394559	-8.050858	-8.839553	-10.543887	-11.985102	-12.376101	-11.992232	-11.835643	-13.183173	-16.693819	-21.709779	-20.665638	-13.639452	-9.538610	-8.280974	-9.193723	-10.960490	-11.544804	-10.991494	-10.911126	-12.312292	-14.932472	-17.145152	-17.513858	-16.440194	-15.791852	-14.094227	-11.438906	-9.714633	-9.575762	-11.884626	-17.676369	-21.078094	-20.684543	-19.871674	-19.367686	-24.404198	-16.632448	-12.129268	-11.769492	-14.433646	-19.885851	-22.584526	-20.063037	-20.253993	-23.941916	-28.912936	-23.561871	-20.002434	-19.350242	-20.141660	-20.085223	-20.273382	-23.342483	-29.504195	-24.234200	-21.627147	-22.744157	-26.260550	-27.558568	-24.924164	-23.171244	-22.543881	-22.704640	-24.839514	-33.559797	-30.052637	-25.728668	-31.616025	-28.936987	-21.483278	-21.298934	-26.530899	-27.881313	-27.050382	-36.400944	-24.510176	-21.153688	-22.642654	-25.411832	-23.968307	-24.563986	-30.310212	-25.046150	-20.910168	-21.453179	
20.061180	18.362576	12.814662	1.811531	-6.961861	2.228092	6.112941	4.506951	-4.334637	-3.917064	1.072355	2.417078	4.211403	5.858754	7.376056	8.563776	8.011720	4.877841	-0.960674	-4.125537	1.399834	4.330849	4.017505	0.832224	-1.362080	2.894277	6.122113	5.753266	-0.819556	-2.483559	4.013207	4.522972	3.126860	2.758663	4.586641	6.617217	6.899714	4.312527	-0.995522	-0.251378	1.126803	-0.780754	-4.427057	-6.136359	-4.171702	-1.353969	-0.284876	-1.672452	-6.008966	-13.266384	-9.526413	-4.667058	-2.749198	-2.903702	-4.573633	-8.033641	-15.692440	-15.127139	-7.466945	-5.068531	-6.013963	-9.597566	-9.917109	-7.401599	-7.448070	-9.429811	-11.202451	-11.470420	-10.754264	-9.569974	-8.235151	-7.020303	-6.041791	-6.312606	-8.795723	-10.868848	-10.380827	-14.427530	-20.141752	-12.185968	-13.013216	-20.083577	-22.467852	-20.625264	-15.219848	-13.434692	-15.501048	-13.905775	-8.837302	-5.809995	-4.381176	-4.223609	-5.303911	-6.777265	-6.454252	-5.855969	-7.936246	-16.966816	-14.528336	-9.599963	-10.501340	-7.272431	-3.453250	-3.158510	-6.358797	-11.638222	-10.911321	-8.753177	-5.981974	-3.661515	-3.020819	-4.298465	-8.963284	-20.632496	-6.141262	-2.572515	-3.141722	-7.013329	-10.934178	-9.915422	-9.390945	-9.824380	-11.815988	-12.894364	-9.327463	-6.928214	-6.078874	-6.261376	-7.258350	-8.638373	-11.163772	-17.240128	-18.879043	-15.112475	-16.548285	-21.269668	-19.072683	-15.065610	-12.379732	-12.145705	-16.360765	-23.776403	-16.157876	-16.612253	-23.623413	-19.205246	-17.903852	-16.667779	-12.268014	-11.119142	-12.819585	-14.855060	-16.366202	-11.091621	-6.628680	-5.596854	-7.398501	-12.050397	-20.764217	-33.048138	-23.892408	-16.267630	-13.379092	-12.484954	-11.606492	-11.096613	-11.996056	-16.505869	-30.839269	-14.562508	-12.839084	-15.590260	-16.278142	-18.344383	-25.857883	-15.260038	-14.510225	-20.289104	-18.822730	-17.028434	-23.236714	-18.565102	-13.518295	-12.539972	-12.633889	-14.382241	-22.166569	-17.996076	-13.285233	-12.745345	-12.838725	-13.883061	-17.864849	-19.385030	-17.787712	-19.853860	-17.629588	-14.344067	-13.133998	-11.316107	-10.108960	-10.851253	-11.517325	-10.568832	-10.473882	-11.958055	-14.616996	-16.559228	-14.994407	-13.858502	-15.504155	-20.601995	-22.313654	-19.021939	-18.887227	-20.777985	-21.527588	-18.992570	-16.477970	-16.511913	-18.798702	-17.835496	-15.663786	-15.760558	-17.680956	-21.047197	-27.453641	-47.083347	-28.459140	-24.941788	-22.634318	-22.512940	-26.030329	-24.841412	-20.588530	-19.722756	-21.138447	-23.153167	-23.004104	-20.623616	-18.764709	-18.312636	-18.919409	-19.530225	-19.258364	-18.785780	-19.426988	-22.669529	-28.444121	-23.596857	-20.774063	-20.735223	-21.470831	-22.256364	-24.218154	-28.104491	
19.958383	18.225282	12.583434	1.505508	-6.517486	1.893099	5.858466	6.545381	6.482450	6.524522	5.549847	1.922465	-2.476496	-5.072753	-10.438485	2.171819	4.070319	1.192829	-2.039514	-0.475360	2.131680	2.246568	-2.942480	-25.760676	-5.994247	1.358651	6.841926	9.365475	9.797140	8.915567	6.980056	2.902323	-8.319062	1.478015	6.180026	6.531373	3.902749	-0.716601	-4.221427	-3.952389	-2.327150	-2.919989	-7.920778	-23.024031	-16.706645	-8.585975	-4.050149	-3.699310	-7.381420	-17.372223	-10.858951	-6.002926	-5.720035	-8.190787	-8.396117	-8.881461	-16.296328	-13.933476	-6.286354	-3.752004	-3.539153	-4.420135	-4.847471	-4.695961	-5.881613	-10.135605	-10.447568	-6.283281	-6.418443	-11.662619	-42.549892	-15.853776	-14.192233	-14.135713	-10.821958	-7.585748	-6.435581	-6.828028	-7.473818	-7.877347	-8.789004	-10.445383	-12.231257	-12.008144	-9.513748	-8.003384	-8.975257	-13.868094	-14.576026	-9.325492	-9.012903	-11.614882	-8.992626	-5.554577	-4.002580	-3.272803	-3.262889	-4.203885	-6.247811	-9.352605	-11.441763	-9.995783	-6.988788	-5.618829	-6.830483	-10.936260	-16.676457	-13.659216	-13.139169	-13.638056	-6.420417	-3.360138	-3.371534	-4.257908	-3.871233	-2.883449	-3.756140	-8.368558	-13.994486	-11.869268	-14.429752	-16.491405	-12.472473	-10.174158	-10.050675	-14.241584	-18.367993	-9.380101	-7.076863	-8.690960	-13.802855	-20.619979	-20.532983	-16.697615	-14.328777	-14.920283	-19.633663	-22.503176	-15.875748	-13.696838	-14.026084	-15.020086	-15.163257	-14.871753	-15.004012	-15.751127	-17.717294	-16.600355	-13.652444	-14.486920	-20.527572	-24.251259	-14.438117	-8.227900	-5.136043	-4.686716	-6.516782	-10.446603	-16.754398	-20.420661	-17.845437	-19.319141	-17.381165	-12.353984	-11.794142	-16.952137	-19.020804	-12.543055	-11.589161	-13.821816	-18.333382	-23.497445	-24.865479	-21.805490	-15.708212	-10.979528	-8.874231	-8.610028	-9.042128	-10.699073	-17.104440	-23.683787	-14.886242	-16.382896	-19.674075	-14.877717	-14.083881	-14.863181	-15.205812	-17.395302	-15.134907	-11.987946	-12.870226	-19.351854	-21.201836	-13.785761	-12.141642	-14.129005	-16.751894	-14.469342	-14.829565	-14.986632	-10.147193	-8.551994	-10.915382	-18.060517	-28.783432	-28.594523	-24.915633	-20.128497	-17.380570	-16.841244	-17.882561	-20.706850	-33.203323	-25.974568	-24.901185	-32.311822	-17.081239	-12.722733	-11.785761	-13.443535	-18.427588	-26.146337	-22.794521	-24.079062	-33.465440	-26.543366	-21.044768	-18.510027	-18.515895	-21.222519	-22.789097	-19.419528	-18.111857	-20.587820	-28.563590	-35.469801	-38.039804	-25.209203	-21.672489	-21.958240	-22.758272	-22.557823	-20.728749	-18.766520	-18.867510	-21.074187	-23.585953	-24.068613	-23.632399	-24.929376	-29.798706	-28.055755	-24.133850	-24.707688	
19.847062	18.142981	12.539522	1.092848	-7.225324	2.158759	5.622386	2.408311	0.277668	7.185337	8.699309	6.940941	4.291314	4.141580	3.727027	1.477917	0.908171	1.219186	1.350287	2.922231	0.385883	-2.086033	5.161447	7.532731	7.777356	3.408599	-1.486381	9.049767	9.036412	-1.224770	1.738254	5.082726	-0.475429	-1.680739	6.300380	7.024599	2.177505	-0.675132	0.006486	-0.883388	1.428848	-2.232569	-13.014155	-2.511674	-0.582113	1.821602	2.284656	-1.625544	-4.396227	1.157021	2.478771	-0.102103	-8.144001	-22.868336	-8.811178	-3.307190	-1.303052	-3.026892	-14.113100	-6.194029	-2.392282	-4.644958	-3.905629	-4.234448	-11.411197	-1.241622	2.101432	0.886738	-5.354020	-13.997263	-6.431085	-6.432226	-7.331172	-7.458865	-6.233729	-3.481358	-4.762064	-16.412202	-8.569300	-5.849532	-11.769820	-17.190825	-11.275983	-25.161221	-7.607630	-2.730968	-2.865079	-6.132902	-9.322433	-6.079070	-3.117645	-2.133655	-3.337004	-8.504402	-7.117175	-6.910403	-18.989586	-1.854748	0.331490	-3.417321	-8.078362	-8.441694	-15.682699	-4.233358	-2.480008	-8.308023	-10.960197	-2.737727	-0.944025	-0.291638	-1.016369	-7.285874	-14.481350	-7.789473	-12.016919	-4.316847	-2.064439	-4.879165	-11.693290	-16.197216	-8.279337	-4.888773	-5.892012	-13.385605	-14.782158	-6.718700	-5.864787	-10.158995	-17.602140	-12.055411	-13.686816	-22.050404	-32.456330	-17.051690	-13.782297	-18.594292	-23.369167	-13.348264	-12.402307	-16.604977	-33.228606	-24.307204	-21.288382	-21.181914	-17.999605	-14.002564	-12.800876	-11.947178	-10.463607	-10.740334	-13.045355	-15.604499	-10.444850	-6.353575	-7.675588	-24.295308	-10.303926	-8.552975	-16.102836	-13.060315	-9.824892	-10.913251	-12.825276	-17.468866	-13.300166	-7.658552	-6.185022	-8.475542	-18.420072	-18.026928	-13.905106	-17.597909	-17.310761	-18.496060	-15.851905	-12.272367	-9.757816	-5.086880	-2.964829	-3.773586	-6.449603	-8.614092	-8.393714	-7.758363	-8.790843	-11.947675	-16.614142	-18.653873	-13.467246	-10.226677	-9.733892	-11.054605	-12.744933	-13.351518	-12.692285	-11.895285	-12.801672	-16.048455	-16.076951	-13.155800	-11.678231	-9.805663	-7.534573	-7.639925	-12.105676	-26.186665	-22.014602	-18.323278	-17.939294	-20.354842	-15.358614	-14.789680	-18.703008	-16.588890	-13.931373	-13.708022	-14.519560	-16.432979	-17.665128	-16.293409	-17.263653	-19.438701	-17.967156	-17.478285	-18.299343	-19.631354	-21.743447	-23.047900	-21.258795	-19.542904	-19.840235	-21.378966	-21.638779	-18.890550	-16.850277	-17.141326	-19.451000	-21.217023	-20.850569	-21.377025	-24.040475	-28.038517	-29.499583	-29.180720	-25.555042	-21.815081	-20.840137	-24.166043	-34.539881	-26.991345	-27.528845	-39.587488	-29.677160	-24.891830	-22.989513	-23.862010	
19.840694	18.099139	12.316881	-0.502947	-18.667637	-0.916578	6.598338	9.512260	10.340547	9.770407	8.762095	8.096224	4.655323	-16.569356	5.759292	8.755857	9.725641	12.209110	12.762392	8.997142	-6.082204	6.136292	14.099751	18.657017	20.349941	19.904036	17.982561	14.375981	11.802555	14.932439	17.099700	17.521203	16.502755	14.422881	11.017729	9.407975	13.020455	15.241669	16.099995	16.148326	15.263463	13.357167	10.606350	6.726810	3.233937	7.237256	10.485890	11.825440	12.338569	12.482842	11.961124	10.289499	7.475109	4.542794	2.465347	2.880756	5.687041	7.536610	8.081702	7.926260	7.191734	5.995409	5.763201	7.158247	8.924941	10.088055	9.825959	7.534320	3.146313	0.300510	3.508140	6.824353	8.746474	9.577979	9.513514	8.344269	5.666585	0.717437	-7.535414	-0.879929	3.950978	5.683524	5.725608	4.885366	2.559212	-4.440515	0.729635	6.853426	9.379536	10.234191	9.660772	7.097588	1.157114	-6.295124	2.342782	6.616341	9.332999	11.342922	12.361513	12.067607	10.523553	8.159591	5.111345	0.949856	0.230030	3.722905	6.282767	7.997803	8.647843	7.962933	6.200691	4.191905	3.073715	3.288655	3.999102	4.256922	3.248313	-0.159229	-7.667869	-20.850753	-6.955790	1.529795	4.899947	5.624005	5.078205	3.165660	-1.822013	-13.981628	-7.843539	-2.172279	1.268219	2.884432	3.580002	4.004370	3.564968	1.806366	-1.320055	-4.615514	-2.995311	-1.039231	-1.168587	-2.127091	-2.544187	-2.904589	-3.031910	-2.222173	-2.264873	-4.874978	-12.381821	-10.016071	-4.018682	-3.265867	-3.719340	1.936897	6.209455	8.165190	8.639946	7.767625	5.015807	-1.228156	-9.372909	-0.094203	2.212678	2.220734	2.040095	0.026051	-6.300389	-2.310997	2.411645	4.497419	5.731118	6.232953	5.856510	4.576411	1.977432	-1.751472	-4.864433	-7.737861	-2.509157	0.685500	-0.316880	-1.776553	0.867345	1.265889	-1.792170	-3.966295	-2.449704	-4.047419	-6.764495	-2.662916	-1.236010	-2.582835	-2.508345	-2.230646	-4.033734	-3.537593	-1.699739	-1.438212	-1.551435	-2.228735	-4.913175	-3.874183	-0.166468	0.492426	-1.403017	-3.832870	-3.519535	-1.172632	0.531989	0.709361	-0.988999	-4.801476	-9.916548	-22.238348	-12.000966	-6.280464	-6.571172	-10.221188	-13.569700	-16.215671	-19.424321	-20.245596	-18.322758	-16.865046	-15.912336	-16.016421	-18.910129	-21.525529	-20.522460	-23.208572	-35.518892	-25.931117	-22.239383	-22.654926	-23.369726	-20.911145	-19.208132	-20.165179	-24.754042	-35.527526	-25.793061	-21.589455	-21.236937	-25.263867	-38.172884	-23.724147	-20.770175	-21.332970	-22.376646	-22.312374	-22.236729	-22.078564	-21.315856	-20.706190	-21.600580	-24.403542	
19.806604	18.136544	12.426783	-0.081898	-2.365868	5.517817	7.598559	-4.117158	8.773987	12.121898	12.208532	15.898453	17.297268	18.101549	22.184718	26.802181	29.916546	30.759293	29.303087	27.486324	28.486172	30.583154	33.107421	34.266198	32.239214	26.708795	29.787936	32.566794	33.087229	33.655780	33.213016	29.914794	22.537853	22.045659	23.889863	23.616199	24.536320	24.174642	19.577519	12.316778	21.360889	23.520834	21.996917	18.541651	16.063363	12.178222	13.011058	18.072669	17.843365	11.542522	14.278384	18.735030	18.405437	15.187997	13.610861	13.614329	11.088755	13.418989	17.170877	17.421022	14.363270	11.675802	12.840506	9.784781	5.915345	14.444533	16.402131	14.065049	8.882388	7.094102	3.389927	10.982333	16.333748	17.076518	13.274972	9.672970	16.449116	19.168346	19.674147	18.877026	16.049291	13.680225	18.676737	21.481439	21.612924	20.424347	18.542374	13.697938	14.846469	20.231312	20.957167	18.326087	14.820752	13.967764	14.947931	17.936787	19.285815	16.991136	5.229651	12.371362	17.555987	17.250170	13.523361	9.013624	6.062898	-4.511346	7.851885	11.616373	9.919439	-0.228348	0.733699	4.154147	-6.386900	2.054159	6.821331	4.515216	-4.840435	5.530002	9.361444	10.597950	11.609329	12.173131	10.876102	7.021646	5.451230	8.155089	8.634414	7.283321	5.019601	0.999488	1.507827	7.588383	10.650133	11.349863	10.171452	7.626818	5.691585	6.571116	8.233313	8.952065	8.045059	4.917028	-0.605803	1.231056	5.575831	6.837743	4.960447	-1.208445	-1.294172	4.558717	6.458216	4.496836	-13.962170	7.987434	15.230632	18.394208	18.821483	16.734263	12.117318	6.638108	7.443520	10.529478	12.249413	12.213970	10.490977	7.524758	5.028782	5.376529	6.927254	7.759101	8.642678	10.454234	11.630034	10.993467	8.040912	1.902623	-9.601757	-9.948888	-1.644825	4.486147	7.690235	8.677252	7.881269	5.798560	4.198838	5.013974	6.456963	7.336202	7.699921	7.723449	7.487167	6.987148	6.129052	4.748494	2.735833	0.703219	1.004883	2.914523	3.773263	3.122858	1.808142	2.008884	3.756421	4.509339	2.871099	-1.887235	-1.829241	3.112341	5.887989	7.388231	7.846739	7.177923	5.662804	4.196617	3.161753	1.750853	-0.589168	-4.029641	-9.224737	-14.413767	-11.817039	-11.071035	-13.972205	-17.761800	-15.772293	-14.766277	-15.857399	-18.886281	-23.785393	-23.449200	-20.691557	-20.937501	-24.334328	-28.407881	-28.828617	-25.103736	-21.449893	-20.910452	-23.683504	-32.339512	-32.777584	-23.251765	-19.392045	-17.581686	-16.931156	-17.326619	-19.425736	-23.891678	-24.589509	-22.019696	-23.160761	-31.134998	-26.201793	-21.562303	-22.967013	-30.209275	
19.940628	18.042429	11.673903	1.464120	4.371628	10.102926	12.153895	13.346357	18.026310	23.787728	28.403411	31.464042	33.027908	33.370821	33.421235	35.791786	39.928172	42.849396	43.898242	43.242285	41.548590	41.837305	45.355403	48.127592	49.162367	48.747067	47.199954	44.715186	42.954177	43.635001	43.757998	41.716658	37.056905	26.774558	26.760922	34.412098	35.869983	34.139656	29.334301	16.149581	23.576209	30.033239	31.575041	29.951453	24.794079	12.583215	23.000295	27.969132	29.278741	28.032294	23.474309	-0.647063	23.009481	27.471449	28.128943	26.489671	22.175144	6.788962	19.383946	24.793048	25.706803	23.500337	16.811991	6.111033	20.350782	24.555116	25.501073	23.434451	16.871567	5.609724	18.941612	23.920025	25.873793	24.888176	19.632628	9.238375	23.700670	28.504592	29.756370	27.787689	21.336221	22.612126	29.920094	33.387583	34.235809	32.644875	28.506550	24.222338	27.792294	31.167371	32.026325	30.374710	25.788719	13.471118	19.658834	26.071075	27.466946	25.895676	21.705583	15.761864	19.807692	23.489145	23.464078	20.156239	12.856288	1.010214	14.980079	18.836283	19.034049	16.540025	11.360181	-1.258949	6.643442	13.159237	15.270864	14.762472	11.420199	1.131086	10.459519	16.415799	17.578118	14.547529	3.565825	3.161981	8.798070	13.230451	15.331758	13.540508	6.479032	-0.520007	5.191299	11.806012	14.792538	13.048965	4.078746	7.924284	10.051559	11.041076	15.234812	15.837048	11.342679	8.361066	13.328313	16.004123	18.094628	17.581269	13.362329	13.487086	18.269198	20.896860	21.295154	19.198040	15.094811	14.209091	20.519413	23.990557	23.810147	19.649692	9.176880	2.024673	1.873013	13.267621	16.206163	13.741360	0.717686	6.186602	8.306423	8.937657	11.953848	10.888808	9.469201	10.895346	6.517453	3.319273	11.120142	11.329612	8.665381	6.831237	0.889964	5.739343	11.692061	11.588989	5.071239	-2.258312	2.120273	2.773548	9.107875	9.214739	-0.831910	3.776486	7.892106	2.336126	-1.236128	5.841105	3.428571	-2.358555	-4.180852	-2.382093	5.256534	5.139057	1.038628	1.234380	-6.947148	2.829970	7.842404	6.174690	-8.907015	2.504137	4.408835	-13.515038	5.513504	9.140526	6.301046	-0.621928	3.161097	1.869632	-10.712241	-4.301541	-1.937042	-7.124205	-17.251910	-6.416318	-4.658994	-7.340881	-15.145573	-15.056876	-13.819180	-18.482358	-32.245485	-26.508213	-18.940252	-16.782386	-19.482404	-29.767463	-20.890267	-15.793399	-14.775532	-17.473402	-25.604328	-26.379906	-20.298441	-18.433168	-20.150633	-26.917458	-25.266705	-21.277444	-19.757291	-18.743800	-19.877560	-26.187379	-31.178779	-20.390789	-17.428263	-17.627475	-20.403836	-25.531516	
19.813972	17.923126	12.224104	6.335650	8.702596	13.709077	17.071380	19.082872	17.973062	25.703353	33.902199	38.030743	39.028250	37.322802	33.529837	33.595231	41.598213	45.838212	46.771787	45.979284	45.059870	44.360803	49.219955	53.705793	55.501388	55.303417	53.603278	50.644559	49.767141	51.695909	51.479905	48.238849	42.824061	40.188384	41.310395	41.614231	38.726653	33.335726	35.176015	36.851032	37.107480	35.813857	31.735658	30.311999	32.792220	33.462896	34.037921	33.839509	32.684639	33.279860	34.266993	34.330769	33.742760	31.182160	26.614206	28.779587	30.609690	30.158200	28.870220	26.567145	26.762077	29.319598	29.883016	29.234668	27.906963	25.501517	27.407436	30.243948	30.569358	29.415743	27.350351	25.254637	28.601627	31.129487	30.961458	29.607999	28.230388	29.819069	33.867258	35.404086	34.626854	34.026015	34.983508	37.493120	39.809730	39.861357	37.402001	34.611919	34.024448	34.764176	36.339619	35.922404	32.193774	24.433765	23.224413	30.981380	33.738966	32.620630	27.962697	21.227307	20.560991	26.575826	28.950435	27.627224	23.101199	17.695467	21.090964	25.070315	25.707687	23.060951	17.406483	14.882523	18.707131	21.326724	21.097058	17.252621	10.387834	13.407058	18.151799	20.721229	20.382725	17.270999	14.746402	16.781813	19.881551	21.273352	19.687030	14.370922	12.070744	16.314330	18.816257	19.309149	17.177162	15.083024	17.962527	20.448473	21.406816	20.359369	16.901648	18.477571	22.842876	24.939619	25.518222	25.044821	25.437418	28.060311	30.346515	31.555025	31.719134	30.697966	29.003762	27.729732	26.653650	26.906879	27.622564	25.501395	21.303427	23.232132	24.043911	22.687337	20.807199	17.102584	15.108279	18.479764	19.479558	18.651265	16.839148	15.857490	18.432241	20.639637	20.676902	18.433912	14.430316	12.136797	15.212333	17.882987	17.969379	15.801527	13.451060	14.901412	17.564160	18.300340	16.721179	13.475136	11.305457	13.686193	16.210816	16.489321	14.523734	10.734505	9.645456	13.128495	15.058699	14.854504	12.459726	8.917806	9.980080	13.285006	15.046619	14.338211	10.835824	8.897133	13.000074	16.269377	17.446320	16.543413	14.374176	13.506650	15.113673	16.696224	16.722498	14.300116	8.687504	3.580166	7.637594	10.558429	10.460484	7.514495	2.299414	1.078092	3.913031	5.245199	4.205053	-0.674044	-13.796442	-8.145645	-5.358613	-7.036832	-12.663588	-31.736768	-13.454970	-8.164138	-7.249409	-8.236338	-10.186744	-14.591307	-15.499533	-12.038844	-12.459592	-17.097623	-27.393103	-16.933799	-14.633730	-16.576759	-21.944906	-25.215464	-25.010340	-37.960157	-20.463184	-16.109472	-15.156721	-15.655469	-16.827979	-18.829410	-23.109013	-31.165740	
19.982888	17.756525	11.520373	7.275756	11.193210	14.942507	18.177051	18.549832	14.862996	31.143836	37.956857	40.765729	40.851020	38.388264	31.422824	38.194195	44.491326	46.492349	45.693770	42.038016	41.215971	50.035057	54.744408	56.439354	55.390504	49.658852	43.971128	55.393973	58.543223	58.400022	55.653858	50.345760	44.717463	45.603414	46.621136	44.757944	40.135212	36.456238	38.814397	41.549752	41.320410	37.919726	32.992091	32.547005	36.326124	38.353446	37.767253	35.156121	31.883397	34.734972	38.395648	38.759005	35.892098	31.182036	29.637798	32.581573	34.930703	33.916129	29.159912	23.478997	25.574165	31.141263	33.044540	31.394656	28.724757	28.331024	31.210054	34.507636	34.698871	31.569237	27.759670	27.714259	31.645842	34.309299	33.609279	31.013737	29.474386	31.151765	35.708141	37.459738	37.068647	36.859603	35.010322	36.170754	41.944359	44.186683	43.707740	41.363805	37.722852	37.782043	40.571019	40.523047	37.787568	34.874374	35.483778	37.827837	38.231257	35.784259	31.672218	29.145089	29.960756	32.466210	32.701579	30.769610	28.645930	27.772558	29.347120	30.059009	27.618128	22.886300	20.658536	21.777895	24.917325	25.346019	22.655315	19.335447	18.547429	20.424308	21.253161	19.196076	19.024020	19.714900	18.985005	22.059552	23.881143	23.294505	22.198500	21.179866	21.156078	22.088790	21.191359	19.912042	19.944956	20.174216	22.865011	23.982737	22.343208	21.151372	21.263461	23.146916	25.930115	26.942072	27.687024	27.481725	25.472197	30.007126	34.185879	35.786679	35.718240	33.628570	29.622084	32.266466	35.193421	35.053073	32.711098	29.404160	27.433075	28.021822	27.830540	25.864544	23.912558	22.098725	21.531952	22.683048	22.383675	21.195933	19.232163	17.461998	20.444794	22.302058	22.486499	21.757315	19.237463	17.132498	18.972154	19.565015	19.030221	17.410835	14.312608	16.375011	18.127911	18.104713	18.574577	17.407349	14.830595	16.833815	18.630350	19.238873	19.022767	17.149384	16.260857	17.600922	18.312297	19.032097	18.660764	16.850995	17.531920	19.271292	19.874838	19.702134	18.305796	17.423677	19.269660	21.079676	22.331505	22.220791	19.727965	17.954338	21.150782	23.350801	23.887593	22.920834	20.737078	19.311776	19.500252	19.400388	18.478929	16.551542	14.323788	14.070687	14.203539	13.058472	10.994613	8.364647	5.780317	3.897600	1.191334	-1.878738	-2.731271	-2.683376	-2.209794	-2.356081	-2.800425	-2.594686	-3.263706	-5.306317	-6.503604	-6.634126	-6.509955	-6.080258	-5.755175	-5.386918	-5.964947	-7.860382	-9.486668	-9.844026	-9.970885	-10.496784	-12.309793	-15.886174	-19.104260	-26.716138	-23.951076	-18.019657	-20.095085	-24.621440	
19.521201	18.379922	13.535175	6.028159	10.122094	16.252059	17.895661	14.727288	21.228460	33.861757	39.629670	41.881961	41.258870	36.248396	27.176859	41.643915	45.970788	47.162860	45.609562	37.277015	43.988653	52.291808	55.373829	55.009015	49.786014	40.956063	55.299883	59.898347	61.283993	59.821033	54.613632	37.997480	46.245529	49.317485	48.205851	44.589891	37.845779	35.589383	41.213034	43.407276	42.181584	36.850965	28.061538	32.570410	36.294810	37.402012	34.731652	21.646091	31.909543	38.384787	40.411970	39.545928	35.870099	30.680098	32.811017	36.644838	37.807803	36.284887	32.361061	29.548900	32.564126	34.880130	34.791605	32.321986	29.636356	33.409222	37.377154	38.713370	37.353493	33.502834	30.856795	34.064220	36.740570	37.004423	34.547028	30.379845	33.331942	37.598463	39.014846	37.636946	33.711254	34.012047	40.697226	45.042599	46.781931	45.823777	40.922168	34.030985	43.231495	46.445946	46.484456	43.961127	38.878065	37.018159	40.634416	41.920758	40.390153	35.847469	30.778101	33.928200	36.533672	36.447904	33.356720	26.833812	28.444614	33.303917	34.931000	33.753229	29.991652	25.784502	27.213064	30.106097	30.689389	28.307168	22.997734	20.861455	23.923885	25.274336	23.970369	20.680623	20.341628	23.880484	26.632919	26.942972	24.152231	17.278737	17.096560	23.612629	26.310872	25.747045	22.145972	19.510737	23.312293	26.706939	27.795260	26.142417	21.909054	21.335125	25.693159	27.929159	27.089384	22.610242	19.832627	28.162322	33.420005	35.637347	34.791712	29.155519	23.622564	35.317691	39.451474	40.546626	38.985049	33.689167	20.703485	29.803535	31.960916	30.319291	25.478103	17.242651	21.317123	25.245091	26.048494	23.501281	15.689765	14.567939	20.863525	23.486031	23.222503	18.865011	10.831505	19.413745	23.343882	24.103335	21.674406	15.083581	14.868081	19.575612	21.557222	21.211304	18.004281	14.191351	17.810569	21.304036	22.358923	20.373055	13.802525	12.060088	18.941108	21.989971	22.194686	19.074101	12.924079	17.076642	21.536745	23.461823	22.992115	19.379704	11.783548	18.754381	23.465155	24.557449	22.313092	16.378180	20.416690	25.285215	26.962977	25.953833	20.938501	2.713468	21.613615	25.308093	25.523047	22.970630	15.791244	5.930859	17.953684	20.571446	20.212843	17.107658	9.016465	-0.033572	9.681035	10.839287	9.402864	5.625787	-1.797777	-6.777554	-1.806715	0.383809	-0.225678	-4.322507	-10.924470	-4.501871	-0.452389	0.022748	-2.688037	-9.175556	-9.965896	-3.654325	-1.064104	-1.316733	-4.231049	-10.371512	-11.698364	-6.181870	-4.379363	-5.475097	-9.013931	-13.403547	-13.306272	-11.457922	-10.511460	-10.137069	-10.011150	-10.021296	
19.795470	18.128441	12.239790	-4.421979	9.981240	15.275779	12.798036	6.399488	22.547051	34.001825	39.969672	42.330962	41.724451	37.311667	26.379059	41.647917	46.696309	48.071011	45.943789	31.139758	46.649240	53.264680	55.053622	53.604610	49.571097	50.427461	56.439381	59.992027	60.914279	59.299929	54.875734	46.444392	40.275401	45.642641	47.141635	45.560784	39.386077	32.339167	41.856087	44.534432	44.326730	41.564291	35.672028	35.352735	38.952405	39.037664	35.436206	23.164884	34.677136	39.406119	39.554072	35.915470	28.475393	25.717869	28.986611	33.579527	35.354903	34.174697	29.937893	21.760473	28.726785	33.116943	33.563682	30.133501	20.045302	30.949100	36.188578	37.931025	37.058121	32.756025	14.751382	30.591869	35.469563	36.406138	34.479958	27.722835	26.581014	35.164259	38.295008	38.494694	34.665200	20.623756	39.658933	44.635660	45.944424	44.438856	40.320938	40.027324	44.495946	46.739873	46.600296	43.850259	36.684392	32.365359	40.160181	42.199901	41.086838	36.160663	16.961281	34.029717	37.655829	37.476116	34.260035	24.248166	26.843414	34.210155	36.130631	35.115616	30.717561	20.810715	28.994268	32.900516	33.240440	30.823356	24.461215	14.555733	24.655193	27.227189	26.456348	22.288210	13.128294	22.058824	26.588889	27.591243	25.731286	19.521732	14.043518	23.894895	27.204263	27.453326	24.693954	15.367969	17.911726	25.484047	27.779200	27.151979	22.904839	0.629671	22.078208	27.177213	28.635150	27.173538	18.899554	23.748845	32.047122	35.107446	35.435711	33.051644	24.846334	31.083221	38.343349	41.143660	41.151197	38.534837	32.344259	6.270945	28.137607	31.581855	30.608399	25.441142	21.764554	26.934470	28.464967	27.319656	23.463142	15.955483	19.991276	24.369353	25.446434	23.918996	18.377778	9.496437	21.525207	25.134718	25.525531	23.180417	16.474406	11.748583	20.251572	22.797714	22.233024	17.843138	7.102739	19.434381	23.447883	23.946908	21.550765	14.369059	13.812298	21.359893	23.955138	23.678993	20.029068	7.137444	17.666693	22.774852	23.866186	22.012406	14.647751	12.984632	22.730230	25.859286	26.140431	23.571636	14.475031	19.192263	26.118079	28.179296	27.428000	23.656724	10.814788	18.758059	24.270290	24.532858	21.051533	10.768457	11.118447	18.153612	19.471974	17.795499	13.121732	3.324504	-2.556577	5.431312	7.092370	5.292920	-1.764119	-8.989854	-0.235004	0.696164	-1.811194	-10.070183	-10.265347	-1.897182	0.212248	-0.737759	-4.986504	-19.197709	-8.050612	-3.201171	-2.500572	-4.593993	-10.358991	-15.274339	-8.040902	-5.444226	-5.596870	-7.917396	-12.653694	-16.700652	-12.741775	-10.583972	-11.497620	-17.106932	-22.380675	-12.538418	
19.719360	17.882839	11.862304	-6.979421	5.853891	9.640518	9.824698	12.772358	20.726629	33.876751	39.823934	41.472261	39.256906	34.711659	39.150499	44.081546	45.724405	44.677363	44.978466	48.657669	51.821674	53.075383	52.208503	49.885420	48.075851	49.629255	52.750124	54.842353	55.201406	53.533451	50.074398	46.504020	44.427792	43.765005	43.675957	42.253565	39.074657	37.658297	40.088644	41.711737	41.383766	39.015549	36.650977	38.089089	39.791240	40.132156	39.139882	36.903664	35.688206	38.326477	40.233560	39.564866	36.566133	35.082684	36.283425	35.493543	31.080413	22.932608	29.218075	31.363158	29.608794	24.798994	22.520913	26.349324	28.857540	29.674174	28.919906	28.128877	29.563422	30.811799	30.415371	28.988982	28.203902	28.454762	28.639222	28.472497	28.655829	30.101847	31.958475	33.123389	33.878761	35.665109	38.357943	40.030694	39.893654	38.368058	37.138900	38.086162	40.120395	40.953603	39.975760	37.955808	36.501596	36.317052	36.993141	37.689335	37.481272	36.129414	34.517131	33.884526	33.848481	33.349250	31.888035	30.038272	30.056719	31.687633	32.574549	31.819226	29.325911	27.121595	28.897093	30.930311	31.013915	28.487181	22.604469	22.489269	26.335895	26.961203	24.395571	14.986769	17.994244	24.192341	24.899896	22.225548	17.803033	20.413553	23.483685	24.185228	23.067510	20.970749	20.087676	21.040344	21.760712	21.568580	20.716088	20.051966	20.627552	21.746371	22.085708	21.545845	21.581707	23.310770	25.521579	27.331442	28.625018	29.355705	29.600184	29.957397	31.201224	33.231705	35.054420	36.023607	36.183844	35.738253	34.615071	32.875972	31.242275	30.312704	29.720699	28.880256	27.528913	25.883779	24.486414	23.646306	23.004426	22.024209	20.872911	20.628119	21.338123	21.740854	21.301768	20.371775	20.058945	21.025790	21.985622	21.708119	19.936849	17.684246	17.564267	18.757580	18.940804	17.829011	17.289188	19.321741	21.319709	21.624606	19.963718	17.214183	17.675544	20.107559	20.987734	20.118804	18.630933	18.699541	19.674693	19.506133	17.725079	16.589208	18.785993	21.301463	22.540313	22.112942	20.422631	19.559844	20.666700	22.326763	23.729610	24.705693	25.290526	25.285209	24.710816	24.034875	23.322582	22.147684	20.399358	18.413959	16.752509	15.624517	14.462445	12.668012	10.125871	6.990781	3.630745	1.268699	1.081411	1.809500	1.345858	-1.011158	-3.946125	-4.213259	-3.272076	-3.543939	-5.204779	-6.537737	-5.911921	-5.287042	-5.865654	-7.500979	-9.228408	-9.642393	-9.489702	-10.647568	-13.458216	-14.332852	-12.130593	-11.426016	-13.806508	-19.840764	-19.436454	-17.499166	-18.248265	-18.711423	-17.324844	-16.496254	-16.844782	-16.860197	
19.788342	18.025226	12.360597	0.388837	0.498057	2.526264	7.953081	14.818964	17.834282	33.400410	39.841644	41.719061	40.040638	37.053417	38.269959	43.093489	45.216054	43.958525	44.213575	45.776329	45.786235	46.275396	44.030924	30.903673	40.259211	40.559434	25.773617	42.205671	45.031610	42.386816	33.104701	18.946635	24.437931	35.613287	37.767341	34.411823	22.773920	26.164030	32.769445	35.702528	35.204154	30.906598	22.418411	23.142666	32.001621	34.962858	33.353614	26.608210	21.413120	31.302969	38.839023	42.213126	42.438514	39.618572	33.188779	33.982598	38.166627	39.070359	37.286712	31.984658	20.933530	25.687358	28.061660	27.728051	24.050016	16.477037	20.600053	23.378191	25.112063	24.972237	21.132113	13.950751	10.488560	10.354795	14.047282	13.137359	12.626621	14.274357	17.920203	18.162157	14.205094	19.620540	24.679941	28.715213	28.870173	21.017638	22.534670	27.470172	27.955752	29.823442	29.085081	23.697418	19.594818	13.571279	21.956765	28.255705	27.937868	20.877874	13.559325	14.520147	16.289974	23.908494	23.935301	19.697469	13.897523	10.579353	22.951846	25.801766	24.177875	18.960638	-12.660532	21.871731	27.369412	28.065858	25.401128	19.476399	13.605073	23.534885	26.977025	26.800248	23.608624	14.745450	14.027927	20.701560	21.912774	20.954356	16.875464	-1.810646	13.099735	15.924769	15.273848	13.720316	9.320020	7.058744	10.884369	11.884677	12.325370	10.289441	2.065138	1.319412	6.970178	13.049784	13.862818	5.753789	11.343214	14.547893	5.993965	15.312267	18.199181	13.834880	19.642043	21.014367	7.517878	19.784837	22.542186	16.987879	18.955704	19.386908	0.729022	16.897690	17.198887	6.400058	10.425502	9.631452	8.517719	12.312530	11.217661	9.614336	4.714173	1.367993	10.354501	9.560241	6.911504	7.149867	4.168392	8.534900	10.868137	9.319500	7.537332	5.949485	3.719488	4.231670	6.171936	10.132793	12.520974	12.622092	11.149394	9.428974	9.590162	10.949937	11.004475	8.690122	4.134016	4.019578	6.623642	8.098594	8.364497	9.274807	12.017694	13.131048	12.225318	10.735913	8.148971	7.226427	9.750079	9.092019	6.737813	4.857363	9.343198	14.001491	15.069795	13.762386	11.627452	8.983722	5.232364	2.464414	2.182629	0.982664	-1.825493	-3.592060	-6.874651	-15.722625	-9.623047	-11.316437	-16.368571	-12.684867	-10.191713	-9.560629	-12.372963	-14.675759	-14.512959	-13.698888	-14.521453	-17.567273	-18.481706	-20.925560	-21.713835	-20.320397	-22.396812	-23.714168	-19.774890	-19.006832	-21.230310	-22.973084	-20.933926	-18.049653	-16.575739	-16.531314	-17.170416	-18.388328	-21.252092	-23.329546	-22.649365	-24.246630	-28.505668	-25.955271	
19.647855	18.140887	12.783502	-0.314443	0.308481	10.963359	11.131528	8.139733	17.832847	32.668656	40.090400	43.097963	42.447896	38.493891	36.259707	42.408239	47.589241	49.468832	47.882525	42.378314	36.253675	38.418970	42.289713	44.232914	43.248309	39.544416	34.807950	38.178649	40.964357	40.253386	36.202564	29.614226	28.409456	33.878155	36.259242	35.231322	31.098252	23.128332	28.546155	34.271562	35.670690	33.703003	28.524022	17.376082	25.831458	32.495365	33.682742	31.248808	29.455210	30.615014	35.345723	39.631503	40.617306	38.225653	32.947464	31.507868	37.825793	42.091692	43.132847	41.290975	36.896650	29.352096	25.474986	31.571955	32.254696	29.408856	22.064268	21.407009	28.066109	29.441407	27.474375	22.109000	9.231809	12.729256	18.882627	19.629398	17.179293	15.007415	17.155069	19.344215	18.499148	13.764852	15.429960	16.231648	23.128248	28.131888	28.811462	26.437901	24.453660	22.224022	18.020238	24.100643	26.824211	26.228325	22.663502	19.693277	25.011193	27.449254	26.971270	24.386441	18.299925	16.806961	24.649185	26.755539	26.170155	24.007239	17.932233	18.045458	25.583002	27.842077	27.812636	25.865193	21.272414	24.858334	28.555184	28.792871	27.592353	25.290036	20.976625	25.019691	27.913587	27.569592	25.646263	21.818197	14.459575	20.067763	22.807209	22.177755	19.455026	13.334928	9.658271	16.715618	18.530769	17.400153	13.133914	2.101025	11.651475	15.787927	16.476669	15.253411	11.222913	-0.329722	12.338024	16.732806	17.331205	14.578137	6.504601	13.173388	18.381688	20.549129	21.213312	19.689310	14.505517	18.005498	22.822233	24.372226	24.232065	22.562466	18.023390	13.291615	18.651409	20.624323	19.434413	14.467273	-8.981875	14.930843	18.821619	18.962733	16.759584	12.011097	-3.716525	8.850220	13.037664	12.669456	10.476887	6.957874	-0.985227	6.224117	9.056474	7.099392	4.265486	2.058522	-11.592501	3.222919	4.933414	-2.368868	-6.112436	-1.711317	-8.047559	-0.405851	-0.175828	-4.979411	-0.609304	-1.644748	-14.297712	-2.372247	0.714837	2.274413	3.501245	2.306359	-2.821089	-3.040329	2.565346	4.235930	3.363137	0.107150	-6.785631	-0.855423	2.869204	1.952491	-3.198093	-11.836899	-19.282441	-23.159140	-15.524490	-17.295591	-17.132092	-17.261214	-21.362002	-23.708184	-17.466114	-11.516379	-8.660243	-8.660674	-11.787380	-17.153373	-16.582283	-15.094718	-13.353895	-13.386743	-15.797420	-14.069296	-12.103371	-13.905713	-20.684455	-29.156264	-24.586823	-21.681507	-21.507805	-30.273669	-25.923812	-20.462218	-22.136899	-26.518124	-24.267509	-25.707849	-33.936023	-23.226096	-19.046285	-18.486635	-19.942266	-21.737007	-23.987100	-31.619907	-30.457397	-21.870971	
19.450965	18.066116	12.643419	-1.203942	1.810817	12.366267	14.001597	13.565769	13.899246	31.943959	40.277327	43.956479	44.053861	40.416890	32.857178	40.981467	47.686823	50.534225	50.125945	46.264575	38.120300	34.674047	40.257162	43.178484	42.465203	37.929193	30.855210	32.655809	38.154324	39.828075	37.713026	32.290212	28.042555	30.305089	34.308438	35.248589	32.885212	27.921050	23.708758	30.613825	35.115186	35.897486	33.534310	28.544327	23.944967	30.299180	34.627213	34.825922	31.140307	26.722010	29.221932	34.789012	38.055183	37.678147	33.749718	30.530375	33.553668	40.308904	44.171506	44.668335	42.145087	37.333243	33.328516	33.393536	34.881843	34.041030	30.629839	26.030712	23.876733	28.844214	30.691211	29.062068	24.925151	19.378228	13.349287	17.551175	19.310266	17.116354	9.306125	14.172525	22.234551	24.950532	24.479297	23.363499	24.165253	26.424351	29.947517	31.703384	30.652343	27.150097	22.944478	18.874303	22.598677	25.876632	25.672702	24.128800	22.118070	21.745513	26.267590	28.138617	27.329662	25.642096	23.521079	23.862884	27.337467	28.313190	27.024166	24.972747	22.363828	25.421268	29.168175	29.542111	28.039867	26.937733	26.024143	28.165040	30.488181	30.029396	28.164451	27.222832	26.467170	27.703752	28.903597	27.691170	25.058666	22.142397	17.175931	19.622945	22.482346	21.884938	19.936279	16.889107	11.881425	15.549309	17.982380	17.745014	16.279195	11.924040	11.323205	17.220233	18.958612	18.763951	17.462078	13.143589	10.977495	16.240711	18.373922	19.631110	19.252389	16.674713	20.002659	23.175664	23.844672	24.559149	24.729619	24.012596	26.008995	27.573916	26.770819	25.373444	24.326474	21.518511	19.623310	21.462606	22.445469	22.436018	20.546673	16.803953	17.691780	19.291967	18.913625	17.626635	14.308455	8.696011	12.082731	13.766194	13.030965	11.481298	7.025470	3.608055	9.708763	11.319334	10.573684	8.191463	2.110643	-4.802765	2.845715	4.676320	4.423719	2.309349	-3.231761	-15.492233	-2.889054	1.700906	1.759929	-2.381427	-6.558689	-9.202456	-12.016233	-2.798959	-3.606999	-15.737036	-3.874395	-3.348933	-16.174549	-7.422497	-3.846041	-2.883723	-0.413686	-0.252338	-3.644613	-9.796450	-12.273439	-16.132514	-31.900506	-26.635692	-21.952051	-19.919738	-23.315676	-28.082032	-31.246059	-15.287347	-8.673414	-6.707492	-8.353506	-14.183382	-27.221253	-44.682458	-21.465680	-14.101985	-11.996854	-12.605596	-13.517087	-13.156410	-12.997892	-13.505942	-14.244379	-15.388460	-17.464598	-20.206348	-21.979838	-21.592816	-20.724932	-20.673628	-21.508240	-23.380352	-27.860870	-43.986451	-25.185616	-22.055955	-24.127441	-26.727714	-24.164609	-24.049581	-23.666456	-20.743352	
19.715863	18.038615	12.743114	5.373118	6.490614	11.612697	13.812303	14.984289	4.990822	31.600602	40.397956	44.421919	45.127601	42.614515	34.390294	38.341569	47.068682	50.666559	50.912001	47.782417	40.097163	33.147951	39.856558	43.146013	43.346065	40.225630	34.555162	31.123499	34.548488	38.464360	38.532585	34.545770	26.977415	25.556979	29.178333	32.663525	32.852756	29.791291	25.822913	26.992614	32.484681	35.471962	35.048074	31.364955	26.322568	26.246401	32.151099	35.208167	34.366045	29.556118	26.393968	30.204985	34.659275	36.966819	35.563825	29.947395	28.128266	35.246476	41.826365	44.622154	43.837023	39.157859	30.321156	31.015640	34.122935	35.644471	34.391263	30.361621	26.809904	26.893721	29.447136	30.587718	28.665885	23.759641	18.045041	14.853583	12.371634	10.347038	11.458879	13.996778	20.765546	26.805268	29.712431	29.248361	25.210367	23.959526	27.051227	29.245946	30.928767	30.431901	26.948333	22.003803	19.595797	22.161488	26.447324	27.206722	24.964658	23.051227	23.249841	25.546472	28.027049	27.510776	23.980057	21.818053	21.917510	25.577814	28.711532	28.494819	26.401496	25.853957	25.612988	27.967386	30.328598	29.308463	26.022970	26.252267	27.226230	29.634640	31.387734	29.796981	26.121862	26.816645	26.652957	25.842023	27.063142	26.389367	23.873579	22.196314	20.046020	20.040416	22.077147	21.464912	19.361640	17.838449	14.685001	14.640694	17.876770	18.354091	18.250041	18.140047	17.139878	18.195915	19.566134	18.919861	18.040336	17.092988	14.985216	18.395622	20.811340	20.918554	22.188968	23.241685	24.178643	26.291043	26.389313	24.719487	26.512146	28.420419	28.818944	28.824304	27.515630	24.066356	22.345052	22.278077	20.368636	21.116969	21.714522	20.140332	20.071727	20.243286	19.103098	18.842462	18.165933	16.611463	16.089659	14.457844	12.687756	14.487041	15.162595	15.136771	15.256938	13.617560	10.542716	10.289045	10.430847	9.813256	9.353086	7.688742	6.520792	7.717445	7.888690	7.267350	6.567408	3.969513	0.055083	2.606804	4.525446	4.272516	2.615434	-0.208762	-1.326249	0.600840	2.002317	1.790663	-0.882831	-6.838589	-11.257801	-7.648058	-1.807531	0.512099	-0.911363	-6.001448	-12.173779	-12.962878	-13.564806	-13.881312	-14.074636	-14.841190	-16.543091	-18.194320	-16.250649	-11.678130	-8.537684	-7.828393	-9.275333	-12.027990	-15.223973	-15.479214	-13.583237	-15.135169	-21.709260	-24.225129	-24.665194	-18.063233	-16.058983	-22.767527	-20.919839	-15.464866	-17.604897	-27.522811	-30.254539	-37.864370	-30.474336	-29.006061	-43.528985	-24.648202	-20.995871	-20.449805	-20.971151	-21.998168	-22.178092	-20.607292	-20.044417	-21.595409	-21.888195	-19.350705	
20.264364	17.897866	10.944942	5.701287	8.355928	9.419601	12.664420	18.125242	15.787487	28.475606	39.383954	44.217695	45.524320	43.779325	37.186821	33.435484	45.766100	50.271316	51.264175	48.969222	42.272470	28.219108	38.118331	42.176461	43.709586	42.308671	37.372542	30.325016	31.380682	36.306148	38.147557	36.170617	29.786355	19.012965	21.550345	28.529345	31.427589	29.963357	24.446497	21.435349	26.897783	32.813194	34.900714	33.116422	27.465138	22.804429	27.872454	33.902057	36.044414	34.316584	28.037039	24.759675	28.902626	32.894606	35.040486	33.353410	28.674661	32.171279	38.662662	43.071849	44.379273	42.303455	35.749193	26.441345	31.111825	32.732102	34.020696	32.952249	27.930926	23.456534	26.047634	27.049278	26.997513	24.721145	19.160622	11.145963	14.484747	17.268301	17.566203	15.884078	20.301873	24.945263	28.250290	31.045531	31.738300	28.868060	21.589284	23.967265	24.904064	25.439646	27.937949	27.352849	24.052245	23.049126	22.613337	24.073599	26.732368	26.106776	22.515003	23.108567	25.440423	26.711757	27.091664	25.100607	22.078464	23.174112	24.325122	27.323071	29.603196	28.740092	25.860579	26.437977	27.757549	29.246380	30.571623	29.263765	25.911379	27.655349	30.150640	31.624876	32.232454	30.721886	26.637353	24.457229	24.986622	24.675029	25.267544	24.386570	20.930729	19.525731	19.971643	20.153992	21.259021	20.671067	17.974921	16.480668	15.777571	16.168787	18.456510	17.912557	14.698032	15.374658	16.072141	16.740586	19.238680	19.475539	18.262830	19.324090	20.466011	21.981269	23.446924	22.069500	20.123125	24.345766	27.224561	28.831258	29.155628	26.270255	20.450781	26.226254	28.160616	26.337008	23.613751	21.820409	19.346252	20.759029	22.552891	22.404111	21.450840	18.839660	14.361183	17.192619	18.623038	16.844982	15.502933	14.727766	13.742805	16.336443	17.834541	17.107413	15.372405	12.669998	9.012836	10.187413	11.306028	10.515605	9.865101	8.085781	6.760171	9.870780	10.965383	9.465295	7.333091	5.743837	4.588117	5.850591	6.338043	4.634985	2.705480	0.813299	0.300641	4.336755	6.003594	4.717629	1.439326	-2.042597	-2.104536	1.449342	3.105464	1.910313	-2.070006	-8.391820	-13.878099	-13.212544	-15.250957	-26.928477	-16.233813	-15.253504	-22.849412	-24.727126	-21.375013	-19.426107	-13.156266	-11.808912	-15.752445	-31.751594	-16.790022	-13.037590	-11.904108	-12.260507	-13.706110	-14.063350	-13.109632	-12.871249	-13.110769	-13.122364	-13.066751	-13.732750	-15.620930	-17.390502	-17.773576	-17.523153	-17.211203	-17.696923	-19.321883	-23.196089	-27.639607	-24.772145	-25.041162	-28.300352	-30.763546	-24.470739	-20.040266	-19.924924	-23.536760	-23.587537	
20.216628	17.995545	10.821960	2.535101	7.752126	9.152332	9.365011	16.485385	16.993420	25.896570	38.325226	43.804572	45.599237	44.514740	39.910186	19.796989	43.438240	49.319979	51.273953	50.091773	45.409832	34.716300	33.098872	40.093442	42.894289	42.557308	38.355272	28.770157	27.369784	33.059304	36.713204	36.665247	32.883017	25.376945	21.952477	25.752452	29.780304	30.579174	27.489022	21.675657	23.258275	29.619151	33.776044	34.419389	31.437473	26.069867	26.621862	31.918147	35.825402	36.495216	33.477712	24.987580	16.589163	23.784373	31.526392	34.379644	32.258265	23.884090	32.815852	39.764456	43.257804	43.757870	41.171909	34.785328	23.765525	26.395818	30.395520	32.534332	31.698340	26.895481	13.677408	17.349063	20.209887	19.579341	18.327716	14.296413	4.413611	20.938937	26.515215	28.978548	28.339825	23.572689	21.824770	27.642524	31.313543	32.951318	32.030162	28.106850	21.860585	20.316926	24.948608	28.766190	29.228843	26.025945	19.837089	17.509567	21.353364	26.517291	27.940609	25.096756	15.277582	17.837785	21.965196	24.640098	25.838543	23.582039	19.556059	22.058136	25.706178	29.137047	30.209352	27.675694	20.582832	21.437466	26.139755	29.842432	31.260190	28.931149	19.369300	22.960043	28.013527	29.838872	30.243709	28.121990	21.981712	17.013052	19.710563	21.506065	23.345936	22.314806	17.103143	14.169814	16.364083	17.325379	19.014396	18.397383	14.490818	12.343644	14.192861	17.017824	19.374406	18.926907	15.494680	14.276825	15.700993	17.339225	19.764709	19.418173	14.452917	14.101431	19.112923	22.952453	25.634867	25.084379	18.546411	18.400874	25.691258	28.546973	29.957753	29.780638	27.095808	20.814277	16.254738	18.955151	21.427009	22.412850	19.444066	8.354051	14.729177	18.544693	19.668049	19.719760	17.505330	12.314033	11.488150	13.986924	16.067155	17.179961	15.007249	5.882423	6.433999	10.820302	10.925126	10.832670	8.561494	2.479698	6.249842	9.280997	10.203405	10.622844	9.064639	3.262489	-0.480898	4.047498	4.969000	5.302277	4.257803	-0.429137	-3.458914	2.257417	5.112821	6.074476	5.056387	1.092609	-9.833544	-7.029672	0.151366	2.907808	2.897614	-0.218861	-8.477460	-21.337795	-11.098667	-10.826812	-12.340711	-13.495269	-13.403570	-13.150297	-13.910854	-15.722722	-16.947322	-15.595729	-13.629872	-13.228147	-15.253191	-20.719927	-23.978582	-19.942860	-21.443336	-21.963176	-14.449940	-11.723933	-12.985691	-19.984605	-24.939717	-15.606545	-13.799679	-15.216535	-19.935394	-24.144217	-17.181662	-14.053445	-13.865884	-15.780210	-18.975535	-22.254921	-24.212641	-24.048935	-24.720755	-27.644753	-24.510435	-20.604705	-19.731782	-21.051622	-23.306586	-24.681690	
19.935516	18.151817	12.150423	0.999595	6.451835	9.804081	7.952571	12.952467	18.641419	22.604054	36.458452	42.955086	45.373232	44.729378	40.935938	27.732502	40.866339	47.966899	50.722303	50.306179	46.471879	37.072476	31.402538	39.468365	42.501330	42.934880	40.215134	33.042596	23.405542	29.461777	34.799541	36.350662	34.138911	27.492042	14.081517	17.618735	26.658950	30.070274	28.997625	23.251741	17.574981	25.329475	31.746222	34.414735	33.306434	27.690917	20.300512	26.798579	33.311673	36.511532	36.245478	32.546662	26.418851	25.808274	30.880780	34.691907	35.421582	31.745688	17.785768	34.749043	40.142753	42.136951	41.317318	37.167663	27.258540	22.749414	27.487340	28.562395	28.793121	27.149830	22.067729	3.766397	14.664876	15.542269	12.341635	16.080816	20.316109	23.616405	28.208322	32.027708	33.387516	31.713736	25.233247	20.062501	27.557668	30.346117	31.588189	30.490649	25.729436	19.990788	22.864863	25.910040	28.607138	28.888493	26.011688	21.039757	20.510059	23.808478	27.167362	27.968849	25.462611	18.445822	8.107513	15.933708	23.265440	26.493661	25.458519	19.661730	19.562877	23.385963	26.553829	28.759803	27.802699	22.125609	19.642040	24.843848	27.959690	30.108682	29.874132	25.746318	12.676350	20.704770	24.213547	26.243141	26.782653	24.000786	17.743214	17.894910	19.308261	20.481288	21.456025	19.725618	14.424253	12.378670	14.138533	15.307143	16.758005	15.414872	10.598307	13.014772	15.951699	17.264448	18.289716	17.245404	12.892552	11.758480	14.796946	17.379597	19.661765	18.963132	13.798400	16.597834	21.729250	24.706316	26.470608	25.956331	20.563044	13.564215	24.421471	26.760358	26.439845	24.484396	19.684708	12.649273	17.306906	19.366123	19.839104	19.430488	16.568384	7.242350	9.393339	15.033104	16.577657	16.393104	13.472191	6.507229	10.239771	13.425323	14.217355	14.232356	12.731185	8.544294	4.702959	8.071567	10.064525	10.133153	7.905227	0.874305	-2.460652	4.240007	6.048664	6.638251	5.591336	1.114577	-5.749339	-0.878853	0.867469	0.313344	-1.739081	-6.170033	-6.660746	-2.949617	-1.164692	-0.816261	-3.116364	-14.393926	-7.164353	-0.952948	-0.117639	-2.502362	-7.625784	-13.867371	-18.543361	-20.393646	-19.223029	-24.137230	-24.903394	-15.599571	-15.121750	-22.349279	-23.749197	-16.061875	-15.706445	-20.086650	-26.178036	-21.196961	-20.158950	-21.285298	-21.953397	-21.054980	-17.473235	-14.660754	-14.639434	-18.438530	-24.041401	-18.951739	-17.939646	-22.400228	-30.480898	-20.614475	-18.199323	-18.715420	-20.912020	-25.150389	-34.844999	-33.072034	-26.866149	-26.916835	-28.331457	-23.500975	-20.586669	-21.464460	-28.713261	-30.817334	-24.023497	-26.042659	
19.725773	18.144636	12.599724	0.504502	3.883350	11.393073	9.713532	7.928182	15.961592	13.742784	33.167878	41.771007	45.473409	45.514967	41.843803	31.002999	38.363772	44.767186	48.412931	50.142627	48.752179	42.245268	34.016796	39.592466	37.671447	40.949544	43.577119	41.218032	36.668222	36.327706	27.233131	32.946790	37.816930	36.141180	31.324289	28.407887	19.940102	26.266393	31.260731	30.502071	26.564313	27.806249	29.295596	31.151846	33.853430	33.117899	28.101898	27.865711	29.145103	32.499377	36.483578	36.619454	32.497480	29.240282	30.738665	30.745293	34.205969	36.091160	33.444633	5.580401	34.524184	38.343575	37.849762	35.250971	32.154947	26.765623	16.509362	24.751401	24.747647	14.546044	21.032920	26.587995	26.797535	24.196681	14.763044	22.293150	28.417285	28.568187	31.328186	35.053235	34.859997	31.411701	31.050906	31.262524	26.968350	28.830338	31.399401	26.402658	22.117728	29.774918	29.008726	29.449053	31.132819	27.780616	9.937558	24.671831	24.976314	24.387922	28.235774	28.877777	26.706561	23.375611	19.662433	21.425977	24.178501	23.300238	23.934878	27.348121	27.522905	25.394775	27.436742	28.933877	26.169762	21.317284	25.014726	24.126022	22.589393	29.179700	31.622095	30.613989	26.500619	18.294864	13.003131	19.560707	23.415797	25.520292	25.302956	21.877470	16.344837	17.961092	17.483817	16.100158	18.348074	17.698592	12.737713	11.356523	12.318698	13.333276	16.429729	16.153187	10.821835	8.852108	13.183399	14.836264	15.340556	13.082582	6.546957	3.052755	14.888792	21.325396	23.405579	20.550773	7.722384	18.803869	18.636531	20.030501	26.595012	28.452567	26.088981	17.710060	19.749229	22.079986	18.433444	13.560556	15.329748	13.998566	5.384539	14.648195	20.171394	20.833726	17.353024	12.719465	16.534222	16.063426	6.091784	14.013549	18.525594	17.433941	15.285394	17.668261	17.504679	11.771405	4.023098	11.515408	10.372666	1.896627	3.208822	9.362701	11.339493	10.704866	10.491973	12.895535	13.027244	10.256790	11.365790	13.781489	13.649253	13.026897	13.373188	13.135453	11.932527	11.053161	10.661216	9.120245	7.074875	7.855535	8.348769	5.794833	-0.249657	-0.734250	0.303308	-1.834809	-3.658302	-3.799332	-3.850565	-3.774447	-4.849255	-8.341412	-10.183912	-7.164167	-6.477505	-9.512524	-14.384324	-11.792324	-10.158307	-10.372440	-13.516752	-24.107536	-22.821130	-23.022264	-19.209786	-17.817394	-19.842654	-16.589694	-14.412261	-14.236441	-16.522220	-25.267856	-26.449495	-19.570120	-20.412607	-25.787994	-24.157414	-24.125291	-30.753678	-29.215995	-28.148813	-31.109798	-29.829845	-24.389389	-21.047022	-20.573076	-22.270238	-24.494236	-25.030788	-24.238830	
19.835491	18.130672	11.761537	2.255882	4.720249	16.125997	18.873425	16.985984	15.213770	19.284211	29.280256	38.350944	44.630148	47.494855	47.576080	45.537261	41.274717	33.488621	29.323704	45.565898	51.770865	54.017198	53.723084	52.033910	50.675251	51.454462	53.789694	55.602255	55.875620	54.779145	52.947115	50.013223	43.617618	22.832355	39.767136	40.204389	37.089158	30.952861	29.835674	39.253512	41.932452	41.243109	39.005888	37.918760	35.368246	28.552597	35.874949	38.468781	38.118991	38.837162	38.550884	33.959307	34.850720	39.265769	39.620881	39.308478	40.165761	39.354286	35.506436	32.754890	36.559923	37.501913	34.144014	27.663291	30.083364	27.726357	15.773591	29.964079	33.419345	34.263786	33.277689	28.757879	22.856390	31.553138	35.226972	37.359499	39.049721	39.414713	37.895758	37.774865	40.403554	41.719461	42.959199	44.496392	44.357312	41.542393	35.670707	35.531927	40.162573	42.849883	43.387457	40.933918	32.870941	27.209557	36.165268	39.010839	39.834270	37.978161	31.524245	27.969068	31.843691	29.770729	30.460042	33.633611	33.229074	30.189354	27.162765	24.656429	29.162215	33.308091	33.814577	30.923378	24.633790	21.715160	27.087967	31.643354	33.593852	32.844555	29.587970	25.857946	24.143383	19.524794	3.302733	15.622597	10.733806	15.733602	23.958280	25.774250	23.882923	18.999523	14.669379	15.658482	19.921427	22.296501	21.660332	18.017504	12.667034	12.634976	17.372124	20.016016	19.231818	14.287012	3.204113	4.134414	11.698741	14.773613	12.216771	11.413645	15.648494	18.915581	23.644630	26.311907	26.503802	25.210746	25.041572	27.987789	31.808364	33.928531	33.641969	30.806420	25.263444	17.644242	12.637713	8.807312	8.025496	14.477437	20.113863	21.646772	20.007581	20.371752	23.615386	24.922966	24.167134	22.016455	20.096103	21.040558	23.322933	24.556572	24.291854	23.152954	22.512212	22.449742	21.869697	20.101821	16.297186	7.826983	6.269414	11.550888	9.981689	10.379075	18.292134	22.219000	23.460341	22.726619	20.602966	20.069597	22.877252	24.953005	25.107350	23.079022	18.302489	16.100215	20.717322	22.793995	22.424628	19.371844	10.626664	8.298310	15.898129	17.373373	16.277239	13.600555	13.054561	14.813341	14.883772	12.481715	9.049855	10.538926	13.021867	13.801045	12.745820	9.705560	5.451473	5.453835	8.540288	9.909411	9.392044	7.711281	5.573749	3.431827	2.957108	3.757868	4.025079	4.384272	4.391983	2.598899	-0.774338	-2.192449	-1.075716	0.268287	0.671319	-0.502559	-2.991900	-5.252838	-5.123043	-4.101111	-4.010525	-4.655741	-5.047201	-5.961707	-8.040904	-7.618297	-6.492193	-6.823008	-6.584885	-6.579637	
19.921063	18.458603	13.095764	3.080426	10.355673	21.013055	26.511081	28.364972	29.635326	31.257165	29.714898	29.647398	42.510279	48.104474	49.767592	48.146409	43.050883	33.974564	37.267204	47.220860	53.259462	56.016490	55.821657	52.763259	48.329351	42.676146	46.874201	57.371551	61.798769	63.141650	62.165524	59.342236	55.643151	53.113298	52.765735	52.747072	51.523829	49.045211	45.117371	35.173469	42.961675	48.716304	50.183038	49.064277	46.063703	42.377772	39.413614	41.855307	45.873499	47.122533	45.746333	42.797835	40.207634	38.469744	42.074453	45.993822	47.085944	45.500337	41.959643	38.831791	34.829302	31.240848	38.250680	40.593905	39.894179	37.371060	33.245531	20.312520	34.543954	40.607636	42.300088	41.504768	39.966050	38.010770	32.790643	37.689830	43.006122	43.981831	41.734104	40.256227	41.692415	42.564538	47.632446	51.924561	53.453349	52.524190	50.141902	48.483494	46.960727	46.700345	49.600102	50.987216	50.397463	48.868897	46.363097	41.464639	41.951204	46.197467	47.652363	47.471228	46.255862	43.638160	38.331346	31.896925	37.610001	39.652932	38.523639	36.676679	36.085092	33.677878	29.416103	32.332773	33.506019	33.882740	35.715998	35.267198	30.530677	23.219536	25.897745	24.720365	25.277738	26.830620	25.288119	21.277046	14.624452	15.744127	25.031510	28.081681	27.272363	23.365332	21.342270	19.392147	10.612301	22.763126	25.797084	24.234073	19.945820	20.196387	19.937176	14.733315	18.887527	22.748658	22.984074	22.385319	23.650764	25.634951	26.762836	26.320034	24.314688	24.011976	25.510866	25.798480	26.435793	25.238950	22.785112	31.065621	34.499164	34.072935	32.387630	32.666787	31.846206	29.567472	29.732719	30.121017	29.189307	27.246061	24.162254	21.951852	21.374954	23.296478	25.902679	25.095616	18.059491	14.086533	18.078744	17.994013	24.575783	26.470345	23.276928	13.984272	18.286270	18.605026	20.704423	23.915225	23.734311	20.440377	12.682447	5.884786	16.166718	20.176489	24.571659	27.247051	27.042815	23.483051	16.465997	14.084060	22.792289	28.192007	29.690172	27.738221	22.605890	18.039256	22.447315	28.358031	30.997187	30.857899	28.903020	26.397017	23.657595	23.733328	26.970449	28.816496	29.052164	27.815008	24.863726	20.898380	21.081465	24.005315	25.796008	25.926059	24.243488	20.662425	15.895020	15.916892	19.584085	21.716679	21.966231	20.446132	17.183185	12.510694	11.436038	14.796950	16.894841	17.236774	15.855011	12.644568	7.953679	6.714375	9.836175	11.904564	12.291471	11.097082	8.511574	5.166280	3.600560	5.261637	7.058553	7.787209	7.458965	6.265090	4.445623	2.464906	1.569977	2.715134	4.517599	5.772444	
19.513708	18.426238	13.698609	-3.627579	3.203362	22.262154	29.732296	32.284733	31.541409	28.801775	25.925993	31.609883	41.939962	47.798728	50.166634	49.390675	44.709625	30.334374	35.482415	44.845926	51.729326	54.672193	54.185201	49.962912	40.397228	42.135169	49.075162	57.070502	62.040475	63.837557	62.540322	57.714296	48.440076	38.632200	50.232324	56.018266	57.630011	56.307863	52.539929	47.350604	41.496964	46.619552	52.289271	54.033391	52.676554	48.329776	43.302119	41.622104	41.708935	46.891168	49.313644	48.339444	44.162699	39.761905	38.221683	39.719148	46.115003	48.867379	48.446101	45.275638	40.057834	34.617500	27.602119	39.501370	44.285173	45.338218	44.048041	41.809292	38.777178	35.175804	42.551846	46.743056	47.532741	46.009825	43.769296	41.493995	35.257509	40.121120	47.072874	49.283554	48.235054	46.879766	48.780237	49.731351	52.874042	56.888093	58.373021	57.101177	53.841522	52.502106	52.387000	50.563417	51.364655	53.147779	52.343409	49.801867	48.530881	47.069567	45.543487	49.331160	51.484507	50.663677	47.685217	44.629311	41.415563	32.503949	37.943033	43.051808	43.716774	41.969529	39.877767	38.639682	35.265053	31.797191	37.221553	39.160293	38.084433	35.863441	33.896685	29.585713	14.333855	28.070991	31.397632	30.969963	29.027325	26.930904	22.705649	22.860963	29.967056	32.702120	32.659919	31.111855	29.362824	27.059227	23.035233	24.100937	27.996718	29.264220	28.584741	27.447847	27.016192	25.982260	23.067851	22.549321	26.760511	29.074814	28.487558	22.880885	21.085814	29.897488	32.231257	31.637796	32.208666	35.046862	35.809324	32.768465	29.665919	33.278159	34.116411	36.675760	39.250335	38.843330	35.039832	28.633869	29.208887	29.381785	25.357044	23.457015	26.295254	26.170335	23.636888	23.479075	25.845503	27.375435	28.758011	29.198335	27.413672	23.237273	23.178522	26.282216	27.028427	26.589649	27.532143	28.313233	26.395370	20.913076	19.243671	22.952335	26.347510	28.194772	27.159387	22.714757	22.374779	25.554952	25.153361	25.397169	29.420967	31.107114	29.063349	23.662702	26.026332	27.874929	30.342983	34.308578	35.573891	33.296356	27.917593	28.995116	30.294759	31.184591	34.366941	35.532809	33.269902	25.916455	18.452767	22.516708	24.127469	29.110908	31.017561	29.419561	23.589989	13.612746	17.023915	19.287951	24.535119	26.952474	25.870016	20.546967	8.231349	13.231902	15.123067	19.957233	22.661957	21.868739	16.931797	1.222786	6.236642	8.159548	13.648368	16.951514	16.359875	11.181809	-13.579510	4.301661	3.439462	5.910366	10.578640	10.777308	5.956458	-11.429374	3.737669	4.361728	0.251980	3.357751	5.924459	3.920783	
20.139366	18.345725	11.837024	-0.204163	-0.174994	22.322735	30.364424	33.328042	33.088189	30.792120	25.919172	19.141833	38.314709	45.993095	49.522787	49.830467	46.591888	37.298490	26.346047	37.300274	48.062463	52.978023	54.360430	52.461085	45.285538	26.704645	34.585411	52.553141	59.664050	62.086758	60.877949	55.507726	41.705820	40.194531	48.586727	55.562669	58.619634	58.511141	55.181461	47.559651	31.483203	41.360366	51.018765	55.021149	55.501471	52.806707	46.189374	33.076971	22.799351	41.432038	48.051652	50.267860	49.248394	45.014062	38.589617	34.649807	39.514521	45.601703	48.123862	47.686998	44.284179	37.691820	28.023477	34.729153	43.559741	47.453313	48.050400	45.596312	40.216759	33.594254	35.142996	44.358358	48.714512	49.684527	47.665643	42.488270	32.699143	33.736367	45.509582	51.212065	53.655211	53.098019	48.923566	42.324909	44.680030	51.790729	57.873989	60.778100	60.802228	57.857572	51.104438	42.675958	35.939464	47.214200	54.030577	55.601447	53.538487	48.403183	43.757021	40.869245	47.610308	52.101239	52.912340	50.848683	46.213092	39.670185	25.374042	39.130665	45.527596	47.519342	46.613281	42.845592	36.279378	27.698487	27.643137	38.918287	42.676318	43.105854	40.890980	36.278884	29.428309	7.210770	29.099584	33.774431	34.614190	32.907744	29.626376	26.544840	24.597240	28.721022	32.503785	34.213494	33.655615	30.507451	26.478670	23.547965	6.128781	26.998352	32.783476	33.981866	31.627298	26.137432	24.086035	25.156660	28.534179	32.466819	34.029801	33.368142	30.716691	21.076634	29.292764	38.219981	42.073285	43.058093	41.399575	37.040656	31.220265	29.596034	39.124251	44.140622	45.598941	44.155501	40.112947	35.273800	31.341395	20.867401	23.905786	29.176446	29.399589	27.060457	23.548459	22.118345	14.696643	25.164305	31.523862	32.845175	30.780290	27.016100	24.094819	12.333107	25.312999	31.963203	34.109628	33.393624	29.832209	24.157097	19.365083	13.510563	27.395965	31.367874	31.517552	29.623738	27.825179	24.194541	10.792283	29.686886	34.430432	35.361735	33.510131	30.086330	26.790868	23.460549	33.869647	38.879825	40.164940	38.659982	35.667600	33.583377	30.807631	33.446849	38.329482	39.850463	38.534180	34.945962	30.660915	25.954323	23.140239	30.509884	33.353575	32.961988	30.082874	26.089541	22.441753	15.077658	24.446656	29.213152	29.956222	28.028262	24.683515	21.408081	15.076613	18.399688	24.506717	25.968256	24.568535	21.359938	17.678081	11.414030	10.123714	18.332570	20.567883	19.772196	17.135794	13.586537	7.436436	1.698338	11.616333	14.197626	13.603347	11.197585	7.688857	2.270415	0.962350	5.481080	6.317107	4.645221	
20.112394	18.157618	12.447506	6.770481	5.263636	22.418608	30.057296	33.746430	34.314883	31.552583	25.264877	17.163042	34.797168	44.343009	48.569979	49.179980	46.340708	38.930389	24.523062	32.943196	45.667759	51.540089	53.555523	52.321934	47.305854	37.937100	33.416869	50.564473	58.349534	61.545134	61.312242	57.530644	48.576725	38.458386	42.800875	52.613774	57.216426	58.158060	55.936953	50.193598	40.038333	39.211720	49.177382	54.019127	55.522506	53.951089	48.881711	39.715825	28.524907	35.979933	46.029503	50.024589	50.433436	47.387853	40.510387	32.254366	23.736720	36.291611	43.659579	46.357931	45.317801	40.657638	32.704435	24.719056	39.038596	45.661808	48.388995	47.772590	43.764263	37.125659	28.974648	37.076609	44.858575	48.400976	48.787111	46.193059	41.136774	33.764502	40.159342	48.136001	52.428243	53.698409	51.613516	45.187273	42.128228	44.967699	50.937582	56.921991	59.962438	60.155389	57.485283	52.068872	46.065815	39.881400	50.963553	56.511799	57.998428	56.307913	52.081314	47.865176	39.189962	43.812788	51.098779	52.627246	51.098258	46.940742	40.458791	20.746568	40.816656	46.424099	48.274315	47.598472	44.339861	38.805907	28.898259	33.255572	40.982582	43.801399	44.170611	42.143855	37.607876	31.153458	17.977688	28.799735	34.819643	36.899345	36.070513	32.960470	30.058254	25.554459	21.231817	29.625607	34.075173	35.556044	33.939852	29.125676	17.763942	23.471151	31.899605	36.001533	37.652769	36.898700	33.563937	25.293687	23.663930	34.014323	38.366237	40.076466	39.665164	37.961378	34.538088	29.151745	39.190217	44.636564	46.849820	46.515139	44.442122	43.247183	42.260700	40.100233	43.207598	46.234993	46.491129	44.320384	40.244265	35.624661	30.923866	28.968032	32.392173	34.594641	34.914263	33.487365	31.055510	25.254280	20.777610	32.577898	35.906211	36.261203	34.856691	32.362774	27.456967	17.729655	30.308447	35.188541	36.738900	35.734071	33.080922	29.792517	21.304679	25.615212	32.497829	34.701003	34.787102	33.497852	31.059178	25.637587	28.012860	35.242571	38.313009	38.659317	37.299195	36.247240	34.843630	32.665032	37.690298	41.594812	42.479627	40.862824	38.386596	37.336048	34.926584	34.581370	38.231212	38.973963	37.039579	33.795861	31.688659	29.509629	24.113268	28.109216	32.314864	33.095098	31.846946	30.221602	28.223160	21.848491	23.886674	29.659334	30.783410	29.453785	27.316303	25.463752	20.944056	16.047837	24.102026	26.301987	25.544045	23.561552	21.802540	18.555944	9.277498	17.039097	20.649315	20.450824	18.643247	16.900812	14.467581	6.361725	7.330672	13.461071	13.751109	11.835392	10.257945	8.400065	2.933813	3.920665	
20.176997	18.167180	13.004984	7.782023	0.487150	20.980690	29.130568	32.838045	33.374729	30.626921	23.196271	4.990660	32.962360	43.205871	47.877118	48.743079	45.996773	39.163668	29.850992	18.833942	42.179916	50.015831	52.998152	52.169066	47.534813	39.538745	14.656404	48.175006	57.448888	61.658287	62.253190	59.270534	51.536839	38.712989	16.682838	47.612514	54.386787	56.722276	55.820518	51.547577	43.574919	33.263705	41.998990	49.016047	53.014652	53.842427	51.247025	44.656466	30.254587	35.562242	44.436860	48.930551	50.458272	48.880223	43.649085	33.559470	27.402911	35.187171	41.763193	45.669799	46.314413	43.576829	37.226767	20.751594	33.432554	41.595414	46.353288	48.241917	47.043499	42.814652	36.002495	10.468717	37.304450	44.078858	47.337861	47.575909	44.941086	39.604213	27.375110	39.615128	46.603996	50.558709	51.821065	49.851183	44.624640	41.356066	40.547842	47.559057	53.520051	56.905442	57.733089	55.714873	50.931460	45.251309	42.137542	51.995163	58.071063	60.654006	60.387878	57.667998	53.147259	44.948351	43.121724	50.750737	52.230622	51.268759	48.522066	43.967887	34.001670	35.880315	43.661584	46.797470	47.784056	46.217546	42.407125	35.756651	23.432234	37.512382	40.439570	42.038387	42.132666	39.615550	34.141131	20.912263	28.429439	34.604569	38.153493	39.941617	39.353032	36.216371	29.758249	27.947876	32.444648	35.516075	37.742462	37.786832	35.781560	31.352190	24.588390	33.414198	37.422559	39.265875	39.533306	37.924178	33.601623	13.300784	34.025239	39.198349	41.589276	42.459036	41.774444	40.109271	35.195154	32.194541	43.076127	47.612458	49.483954	48.847554	45.752128	42.595019	38.905273	30.804490	42.142407	45.385236	45.579753	43.795077	39.832352	32.450302	29.661629	35.687089	37.972756	39.049447	38.783127	36.869768	33.083198	24.705181	30.073212	33.962749	35.229788	35.757134	34.616015	31.173641	20.440151	30.684934	36.747766	38.783663	38.920692	37.708067	35.724448	33.039088	25.527354	23.021076	32.515594	35.554156	36.044846	34.875843	32.376821	22.419500	31.383039	37.721395	39.848475	40.034186	38.699742	37.424137	35.456640	26.322688	38.036680	42.944371	43.733729	41.860199	38.629161	36.760846	34.297577	28.220423	30.206096	32.252121	31.793890	30.927613	29.761011	28.416345	23.644791	24.138488	31.005791	33.295506	33.282736	32.247290	31.017758	27.510318	9.363060	26.839416	30.489218	30.230781	28.564602	27.082890	24.820643	15.423408	19.088880	25.459772	26.052305	24.539985	22.851077	21.216775	16.083485	5.071976	18.654002	20.407659	18.841533	16.512298	14.866341	12.041687	2.705182	9.952226	13.795530	13.052134	10.385471	9.286589	
20.030627	18.351399	12.834292	6.546663	-2.071014	20.005246	27.939960	31.683521	32.432617	29.387884	15.041638	21.013663	28.755906	41.468952	47.216995	48.914222	47.053268	41.408447	32.468331	23.064515	38.593646	48.857351	53.309047	53.742566	50.879133	46.035552	38.577401	45.241876	57.022503	62.347829	63.821844	61.856565	56.108084	45.652569	9.951794	43.491429	50.588998	54.468748	55.076894	52.232239	45.695160	35.003395	23.999996	40.699224	48.870469	52.271004	52.090966	48.662577	41.728893	25.521925	37.216962	44.690265	48.398531	48.986742	46.466146	40.395862	26.730493	29.268677	38.080771	43.592531	46.180929	45.850597	42.697637	36.286348	21.037832	31.286582	40.341800	45.741146	47.605661	46.307408	41.915151	32.802990	25.577017	37.365318	43.066252	46.072813	46.211046	43.603509	37.973608	28.217960	35.005317	42.286080	47.248664	48.990247	47.546281	43.509445	38.772447	38.475757	42.319268	46.045333	51.284489	53.913258	53.246054	50.020559	46.136436	42.497227	50.443617	57.739376	61.661348	62.731974	61.272182	57.677473	51.903111	38.516463	42.759741	48.691169	51.011210	50.697990	47.510631	40.734210	36.621363	41.795253	44.882324	47.746970	48.180632	45.771840	40.633718	30.703159	26.097650	31.592980	39.219872	42.632575	42.317178	38.941022	31.880634	25.282259	32.541811	38.596152	42.320786	43.013046	40.729817	34.744664	25.120138	28.948569	34.046784	39.734851	42.197700	41.873443	38.956638	31.226697	23.020534	32.578051	36.703743	40.011296	40.974927	39.532382	34.501157	16.184525	31.657903	36.637677	41.921750	44.524300	44.653421	42.701933	35.776495	35.223624	43.049575	47.250333	50.177423	50.849900	49.548903	47.241180	42.677780	30.242044	40.249454	44.433016	45.817936	45.084889	41.867940	35.283918	35.002609	37.696613	37.695461	39.408054	40.140920	38.987431	36.602432	31.706371	30.480565	33.088998	35.651260	38.278123	39.123080	37.632089	31.553644	23.167535	32.575147	35.200987	37.290443	37.654454	35.405297	29.143780	18.608803	31.520621	34.145102	35.709530	37.617141	38.614370	38.197290	34.243752	13.716283	34.411385	38.933268	41.144453	41.947835	41.854603	40.673644	36.535679	35.257344	39.447534	40.153636	38.492148	35.266252	30.977868	26.040007	15.447928	17.386373	22.258437	26.841976	29.715065	30.397120	30.045790	27.995315	21.927726	24.974434	30.122682	32.537590	33.475493	33.342072	32.121166	28.078926	10.604636	23.865588	28.103999	29.152544	29.248202	28.561012	25.834570	16.370738	16.594741	22.643256	23.431193	23.642000	23.747505	22.694555	18.499255	4.668971	12.125552	14.385753	14.445607	15.529351	16.706325	16.522376	13.404308	7.605325	6.713137	
19.984751	18.785163	13.695677	-9.369137	-0.555032	18.988681	27.115299	30.578576	31.165910	29.081631	20.927630	15.033979	26.246595	40.831117	47.289022	49.545224	48.280032	43.116355	31.759478	20.275866	39.411464	50.111491	54.860141	55.663247	53.102930	47.936958	40.563639	47.364784	58.581004	63.941874	65.592897	63.950528	58.725048	48.547873	26.750372	37.734812	46.405315	52.009883	53.628275	51.612170	45.397577	30.641753	25.010472	39.057944	47.822267	51.413730	51.359129	47.757668	39.737227	30.242831	31.967847	39.241894	44.494720	46.042041	44.376102	39.628057	32.123538	21.852982	29.862707	38.657993	42.824191	44.022856	42.491600	37.915924	28.919240	19.750578	35.916004	42.724327	45.669796	45.582410	42.570488	36.159755	25.685382	24.776396	35.954236	41.909063	44.055378	43.034860	38.481889	26.613928	25.019236	33.456619	40.844529	44.795544	45.414649	42.982031	37.565452	30.385182	25.377115	36.817674	46.125459	50.202485	50.695082	48.379466	45.109554	43.764938	42.534768	49.279126	57.138383	60.932921	61.600050	59.601509	55.425895	50.208336	44.772590	45.524790	52.245664	55.459519	55.418126	52.388678	46.155086	38.760522	40.452242	45.849435	49.123289	48.856199	44.785943	35.528014	26.207628	32.648769	40.973368	45.005102	45.694693	43.339852	37.219511	23.285554	16.738875	34.055650	41.527910	44.456907	44.194621	40.961552	34.444975	27.038598	32.489620	39.758553	43.432322	44.027791	41.778570	36.394065	28.299912	23.766927	29.015235	38.564934	42.365702	42.599761	39.714694	32.964003	19.939374	27.119310	39.003449	44.789384	46.809808	45.910636	42.496042	37.609038	34.407521	31.934536	46.620549	52.109880	53.481263	51.775161	47.539208	42.006876	35.615885	30.348460	44.120084	48.332017	48.719188	46.159169	40.565489	31.775323	28.606246	37.141136	42.968238	45.054723	44.281002	40.961720	34.911270	27.653772	32.217788	38.603304	41.471698	41.168365	37.881569	30.842165	12.833995	14.333561	29.706473	36.733704	39.113779	38.491435	35.447979	29.519551	19.041762	23.433294	34.231779	39.035034	40.309107	39.049542	35.994288	31.677757	17.462243	33.681674	41.151238	43.497377	42.593324	39.475482	35.809899	31.885743	24.838448	24.274964	32.312708	33.871502	31.209573	23.772957	14.895787	16.402326	10.954092	24.928756	29.363375	29.744529	27.371353	23.720333	21.001532	17.421114	19.827392	28.536088	32.138817	32.531893	30.665653	27.587153	24.239212	18.108256	14.719781	26.322977	29.673986	29.542344	26.983443	22.681631	16.892663	5.925522	17.839749	23.676856	25.011072	23.213260	18.804274	12.488999	5.476915	6.691630	14.648532	17.836741	17.739621	15.284033	11.355679	5.677433	
20.429564	18.725114	12.711157	-3.044739	-5.037574	17.637601	25.767152	28.759022	28.045697	25.082674	19.941251	20.622823	29.681069	42.462669	48.540846	50.721497	49.589954	44.438722	32.862952	35.230441	45.702496	53.839997	57.385182	57.429736	54.255821	48.193170	41.094585	52.522841	61.250921	65.458259	66.364513	64.199729	58.523997	47.516144	35.157273	28.922805	45.476359	50.755941	52.248482	50.529603	44.728028	33.780982	32.176182	42.600503	49.317325	51.688344	50.782599	46.460990	37.325880	21.239456	27.948099	38.839386	42.814306	43.091633	39.738141	29.676977	24.434592	26.925433	18.094118	34.023392	38.159051	38.651922	36.434641	32.502921	29.085892	15.487640	33.828759	40.336161	42.431847	41.471762	37.442722	30.561997	26.192128	14.944091	33.640166	39.396047	41.084285	39.717000	35.209789	30.337473	28.002720	30.649622	38.724837	41.773534	41.143618	36.685371	31.845159	32.884068	33.154047	42.084584	46.368986	46.801753	43.764589	37.813008	35.115767	31.301377	36.449195	48.614525	54.166451	56.136574	55.224975	52.262046	48.922761	41.323203	43.507763	52.948879	56.514770	57.580905	56.680036	54.110497	50.692033	46.923860	45.832116	50.121427	52.209517	51.002184	45.570947	30.154779	30.963746	39.182550	46.000028	48.146865	46.850330	41.892382	31.352227	31.242630	31.300269	38.378069	43.197828	44.278980	42.118734	36.630614	31.637773	27.937947	32.976944	40.326055	42.838978	41.976860	37.628864	31.088589	30.939037	31.931034	38.510658	42.518827	43.409805	41.544921	37.033737	32.918462	31.233929	34.311677	41.456859	44.770375	44.897785	42.460639	39.995055	39.319960	39.108758	45.912831	51.069668	53.010318	52.035124	48.395243	43.663942	38.156534	38.505082	46.187034	49.478827	49.896305	47.567890	43.129103	40.676448	38.735013	39.146207	43.602792	45.344146	44.188189	40.670594	38.318291	37.650116	33.218529	35.644390	40.962895	42.196768	40.474006	36.922042	34.503855	32.924223	33.107764	36.960489	39.026396	38.269000	34.748623	31.942802	32.200605	29.505851	32.119410	36.997256	37.961895	35.349138	31.012218	31.085666	27.548880	26.534588	37.260162	41.118190	41.681128	39.991507	37.174158	32.950298	21.029370	25.587376	31.215157	32.352254	31.158228	28.186410	25.933253	25.154008	24.361668	25.236122	26.138766	25.496525	23.935471	21.959108	17.900819	9.010781	17.746339	23.135960	25.371362	25.673368	24.751031	22.713191	17.635517	2.398383	19.130391	23.760750	25.723387	26.200247	25.392238	23.185703	18.618225	3.502629	15.211141	21.026967	22.749239	22.133069	19.646788	15.718912	9.073628	4.488394	13.562366	16.074739	15.098576	10.643348	0.156817	1.029115	3.763028	
20.309782	18.582596	12.423191	-0.341544	4.679475	17.441647	24.796591	26.841814	22.792332	13.290568	19.180358	17.469953	34.533480	45.021727	50.096601	51.730708	50.144878	43.976427	21.826933	38.326940	50.773967	57.146304	59.549703	58.738039	54.445937	44.736847	42.092527	55.055241	61.889652	64.857047	64.718066	61.520152	54.602516	43.952263	40.475903	40.162650	48.469171	51.539294	51.254264	47.669901	38.801550	32.476292	38.656958	46.801720	51.141886	51.907731	49.389282	43.006385	32.418513	27.379722	32.383354	39.891443	42.531078	42.124062	38.984561	32.853768	23.176729	22.172405	29.735325	34.154498	34.956541	31.565283	19.520995	19.558098	18.025830	26.580559	35.032752	37.970074	37.402058	33.652049	27.075419	24.136961	24.061257	30.343622	35.997639	37.961606	36.723821	31.750314	22.014512	24.513352	30.127163	37.075507	40.214741	39.854169	35.802341	26.825566	25.484132	33.523325	40.271248	43.383601	43.391283	40.424213	33.937996	31.346277	32.136259	38.063865	45.728759	49.005887	48.923440	46.118982	43.209265	42.178439	37.521179	44.602648	50.940401	53.215793	52.565584	49.556854	47.700217	47.822899	42.691044	42.304898	51.389642	54.183778	54.040939	51.504858	46.661737	43.254844	45.672059	49.370561	51.381920	50.451694	45.467121	29.837181	38.463654	41.631327	44.538075	46.530142	45.646444	40.928309	26.989314	30.688433	33.310565	35.782279	40.453944	41.990551	39.941246	33.034318	26.392357	32.558190	35.697440	40.464866	42.971357	42.346106	38.121151	28.476813	31.398898	32.762413	36.216912	40.946546	42.202913	39.957339	32.935404	32.160659	34.121352	37.803203	45.976424	49.763576	50.209159	47.692098	43.996235	43.674502	41.526852	43.536842	49.301014	51.291278	50.014397	45.102474	37.192842	37.193219	37.100837	42.487468	45.231591	44.228048	39.422345	32.897582	34.870389	35.391491	38.799796	42.233952	42.711740	40.106592	34.643279	31.806310	31.215841	29.225586	35.122821	38.348646	37.757041	33.640500	29.786743	30.993550	31.128064	33.916269	36.893243	37.345770	35.027594	30.173581	28.749596	30.462926	32.299903	36.144616	38.525452	38.174323	35.394896	32.931880	30.817801	21.508253	29.270909	33.993923	34.143138	31.297741	25.408769	20.384243	19.929995	17.224035	20.625918	22.595003	20.703882	15.307536	11.344617	8.956351	0.615701	15.316789	18.659964	17.698235	13.979970	12.680312	12.353317	5.811209	4.916702	13.883895	16.026480	15.651239	14.548907	13.978461	13.704042	11.984864	8.237346	10.368583	14.108562	15.307470	15.001017	14.546018	13.668546	9.994453	-7.471551	7.398585	11.539916	11.360689	9.887691	9.411987	8.512149	5.174478	-2.361382	-10.804608	
20.141366	18.581717	13.196105	4.642195	8.581644	18.688802	22.657423	24.868636	25.086691	20.468201	11.304202	9.663561	36.988184	46.465756	51.040375	52.269890	50.324803	44.109738	27.002976	41.957868	53.469385	59.005487	60.855774	59.485924	54.147459	39.673237	41.195351	52.130393	58.953705	61.595434	60.942486	56.997244	48.681125	35.908753	38.529776	44.646709	50.167576	51.729852	49.804845	44.096519	31.243393	32.075393	42.598293	48.927480	51.514992	50.748664	46.466651	37.547439	21.782233	20.005879	32.906754	38.692583	40.263620	38.390498	33.047578	23.817110	20.263962	26.266710	30.909417	33.679708	33.681004	30.917524	25.733073	18.636999	20.258653	29.397534	33.945918	34.798891	32.239002	25.578861	7.487042	17.041392	26.195994	32.176432	34.326716	33.399181	29.989512	23.315851	19.531267	27.795856	34.881655	38.756245	39.442577	37.197997	31.611774	19.921504	21.396856	33.830088	39.371460	40.744777	38.679591	33.013546	19.940605	22.514537	34.708745	42.094598	45.341996	45.257355	41.723206	32.451151	20.110031	26.849743	41.719329	47.179243	48.504543	46.801800	42.570537	36.624987	34.101957	39.746422	46.256232	49.838688	50.902141	49.994565	47.038266	42.788044	43.163597	43.962793	48.216774	52.417002	53.743118	52.226606	47.094225	31.672761	43.181439	49.386537	51.723900	50.960532	46.902546	38.210434	30.350729	37.474056	41.568207	44.154779	44.296801	41.661245	35.594609	23.211416	32.669452	38.706927	42.755198	44.014401	42.379039	37.690832	25.297187	29.429646	36.405695	40.537901	42.584633	42.023290	38.748796	30.057328	28.408017	36.085588	41.681710	46.238279	48.071761	47.178179	42.390751	14.538392	38.780083	42.365057	48.311788	52.185516	52.955741	50.715259	44.286956	32.513689	40.099357	42.862382	46.088543	47.232393	45.392832	39.948917	26.986435	33.322882	38.033586	42.442693	44.528007	43.701225	39.891802	30.759862	25.052432	31.365456	34.621845	38.342622	39.099721	36.710446	30.269154	8.264444	24.428599	30.365507	35.178111	36.676850	35.129131	29.560974	13.359365	28.340877	31.373269	35.306183	38.045311	37.900046	34.490160	26.731208	25.410285	26.163166	29.886811	34.814344	36.191075	34.328824	28.727501	21.651828	24.194262	23.983217	23.851086	23.048662	17.497501	5.004727	13.339557	13.083838	10.421270	9.822439	10.582854	12.464628	13.750806	11.884619	5.858403	-4.153069	0.304191	7.655362	9.881208	7.811069	-0.310044	-5.112299	-2.953909	-6.771769	-8.078877	-5.433527	0.387669	3.359601	2.686159	-3.547447	-13.890281	-21.450986	-0.847754	5.687865	7.413977	6.099540	1.893719	-3.669101	-6.449082	-2.579084	3.581406	5.008423	2.768981	-2.024068	
19.805537	18.129662	13.487145	5.669790	2.672862	15.509957	20.731881	23.720759	25.262465	21.384930	14.582664	15.994979	37.699290	47.061055	51.228911	51.868350	49.283168	42.411163	23.735575	46.943310	55.904685	60.324885	61.322570	59.023116	52.478821	37.641989	29.717412	48.227528	55.366317	57.666886	56.523137	51.936119	43.063691	33.593727	40.687580	46.508066	50.017228	50.203183	46.871131	39.234780	20.752003	38.175797	45.913211	50.117492	50.899529	48.229467	41.335705	27.912611	27.821501	29.141429	33.399368	36.568691	36.189548	32.388579	25.928083	15.118106	19.009857	27.196829	30.767255	31.235383	28.755456	23.480787	14.044051	14.902901	24.070684	29.616181	32.113280	31.562343	28.324354	21.971958	4.905103	24.398636	30.302187	32.281021	30.475442	23.642715	-5.160864	19.313035	26.109452	32.185138	35.961008	36.728653	34.673578	29.840116	20.541386	26.701352	33.030097	37.289405	38.875603	37.333086	32.470473	22.014326	21.310530	32.195438	38.312476	41.297096	41.380110	39.209395	35.398269	31.035527	33.483864	38.802083	42.714926	43.784855	42.030063	37.494552	25.829213	26.705349	33.485274	40.569954	43.926203	43.480152	40.242963	33.514446	33.041314	39.355298	43.292266	47.777981	50.321605	50.813302	48.785621	43.131069	46.805100	51.320031	54.053135	55.829535	55.693957	52.993335	46.576001	35.271827	43.726393	46.898836	47.313319	45.139517	40.812109	34.267834	25.127265	39.336586	43.730605	45.325768	44.442330	41.319746	35.880916	7.010176	35.542507	40.770798	43.085568	43.280340	41.524348	37.881584	27.180507	34.071428	41.154126	44.599097	45.865520	45.274221	43.074645	35.797256	36.659156	44.763135	48.578642	51.499629	53.005117	52.425190	48.587886	38.254584	44.810060	48.230708	49.586476	50.214603	49.077381	45.460099	35.538129	36.781426	44.054422	46.339289	46.903017	45.789295	42.662986	35.225641	29.085832	39.451707	41.796815	42.190374	41.445518	39.104379	33.571077	10.674994	33.080153	36.259806	37.204139	37.170171	35.646014	32.073783	20.492606	28.967844	34.857091	37.394215	38.421071	37.634729	34.397578	25.492771	27.484017	32.733466	34.276612	36.210995	37.384689	36.260167	31.568553	23.466765	28.983842	30.803723	31.353782	31.278837	29.000332	24.049429	15.976555	6.898291	13.306054	17.087310	17.273488	14.067317	11.087922	12.275384	11.998715	7.081831	-0.109078	5.286984	7.523159	8.675755	7.634476	5.349299	2.743633	-0.155813	-1.074488	-0.258062	-0.185042	-0.882889	-5.170780	-5.443422	1.151582	2.034185	1.015729	2.146241	4.231779	3.339083	-4.953704	-5.205449	-0.012619	-0.912837	-0.116998	3.467857	5.178396	3.265241	-3.745837	-21.890607	
20.041207	17.892383	12.109497	6.925130	-1.367155	14.357861	20.435884	22.691225	22.534345	15.122019	22.482511	23.085069	39.778220	47.938597	51.229124	51.038614	47.777531	40.393409	35.991683	51.159530	58.098818	61.128809	60.843463	57.042773	48.261898	32.543097	39.410067	48.587524	53.406637	54.451455	52.103473	46.268774	36.677716	29.330140	42.169935	47.432911	49.194070	47.750352	43.056270	33.773188	29.406050	42.065838	47.934549	50.407862	49.675102	45.522055	37.034955	19.068443	26.057333	31.293370	34.145319	33.834880	29.357914	21.216087	17.259537	13.714022	22.467046	26.227362	27.066031	25.844671	22.864727	16.916868	11.733935	22.793204	27.701690	29.323410	28.135366	25.099472	20.521375	-6.795971	23.458606	29.350366	31.625775	31.356800	29.301525	26.436510	21.484561	19.344546	28.841338	32.701014	33.028382	30.788893	26.583139	15.632447	22.647119	31.347806	35.710964	37.101051	35.865900	32.824524	27.849718	7.400562	29.851979	35.655764	37.343502	36.235663	33.352404	27.546657	23.374945	31.312329	36.329389	39.413799	39.613395	37.349332	32.862527	14.754950	32.674710	38.492545	40.943993	41.102716	39.346867	36.374654	30.433697	31.268155	39.169360	43.304945	44.653491	44.147699	42.005601	30.784733	39.969358	46.681065	50.733407	54.043211	55.804364	55.785343	53.177144	45.338179	45.915598	51.094704	52.107524	50.779812	47.345032	42.544817	37.646128	41.546956	45.536773	46.875255	46.055250	43.739733	40.749855	34.141872	34.954306	41.215945	43.213768	42.939568	41.529825	39.706915	34.142322	33.711092	41.190429	43.868646	44.114621	43.384090	42.551016	38.545898	36.291510	43.180767	46.732943	48.859107	49.930826	49.330300	44.145400	40.053516	48.814089	51.110802	51.864023	52.120290	51.349855	48.502037	39.195445	39.791687	46.723443	48.330181	48.196797	47.119781	44.910994	38.653588	29.159197	41.046336	43.478485	43.685404	42.914703	41.068284	35.631342	20.454015	36.363256	38.979029	39.189199	38.817941	38.372375	36.071713	28.564847	31.854639	36.616346	38.086281	38.370120	38.082901	35.830583	26.877968	26.550080	33.481564	35.572255	37.267486	38.295952	36.652011	27.148287	29.806278	35.932005	36.794964	36.805037	36.449801	34.813095	30.752727	19.441997	20.468274	25.196393	24.669945	23.127334	21.887144	19.340573	11.050388	8.769753	15.244181	15.178348	13.640065	13.531328	14.625213	14.308717	10.546194	2.979710	3.333776	3.446195	1.893543	1.371471	6.068385	8.679616	8.367855	6.631252	6.074541	6.686090	5.017803	-1.247206	3.228533	6.970869	7.471515	7.373338	7.482789	6.581426	2.751333	-0.053970	4.818255	6.476968	6.318316	5.304879	3.753065	
19.866355	18.171068	12.539289	3.619649	8.144866	17.870309	23.038840	25.669092	26.205485	24.570901	23.808650	27.204046	42.537749	49.027999	51.192294	50.139218	46.500902	38.414849	41.831273	53.827655	59.330451	61.160674	59.712959	54.672470	44.330468	30.763120	41.709847	48.388875	51.653460	51.232190	47.111489	39.845868	28.150840	37.116585	45.257973	48.075854	47.613158	44.135543	37.756414	23.755868	35.905789	44.367275	48.186672	48.897411	46.761335	41.894769	33.963683	8.643769	31.691371	35.101249	35.342568	32.693989	26.084946	15.231285	14.419872	21.565023	22.769782	18.032552	8.384000	19.352304	19.172828	5.759622	21.414189	26.488758	27.096649	24.877881	21.724406	17.673263	18.997260	26.425026	29.749802	29.869092	27.157104	23.623850	19.758026	7.100366	25.058340	29.182664	29.402831	27.457311	25.879985	23.418339	13.147959	25.159433	31.141189	33.278255	33.103939	31.865530	29.555917	21.994770	26.044203	32.694817	34.516701	33.551444	31.341695	28.771948	21.963581	30.271679	36.024610	37.917883	37.268160	35.509064	33.982690	29.168977	26.935886	35.498215	38.246168	38.118753	37.223844	36.492080	32.370988	29.405140	37.765370	40.530321	40.369549	39.738338	39.153134	35.125227	37.062505	43.478684	46.998057	48.784008	50.054125	50.134194	45.057680	40.999386	50.874059	53.226004	53.727713	54.004728	53.639367	51.258331	44.986691	44.523178	48.151816	47.749624	45.759350	45.221380	43.613129	37.442761	39.861371	43.545583	43.524647	42.635188	42.665438	41.018253	36.907366	40.438310	42.959068	42.057007	41.359472	43.432707	42.873246	39.226995	41.979574	44.703116	45.704284	47.469189	48.237929	44.850716	37.595816	46.130885	49.120525	50.427635	51.826895	52.482939	50.448436	41.353327	41.323384	47.961572	48.817481	48.519367	48.337487	46.928629	41.350881	28.356207	41.188065	43.370927	43.779190	44.022143	42.867572	37.557651	24.360640	37.060873	38.809189	38.946187	40.004156	40.232820	37.217581	29.638980	34.812113	37.622436	38.359763	39.138212	38.806835	35.033982	22.491546	31.675105	34.802086	36.134013	37.642956	37.731164	33.965231	24.940273	35.483360	38.827666	40.056482	41.042843	41.500898	39.895552	33.635333	18.050063	32.069343	33.198075	32.101843	30.336291	27.060200	19.052731	17.459441	21.776834	21.668966	21.600945	21.295128	19.289365	13.712283	9.177179	14.508953	16.871224	18.097954	17.706395	15.128022	10.295913	5.986878	7.297662	9.882763	12.544020	13.670094	11.975895	7.220728	6.596015	9.100478	10.114626	10.790820	10.682012	8.274204	0.777677	2.379843	7.659227	9.188516	9.755465	9.700554	7.794737	1.488661	-0.012740	6.764763	8.706243	
20.068423	18.072475	11.400906	0.186543	7.572380	18.994185	24.339814	25.803954	25.181770	21.270729	13.202364	35.031712	45.215476	49.920068	50.907753	48.936485	44.318537	31.004764	47.912999	56.096510	59.844742	60.280070	57.508076	51.012787	37.424564	39.302214	45.897929	49.481544	50.345785	47.837383	41.756534	33.589809	34.362155	43.577254	46.936204	46.819238	43.808807	38.492362	31.016566	26.854642	39.749476	44.173597	45.231656	43.785644	40.301058	34.158500	8.362445	33.801500	37.217382	37.036457	34.448230	30.027392	26.242989	22.344331	24.991674	27.764799	26.871442	23.082959	15.068785	14.624447	22.112794	25.540399	26.177371	24.145828	21.608997	20.853439	18.100108	23.396800	28.444360	29.606604	27.689899	24.487956	23.037498	21.022332	24.016140	27.773471	27.809771	24.029619	19.677024	19.810660	19.183111	25.098611	28.490039	28.344878	26.677281	27.140710	25.965811	19.570798	26.927127	31.122465	31.254054	29.846934	30.422025	30.326907	27.021061	29.380048	33.928418	35.132260	34.788613	34.949818	33.877624	30.206420	32.804528	35.878635	35.674465	34.910117	35.650090	34.413779	31.697948	35.527907	37.668947	36.590108	36.584474	38.609649	37.819788	36.233119	39.763105	41.621583	42.266397	45.260364	46.351037	42.687489	41.095762	45.855348	47.940207	50.754802	53.611178	54.099767	49.980240	28.404363	49.897284	52.275043	51.408783	50.260365	49.089552	45.927557	41.091613	42.193965	43.146059	44.237642	46.398969	46.362271	43.043644	40.165905	41.862327	40.494707	42.170771	45.935707	46.146929	43.149702	40.187987	41.580741	45.733178	49.069580	49.674576	47.061241	42.998804	45.517732	48.308326	49.990730	50.830170	50.024799	45.732817	19.927106	44.390336	48.294146	49.200305	49.226749	48.444537	45.850126	38.677527	29.553492	40.646438	43.341585	44.542053	44.239490	41.247380	31.981536	32.574455	38.496250	39.814113	40.825954	41.159173	39.290426	33.919742	30.288646	35.265303	38.173307	40.189275	40.437946	37.768543	29.651596	25.215359	31.856974	35.268190	38.186956	38.718441	35.997586	28.535912	29.138939	33.930874	37.660048	40.321002	40.848904	38.678158	31.527114	24.541111	36.573526	41.247362	42.700199	41.304235	37.273248	29.903007	21.899571	28.749255	31.525202	32.007539	29.986607	25.157347	16.877396	12.152621	18.462201	22.326076	22.968289	20.538611	15.183274	6.069251	1.704799	14.070512	18.250510	18.633633	16.028189	10.902960	3.019908	0.757054	10.930956	14.585120	14.746162	12.190100	7.820164	2.927761	-12.923379	3.975401	9.189797	9.763347	7.540024	5.173130	4.302901	-1.403095	-2.895515	6.547101	8.519412	7.738454	6.828096	6.319120	2.860832	
19.989915	18.063931	11.877022	2.336301	8.971211	19.261323	23.335434	23.524288	21.823215	22.646066	23.719777	39.012098	46.831021	50.088695	50.206365	47.909955	42.162584	38.440660	51.788643	57.179278	58.947409	57.743473	53.630136	45.649373	30.845287	44.512396	48.074661	48.833974	47.266375	44.037851	39.673643	35.799264	42.347047	45.252512	44.945472	42.439433	38.271269	30.395147	30.338420	37.571311	39.062438	37.664389	36.282429	35.516848	30.178605	23.768469	34.609609	36.463638	35.157292	33.009030	31.365629	27.937177	26.760403	30.290281	30.393714	27.675772	25.721671	26.007975	25.529410	24.892028	23.889201	21.845181	23.048651	23.805591	22.382385	24.845402	27.223061	26.797092	25.809235	26.704707	25.966775	22.779368	24.232095	26.498231	26.754034	27.225111	27.775524	26.661392	24.982100	25.895618	26.273113	25.440200	26.102005	26.112913	24.364087	25.595203	27.078283	26.691334	28.319555	30.138606	29.032791	25.968829	26.889153	27.656845	29.997765	34.133001	35.299015	32.458913	26.897868	29.729324	31.064991	34.649155	37.843652	37.654300	33.779946	30.460983	30.674440	32.471647	38.793079	41.060477	39.205478	33.519524	27.395931	30.629415	41.435914	45.070050	44.293943	39.632628	35.521235	41.574191	48.216261	51.694741	52.192258	49.469358	44.395883	48.047914	52.263290	54.382830	54.783229	53.529198	50.420045	44.714229	34.436742	33.311584	44.603833	48.325952	47.864195	43.371057	34.473997	34.816220	43.178142	47.852494	49.152561	47.843793	45.277464	43.995386	46.159091	49.373210	50.558008	48.924227	43.927963	39.366948	44.346704	48.225800	50.062194	49.758987	46.979339	40.946073	36.036529	40.543048	44.252558	46.343148	46.471803	44.733401	41.531650	37.326657	30.038274	36.403369	42.053899	43.213094	41.336305	37.504065	32.186471	9.104043	34.898141	39.744634	40.633982	39.400426	37.429262	34.126253	28.185529	34.372967	38.043321	38.223434	36.865658	35.121975	29.906302	26.334969	35.412846	37.645414	36.910136	35.216949	32.813566	27.985464	31.774968	35.766343	36.594707	36.844270	37.343077	35.505508	30.531066	35.455688	38.919349	39.991781	40.402658	39.299301	34.812814	35.006783	41.232096	43.515801	43.108283	40.612745	35.631132	25.238926	26.104995	30.908365	31.064598	28.905934	25.582231	19.292172	7.068918	18.331373	20.802442	20.725596	18.885339	14.241443	4.535058	11.735092	16.061372	17.307928	16.535363	13.364010	4.961803	4.013894	10.336153	11.803886	11.859644	10.898429	7.526257	-1.013823	-2.962785	2.965071	5.777933	7.039907	6.221844	3.020202	-0.996686	1.276960	5.143744	7.078836	6.897123	4.392805	-1.232516	-4.302984	1.553461	4.616916	
19.751049	18.146379	12.792104	2.174624	9.893661	17.697947	21.206334	22.129640	20.777863	15.193963	32.182958	42.225244	47.131620	48.935048	48.175772	43.804390	26.984209	48.228250	53.937357	56.019660	55.467039	52.175863	43.888742	39.054202	46.523922	47.399515	45.533029	42.215423	38.944929	30.237478	34.609805	40.959777	41.945168	40.703208	37.438866	28.782349	26.060436	32.465800	32.380769	32.133935	32.686363	30.994899	29.085105	31.572631	33.345489	33.912900	34.072725	32.776809	28.091928	20.615288	25.959294	29.248892	31.224787	31.197332	28.113211	21.445898	18.205404	21.221058	24.732981	25.683986	23.081089	17.839982	18.410587	23.980399	27.965196	28.945943	26.718667	20.925992	15.647282	20.662208	25.776719	27.652698	25.856767	19.022740	1.069209	8.678125	21.891632	26.787158	27.135692	24.127601	21.017644	18.990102	22.904303	27.922017	28.808478	26.431059	23.552085	22.301037	25.734406	29.718857	30.092329	27.751699	26.885290	26.909280	29.273574	33.143025	34.509880	34.473701	34.732459	33.951746	32.409506	34.673485	37.147998	38.554412	39.108734	37.867959	34.952380	34.706949	38.490864	42.511606	44.687897	44.753296	43.878066	44.553102	46.649894	48.264073	48.299826	46.063906	43.838120	47.384438	50.300711	51.427863	51.389338	50.154793	46.893440	41.358405	44.172497	47.908620	49.302409	49.176857	47.090186	41.528655	25.490040	36.568266	42.392556	45.433698	46.082268	44.232514	39.814665	38.024107	44.416023	48.092401	48.495813	45.205631	36.260555	42.804853	47.755798	49.536281	49.261797	47.114819	43.060415	36.262179	34.174410	41.189201	43.719257	43.233738	40.606984	36.801687	30.556252	21.511933	34.537056	37.523873	36.961061	34.571357	30.418270	2.669482	30.937698	35.260164	35.760741	35.050415	33.400559	27.744074	26.584810	33.500506	35.121734	34.575200	32.990513	27.742224	22.506181	32.674642	35.316752	35.271695	33.864141	30.113670	20.573021	27.700423	32.231689	34.189965	34.895561	33.459409	27.819226	21.057783	29.745233	33.333556	34.943066	34.000776	28.660500	24.808204	31.701471	35.823321	38.772377	39.500536	36.864894	28.813280	34.828814	40.728983	43.590409	44.446407	42.992370	37.726167	26.676190	36.017985	38.047669	36.701819	33.283037	27.891000	18.464273	12.299092	18.300163	19.757787	19.071063	15.864216	10.888456	9.369717	10.512527	10.746953	11.189598	11.804065	10.730867	7.435435	6.255000	9.069672	10.443579	9.698460	6.353595	-3.125253	-3.004400	4.643554	6.089484	4.038229	-3.058446	-11.777714	-0.775468	1.304583	0.608628	-1.967444	-5.951021	-4.749685	-1.072783	0.382731	0.009382	-1.524240	-3.348244	-4.788854	-5.123082	-4.360352	
19.255143	18.194512	13.335597	-7.694159	6.005948	14.616947	17.639200	11.283449	7.001906	27.390541	37.083402	41.999257	43.755422	42.675299	39.045857	41.324786	46.967027	50.157249	50.964980	49.303960	45.100316	42.918108	45.569028	46.750862	46.386663	44.659166	40.690014	32.987807	34.084079	37.705829	38.190683	35.419812	24.901382	26.871060	32.283706	32.023492	29.474111	25.294744	18.985624	20.554573	26.085943	29.770686	30.973422	29.316991	23.803987	-4.257871	23.915320	28.618454	29.280939	26.771395	19.597712	15.891397	25.091518	27.684735	26.910593	23.327601	16.364406	15.043658	20.192058	21.368008	21.398759	20.332647	16.936412	22.634844	26.743763	27.343416	25.336545	20.199883	9.901750	16.512471	19.852873	23.102153	24.779344	23.324341	19.576977	19.628139	22.599136	24.437974	23.706993	19.843909	16.825413	22.582114	27.461982	29.311586	28.260401	24.636660	22.400809	27.233745	30.424987	30.372553	27.072473	21.570161	23.070408	29.035565	31.879347	31.784045	29.372173	23.438275	28.299168	35.035647	37.320826	36.233568	30.297281	26.458710	35.726361	38.232878	36.821783	29.766827	32.561438	39.530443	42.270984	42.850308	41.589039	38.070021	37.820245	42.892742	45.570183	46.269385	45.826306	44.480812	41.695485	38.046590	37.870702	39.458581	40.325122	39.854229	37.394807	32.167805	28.784228	34.718957	38.265320	38.773650	35.404283	16.528696	34.246137	39.597997	40.878427	39.246806	32.211341	33.090383	42.180809	45.301219	45.480328	43.518506	40.395102	38.304182	39.001634	40.388414	39.948945	36.783370	30.699050	28.665320	32.435408	34.267208	34.187532	32.311844	27.678318	9.522070	26.160840	31.037595	31.836827	30.157778	26.101461	16.231066	23.631897	29.674664	31.084304	29.043954	22.170092	15.090735	27.088507	31.194062	32.054731	30.074157	24.647180	5.233072	22.463006	28.791743	30.999440	30.389005	26.624552	13.201758	22.413467	28.199405	29.012755	26.321831	17.057913	19.309135	26.834886	28.965149	28.913519	27.416704	21.997264	14.853107	27.827291	31.405666	31.950846	30.008238	22.600444	24.019087	33.020189	36.683700	37.925794	36.791056	31.757091	32.285763	39.011484	41.362382	40.868135	38.226662	34.324584	31.245695	30.596631	30.349905	28.791938	25.313627	18.985516	7.993164	5.954448	7.324361	7.413723	6.836055	4.202645	-0.588653	-8.266589	-8.441350	-3.097534	-1.291738	-0.284502	0.259137	-0.144236	-1.628473	-3.381916	-2.500169	-0.314656	0.436896	-0.116711	-0.893678	-1.596595	-2.775783	-4.278530	-5.310816	-6.667157	-9.694944	-14.276834	-16.925569	-14.838656	-13.633067	-14.779023	-16.558616	-18.759219	-24.575929	-27.136372	-29.031140	-36.039491	-24.296892	
19.385665	17.999900	12.558460	-4.684644	1.958572	9.135899	10.422583	11.961137	22.954737	31.980762	36.267108	36.481924	31.984291	28.203751	35.917839	41.005179	43.513230	43.105927	39.764482	37.581673	39.565439	40.245961	39.273246	35.738610	35.035979	39.551366	40.209349	36.881114	27.053548	25.728569	32.228145	33.644092	33.027637	30.718184	26.059488	16.253061	14.757295	18.388978	15.556159	2.700025	13.400023	21.020715	23.816493	23.207841	17.995795	6.392081	20.743723	23.911441	23.067995	18.035447	13.395887	19.153091	21.795254	22.472768	20.547807	12.335841	10.782525	18.160047	18.384806	14.366418	11.515761	19.508486	23.624401	24.757568	23.255439	18.698918	11.312198	15.885902	19.257862	18.848281	16.826661	21.073407	24.638606	24.893185	21.237980	8.723376	15.983430	20.240160	21.322253	20.165857	13.007417	19.592583	26.374228	28.363819	26.735462	18.660953	18.511724	27.223015	29.711774	29.225632	25.595647	17.216635	22.726925	27.508642	28.569998	25.939299	13.369406	26.582755	32.427931	34.051907	32.490177	28.282537	29.495570	32.839387	33.834380	33.096531	31.670893	32.086256	33.276222	32.132563	27.896152	26.918780	29.577407	30.813142	32.504008	34.180135	33.900604	29.857569	14.883502	28.257694	31.225715	29.212630	20.729587	19.416744	26.847471	29.059353	29.180742	26.906261	18.951166	22.369696	29.122696	31.035552	29.941400	26.885381	28.515097	31.847289	32.467195	30.018159	28.372983	34.303766	37.925005	38.701818	36.835613	31.788016	20.738127	22.785870	27.400304	28.803908	28.264218	25.019001	19.143438	20.612942	22.174002	20.392178	17.727720	18.820847	19.935912	19.879907	21.167982	23.144900	23.115530	19.078887	9.498277	20.466036	24.120154	24.740016	23.992247	22.885722	20.588406	13.745195	19.298609	24.953684	26.100703	23.694433	16.071223	11.912914	19.401694	22.001233	22.999152	22.175098	18.839018	17.672921	21.376445	22.992224	22.234517	18.630951	12.345431	18.595945	21.831189	20.606817	11.896977	16.047661	23.316102	25.643525	25.430707	22.753787	17.030245	20.513791	25.817679	27.577119	26.331873	24.848447	28.712414	31.683118	32.718093	32.536343	32.155623	32.967101	33.305102	30.982263	24.382634	6.442550	6.822943	7.076769	14.577616	15.424648	12.011150	6.534294	4.126872	-0.711335	-10.016936	-9.559406	-6.434655	-10.248202	-17.807381	-8.047088	-7.572813	-9.524144	-11.755357	-13.254411	-15.106427	-15.999633	-14.368975	-13.625078	-15.355742	-19.180047	-23.930941	-25.526000	-21.044913	-18.360559	-19.097951	-21.635333	-19.379964	-20.538664	-37.577214	-20.928971	-18.979117	-21.787095	-25.455116	-26.643388	-24.807414	-21.977645	-21.089067	-21.794738	-22.191947	-23.313941	
19.574566	18.019817	12.684783	-0.935885	-12.900531	6.094685	10.538785	9.039738	24.349884	29.681406	30.914280	30.833449	32.087176	34.453978	36.191717	36.108846	35.763224	36.264017	35.488309	33.551592	31.411798	31.638084	35.218728	36.753961	36.290246	34.288090	30.081811	28.518400	30.439130	28.923648	23.492964	22.560192	25.715644	24.700078	18.939083	15.938825	18.144483	16.359550	11.941904	5.144811	11.717307	15.475184	15.207705	11.944839	14.100093	17.958482	19.030294	17.877970	15.905523	15.206423	14.741917	12.250479	1.263957	10.641146	18.049385	20.255649	19.191232	14.205602	-6.207477	14.313002	17.744208	16.246710	12.006175	16.863479	19.330078	17.567590	10.450566	9.228068	17.610186	20.878347	20.765713	17.350678	17.985449	22.498663	24.057668	22.789158	18.007444	11.508030	17.484340	18.894696	16.821289	18.886429	22.939163	24.978065	25.301263	23.562376	19.466623	20.848283	24.389682	24.146482	20.564950	19.787629	20.592466	18.659573	20.998062	24.517760	25.418881	24.937788	25.967370	27.766988	28.582626	28.475396	27.542513	24.340156	13.683897	18.633216	22.900604	23.883402	24.784141	24.561186	22.458590	19.193470	15.062910	9.540679	18.590772	23.165172	24.563486	24.251164	23.375614	23.634224	24.978305	25.211739	22.670833	14.767955	17.849717	20.828763	15.680469	14.852514	23.725407	25.489352	23.261885	16.927830	17.226699	22.159344	23.915652	23.088318	20.338047	21.862401	26.726921	29.106490	28.603006	27.048796	27.833810	27.734594	24.043825	15.210338	20.538651	24.001985	23.446806	18.568214	3.724027	13.462274	15.511991	14.751752	11.817565	4.459854	-3.650304	-1.615699	6.498651	11.191311	14.108723	15.767517	14.994558	12.827514	13.692692	12.684426	3.482301	6.567111	10.077514	11.531884	17.080218	20.406772	20.845076	18.126329	11.000053	9.442716	11.246435	5.810092	0.325759	12.393310	16.469483	17.766327	16.186794	7.756748	9.114666	16.274701	17.065761	15.410441	14.988370	17.243882	18.455382	17.787925	16.522217	15.813672	15.344897	15.277144	15.230625	14.783866	14.711627	14.717115	15.325154	18.603489	22.752550	24.788524	23.776700	20.116607	16.346706	20.056245	24.767895	25.258065	21.248195	12.067934	10.223365	9.231998	8.669154	4.964838	-3.616978	-0.726536	-3.070961	-3.777763	-4.730556	-7.472131	-8.512437	-8.803874	-12.037458	-20.453718	-36.766787	-24.215340	-21.313434	-19.311103	-19.667955	-17.643159	-16.364041	-20.341225	-36.795353	-23.856768	-23.689775	-29.110387	-21.767842	-19.337855	-23.015332	-28.362166	-19.825024	-16.306515	-14.996501	-15.322712	-17.263394	-21.110016	-28.218448	-28.599430	-22.228830	-19.050599	-17.984244	-19.107618	-23.631949	-37.746424	
19.682772	17.851567	12.206914	2.771917	-4.743032	0.332084	11.187906	19.342203	24.316866	26.494240	25.275438	21.880744	28.162178	31.571652	31.516524	28.754063	27.821985	30.808497	29.877767	27.362581	28.655996	30.382164	33.901255	35.357727	34.807455	33.067999	29.625019	25.442859	21.493661	19.691770	21.938347	21.406720	20.179880	21.474873	22.770209	22.171149	20.199968	15.871139	6.909418	8.582621	9.464918	10.385817	11.167938	10.731757	8.483403	6.316744	10.771936	12.579024	11.360384	11.703558	13.504270	11.808291	-2.715538	12.562101	19.190872	21.540769	21.110233	17.868607	10.590090	7.549860	12.753463	14.233654	14.793592	16.108382	17.549481	17.537691	15.476720	14.865967	17.941861	19.080230	17.793634	16.035614	16.165249	16.591297	15.795693	18.995809	22.587215	23.119178	20.699521	16.283634	14.154352	16.339867	16.584659	6.976471	14.938238	21.491999	22.988617	22.649740	21.207544	18.163476	13.760437	12.468163	15.199603	19.382680	22.336762	21.987164	17.329564	8.420817	10.514024	20.618198	19.769849	15.849393	26.219460	28.181885	26.206527	21.669454	18.125653	22.250547	22.697612	17.703228	6.552867	9.151315	3.143761	16.665789	19.130730	14.753604	1.290301	13.037413	13.198742	12.403326	6.347140	16.444555	22.112702	23.298959	22.034007	20.148828	20.785200	23.775507	25.251957	23.676390	18.488147	14.728797	17.785024	18.422399	16.376943	18.799946	21.179421	23.060780	23.875569	22.525875	20.503598	19.013361	19.065315	18.662056	18.167756	19.752573	20.533025	20.325289	20.622366	21.231226	20.705938	19.070672	16.205704	9.784708	5.298261	11.769766	14.214829	15.547912	15.479504	13.828192	15.282410	17.163230	15.926968	12.629304	8.437704	0.396108	11.825620	14.654861	14.313797	14.926293	14.498584	9.596438	11.342690	15.860912	16.431995	15.025393	13.282324	9.756849	0.031947	12.978073	16.853590	16.767739	15.600661	16.622265	18.288369	18.546730	16.571655	12.659074	10.407395	8.980664	4.016140	-3.422330	-4.585014	-6.392233	-6.463196	-2.146436	2.985894	5.438651	8.715307	11.527002	10.199347	13.180831	16.170974	16.241378	17.047254	14.996459	15.921999	21.101690	21.889097	20.533115	19.271090	17.221235	14.752334	12.940960	10.089224	6.548125	3.333872	1.634746	-0.806681	-7.884036	-15.761037	-13.925341	-17.015852	-16.109188	-16.002496	-22.009809	-33.238711	-21.593814	-19.451643	-18.190351	-17.347583	-16.293502	-14.388191	-13.789501	-15.183005	-18.554395	-24.269588	-22.674876	-19.093028	-18.946296	-21.325227	-24.743065	-22.768476	-18.337791	-17.482768	-20.841729	-24.700290	-22.425272	-24.552499	-38.622917	-27.455077	-24.900642	-26.634114	-24.311570	-22.300976	-23.006853	
19.645893	17.844686	11.981307	1.514192	-0.996873	2.303536	-0.004187	11.674499	18.983167	22.208437	20.974423	19.220350	27.830326	30.948150	28.531602	18.659406	31.016863	34.435639	34.196901	33.450512	35.164133	36.740490	35.867324	30.985281	28.366521	33.360151	33.560886	29.660128	22.021758	15.444066	15.698876	21.760748	22.437000	24.319154	28.735210	30.460573	29.406707	26.433442	23.851143	22.811833	22.070226	20.689599	17.683516	16.510632	18.035685	18.190680	18.101023	16.970651	12.831633	7.477359	8.245932	11.900675	16.155493	18.976866	19.204898	15.936165	14.266284	18.090544	19.127278	18.861063	18.299425	15.335685	10.563571	15.137632	16.320110	12.545000	2.854112	3.981687	13.536274	18.310948	18.552778	15.173356	15.647243	17.875339	18.466254	20.508922	22.772136	22.762019	19.193378	9.727136	5.298169	9.005921	14.725178	19.061002	22.133974	24.133032	24.393971	22.174656	16.652951	4.985889	4.019550	7.018124	13.593741	22.782483	26.957580	28.088324	27.393461	26.487044	26.777338	27.773537	28.817299	30.303689	31.895548	32.371949	30.857327	27.320250	23.663576	20.977759	17.686224	12.463419	4.578708	12.276157	18.708635	22.688956	23.700203	22.465228	20.007193	17.269151	14.605967	13.364581	16.000874	20.653347	24.148489	25.078703	23.000505	17.671167	16.910105	22.229237	25.108406	25.459067	23.845771	22.536369	23.268739	23.721709	23.598800	25.216265	27.183738	27.114281	24.145773	18.285334	20.000761	22.524657	21.326550	17.191200	15.221438	15.588474	13.226937	6.093088	7.309418	15.876446	18.986738	18.876543	15.188993	4.837028	5.873865	13.321654	15.694308	13.351865	12.568896	18.533019	21.413471	22.392102	22.292484	20.959099	18.239598	15.119550	12.146162	12.904183	15.487507	16.409912	16.965541	17.145655	16.860135	14.037927	4.530100	12.532116	15.479922	15.917787	16.601419	16.787612	15.169248	12.347345	10.081634	14.714100	18.124633	16.994215	11.442238	9.886001	11.242618	9.913316	7.640755	5.792219	5.573544	5.726107	7.309334	10.444396	12.868339	14.200815	15.248860	16.993437	18.769963	19.101184	17.187786	14.039208	16.177129	20.807464	23.669488	23.855744	20.867797	17.954237	19.835776	18.684775	12.158319	2.145799	4.137010	-4.518058	-0.903282	1.064674	-0.384850	-2.641613	-6.071464	-9.359195	-12.881315	-20.068823	-18.476511	-14.849041	-15.414829	-20.245013	-19.750974	-16.286344	-16.915905	-17.285017	-14.325210	-13.069180	-13.875581	-16.250632	-19.178318	-19.460062	-18.771994	-20.702826	-26.147002	-29.044640	-24.905085	-20.547454	-18.903676	-19.536503	-21.327940	-22.822328	-23.865038	-23.781556	-22.976356	-23.383432	-23.841306	-24.566927	-30.112031	-32.815394	
19.649007	17.980384	12.434574	-0.606765	-6.515011	-2.482410	10.111041	16.600482	18.379390	15.288018	14.128763	24.331676	31.079928	34.667942	35.423952	33.425869	30.946965	34.636214	36.440627	32.517864	22.006213	36.159461	38.512546	36.521408	29.804295	29.318930	34.427319	35.202326	33.173220	29.869850	28.015001	25.535660	16.021238	25.468178	31.819791	34.120038	33.899979	31.528943	27.198431	22.997888	24.127647	26.254587	27.180384	27.177001	26.471294	24.783870	21.246190	13.924768	-3.606070	7.547068	9.575221	6.022697	4.708303	16.055081	19.288110	19.464449	19.140304	19.328691	18.374985	15.600055	14.500392	17.513390	19.697777	20.075821	18.311267	13.649248	7.407490	2.246690	12.190916	19.756093	22.924474	23.409158	21.468721	15.566593	8.400349	18.342817	21.131799	20.957330	18.885888	14.899809	7.851047	6.645018	10.584123	14.206343	16.715867	16.772780	16.436788	17.568200	17.211975	14.145455	10.537554	11.089935	19.583590	26.297301	29.665907	29.999643	26.398274	18.079523	27.898042	31.155572	29.340430	13.548036	28.764313	33.944707	34.201391	30.412240	19.069952	20.810508	22.872467	20.241945	20.960894	24.288086	28.856060	31.246234	30.408882	25.872995	21.184821	22.661619	21.179890	18.714469	20.569330	22.728996	22.144033	16.825570	15.728273	20.842825	19.460589	6.626376	21.156319	25.768567	25.793585	20.423494	15.011132	26.240835	28.725931	26.250956	11.484028	24.543751	28.234166	26.416726	16.808003	18.011379	24.189392	23.912764	19.092138	9.302545	13.629658	12.160437	-11.530074	10.386083	11.886457	10.015375	13.460146	15.683764	16.881759	18.211364	19.004803	19.237618	20.270885	21.740655	21.098155	14.686090	14.555836	22.798957	24.647658	23.411086	21.176927	20.663082	20.007956	17.771263	19.257310	23.280266	25.321881	25.624390	25.165818	24.310964	22.549276	21.970346	23.401156	22.959730	19.811857	18.017892	19.703449	20.096645	19.099701	16.978662	13.836251	10.821870	7.115635	3.492532	8.929865	11.527446	12.156672	12.370801	11.576899	7.335877	7.780551	13.621170	13.551329	9.561090	17.681718	22.276917	22.551084	17.822471	17.716333	22.812109	21.685789	15.757499	23.080922	26.269061	25.589743	22.036317	16.163097	9.998553	6.994527	4.663592	-0.062734	-0.908268	1.285117	0.351440	-3.076610	-8.147896	-13.660620	-16.752069	-14.243433	-10.262669	-8.788505	-8.907149	-9.701764	-10.982997	-13.440995	-19.130040	-21.738099	-15.729263	-16.265966	-25.648749	-23.114335	-19.464607	-20.929880	-22.898354	-25.848068	-26.472029	-24.900329	-24.039079	-22.659433	-23.121591	-25.729533	-25.836878	-25.867155	-28.431947	-21.647112	-17.756780	-17.345398	-19.292089	-22.665054	-26.265162	
19.662496	18.060200	12.487190	0.256205	-1.394838	5.014370	3.692655	16.647246	24.830049	28.474637	29.878943	29.098459	30.306878	36.578849	39.010517	37.934119	35.794515	36.479935	39.579500	41.922432	42.281807	39.876572	31.494330	32.799342	37.774066	38.667200	37.654822	32.426430	27.698059	33.985110	33.729648	29.294975	21.245473	25.522705	31.924221	33.247283	30.021718	20.139905	21.437804	23.103382	23.955794	24.586770	20.443776	17.632257	23.110964	22.555580	17.122621	15.387800	18.035767	18.361897	17.287179	14.529503	10.137059	14.248218	19.260408	20.069243	16.170880	6.375237	13.111829	14.398500	13.493439	10.110651	4.807278	17.158530	20.232717	18.991773	14.415015	11.542529	17.515089	21.614198	22.189032	19.232736	15.082218	16.996665	18.254941	16.839333	11.132178	5.973394	11.260664	7.205766	1.855097	10.537020	10.808752	12.985672	14.566545	13.180706	11.641093	6.687218	4.818125	15.272657	18.005894	16.750363	18.013104	24.865463	28.159791	28.162097	25.675953	26.314005	29.837504	31.217060	30.404919	28.691948	30.454174	33.734211	34.790021	32.938400	27.870182	25.538668	30.420187	33.902470	35.822914	36.330788	34.988877	31.618394	31.742737	34.352431	34.410193	31.631856	25.773336	26.493309	28.011793	23.339827	21.460325	27.031414	28.164646	26.743416	20.324238	19.761724	27.820518	29.074776	25.621764	7.283096	25.030019	30.061425	31.072417	29.696437	27.741880	28.716631	31.165107	32.055414	30.732878	26.979952	20.335924	22.586078	25.936796	25.438167	22.315739	17.393680	12.075008	12.951225	14.368807	15.527191	17.145309	16.442872	8.880923	9.895915	17.439017	17.511865	13.233198	16.590717	20.922930	22.285910	21.792811	20.833618	22.041599	23.611602	22.832907	18.794665	16.697239	21.026084	22.436189	20.668692	20.709565	25.267804	27.530758	27.404714	25.949702	25.273244	26.052542	26.309364	24.824596	20.624772	10.834036	11.103620	13.945029	10.660546	9.852753	13.457877	13.784360	11.102390	5.191085	4.637280	4.905839	-11.755107	8.341087	13.603032	15.869594	17.308713	17.199917	14.881277	16.962031	21.291709	23.329829	24.669908	26.759864	28.523195	29.124949	29.279624	29.349749	28.140308	24.703362	18.714183	10.415511	9.941134	11.417825	9.285994	4.252395	-0.217843	1.938786	0.910808	-4.722466	-14.458759	-15.015383	-21.446044	-15.427683	-9.101339	-7.635864	-9.562445	-16.715786	-19.507673	-12.649254	-11.508730	-12.341277	-13.158964	-13.414468	-13.965612	-15.960543	-20.316013	-24.262112	-22.079037	-22.389265	-26.666022	-31.986820	-34.374615	-29.358863	-28.319287	-29.963675	-28.518957	-24.009790	-21.102220	-20.370789	-19.801846	-18.251950	-18.654370	-23.746385	-30.951339	
19.712954	17.780029	12.297662	5.136966	0.861406	1.223091	9.925928	17.732211	27.893476	33.295535	35.112196	34.922221	36.010121	40.200652	43.873357	45.226001	43.931945	41.665304	44.668275	47.863013	48.577309	47.029408	44.194760	42.363869	42.783868	43.576256	42.496949	39.200199	35.282009	33.816589	35.396781	35.398368	33.539368	32.281649	32.278752	32.454596	30.776447	26.304280	20.183404	21.920553	26.292859	26.798353	24.183106	19.788922	17.728230	19.754434	20.094068	19.455185	19.578312	20.273341	20.811687	19.472917	16.952077	15.134487	13.653229	17.194052	19.085551	18.203672	15.454111	11.725156	14.501002	17.542612	18.788551	18.763708	17.863660	17.786492	17.227469	16.703875	17.451181	17.706643	18.744161	18.843389	17.461735	16.279360	13.920647	12.815837	14.283133	13.489689	10.973256	8.537929	11.542639	15.703041	17.754701	17.498571	15.979121	16.965781	18.482139	18.758038	18.478408	17.188668	16.324716	17.718106	20.788685	22.694395	22.315051	22.199444	23.109468	25.432536	27.715588	27.496404	25.295113	23.314497	26.305722	30.426340	31.999296	31.660498	30.236997	29.993187	32.797982	35.063395	36.204130	36.569242	35.524391	33.004527	32.816523	35.340983	37.428098	38.665243	39.027781	38.950245	38.999288	39.386808	39.968171	40.256232	39.451184	36.935309	32.762939	29.496748	31.881928	33.769161	33.143268	31.138877	29.511202	29.363285	28.902238	26.441188	22.570812	24.621856	31.570998	34.337840	33.588501	29.964449	25.648082	25.764152	28.502361	29.369646	27.245262	22.119211	18.185726	16.754857	5.199285	14.984018	21.117788	22.191023	20.183278	14.034111	3.793210	13.153069	15.920649	17.082300	17.141101	16.455995	13.732944	8.884141	10.557710	15.536869	18.848724	19.619015	18.928958	17.546293	16.162148	16.696473	19.229162	21.582794	21.902228	19.866289	14.665776	12.253234	17.780511	19.410917	19.720521	19.267582	16.749927	12.146541	8.115838	8.277980	10.296987	11.350499	10.735590	8.997693	7.167184	5.933804	6.932590	9.536699	12.952563	15.684400	16.697420	16.411127	15.704653	15.054315	16.477311	17.836428	16.938436	8.870913	17.998272	26.567557	30.091401	30.827652	29.128594	24.205537	11.137632	13.361799	15.675356	13.035396	9.375635	6.861144	4.989103	1.944647	1.030208	1.126677	0.427333	-2.713179	-8.665118	-17.814232	-17.097289	-14.516918	-15.267137	-11.645642	-9.517846	-10.082511	-13.960851	-18.953946	-14.903172	-15.091482	-23.980873	-20.324358	-14.252544	-13.486124	-15.639454	-20.673618	-29.237013	-32.782611	-36.396013	-28.657923	-26.008733	-27.386041	-30.173834	-32.975857	-23.860333	-19.527076	-19.707084	-20.668464	-18.503170	-17.819578	-18.836977	-19.800066	
19.492279	17.944459	12.492859	-0.368822	-3.374720	9.339505	10.323033	13.861091	28.187253	34.814398	38.025166	37.999243	31.561570	37.302672	45.568090	48.703421	48.491546	43.853000	36.555863	47.286674	50.284919	49.546310	45.390656	37.666931	41.364682	44.634873	44.296280	40.938563	34.832637	32.569383	36.474304	37.762577	35.532467	28.537516	26.659706	31.544578	31.912339	29.168889	25.062460	24.593214	26.912720	27.486089	24.970949	19.666479	16.821748	20.204966	22.061905	20.816482	15.740768	13.572854	19.917275	21.742002	20.487137	17.749196	16.651722	19.416531	21.321719	20.575762	17.698329	15.249055	16.978364	19.177803	19.055501	16.281888	11.284870	14.731062	18.484958	18.618032	15.882782	11.854430	16.088849	19.857695	20.132694	17.661780	13.745492	12.793934	15.443774	16.361416	14.965106	12.968045	15.249440	18.066705	18.265843	16.134059	13.390969	15.995574	19.744811	20.390989	17.801214	11.821641	9.706913	17.354459	20.638290	20.411604	16.917039	17.620285	22.976752	25.269175	24.979190	21.656364	12.134644	21.303332	25.325613	24.969740	21.277335	15.938155	22.821586	27.399897	28.151012	24.075138	12.030626	27.164172	30.647373	31.133435	29.696300	25.025412	26.182525	32.380220	34.950277	34.983536	32.893201	32.597965	37.034362	40.569471	42.164742	41.619250	38.956185	36.722236	37.312707	36.627048	33.292015	26.642107	18.640366	25.307785	26.041556	20.776387	22.811002	28.139473	30.366571	32.374651	33.053654	30.480337	23.925145	25.255861	27.606417	28.447785	28.364343	25.430925	16.409117	15.256286	22.301295	25.525000	26.702439	25.355433	21.817540	19.472126	19.903001	20.501603	18.414865	9.653270	4.011105	6.190556	9.097817	11.244551	7.823482	12.518886	17.317206	18.567063	16.581872	10.684689	0.708707	11.352233	16.023710	16.232726	11.908287	0.781490	11.269742	13.816828	11.823162	5.315232	4.993407	12.380553	14.024530	11.252724	4.835460	6.555175	8.705396	7.784724	4.574834	-3.942862	4.970653	8.563958	4.507450	-0.824888	6.971060	8.398106	8.909442	3.847478	6.420643	14.326897	16.374258	14.241005	0.935530	14.715546	21.516492	24.295985	23.704999	17.843682	19.784203	24.677271	24.690112	21.924168	17.711362	11.686555	3.924617	7.150700	7.675441	2.209266	-9.191319	-1.449981	-1.538122	-3.635224	-6.076821	-9.339393	-12.835189	-13.823601	-14.400275	-15.174846	-14.553031	-12.241132	-11.360757	-11.749279	-11.466510	-11.797625	-15.299002	-23.052460	-19.428867	-16.527625	-16.342119	-17.536091	-20.181496	-21.395356	-20.363629	-19.900596	-20.742857	-23.211326	-24.063178	-20.140285	-16.738237	-15.018512	-15.177494	-17.244145	-20.162614	-23.314833	-33.305775	-27.454894	
19.755678	17.879717	11.572729	-0.920808	-0.321195	-8.036570	-2.877772	17.908284	29.645313	35.525490	37.893422	36.757824	28.803580	40.642272	47.328807	49.546343	48.554652	45.225681	44.038918	47.486541	49.680186	48.867947	43.595367	27.007422	42.435578	44.957197	43.620999	38.526088	25.085646	35.055209	38.470300	37.840908	33.364946	18.443894	29.341559	33.092614	32.497957	28.531899	20.492162	23.430796	26.594074	25.762766	21.334191	8.452211	14.824258	20.069509	19.791258	13.819464	9.257669	18.639114	21.020654	20.328529	16.235945	5.852578	16.836078	20.726771	20.744074	17.611829	8.220427	10.156964	17.057266	17.949733	14.152713	-13.631782	13.600011	17.822876	18.138638	14.986215	1.457575	13.385191	18.880378	19.860811	17.529484	9.939395	4.647988	14.099366	15.971300	13.755669	2.175064	9.929692	16.261366	17.667682	15.828042	7.799820	10.123275	17.820753	19.775789	18.420053	13.322865	-0.472079	12.602816	17.024990	17.285934	13.171904	11.086371	17.689373	19.780223	18.200940	10.467501	14.215932	20.893857	22.413294	20.507984	14.335421	-4.347839	13.906835	17.857775	18.126371	16.204107	18.996508	22.413851	22.815498	19.992424	9.244782	15.885845	23.369847	25.098992	22.559901	14.152583	18.232321	24.292920	27.987299	29.617840	28.968587	32.718210	38.298355	40.927494	40.760013	37.541396	28.644707	23.204919	30.225321	28.871440	20.013570	20.114077	27.503747	28.850147	27.132685	23.204068	27.341109	32.080682	33.385452	31.905429	27.604844	21.036373	25.022860	27.743550	26.878727	23.709409	20.782205	21.508047	25.067646	27.998564	28.689370	27.014029	26.443331	28.357009	28.584135	26.662555	23.346282	20.164422	18.808966	18.153798	15.680079	7.268504	6.647427	14.936610	17.227217	16.122044	11.163479	11.116571	14.416783	13.785918	9.277919	-9.876360	6.907388	12.114120	13.071053	10.534787	4.866488	10.215506	14.260298	14.920786	12.355126	4.013220	4.168733	9.667673	9.503588	6.359982	7.972128	12.671282	15.380816	16.372330	15.934107	14.361871	13.386002	15.041133	16.541121	15.835005	11.184852	2.274435	15.569105	20.180919	20.940033	17.129596	12.516279	21.778890	25.700305	27.493311	27.707626	25.466332	18.574554	6.236077	16.089687	15.550299	10.580772	-1.501576	-0.537434	4.785116	4.041052	0.114346	-4.273127	-4.130990	-3.520241	-5.505013	-11.888752	-21.010503	-15.054532	-16.396045	-19.725941	-13.188183	-9.347271	-8.492974	-9.928673	-13.393136	-18.002532	-23.628383	-36.007552	-22.638050	-20.794538	-21.981146	-23.809044	-25.560168	-23.096299	-20.970896	-21.951720	-25.195643	-21.543183	-17.742929	-17.780257	-21.943969	-28.675961	-31.109487	-33.853590	-23.423533	-19.540133	
19.570796	17.992037	12.804858	-0.093215	-3.051042	-3.050590	6.741154	15.665785	29.808792	35.638583	36.839932	34.739045	35.518161	42.601778	47.579755	49.181340	47.684177	44.187119	43.382956	46.723965	48.408046	46.748037	41.587711	40.189867	43.471093	44.300309	42.110964	35.133525	30.146423	36.572134	37.229476	34.769769	30.857593	30.827031	32.509841	32.518947	29.797211	21.828085	22.120687	26.443846	25.859503	21.771599	10.411865	12.870772	19.048604	19.695493	17.828921	15.381096	15.331108	16.652784	16.035691	11.237315	10.147040	16.929639	19.055319	17.854553	12.556839	3.041787	13.126269	15.913562	15.079628	11.570050	10.508507	14.016572	15.575235	14.230249	8.597420	8.857774	15.385333	17.600432	16.718631	12.467723	8.958489	12.913740	13.696510	10.567314	3.462052	9.361624	13.773163	14.978452	13.401763	7.218488	6.518652	13.902272	16.214143	15.696914	13.217631	11.143388	11.338516	10.283469	6.927469	9.017565	13.163723	15.131994	15.221251	12.872323	4.678523	8.344803	15.376565	17.439049	16.585644	14.409794	15.169305	16.156682	13.461142	-0.140122	9.247310	14.814223	17.287648	18.807233	18.576842	14.697172	4.059276	15.731201	18.900769	18.304075	17.205838	19.188416	21.544741	21.563754	16.583824	7.161002	19.980218	25.978991	30.520797	32.506261	32.647141	33.420726	34.459402	33.755847	31.591341	30.301029	31.176352	32.191560	31.968738	29.953309	23.925658	17.215585	28.303239	31.087682	30.559214	27.543386	23.715968	23.691039	24.823139	25.586464	26.404596	26.153981	23.597456	20.033048	20.257279	16.093449	20.960751	29.108955	32.133586	32.070666	29.188200	23.918808	23.106260	23.650227	20.226259	17.574295	21.188813	22.215894	20.637117	16.177769	12.544965	18.476373	21.121609	20.497887	16.298417	2.985355	8.045348	12.566066	12.045877	8.210240	5.917953	11.266079	13.735884	13.105940	9.290291	7.053276	11.229597	12.789834	11.834731	9.765252	9.226435	10.359536	10.886210	10.179503	10.524011	13.431565	15.565624	15.749273	14.168793	13.088859	14.752824	15.837771	14.984873	13.035909	13.829469	17.469428	19.913549	20.358523	19.682145	20.915887	24.377764	26.928313	27.548832	26.434784	24.519752	22.572101	20.379460	17.986888	14.837223	10.744200	8.747523	8.127693	7.095969	4.062841	-3.064419	-3.932499	-1.573854	-2.750493	-6.074959	-10.782166	-15.446461	-17.209618	-15.091932	-12.378875	-11.377639	-13.073935	-18.712539	-20.351159	-14.678517	-13.266488	-14.752280	-18.408348	-23.798837	-31.030443	-37.920355	-30.993746	-26.184994	-24.205309	-24.595811	-27.742392	-31.249218	-26.210554	-21.603042	-19.952974	-21.052843	-23.983930	-24.700108	-23.207441	-22.458749	-22.168396	
19.943721	17.958794	11.461884	0.691685	-5.204283	-3.020038	3.225045	19.910738	30.622349	35.234105	35.904060	34.497571	36.329507	42.840894	47.105352	48.125354	45.622813	36.893821	40.608600	46.322986	47.003808	44.492879	40.783172	40.357690	42.632229	43.088144	40.222585	34.969817	34.021661	35.201052	34.318642	30.676871	26.455280	27.235298	30.386789	30.607293	27.445164	23.784345	24.004807	24.643276	22.816608	16.183865	14.252219	18.855460	19.033391	15.830748	8.525196	-0.928531	2.081518	8.528533	9.984092	10.922202	13.725164	15.872066	15.722184	12.225628	6.253569	10.198868	12.928343	12.705026	10.456535	8.225805	8.332886	9.250567	8.067026	6.800149	10.462086	13.644270	14.914793	13.595890	9.796857	8.330202	9.576298	10.090901	9.293089	8.296633	9.559182	11.253953	10.928765	6.838931	5.819885	11.044631	13.188941	12.784909	9.321642	2.928310	1.341275	-0.103112	-2.270736	-0.525332	4.462975	8.931830	10.862057	9.111013	6.785799	11.623146	14.396030	15.157373	14.158777	11.603186	9.222205	7.088373	7.430899	8.983615	11.720731	15.156528	17.168189	17.131308	14.360228	13.497915	17.061155	18.106558	16.794184	13.540611	10.113482	8.040385	7.716982	10.337134	11.876198	18.391733	22.637817	24.545286	23.919240	21.459778	24.564808	25.657332	22.682963	22.977125	25.541973	27.270329	25.270541	22.744556	28.249187	28.699743	28.902972	31.364949	31.652355	28.990423	22.053717	21.246419	25.025849	23.821570	18.992061	10.871253	8.452427	13.524959	14.443633	14.848462	20.565893	24.583573	26.133917	26.221322	25.281646	25.309431	27.869606	29.103175	27.845972	24.676378	21.903084	20.522063	18.374187	16.804836	19.229891	22.882000	24.635643	24.080209	21.695136	19.100280	19.197694	19.722307	18.544134	16.465669	15.056771	13.952631	11.030070	4.534753	1.133091	9.014600	12.917870	12.649906	8.503175	-0.930197	3.509381	9.302514	8.715554	3.332157	0.234527	-5.440905	2.255575	5.109684	5.936912	4.368739	-2.432487	7.009090	8.989488	8.365486	7.090223	2.817602	5.783044	7.048563	9.175377	11.592353	12.573109	13.087364	10.989220	13.305993	17.598243	19.472854	19.309407	15.212498	-4.548986	13.994072	16.544047	15.513707	12.028018	5.177265	5.357152	7.555760	6.122272	2.498234	-2.064082	-5.560164	-7.053000	-8.490854	-12.371410	-23.939635	-24.398667	-20.640010	-20.695290	-20.475085	-19.501919	-19.692511	-23.609301	-23.290629	-17.794013	-15.294429	-16.158187	-20.959676	-31.508521	-33.788428	-32.255908	-34.753301	-28.499151	-22.410298	-20.260931	-20.923717	-22.099581	-22.353893	-24.418704	-29.163942	-26.047174	-23.331273	-25.350482	-35.607864	-34.042725	-32.175810	
19.681790	18.139378	12.558473	-2.415513	0.204984	8.783065	3.371799	19.157140	29.554012	34.619937	36.178181	32.761154	32.709631	42.766252	46.742084	47.097784	43.329650	23.743477	42.441367	46.511016	46.187040	42.320168	36.055493	39.266649	42.013968	41.611340	38.511671	34.010612	33.447133	34.764167	33.238196	27.590144	22.208389	27.633893	29.731714	28.507191	24.369750	20.682913	22.350397	22.975130	21.050149	18.892994	18.733009	19.187582	17.819649	13.464370	7.477684	3.872613	8.047763	9.374484	6.581902	6.438497	11.609858	13.682175	12.841242	10.412683	9.023584	9.723429	10.102536	7.998895	2.201470	-7.702662	3.583955	6.138608	5.344194	5.859603	9.948820	12.633443	12.440230	9.886723	6.412419	5.977030	8.691433	9.235941	6.667136	3.206079	7.396250	9.576934	8.722502	7.522511	8.876537	11.319888	11.978433	10.131970	6.726877	3.269872	1.928962	2.292868	-0.094720	-1.259460	4.936244	7.502187	6.627946	5.768312	8.458748	12.483201	14.531232	13.473579	9.095134	1.059777	2.261519	8.176367	8.728722	5.542741	8.599392	12.935692	13.954767	13.096673	12.664647	14.012050	16.221684	16.437238	13.680330	8.730692	4.345375	9.258127	12.913206	13.402345	15.098853	19.322206	21.613441	22.106664	22.211522	22.742469	24.958907	26.921587	26.902527	24.748613	20.880151	25.159320	30.873828	33.386158	33.174653	31.231408	30.722695	30.912832	29.417322	27.678466	26.548017	25.139974	23.244359	19.720200	18.251054	18.015796	12.941787	0.005417	6.934771	13.314688	18.194470	19.484622	19.705284	20.673377	19.957759	19.455701	21.260291	21.805639	21.549719	20.566883	17.809071	16.283553	16.403959	12.700912	16.417926	21.127965	21.620476	19.672284	16.869342	13.095316	13.918305	14.494647	9.363760	-7.617204	6.571446	10.141481	11.231197	10.918684	11.375976	13.808798	15.055026	14.213806	12.447099	11.477352	12.092828	13.197653	13.182827	11.675364	9.022719	7.104340	7.971640	10.087993	11.413704	11.253817	10.592575	10.535091	11.131042	11.662960	10.931005	9.689800	10.277331	10.987912	9.563433	5.216307	2.270153	9.741536	13.544401	12.793250	5.056782	2.447836	10.724258	13.323365	13.449166	10.227869	0.070075	0.976895	5.640959	5.759299	4.240805	1.133268	-4.939565	-7.974640	-7.449848	-15.872715	-18.000267	-15.025132	-20.104784	-16.015806	-15.397574	-18.035253	-21.528727	-24.026405	-23.072351	-21.718001	-22.357246	-22.064116	-19.384516	-17.432430	-17.818701	-20.968120	-27.728926	-31.111659	-28.579379	-27.648352	-23.712659	-19.778446	-18.176484	-18.949425	-21.207245	-24.127110	-29.378533	-43.395769	-33.083882	-25.446176	-22.126431	-21.682819	-23.811643	-29.284512	
19.746158	17.861853	12.463322	5.406073	0.339606	-3.746773	10.662391	22.378010	29.800393	33.915986	34.907085	30.371967	34.294129	43.108570	46.299388	45.744663	41.158351	38.423819	44.831974	47.652107	47.050536	41.834599	24.419614	39.945877	41.453247	38.378424	28.739653	28.222093	34.847333	35.188731	31.361373	18.289815	24.185635	28.635076	27.875252	22.514813	3.147071	20.501866	22.318670	19.814379	13.623527	12.003780	17.620712	19.312835	17.574869	12.172651	8.068508	11.392058	11.747076	8.576741	-3.899184	4.866233	10.869606	11.682499	8.659576	1.712649	4.665866	7.821844	7.294130	2.491806	-6.465888	4.094859	6.712234	4.732350	-4.779035	2.710215	8.501443	10.022882	8.005191	-0.359444	1.256889	6.641010	6.903706	3.000856	-8.615086	5.152889	8.864371	8.261315	3.559372	-0.493421	6.767862	9.847618	9.279373	4.481732	-3.360587	3.075046	4.790841	2.501500	-7.234040	-3.250200	4.376839	6.578369	5.580354	4.266806	9.738140	13.501782	14.126233	11.693348	5.109636	2.350809	8.180633	9.319397	6.461874	-1.506259	5.611475	9.588379	9.338302	4.177487	7.238209	13.650412	15.628656	14.656310	10.750006	5.074228	9.795805	12.498698	10.899687	5.482857	12.132409	16.621563	17.277968	12.432839	12.266337	22.004122	25.332258	25.276174	20.983932	5.438474	24.503632	28.651038	28.998965	28.668675	31.535346	33.753343	33.418413	30.162617	23.230187	22.403079	25.925372	25.921044	23.195079	18.446897	16.548488	17.343933	16.488261	14.968680	14.441557	14.839102	14.888880	12.971303	11.093365	16.245473	19.568398	20.039547	17.131398	9.606190	11.475960	11.903802	6.334691	-5.805970	6.850089	15.753946	20.032093	20.982086	18.465124	12.523675	14.737716	17.912068	18.032715	15.417309	9.065913	1.847884	7.077395	7.510685	1.987882	1.440986	11.751025	15.108046	14.472761	9.066294	3.381413	10.478882	11.946379	9.408034	0.693081	5.350465	9.189248	7.592887	-1.373670	4.904042	11.202337	12.985366	11.336617	4.875655	4.966715	10.279227	10.887785	7.257514	-8.265909	6.696385	10.390769	8.951209	4.358448	10.781487	15.296569	16.621806	15.230769	10.744947	9.049378	12.760246	12.982828	9.078182	-2.652673	2.599842	5.647401	4.142825	1.385194	1.910908	2.661583	1.612888	-0.508222	-3.182074	-7.155584	-12.459275	-15.884342	-16.301283	-17.303697	-23.852109	-22.536910	-16.507837	-15.762994	-18.891079	-27.054371	-26.469601	-24.148521	-25.147047	-25.583255	-25.032846	-24.336185	-24.370746	-25.504230	-25.370710	-21.909700	-19.444890	-19.893732	-24.114121	-31.791686	-26.330436	-24.098380	-24.574032	-25.765030	-26.969178	-25.404674	-22.397295	-21.421403	-22.246161	
19.470372	18.073604	12.875714	-0.909761	-1.651211	8.888444	6.562220	18.576506	28.891559	32.687152	32.868819	32.107855	36.624101	42.730992	45.593589	45.011422	42.070714	42.041053	46.467075	49.581298	49.569819	45.828690	36.647069	38.001254	41.351379	39.681011	31.047140	28.110740	35.331153	35.619884	32.404196	23.270090	22.431351	28.686109	29.055546	25.883847	16.947103	12.274762	19.852480	19.908572	14.661547	10.350597	18.541332	20.049211	17.282618	7.064681	7.955780	14.174233	14.280639	10.686912	0.364214	4.138235	11.206273	12.962239	10.612522	0.835304	3.935001	8.700624	8.024347	2.175033	-7.209810	5.918714	9.363113	9.682543	6.932997	-3.616221	1.314339	7.690199	8.439696	5.111910	-4.013905	0.570193	3.029470	0.139684	-4.460392	4.123276	8.327769	8.838541	5.020488	-5.346802	6.557703	9.911498	8.934886	2.623133	-7.187834	4.835394	6.693257	4.869403	-1.345297	-6.949054	3.747979	7.383567	6.805731	-2.265287	5.766400	12.478572	13.846631	10.949541	-2.278614	7.544903	12.294256	12.499596	9.852865	3.776241	-3.048614	6.670235	9.811659	8.423655	1.461545	8.174686	12.380222	11.549162	2.853110	5.419040	13.037060	14.802346	13.694845	9.733983	-2.647845	9.913448	16.053794	16.839691	10.338376	16.413774	23.074002	24.127183	18.874321	16.204065	27.042177	29.410067	28.289801	26.876766	25.500379	23.274466	26.662913	28.093005	25.484417	19.360548	19.892598	21.489461	18.929411	10.715029	13.846197	16.862279	14.173243	8.119051	12.231299	12.137152	6.272595	13.135802	17.191643	16.614126	9.139156	9.756122	18.390038	20.802543	20.398982	17.913077	14.243745	10.012372	5.919302	14.759677	19.042191	19.669764	17.120314	11.950936	12.914828	14.976968	13.422489	9.536005	11.518540	14.015265	13.907533	11.533683	5.489080	7.980290	14.529207	16.603173	15.215053	8.793545	-1.389709	10.108185	11.223458	7.808664	-4.773732	2.228954	8.948278	10.868598	8.990252	-2.745539	6.025240	12.094897	12.706036	8.767325	-5.167476	7.229778	10.222636	8.504002	-0.246321	2.619637	11.151949	14.171225	13.692653	8.008819	10.141605	16.556027	17.919345	15.668160	11.192152	13.218436	15.467505	14.462428	9.873714	-0.677816	5.832726	10.075313	10.240165	6.965653	-1.025847	-1.913741	1.675205	0.631656	-4.167284	-14.224382	-19.839299	-18.252149	-19.244907	-16.227607	-14.089185	-14.385362	-16.950612	-20.261718	-21.064636	-21.943412	-24.987193	-26.839678	-26.431210	-26.175290	-23.842347	-23.610060	-26.281682	-28.726929	-31.653134	-27.789217	-24.041532	-24.250614	-26.488958	-26.787654	-26.072865	-27.045628	-30.614845	-36.828408	-36.293557	-28.460710	-24.302376	-25.742098	
19.753933	17.931769	11.956424	0.401129	-9.212616	-3.853948	6.841233	20.177830	28.831277	32.426836	31.732167	28.963533	34.065361	41.101808	44.608799	44.548934	41.630487	40.933245	47.347473	51.697825	52.756945	50.985488	47.541094	44.972932	44.158062	42.877270	38.820492	29.914639	33.299456	37.600458	36.885348	31.840164	22.859609	28.006118	31.289729	30.069083	24.785653	15.984227	19.299520	22.925194	22.297336	16.435789	12.993907	20.130799	21.300758	18.753571	11.699520	7.368936	14.672848	15.979483	13.516402	7.235163	9.735226	14.484564	15.148014	12.502981	6.761450	5.944083	9.041024	8.827550	5.040321	2.862621	8.959571	11.034951	9.259576	3.300054	1.939605	6.831727	7.683430	5.555200	2.601968	2.783880	4.152928	4.260162	3.164632	1.499639	4.531095	8.639703	9.850442	8.015809	3.619759	6.150660	9.679678	9.993981	7.548547	2.875756	3.991552	7.012241	6.496288	1.309743	1.086604	8.114764	10.333738	9.163846	1.530122	7.699529	14.662203	16.357796	14.432273	7.191407	9.020480	15.261995	16.099070	12.883302	2.077707	7.907129	13.309790	13.691337	10.420533	0.219033	11.457439	16.789020	17.939798	15.099750	6.606259	17.594420	21.245446	20.301338	13.310194	12.646087	21.089989	22.546655	19.686784	6.079596	24.352511	29.586982	30.834450	29.826001	28.200105	30.685444	33.101511	32.247250	28.257873	22.776112	14.564063	19.625962	23.328981	21.665809	15.315295	4.647987	17.073953	19.871982	18.301352	9.852372	11.784373	19.661223	20.592168	16.310181	1.463508	18.180790	20.731268	17.368916	-3.185358	18.569291	22.045626	19.751129	9.153197	18.516246	20.901548	18.771220	13.483667	14.326064	17.197425	15.062325	7.409012	10.142447	13.478710	13.906147	11.119555	2.941893	1.879936	12.786084	16.266619	15.896441	13.208277	13.164191	15.525875	15.529229	12.824536	11.792598	13.946022	14.893343	13.402806	7.685137	0.888965	9.901578	13.473159	13.550358	10.214149	6.799718	10.849066	12.979426	11.600049	7.690015	8.732923	11.961625	12.746906	10.351881	5.494536	9.114654	14.107081	15.477187	13.801625	12.194008	14.665659	17.374847	17.475873	14.888048	12.528118	14.429517	17.270740	17.578172	15.033767	11.397610	10.519471	11.691012	11.156908	7.786577	2.864856	0.538058	0.656132	-1.331622	-7.794876	-11.355340	-10.414029	-13.098044	-14.248001	-13.197613	-13.467745	-16.152569	-22.607114	-30.489023	-31.124752	-35.659665	-29.547859	-22.968555	-18.980580	-17.288845	-17.567076	-20.016504	-24.266008	-27.541975	-27.936525	-26.081050	-24.771405	-25.436502	-27.193311	-27.849677	-29.585374	-32.938519	-28.195968	-26.136478	-26.124610	-24.126943	-22.568882	-22.719345	
19.611434	17.982249	12.737393	2.401172	-5.008981	7.166542	8.959294	16.837371	27.575000	32.164592	32.845705	28.902793	27.137769	38.547765	43.074671	43.891030	40.890735	28.255606	45.389513	52.032977	54.692547	54.274850	50.439020	45.459751	48.917382	49.925015	47.695137	43.771188	39.867008	38.050575	39.616240	39.020621	36.522059	34.563384	32.735256	31.805209	30.132505	26.995862	25.364090	25.696133	26.073002	24.569116	21.881866	19.800789	21.540281	22.743931	21.212983	18.514287	16.483696	16.599214	17.105721	16.203399	15.741931	15.530739	15.071601	13.945116	11.100109	8.736592	8.916380	10.922289	11.789003	11.904494	11.880373	10.232992	8.469639	8.290823	8.625286	8.724646	6.486408	1.245351	-4.755976	-0.220951	5.427137	7.245266	6.305397	4.539192	5.400173	5.360537	5.040712	6.883946	7.780411	8.860340	9.581985	8.924234	7.568932	5.879088	6.063477	7.935520	9.307058	9.863340	10.560045	11.161775	10.937557	12.321071	14.660090	16.959571	18.207117	17.654544	16.987807	17.704898	19.145672	20.212309	19.533925	17.706867	17.091007	18.266152	19.506786	19.483457	19.298030	20.367765	21.869108	22.366368	21.919443	22.718149	24.741022	26.339051	26.767472	26.617608	27.690736	30.121473	32.867198	34.919057	35.990775	36.735170	37.610113	37.768055	36.293764	33.117598	30.571664	32.539250	34.711460	34.536911	31.901125	27.890278	25.429740	26.238622	27.240527	26.414197	24.587824	23.862934	24.567239	24.574991	23.288252	23.225913	25.447287	27.585093	27.990421	26.641915	25.496252	26.904512	29.005238	29.915407	29.824484	29.213462	28.079244	26.580624	25.137877	23.829129	22.203457	21.043902	20.510396	20.761338	20.714089	18.070588	13.541787	14.042173	18.300284	20.350677	19.636884	17.457771	16.353976	16.896800	17.027074	15.072090	11.585363	11.671973	14.806816	15.699050	13.546416	11.928201	12.650285	14.522432	16.683255	16.861901	16.270009	16.149876	15.429826	14.187200	12.660772	11.934897	13.633514	15.011083	14.404831	12.305370	12.089488	12.876372	13.751872	14.530248	14.425650	15.698622	16.864770	16.057192	13.841358	12.055499	16.104728	19.794120	20.339650	17.753499	15.500986	18.756792	20.247484	18.841447	14.224349	6.049376	9.444331	11.356395	9.052950	2.467362	-12.465683	-3.290100	-0.106375	-0.876896	-4.123026	-7.100768	-8.141457	-10.615918	-17.454129	-22.714151	-15.489337	-13.684339	-15.164941	-19.556159	-25.219571	-29.133417	-28.104214	-22.235941	-18.318200	-18.057205	-21.457643	-26.022181	-29.180779	-32.413790	-26.914495	-26.436676	-30.230824	-29.494514	-26.472983	-25.916263	-26.240058	-25.232798	-22.932263	-21.407355	-22.175116	-25.854822	-27.646538	-28.791059	
19.784117	17.884722	12.098344	3.577868	-2.049300	6.969702	11.319890	19.231835	26.821047	31.584829	33.745631	32.289071	18.032160	34.600710	41.176683	43.633107	42.941919	34.942149	40.910478	50.244962	54.040553	54.693791	52.060234	45.975569	50.105788	53.998432	54.442269	52.100954	47.929485	45.897930	45.445445	43.810548	40.368587	33.920684	32.345509	34.326637	32.405108	27.393379	20.036207	25.914286	29.331990	28.695377	24.909131	20.643401	22.177625	24.691122	25.061440	22.330611	17.593180	18.010182	18.994543	18.432399	15.552126	7.681689	11.233599	15.040142	14.560159	10.452559	6.320094	10.952464	14.702652	15.943845	13.978398	8.528796	5.735112	9.565766	11.901188	11.011659	6.061159	-0.626970	2.343429	1.342992	-2.923828	0.778681	1.528799	5.208486	8.162765	6.560822	4.196543	5.578594	8.588445	10.728272	8.357902	0.345349	4.552784	6.932057	5.536045	-6.166232	2.116959	8.266705	11.988399	13.094952	10.279102	11.807557	15.218591	17.733897	19.296097	17.165039	14.479973	18.856975	21.015614	21.457656	19.472244	13.830143	17.114050	20.911385	21.076156	17.334003	8.873134	17.825182	22.913252	24.622891	22.911371	22.845579	27.779375	29.975817	28.837742	24.460866	28.012460	32.000718	32.700528	32.604723	34.211251	36.142875	37.083029	36.488683	33.566725	26.018522	23.877797	30.717814	32.287512	31.266288	27.754524	18.748445	23.384601	27.244974	26.344070	22.463697	11.742953	18.131573	25.252052	26.370677	23.311162	20.800636	26.497714	30.132446	31.680728	30.837463	28.071202	30.587680	33.608284	33.539695	30.593220	23.487301	13.984983	26.269728	28.031458	25.008075	17.520465	19.134378	22.782787	24.803538	24.940176	22.591498	18.679978	18.747469	20.359356	21.060078	20.578391	16.718132	6.887673	14.530862	15.339806	11.442280	6.045751	-0.919947	14.269296	18.485369	18.516067	15.277386	9.715253	11.125715	16.577141	18.976342	17.959166	12.469217	-11.136360	5.714409	9.383896	10.663226	6.646389	6.346141	13.990829	15.509372	13.254475	7.664713	5.752999	14.295223	18.187963	18.572467	15.769381	7.998009	7.342212	15.854727	18.526114	17.608491	14.914751	17.629573	20.290091	19.940848	16.450479	10.106080	10.648478	12.858849	12.118068	8.560196	1.024614	-7.593356	-3.305799	-3.974130	-7.341660	-10.221637	-7.523705	-6.765916	-9.334888	-15.092167	-31.714792	-19.880493	-14.155364	-12.150587	-12.781844	-15.395165	-19.709358	-27.199241	-24.620298	-20.932050	-19.865092	-19.972395	-22.022489	-24.849104	-22.999187	-20.192607	-19.929808	-22.262503	-25.803776	-30.240718	-31.709777	-28.407722	-29.555386	-32.363966	-26.871796	-22.940800	-21.288264	-21.718329	-22.170830	-20.770901	
19.646695	18.213999	13.020066	-0.723769	2.249750	2.208622	8.725449	4.132771	24.262840	31.051283	33.721228	33.747803	29.557443	30.122114	39.831980	43.539316	44.127614	41.541534	37.367939	46.894042	51.507861	52.192767	49.344152	44.363790	48.524513	54.990027	58.178354	57.994247	54.002256	44.261245	46.232855	48.256401	45.439527	37.166303	25.544225	35.616373	36.012907	32.793264	25.808941	29.314270	33.395514	34.199208	32.609498	28.858326	27.596928	30.132547	30.679216	28.792116	24.180419	20.782784	24.196106	24.695507	21.491156	16.320657	18.544818	21.051159	21.401817	19.628747	15.804681	15.690069	18.550517	19.422742	18.464371	15.568926	13.752091	17.298624	18.921099	17.568892	13.569738	11.335347	14.061019	15.841522	16.788601	17.453569	17.751224	18.437005	19.701095	20.224934	19.403452	18.004235	18.361270	20.090679	20.897805	20.222343	18.537011	17.434991	18.330322	19.882215	20.632120	20.128882	19.451144	21.371894	24.118660	25.562859	25.555326	25.451286	27.733575	30.493969	31.727678	31.246503	30.169684	31.149793	33.268367	34.431170	34.381957	34.126084	35.456683	37.393531	38.288753	38.082796	38.079370	39.269148	39.988096	38.802193	35.386799	33.580982	36.684104	38.274187	37.283624	33.703868	29.690256	28.710604	26.591630	29.228155	32.106435	30.816324	22.353051	22.020450	29.665038	30.982317	28.923840	22.670643	25.166213	30.201909	31.302358	29.584203	25.505446	23.965521	27.263111	29.044065	28.558661	24.680746	7.791541	25.938994	30.596180	30.256355	22.663958	30.467299	37.114985	39.244304	38.224169	33.724505	28.031337	31.750178	33.362040	32.491924	29.528427	23.208196	9.374608	18.105175	17.797117	11.821882	19.177816	23.354056	23.889080	21.289573	14.062035	14.030534	19.618147	21.291159	20.881241	18.837158	15.065329	9.633243	8.582194	13.647620	17.623325	19.585784	19.270622	15.991348	8.327718	13.686975	17.928853	18.135476	14.883079	7.153741	3.998916	6.273116	3.734506	4.650506	10.973194	15.722929	18.741485	19.763234	18.458613	15.966051	18.525345	21.568419	21.745946	18.390407	12.480918	18.226358	20.778329	18.640582	12.139912	17.343352	21.123557	23.465443	24.350926	22.251499	16.834911	15.725030	17.431373	17.290985	15.018339	8.982713	3.065282	5.188364	3.568683	0.529060	-3.267782	-10.668847	-11.499321	-8.820467	-9.432109	-14.719403	-15.648103	-8.600851	-6.252255	-6.444158	-9.278860	-11.371132	-8.507699	-7.908988	-9.846838	-12.497369	-12.713802	-12.173148	-13.990276	-17.608926	-15.897134	-12.882538	-12.032390	-13.419429	-17.515149	-23.824451	-21.322329	-17.199818	-15.621790	-16.706048	-19.536287	-18.213624	-16.187511	-18.275595	-31.065929	-22.151261	
19.919488	18.218407	12.452657	-2.169007	-1.742227	-5.028096	5.179817	0.961688	23.758764	32.045666	35.299011	34.825870	31.492673	31.151946	39.650397	44.269547	45.227732	43.596375	40.740129	42.448583	47.998425	50.001067	47.992609	43.737176	47.170069	54.987475	59.709267	61.125954	59.617328	55.375662	49.381255	47.726075	48.027990	45.109783	37.203982	28.080244	38.091343	40.246592	38.640087	32.788707	18.026632	33.994849	37.652262	37.509816	33.847433	22.101494	26.400731	32.237998	32.979712	30.858198	25.832232	20.993015	25.428962	27.551309	26.635239	21.992003	8.857799	22.069184	26.017243	26.199178	23.207589	17.295921	20.858644	24.145686	23.955633	20.343932	12.172604	18.443709	22.492851	22.835128	19.738213	6.262279	18.647210	24.867284	26.977707	26.318307	21.765954	4.023768	22.156435	25.606647	24.560174	17.285424	15.666508	24.889187	27.276943	26.309067	21.034618	14.204790	24.973887	28.927512	29.947903	28.101619	20.279936	24.117328	31.314128	33.452790	31.796954	22.681794	30.529738	36.662421	37.942066	34.745368	17.954033	36.076135	40.448805	40.662180	38.098560	38.729873	43.223095	45.727885	46.220752	45.021192	42.636826	40.819011	40.875541	41.074252	40.102232	37.325728	33.359866	33.720089	35.447216	35.114133	32.636123	27.800187	27.041852	30.737073	31.894663	30.665815	26.521026	23.091774	28.969627	31.647627	31.274996	27.623185	21.406427	27.734029	31.129796	30.887734	26.789476	18.614740	26.609554	30.276339	30.705806	27.986715	22.013278	29.716608	35.306299	38.046939	38.691656	38.023326	37.951656	38.586425	38.206020	36.116171	31.913723	27.228299	27.704574	27.319006	24.063663	19.167850	12.460205	6.116634	18.290740	21.432665	20.288177	13.845450	14.723015	19.838909	19.808007	13.812297	8.010514	18.463978	19.642787	15.694078	10.674799	16.655562	17.421061	11.998071	8.955743	16.734445	17.622311	13.935774	9.798753	14.973509	16.579550	14.940999	11.539783	7.360261	4.624141	13.512447	17.913605	18.924299	17.122800	16.032287	19.689111	21.762318	21.034171	18.525934	20.361017	23.730730	24.946187	23.900165	20.290614	18.951220	23.951299	27.400015	29.164618	29.383371	28.473694	27.490722	26.821624	25.779153	23.707850	20.104179	15.800163	14.094198	13.309777	11.324316	7.808996	2.352894	-3.729807	-4.564748	-3.345445	-2.741262	-3.194198	-4.708571	-6.685958	-7.499947	-5.964601	-4.498193	-4.176146	-4.189515	-3.936265	-4.119957	-5.361220	-7.019506	-7.905855	-9.093280	-12.705792	-19.472984	-14.073337	-10.730501	-11.330324	-15.166601	-16.634817	-13.041714	-10.813426	-10.063650	-10.882795	-13.076366	-14.032900	-12.266709	-11.203188	-11.877021	-13.993348	-17.119331	
19.891875	18.149047	12.212090	0.144907	0.501664	3.412392	-1.856387	7.671861	24.323523	33.034091	36.868409	36.708696	33.504543	33.397673	39.738176	44.759520	46.292299	44.301079	39.938123	39.988217	45.335709	48.156404	46.282627	38.623538	40.663037	52.842581	59.178568	61.460110	60.508370	56.645019	51.204614	50.258550	51.270431	49.578625	44.666678	37.941642	36.752054	41.672153	42.672611	40.140616	33.739642	28.672867	37.117228	39.674252	38.776705	34.975565	28.175036	27.909418	31.513123	31.054575	27.635991	24.904440	26.959048	29.599817	29.601819	26.237262	18.577207	22.044452	27.550334	29.221706	28.307521	25.851598	24.399995	24.723219	23.526630	18.952165	13.960861	20.266952	25.759317	28.236649	28.103551	25.947382	21.476060	20.836091	26.659884	28.588838	27.642654	25.490505	25.521126	27.808301	28.870763	27.805292	24.079196	18.578246	26.474862	30.582213	31.548783	30.510269	27.061623	22.536212	27.938330	30.837112	31.168912	31.190712	33.208133	35.255208	35.258842	33.395416	30.373501	33.764321	39.298695	41.913652	43.129055	43.966757	43.898315	42.139577	39.240477	38.949610	40.361264	42.063955	43.231946	41.783361	35.957825	31.385553	33.602009	29.851965	31.214870	33.594489	32.279897	31.058998	31.007190	30.709036	29.894840	27.405150	24.474708	22.522996	26.564960	30.397000	31.140426	30.595470	29.416686	25.576308	21.277255	25.231752	27.351622	28.375142	28.833634	28.913872	28.584792	27.533535	25.049264	21.461866	28.740402	32.593934	34.303386	35.821670	35.404446	31.885984	29.176710	26.618814	24.205451	31.981351	34.401606	33.972803	31.215936	26.860787	24.585370	17.135252	19.553734	26.533842	27.484842	26.968309	25.676892	21.719198	12.044748	10.626290	15.782514	17.067753	17.535240	19.962073	22.487011	23.437300	22.081842	16.038420	10.599432	20.514774	23.010705	22.934328	21.316921	17.495588	9.608196	7.959783	11.527355	13.176570	14.417203	17.415634	19.954494	20.688612	19.909020	16.066887	2.891483	15.579349	18.393612	19.129496	19.955908	18.721694	15.430430	13.858192	16.710868	19.418979	20.838007	22.838997	23.775211	24.713252	27.048909	27.482058	25.636352	23.843496	19.705554	9.438945	23.221635	25.134437	22.449235	15.378759	3.729729	7.083688	8.222776	7.011807	4.786419	1.235310	-3.786367	-5.311459	-6.591930	-20.184766	-7.822837	-4.283326	-6.611505	-9.764105	-9.367275	-11.115324	-16.733240	-22.541020	-10.255580	-8.057125	-11.181688	-21.361720	-14.999849	-11.651102	-11.145623	-11.352888	-11.003457	-11.215155	-13.647215	-18.052556	-19.720223	-16.447041	-13.299850	-12.210417	-13.414400	-17.210235	-19.392851	-15.362154	-13.298448	-13.273002	-14.676550	-17.897736	
19.851928	18.333736	13.443410	4.638975	-0.561235	6.217146	12.126741	7.455897	23.443240	33.370230	37.845523	38.564330	35.871852	33.052397	39.362134	44.443899	46.172084	45.047299	41.972135	41.309103	45.705295	47.708689	46.266848	42.781601	44.164875	53.657213	58.815809	60.320062	58.606311	52.690030	28.329067	50.851568	53.317289	51.521027	46.273823	39.229657	39.196580	43.665707	45.271520	43.204958	37.919582	33.150466	35.998395	38.865148	39.003279	37.446573	35.442458	34.407813	32.858506	25.282153	25.512441	28.508956	27.914079	33.565738	35.130197	32.803468	27.737056	18.972135	22.592129	26.813079	24.526229	18.528947	18.072434	24.345984	28.586822	28.806259	27.508776	25.580281	14.978798	26.288828	30.743039	30.142012	26.824408	24.522314	26.164662	27.460161	23.998203	8.056326	11.109291	20.495352	30.124564	32.623212	31.431148	28.630419	25.077919	26.931405	30.584950	29.961417	27.533012	29.019649	32.239102	32.747042	27.814075	27.081965	24.775286	29.477660	38.010171	39.406471	37.945195	37.952422	39.797860	41.257913	39.800417	36.685283	39.983038	40.020817	34.634080	33.182771	31.851418	32.062859	37.836676	38.125405	35.991883	34.854590	32.974062	29.974406	29.702022	31.936328	32.442247	28.250585	12.991056	21.848561	9.492860	24.466254	28.350272	27.895084	28.035351	27.785774	28.777585	30.562936	29.149877	23.441674	16.090492	23.332994	27.912876	26.888813	18.735369	24.492445	24.327331	15.998500	25.184914	28.724380	31.740505	33.777592	35.194658	36.123945	34.849118	30.644606	27.263784	28.100109	30.036258	29.508651	20.367810	24.142952	30.028218	29.857913	27.770077	26.760025	27.294018	28.141883	28.602188	28.732102	27.674227	24.433540	19.076382	14.481170	15.632714	16.824711	14.769432	18.880667	22.261857	22.712518	22.917305	23.635337	24.255499	24.587338	23.816414	23.196685	23.613645	22.448680	19.322970	16.471410	11.804321	4.266085	4.186226	13.036739	19.654218	21.613780	21.097362	20.140188	20.034850	20.795483	21.173783	20.477935	19.245340	16.694710	10.860723	12.577858	16.056636	15.259755	11.521449	18.308690	23.398481	25.670227	26.332233	25.091605	21.306877	20.597187	23.509868	24.059796	22.964027	20.882243	16.941108	9.881857	6.278672	3.425257	-9.735472	-11.373735	-10.154378	-5.669024	-20.066807	-5.244825	-1.281659	-2.106497	-4.879405	-4.402093	-2.462188	-4.044446	-11.395594	-19.486545	-16.257728	-13.886412	-9.981819	-10.723326	-18.953770	-14.658240	-12.345068	-19.476461	-18.775106	-13.355781	-14.798948	-15.849939	-16.390619	-23.431309	-27.845880	-29.095727	-26.304230	-19.877157	-21.825107	-26.040225	-20.435349	-20.735499	-26.103076	-28.550913	-28.632720	-23.845258	
19.717464	18.133088	12.939231	2.741958	-7.335343	4.484802	11.732330	5.487584	23.645480	33.522698	38.241204	39.570052	37.159042	26.087757	37.201159	42.782558	44.233803	42.631805	34.878062	37.427484	46.479466	49.597675	49.267462	46.072598	50.794665	56.305033	58.428758	57.475514	52.601541	42.062294	50.334652	53.519664	53.732680	51.781804	47.353179	41.518983	42.862081	45.483809	45.746320	43.630900	39.623691	36.390529	37.246907	36.998500	31.815115	15.136122	32.786564	37.622484	39.825312	40.240583	39.795015	39.243811	39.005923	39.237985	39.103169	37.558663	34.493086	31.409963	30.443077	30.134195	28.077054	24.733728	25.486932	29.978405	33.804243	35.482583	35.046994	33.320623	32.181999	32.674869	33.002190	31.357981	27.331386	22.505877	25.667841	30.335043	31.642786	30.583498	29.571197	31.029592	33.615379	35.189836	35.117645	33.772426	32.288272	32.612856	32.897174	30.494859	26.428903	29.148509	34.463932	38.005789	39.895905	40.990437	42.257209	44.088939	45.617488	45.739186	43.780823	39.694393	39.581971	42.859817	43.804329	43.298979	42.550637	41.359958	39.739956	39.121911	39.889513	39.853910	37.896138	33.861751	29.616726	31.396880	31.198482	25.999114	18.768397	26.812516	32.019185	33.906612	33.397649	31.948734	31.436080	32.041916	32.359246	31.363642	28.811057	25.475046	26.284644	29.612182	30.458865	29.024550	27.423478	28.217297	29.727733	30.633032	31.542280	32.394955	32.605007	32.808522	33.481327	33.298101	31.273526	25.864503	22.520264	31.666897	35.587430	36.329538	34.115211	31.818491	33.587142	33.753241	31.307832	27.929216	26.851855	24.503958	18.024006	22.599757	24.615639	21.232005	11.935760	22.284433	23.222399	20.487656	19.850167	18.176715	18.787657	21.633554	22.525369	22.249963	19.826417	11.901061	14.915379	18.887250	21.815621	23.223905	20.776036	17.644759	21.503942	24.048425	24.509707	22.592188	18.243526	14.300809	15.609192	19.218916	20.709264	18.143578	7.481396	11.532804	16.386665	16.723717	13.473178	6.903155	-7.032695	13.075365	17.639033	17.234725	10.699666	7.543589	17.687158	19.741636	16.490215	1.242377	16.674187	20.296618	22.808768	24.450872	23.049453	16.043866	9.364762	16.738008	15.904287	11.259206	5.950850	5.245073	5.602931	4.775421	5.264625	6.185450	6.178542	6.053861	5.567453	3.900771	1.686202	1.943253	2.890813	2.438624	0.748546	-1.667917	-3.168072	-2.653614	-2.253035	-2.707084	-3.486504	-4.054473	-4.575984	-5.900972	-8.687749	-12.719743	-16.177861	-16.211707	-15.130677	-15.401945	-16.455436	-17.008309	-16.720965	-17.027868	-19.538277	-24.678682	-29.723415	-26.027301	-24.683853	-26.260502	-25.641056	-23.825517	
19.956752	17.986772	11.615748	2.579018	3.964418	2.862761	4.229106	9.417665	23.698473	32.366324	37.066435	38.949907	38.116039	33.629300	32.377098	38.787417	41.011510	39.073544	27.086786	40.357934	46.761563	49.364304	49.440210	47.613961	48.855238	52.573861	54.297600	53.933372	51.981114	49.413449	47.974122	48.470556	49.193466	48.484362	45.336510	37.331764	34.655353	41.007955	41.455496	37.874016	24.239073	33.171935	38.335419	38.894886	36.724618	31.258916	24.422190	34.730566	38.994589	40.141285	38.754729	33.822292	13.935107	32.062964	35.687718	35.142137	30.788946	13.065726	27.205219	31.727822	32.002324	29.005996	23.191503	29.406431	33.889713	35.122242	33.512954	27.332313	16.422746	29.713318	32.167129	30.795167	25.210235	23.014038	30.186310	33.287630	33.832572	31.715365	24.397220	23.649282	31.079285	32.363448	29.001414	12.757475	29.964537	34.767778	35.894865	34.354881	29.182658	27.314790	34.674895	37.593179	36.963855	32.734924	37.408791	42.893275	44.849698	43.979295	40.030403	36.301731	41.570558	44.913817	45.888721	44.705859	40.608078	29.442590	34.271596	38.888006	38.719165	34.715236	21.425395	29.635766	34.128309	34.419660	32.258484	27.313157	18.990994	26.235344	30.593252	31.931715	30.983010	27.311253	21.766224	25.692496	28.229303	26.824034	18.724920	18.704833	27.217777	29.334791	28.182775	22.801689	14.101554	24.310826	26.276188	22.235116	14.722247	28.969542	33.302571	34.344264	32.625374	26.508709	14.457398	28.522870	30.853830	28.069531	20.066573	32.361068	37.441183	39.386937	39.242052	37.160895	33.125019	29.822830	30.771668	30.426167	26.532046	16.415597	22.755612	27.236181	28.321546	27.206979	24.132536	21.023145	21.531692	22.681236	22.887795	21.405026	15.772609	15.448299	22.852149	25.115099	24.314594	22.478930	24.032545	25.886816	25.145480	20.521650	-1.346459	17.017174	21.384571	22.885910	22.695213	20.241978	19.118241	23.070737	25.012803	24.153518	20.465030	16.043889	18.407213	19.973467	18.841638	16.692475	17.574443	19.390771	19.756044	18.645031	16.152100	12.388032	11.155550	15.115611	18.329603	19.668277	18.724450	16.135464	19.073227	22.750734	23.564450	21.789113	17.809135	13.311736	11.586191	9.707984	2.964601	-3.698974	6.427512	8.667773	8.424248	6.705638	3.609055	-0.385683	-0.194904	2.765111	4.091472	3.427565	0.332254	-6.364261	-5.017673	-0.436893	0.702445	-0.627555	-4.850213	-11.865954	-6.522948	-3.439386	-3.681539	-6.587097	-13.317703	-33.652052	-14.751742	-12.523247	-14.600400	-22.248197	-24.853588	-16.929638	-14.685233	-15.134754	-17.893529	-22.684519	-26.767390	-26.026867	-23.787049	-22.248225	-22.534653	-26.450932	
19.492316	17.871148	12.458112	-1.545623	1.553328	8.121812	10.068579	13.452631	24.671744	30.293435	32.636654	32.940793	32.477248	32.642094	33.945105	35.528825	36.711458	38.011525	40.087898	42.267807	43.443314	43.285268	42.389293	42.029489	42.866377	43.106225	42.065165	41.930277	41.660337	38.239923	29.914274	32.353227	34.271561	34.239703	36.464055	37.398393	36.237650	34.304336	33.063478	32.710942	32.759229	33.068579	33.473399	33.532315	33.102596	32.728881	32.822847	32.642732	31.599891	30.227391	29.452866	29.267437	29.195125	28.671652	27.417566	25.984855	25.429336	25.823212	26.495572	27.049402	27.380236	27.610334	27.794764	27.743273	27.511878	27.396095	27.171379	26.611066	26.178889	26.190564	26.258904	26.213043	26.326672	26.616596	26.930250	27.418080	27.844222	27.601529	26.810681	26.501896	26.781804	26.771926	26.397233	26.481968	27.598610	29.070849	30.273852	31.031634	31.202324	30.838045	30.426262	30.370534	30.892411	32.290607	34.109377	35.580031	36.322306	36.317700	35.906786	35.829499	36.523555	37.556193	38.174577	37.912872	36.811044	35.163439	33.268267	31.640270	30.865578	30.677725	30.192379	29.066472	27.680706	26.649574	26.146079	25.697733	24.698283	23.097356	21.777748	21.176353	20.446017	19.461179	18.951454	19.163258	19.798958	20.597342	21.290983	21.639829	21.605027	21.396544	21.135335	20.619461	19.836944	19.368796	19.862073	21.304235	23.221879	24.890281	25.749107	25.989116	26.335694	26.867761	27.046065	26.752766	26.495061	27.117858	28.836517	30.845775	32.458450	33.453120	33.785365	33.519907	32.829875	31.833513	30.550473	29.109972	27.812802	26.906078	26.361011	25.919377	25.306326	24.357146	22.891260	20.426685	16.090946	9.865355	11.732965	15.991368	18.917371	21.123660	22.795609	23.989137	24.732503	25.035708	24.863935	24.114750	22.682718	20.542454	17.627946	13.320129	6.367755	10.903338	16.952619	20.422340	22.487580	23.603026	23.997591	23.814280	23.176235	22.277173	21.367779	20.558508	19.695299	18.537765	17.012638	15.261768	13.499517	11.664464	9.221755	6.256814	5.381646	8.071038	11.416494	14.177022	16.594993	18.651015	19.951523	20.229677	19.318351	16.892056	12.213455	4.106483	2.281479	4.914179	5.078762	4.247768	2.650490	0.230380	-2.550580	-4.878101	-6.536531	-7.546645	-8.206562	-8.616375	-7.938823	-6.312867	-5.368450	-5.693563	-6.848024	-8.099805	-8.749764	-8.299985	-7.602747	-7.882641	-9.381875	-11.880311	-13.621183	-13.144552	-14.085849	-16.598710	-16.951149	-15.893737	-15.614292	-16.974662	-21.444645	-28.436067	-21.131240	-18.591195	-20.451071	-28.971375	-32.944301	-27.725546	-33.411819	-35.056777	-26.098380	-23.304997	
19.668856	17.893672	12.116191	-0.990944	-5.180063	1.819649	9.281234	16.203274	21.434550	23.063339	19.405761	9.996545	15.822555	10.540913	22.416549	25.103349	22.378908	22.543714	25.645397	28.416535	30.122334	28.727380	21.575032	29.617956	34.989241	35.348822	32.408340	30.248769	28.951991	25.836345	26.682787	28.432892	28.017975	26.644271	25.325238	21.870267	15.075821	10.089353	5.214326	-3.593522	4.676515	0.267402	14.363349	17.903559	15.493834	8.237860	12.026640	14.178781	13.787074	9.850306	-3.196218	2.644747	7.676006	9.363583	8.742156	5.951583	1.219094	-0.161454	4.370568	5.890884	3.094736	-10.113285	-0.526633	3.039665	1.502320	1.614274	2.780898	0.318630	-0.629125	2.668238	2.307927	-2.499401	-8.237358	-2.844448	-3.505767	3.832678	8.758290	8.414748	5.214501	5.949264	8.976652	9.932179	7.705111	6.226067	8.545414	7.391563	5.057778	8.215118	8.486634	3.155810	6.535697	11.390807	11.135265	12.241825	14.196714	14.609498	16.634425	17.200774	16.746319	16.448959	9.153554	13.965179	19.187122	17.016710	9.976234	13.581151	13.874892	8.979546	-4.143263	8.405320	11.074472	10.352587	6.414434	-0.894365	-8.653623	-5.984013	2.188797	3.804117	2.346287	-1.920875	-7.818244	-5.094715	-3.618863	-3.950215	-2.495989	-2.281226	-3.869710	-4.100266	-5.593752	-22.406332	-3.856827	-1.285803	-5.010400	-16.676972	-21.533295	-8.534241	-0.625224	3.640105	3.722808	-0.965358	6.020267	8.780079	7.170274	7.255343	7.422514	7.266255	10.761984	11.025868	7.458387	9.603780	10.137813	4.333449	4.618000	7.167201	7.906402	8.301867	7.930442	8.012149	8.215420	7.789099	6.055779	4.070875	3.245523	4.859681	6.776099	5.746236	1.766759	2.992993	5.524760	6.549635	7.133707	6.887532	6.765494	6.219828	6.042195	7.595400	7.660321	6.168375	5.294345	5.544399	5.901427	5.660569	5.272569	6.190479	7.271513	7.238867	6.991617	7.465427	7.407940	5.575795	3.569470	4.785293	4.627219	1.195383	-2.763076	-4.675253	-11.204360	-20.420508	-12.637030	-13.799233	-14.288851	-10.361349	-8.955070	-13.267673	-3.359515	2.251786	3.525679	3.363393	4.082110	4.757701	4.494823	2.736608	-1.261103	-7.650471	-12.724152	-14.829306	-14.708424	-14.416969	-18.395160	-28.517881	-22.325323	-19.589050	-20.284411	-21.243189	-20.258212	-22.975036	-23.636435	-20.462068	-21.838696	-27.169281	-35.489666	-34.522369	-22.213216	-16.469622	-15.420890	-17.703920	-21.736290	-23.098482	-23.070202	-24.504542	-24.772111	-23.940694	-27.519775	-30.850725	-20.982389	-18.891279	-20.177930	-25.275313	-29.992343	-22.976619	-21.759753	-23.365854	-26.694400	-34.916805	-34.148354	-26.442154	
19.710912	18.063588	12.614111	1.064749	-13.161082	-1.594273	0.593594	-2.501344	13.447867	18.959702	20.555597	19.543970	17.279936	15.445322	16.462046	18.495621	18.061506	14.524297	12.327278	14.738468	15.525218	16.824443	18.480303	22.690577	29.131287	32.619718	32.821278	29.566926	21.500615	-3.024398	16.052930	20.695281	22.755094	22.726549	20.426187	15.112086	5.840625	-0.736991	-4.088793	-1.013620	2.793168	9.849541	13.889008	14.844483	13.017509	9.140981	4.284739	-11.348538	4.575605	8.862431	8.627794	4.837406	-3.619528	0.014939	2.023156	-0.860492	-5.846135	-6.667909	-6.853231	-6.164350	-4.334560	-4.897751	-7.940374	-4.286732	-0.658793	0.351764	-0.909364	-6.428816	-10.915490	-2.462560	-1.499157	-5.386123	-10.790135	-1.514130	4.036860	6.558483	6.154771	2.167509	-7.864781	-10.474333	-5.306896	-2.361295	0.739438	2.089908	0.486912	-3.358699	-3.352000	-1.735601	-3.826103	-8.693072	-0.305680	2.961951	2.432899	-0.021920	-0.987175	0.504822	1.168688	0.109966	1.124063	5.408917	9.406377	11.730482	12.273729	11.261385	8.468963	1.846408	-11.509255	1.870454	2.068395	-5.514616	-8.269751	-3.374843	-5.815304	-10.871906	-13.795704	-12.750040	-10.098860	-9.141721	-15.980181	-11.169361	-4.325276	-3.687616	-6.472103	-10.392064	-12.584495	-14.961815	-18.468078	-15.216795	-9.009679	-6.034218	-6.367707	-10.807285	-28.656895	-16.199366	-11.920591	-12.883252	-32.632940	-8.263823	-2.163692	-0.013362	0.363584	0.078667	-1.213524	-3.160169	-3.859120	-5.806804	-7.980392	-2.199396	1.625685	3.036941	2.532788	0.169827	-4.134815	-9.775547	-11.437612	-11.444801	-15.533744	-17.777705	-13.620020	-14.361754	-20.982994	-28.778682	-20.762714	-15.948218	-8.866395	-4.686678	-3.589871	-5.323026	-9.279028	-10.355010	-8.852152	-9.317794	-10.027219	-9.264573	-9.595155	-11.232920	-12.393227	-14.431216	-20.990300	-30.158500	-18.306408	-15.204754	-14.652271	-15.455101	-16.673420	-18.186389	-20.156603	-18.612701	-14.909354	-13.455672	-12.623805	-10.377049	-9.330956	-10.696566	-14.208314	-18.393975	-19.742156	-21.266737	-28.588461	-20.763548	-19.798908	-34.132174	-18.385009	-13.282274	-10.358093	-8.981523	-10.017337	-13.966819	-24.720610	-21.391275	-15.631401	-15.629605	-21.173800	-22.764947	-18.986083	-21.443842	-20.150444	-19.213664	-23.983933	-22.634070	-17.419316	-15.945116	-17.857047	-22.773044	-20.974937	-18.351523	-17.441552	-17.939455	-20.038557	-21.098006	-20.039301	-18.360349	-16.786302	-17.066220	-21.256323	-44.616849	-23.410713	-21.422538	-25.358983	-37.976344	-39.383409	-30.642474	-23.456581	-18.752546	-15.741430	-14.800319	-16.224613	-19.767349	-23.850558	-24.878020	-23.223077	-23.881023	-28.193259	-32.260450	-30.494292	-30.220758	
19.706951	17.928671	12.044674	-0.522324	-12.527707	-2.372632	3.921646	5.738963	10.582577	17.116827	20.138224	19.823125	16.482682	11.296567	12.394522	16.665219	17.482415	13.923409	8.618749	11.710876	12.849812	12.868217	10.599812	18.444440	25.319722	28.490494	29.049075	27.571616	24.370780	19.518047	13.136702	9.303089	11.368924	11.068661	9.100217	7.209443	5.435633	3.492341	2.506916	3.621479	5.759549	8.769873	10.599332	10.266827	6.583370	-3.384397	-0.714652	2.318984	4.127172	6.645176	7.642581	6.790620	4.782448	2.625822	0.347593	-3.381885	-9.561902	-15.028730	-18.953560	-23.527094	-14.788511	-9.213605	-7.005663	-7.499952	-10.701639	-15.115851	-14.336649	-9.145277	-4.804801	-2.364729	-1.548050	-2.913775	-10.115440	-8.316877	1.043736	4.007364	3.404125	-1.191853	-13.166975	-9.142737	-8.821847	-8.879397	-6.506939	-6.874591	-8.887759	-9.633817	-8.658599	-6.886260	-5.364966	-4.321017	-2.852516	-1.110397	-1.236921	-5.988085	-16.811405	-3.848706	-1.091337	-2.213712	-12.133327	-4.690886	2.116431	3.136261	0.573170	-2.479973	0.970429	3.599080	4.065036	3.159277	1.533268	-0.546200	-2.694064	-5.431263	-10.436840	-15.553671	-16.415720	-18.836760	-18.835182	-13.825379	-9.129076	-6.289686	-5.565789	-7.196801	-10.525337	-11.046109	-10.914865	-13.438030	-14.532423	-11.138187	-9.615672	-10.383666	-10.926952	-10.531645	-10.843888	-11.643701	-12.482258	-13.959980	-14.358249	-10.625248	-9.308590	-13.045439	-37.944866	-13.141078	-7.876131	-5.019121	-4.323328	-5.595733	-6.498973	-5.696872	-4.085667	-2.710898	-3.174787	-5.967791	-10.639816	-12.930543	-10.611606	-9.240501	-9.429671	-10.908680	-13.869980	-18.389341	-24.364322	-33.221003	-32.210526	-21.510273	-13.923621	-10.233233	-8.719920	-8.870343	-10.404678	-10.969283	-9.695616	-9.117194	-9.622111	-11.105715	-14.554505	-20.974161	-19.314361	-16.627553	-17.873156	-23.319889	-25.924314	-21.016724	-20.523564	-23.776473	-29.310218	-23.411817	-19.866452	-18.233338	-18.209950	-20.118500	-19.895431	-16.036142	-13.692648	-14.479680	-19.632751	-34.884121	-30.544908	-38.669411	-22.181454	-16.595896	-13.296099	-11.961549	-13.642296	-17.761342	-14.141051	-10.207263	-9.229533	-11.134076	-17.068039	-48.718255	-20.709716	-17.328992	-16.571031	-16.559183	-17.010074	-18.484196	-20.236683	-20.224053	-19.593702	-18.164219	-16.685379	-16.625702	-17.720066	-18.566183	-16.964408	-14.390911	-13.495516	-14.449527	-16.010666	-16.768584	-17.562175	-19.233033	-19.351529	-18.140032	-18.780089	-21.666566	-24.463478	-23.828087	-23.686416	-26.470009	-31.439012	-28.464911	-23.824643	-19.370036	-16.310487	-15.464960	-16.979801	-20.950790	-27.330693	-30.336113	-25.427069	-23.180475	-23.762562	-25.188952	-25.784151	-27.018068	
19.718642	18.018901	12.474156	2.004426	-2.545712	5.286032	8.836511	9.410823	12.772246	16.484754	17.654815	16.038166	10.760580	-21.737924	9.831380	14.533381	15.460364	14.326744	12.760072	12.638200	13.894485	14.665234	13.697980	16.540966	21.439626	22.706376	19.319366	9.703988	16.261754	17.237325	13.326586	6.005259	1.157083	0.463982	-1.783919	-0.120607	1.941026	4.714597	6.192186	4.524660	0.186757	-1.919246	1.539290	3.942344	4.049936	2.600476	-0.295204	-6.078807	-4.160426	0.305878	1.964827	1.034142	-2.872687	-3.334781	-1.221588	-2.006702	-4.263249	-6.427230	-8.209353	-8.413544	-7.132357	-7.047866	-9.021137	-11.712255	-14.261359	-19.591362	-24.582035	-13.410751	-8.990678	-6.997535	-7.038945	-8.588725	-7.452471	-4.445810	-2.700312	-1.493066	-0.335677	-0.342806	-2.078050	-5.124105	-8.046993	-8.226872	-7.205312	-8.871996	-12.560665	-10.091389	-12.123296	-24.164530	-9.643911	-9.491642	-15.328664	-8.107106	-4.137742	-2.709159	-3.278336	-7.606740	-18.437956	-5.651275	-2.484749	-3.566410	-8.127919	-11.277454	-8.159712	-6.210720	-6.161294	-8.122533	-6.878418	-3.394527	-3.492553	-8.948760	-15.691291	-7.671741	-5.970512	-7.072564	-10.525444	-16.544305	-14.782849	-10.643273	-11.421893	-18.017142	-15.390135	-11.728140	-11.685841	-11.564932	-10.162646	-9.334789	-8.794105	-8.304401	-9.381993	-11.877773	-12.293165	-12.560434	-16.420319	-15.617349	-10.947535	-9.816826	-9.980576	-9.826479	-11.389108	-18.501504	-24.418388	-16.033205	-18.864317	-23.118899	-10.360475	-7.341157	-9.052446	-14.410259	-13.675803	-13.942846	-19.107577	-21.281239	-20.346023	-18.682883	-17.384232	-19.699929	-21.839964	-15.478241	-14.121787	-16.781798	-18.212311	-16.200982	-14.153818	-12.612238	-14.221262	-21.194853	-18.038243	-15.268523	-16.254813	-17.252177	-17.339147	-20.339997	-24.181718	-15.946440	-15.132224	-22.579330	-23.632374	-16.861532	-16.558639	-18.159848	-19.720268	-21.569637	-26.727998	-30.405183	-20.882574	-17.210977	-16.080262	-16.580216	-18.996363	-26.139071	-28.187243	-21.512143	-19.703788	-17.217993	-16.321632	-19.087875	-26.199517	-34.709231	-18.179961	-11.963078	-9.639530	-9.924467	-12.368681	-16.923234	-19.215852	-14.736317	-12.081395	-11.752161	-13.392956	-17.018206	-24.104437	-26.455686	-18.960363	-17.790602	-21.921638	-36.488970	-34.369550	-30.278577	-20.840495	-18.772480	-22.342763	-33.279326	-24.732284	-26.683700	-22.390360	-16.118426	-15.437631	-19.882958	-28.605130	-24.965138	-24.206748	-24.053827	-22.603946	-20.307387	-21.615903	-28.882584	-43.717586	-31.968399	-23.202436	-20.464773	-22.255597	-28.455892	-26.708063	-26.382906	-28.538950	-23.014638	-22.829059	-31.364074	-32.847935	-32.648251	-33.106073	-22.842242	-21.026099	-23.568351	-30.358636	-29.627041	
19.784706	18.073242	12.567299	2.522383	-1.603465	5.459513	9.560935	11.070877	11.927436	12.089504	10.556093	8.424967	6.990577	2.060780	3.614915	10.676381	11.980091	7.765258	-5.230218	6.170460	5.605960	-2.763159	4.067454	12.205500	17.295549	19.575445	19.347473	17.088463	13.651979	10.484413	7.775059	2.278924	-11.746296	1.151577	4.144656	4.984457	5.425646	5.322122	3.647312	-0.844653	-10.939126	-7.681741	-1.984755	-0.432701	-2.900630	-6.538064	-1.710929	-1.247426	-6.694435	-18.410965	-6.635328	-4.141140	-3.990006	-4.462643	-5.589664	-9.387150	-11.882420	-6.546670	-6.567214	-13.625170	-11.704981	-7.981263	-9.997146	-14.464794	-12.911892	-10.534941	-9.927521	-12.054337	-18.077425	-13.402927	-10.040249	-9.127403	-7.897317	-7.494498	-9.706091	-9.383449	-5.257617	-5.242411	-11.751747	-16.810082	-10.132636	-9.946419	-6.851075	-4.293281	-4.573038	-7.343313	-10.882360	-10.298059	-7.166131	-4.976554	-4.678702	-6.834907	-13.953413	-14.228942	-4.852804	-1.487260	-1.050949	-3.216136	-8.557267	-15.356999	-13.104957	-11.150191	-10.198227	-10.781269	-15.088619	-27.865855	-12.987740	-6.805340	-4.355272	-5.315964	-10.582779	-21.908628	-14.254720	-10.594316	-8.581292	-8.333861	-10.631034	-15.603078	-16.022501	-12.833870	-11.032098	-10.924785	-14.017571	-26.175328	-13.291876	-7.357891	-5.312386	-6.209491	-11.042778	-21.226024	-11.257874	-8.153235	-8.463089	-11.878100	-17.105349	-11.319352	-8.113158	-7.861581	-9.134488	-11.376318	-15.473046	-24.894537	-18.424626	-10.849917	-8.083462	-8.875107	-12.618439	-12.987300	-11.575785	-13.313224	-17.725862	-22.845513	-24.421246	-20.789836	-16.607882	-13.866132	-12.019906	-10.894969	-11.543712	-16.233021	-25.528107	-12.804687	-9.128304	-8.658264	-10.315007	-13.822887	-19.205991	-19.969084	-16.244254	-16.268438	-22.830264	-19.796600	-12.212616	-9.387795	-8.770238	-9.469582	-11.251010	-14.994250	-21.808995	-17.477022	-13.958967	-14.126316	-17.517467	-21.975222	-15.624462	-12.021174	-12.370072	-16.081658	-16.496040	-13.890509	-13.769611	-15.538428	-16.877839	-15.126750	-13.464078	-13.531460	-14.425939	-14.022411	-12.283570	-11.466900	-12.697720	-15.654498	-20.374194	-33.669748	-22.151697	-16.581502	-16.117322	-23.635419	-22.767077	-16.056034	-16.531975	-20.523674	-24.434014	-20.799455	-19.147255	-20.901817	-23.842382	-25.336003	-21.545772	-18.426664	-18.526986	-21.537639	-26.515199	-30.582582	-25.441130	-18.952274	-15.213757	-13.973728	-15.336631	-19.241319	-20.875497	-18.775196	-18.346224	-18.840726	-19.571832	-21.364355	-23.127542	-22.245273	-20.905303	-20.630537	-21.485008	-22.882552	-23.854935	-24.220332	-23.484328	-21.652075	-20.283427	-19.999370	-20.283662	-19.835438	-18.619474	-18.224700	-19.591648	-23.004173	-28.436900	-36.122749	
19.872271	18.117546	12.332749	0.596821	-5.414102	2.345471	4.641353	0.713338	2.196526	5.601083	3.863199	-1.443707	-2.271961	0.669577	5.495430	8.725600	9.883723	9.351113	7.660654	6.184046	5.776494	6.176254	5.263175	7.418472	14.824883	17.509634	16.121669	10.765787	-1.573526	-1.896714	1.181928	-6.901411	-0.475552	0.784441	-4.449665	-5.210056	-14.169393	-1.206335	3.062361	-0.718456	-13.517708	-7.162312	-5.957945	1.463766	4.305821	2.258590	-4.769887	-3.145803	-4.244968	-26.948583	-3.481849	-3.375880	-8.653407	-1.245143	-2.033911	-21.337177	-2.507539	-1.172358	-8.376030	-8.961385	-0.940754	1.043772	-1.607244	-11.977135	-6.806571	-9.117654	-7.732429	-2.617578	-4.927810	-11.990082	-2.796122	-2.910319	-13.800124	-3.591139	-3.362209	-18.234356	-0.984046	0.815094	-4.773094	-13.449458	-2.321574	-2.851210	-21.777409	-2.137841	-1.101654	-8.771441	-12.382593	-8.254121	-3.345117	-6.473499	-16.039432	-5.329274	-10.117033	-10.416285	-2.841524	-4.064826	-4.895139	-2.249995	-4.262919	-9.798116	-16.218213	-14.158697	-12.054670	-12.812458	-8.403339	-5.118852	-4.325544	-7.301981	-8.234408	-4.632336	-6.894364	-20.743307	-13.936779	-14.160777	-8.164747	-4.263309	-6.995209	-14.472713	-10.953217	-6.068360	-7.290625	-19.988654	-6.678260	-5.161422	-9.583190	-5.106364	-2.778595	-9.849774	-10.378994	-3.520898	-4.239299	-12.399793	-5.934692	-3.182294	-6.001664	-21.603229	-7.687220	-4.815073	-6.470484	-3.486170	-4.578602	-15.694593	-6.691263	-1.948262	-4.204566	-14.712346	-6.338703	-3.492785	-3.097806	-8.195576	-11.940873	-7.126941	-5.503045	-2.779065	-3.587725	-7.707209	-3.614603	-4.290818	-15.035634	-4.924326	-1.812129	-3.697276	-11.206221	-4.000428	-4.011117	-8.026621	-6.020088	-5.764950	-7.901403	-8.619096	-3.922143	-3.387231	-11.238033	-8.731140	-3.795965	-9.869097	-7.518687	-3.098535	-6.001612	-16.794294	-8.293997	-8.307728	-22.301275	-7.920028	-4.128350	-6.318148	-13.935469	-6.316874	-4.651269	-9.487224	-18.284022	-8.803843	-10.958457	-29.443622	-12.667245	-17.415386	-16.893934	-13.613768	-18.384520	-10.715981	-10.807613	-16.493557	-19.591313	-17.158338	-12.049720	-9.346675	-9.873774	-13.735438	-15.598345	-12.178501	-12.180737	-16.460765	-22.620448	-19.671968	-15.684716	-17.307163	-28.023089	-32.051738	-21.988570	-16.197995	-15.145115	-16.429351	-18.226207	-19.260301	-21.167987	-29.764694	-18.352363	-15.066859	-13.415785	-12.422588	-14.541631	-22.928363	-33.043285	-30.067469	-28.034250	-22.579454	-25.123074	-29.570603	-29.844255	-32.653924	-30.422292	-35.085266	-31.813096	-26.400426	-28.868084	-28.795242	-21.804201	-22.128080	-30.896194	-22.528089	-19.106899	-20.640363	-25.169313	-26.848223	-27.330083	-30.731186	
19.851566	18.130370	12.549643	1.413490	-7.060169	-0.738965	3.201466	6.838843	9.998323	10.819162	7.798305	-2.212610	2.970241	3.668643	6.732548	9.716741	7.537920	4.814116	5.084143	10.595673	15.035344	15.707734	16.342464	17.717400	21.071244	25.091773	26.829155	26.655900	26.442600	27.200698	27.945629	28.460479	28.884902	29.075043	29.024622	28.895296	28.708580	28.224838	27.235565	25.884836	24.460384	23.021501	21.295330	18.401201	13.949454	13.064523	14.722508	15.768089	16.853433	17.353340	17.176712	16.540346	15.523389	14.641541	14.827859	16.240156	18.235896	20.174019	21.722448	23.064059	24.373815	25.325801	25.669785	25.562433	25.239112	24.749350	23.996347	22.799354	20.991580	18.338204	14.009852	6.411387	9.716746	15.616377	18.972285	21.135732	22.743601	23.884038	24.510967	24.872270	25.204599	25.427694	25.502945	25.513621	25.376321	25.009555	24.572177	24.189226	23.801247	23.456975	23.296520	23.278221	23.226814	22.957618	22.325443	21.450019	20.533760	19.323410	17.617764	15.986324	15.345376	15.950677	17.415281	19.100666	20.547521	21.919142	23.330802	24.374610	24.942667	25.263279	25.270762	24.784314	23.887078	22.736472	21.373303	19.878755	18.622000	18.154651	18.563118	19.334651	20.016841	20.585311	21.156544	21.699824	22.161561	22.495959	22.594693	22.459959	22.214514	21.756128	20.852170	19.505955	17.719205	15.145995	11.483863	7.347010	6.538544	9.736765	12.395640	13.837487	14.492640	15.048063	16.029761	17.174051	17.845350	17.847437	17.328620	16.169777	14.328870	13.733429	16.350745	19.835316	22.938253	25.486971	27.478304	28.996857	30.130312	30.914486	31.415510	31.715318	31.788613	31.579479	31.123350	30.438978	29.451071	28.102411	26.350713	24.072887	21.069042	16.762280	8.959694	7.239296	14.601214	18.276167	20.506597	21.762250	22.336536	22.554444	22.814428	23.584000	24.889373	26.281408	27.424512	28.215555	28.537521	28.370124	27.912324	27.257746	26.339369	25.309205	24.475169	23.946534	23.679599	23.593014	23.520772	23.382758	23.232945	23.094449	22.986488	22.871008	22.529429	21.716304	20.363695	18.626956	16.538325	13.370894	7.558185	0.504703	6.737953	11.138661	13.392867	14.157464	14.211939	14.034927	13.468079	12.381257	11.019032	9.550288	7.668662	5.190091	2.801781	1.090296	-0.271552	-1.243715	-2.133411	-3.648160	-5.949927	-7.159557	-7.309324	-8.665774	-11.566286	-16.242219	-21.764737	-24.115976	-24.826852	-24.661320	-24.836212	-25.577426	-25.958554	-25.488695	-24.398355	-23.721463	-24.087974	-25.151400	-26.432596	-26.534768	-23.694745	-20.262756	-17.825441	-16.479818	-16.587953	-18.498473	-21.514361	-23.797312	-26.114394	-27.834515	
19.847554	18.158294	12.616612	1.199147	-6.551703	1.268102	3.464221	4.368319	11.837213	15.992175	17.140071	16.360553	15.156854	15.406115	16.990122	17.875640	17.283881	16.561013	18.215197	21.372761	24.316840	26.447688	27.806071	28.761046	29.590314	30.229007	30.436167	30.450067	31.057614	31.970496	32.114215	31.422738	31.777422	33.765033	35.122919	34.920502	33.164735	30.915319	30.754654	31.770109	31.774890	30.297122	27.421874	24.238668	23.583834	24.924003	26.119588	26.546787	26.077674	24.728232	22.241634	17.244779	1.487200	11.730541	13.643853	9.582475	16.265053	21.340119	23.987419	26.171819	28.098642	29.199459	29.434158	29.288930	29.093459	28.504554	27.174940	25.804137	25.798517	26.333213	26.123783	25.272582	24.332856	23.439808	23.353095	24.740248	26.039051	26.579214	27.187260	28.216848	28.710425	27.938690	26.210617	26.070278	28.019175	29.054136	28.069064	24.692891	21.426271	23.988472	25.767850	25.720687	25.453148	26.097981	26.708415	26.425505	25.068244	22.418505	17.458763	6.827264	13.965743	18.628102	20.169022	21.016248	22.994970	25.916582	28.768894	31.104052	32.668669	33.226595	32.534046	30.271798	26.110934	22.308300	23.394330	23.143857	18.015927	5.616324	20.096425	22.911921	22.877704	22.072139	21.075306	20.848287	23.521340	25.785325	25.934232	24.567284	24.340215	25.497210	25.303296	22.727864	17.659348	15.295769	16.631065	15.670518	15.081007	17.866701	19.632329	18.891138	14.499026	-1.503613	15.481787	20.826541	22.876514	22.653815	20.303083	16.999137	14.986243	12.079081	18.446183	24.411557	27.336840	28.744523	30.174077	32.346252	34.559810	36.151204	36.877953	36.665713	35.625100	34.486847	34.565286	35.453341	35.653414	34.463507	31.663727	27.531227	24.093838	22.845443	21.917158	21.474912	22.496267	24.805495	27.281479	28.942726	29.201494	27.354290	21.097764	13.466338	26.759177	31.566706	34.274214	35.715540	35.997342	35.103549	33.088163	30.325820	28.067189	27.618968	27.927225	27.600252	26.589754	26.968094	29.673157	32.238760	33.709055	34.027520	33.171883	31.054617	28.074759	26.973444	28.378934	29.080554	28.216797	25.875957	22.719790	20.655413	21.283746	23.322553	24.708439	24.304899	21.062267	10.428826	14.711293	20.723864	21.633815	19.568128	14.276577	1.583985	1.023957	3.999384	-1.467779	-7.595906	0.662000	2.045503	0.487914	-2.945305	-7.744246	-16.578999	-19.716032	-11.787056	-12.122876	-16.899548	-22.298635	-22.362165	-21.441949	-21.864468	-25.124137	-26.519598	-26.074446	-28.490906	-26.595885	-26.184378	-31.045547	-28.569903	-27.598973	-35.762653	-19.988520	-15.210167	-14.964944	-18.409926	-22.755590	-21.405478	-21.328865	-23.986686	
19.786693	18.082416	12.415805	-0.589272	-7.888108	-3.413575	5.418341	11.555843	15.813460	17.936946	17.367947	13.658277	8.647628	-1.190398	11.287514	19.551175	22.363002	21.564844	15.051025	12.748299	23.046449	26.203021	25.963895	21.689586	16.535115	22.109611	22.317878	16.235572	14.393922	25.020465	27.490288	25.195995	24.550522	29.658404	31.458362	30.074452	25.959237	19.420753	21.537805	26.930650	27.739638	26.098496	23.815613	18.662111	19.385930	24.115863	25.186773	23.855541	18.666015	15.753153	20.595938	19.522466	13.030346	11.852670	16.661553	19.754454	21.177219	18.920562	9.584274	17.270105	22.950516	22.708622	12.007743	17.645414	21.051871	15.165947	13.312824	16.651764	13.652172	24.164022	27.920548	26.805451	20.045260	9.085825	3.548446	15.780157	20.525431	16.330694	12.723138	19.526735	20.811670	19.681244	14.865729	12.178577	16.554546	23.171120	25.576358	24.218995	21.083980	18.803398	17.301801	12.743718	6.904308	14.614305	16.064899	19.139437	18.353993	9.133334	15.575986	19.675112	19.703077	15.516387	10.406095	15.572274	12.142111	22.125606	24.297297	17.904207	26.652773	30.732309	29.570527	24.632220	20.943696	19.913868	21.604404	24.012913	24.572511	23.806460	21.953408	18.810424	13.792520	10.677523	16.319381	18.941536	22.701312	25.038474	23.976213	20.063703	19.599957	22.144302	22.243681	18.966304	11.404362	4.268102	12.357889	19.472785	22.662868	22.409655	17.624663	-2.910675	16.577437	19.932396	19.657530	15.571815	11.639943	16.931950	19.015049	18.113127	18.023279	23.121763	26.447553	26.481306	21.492873	11.865872	20.867413	17.296471	23.410161	29.026284	29.836107	27.288392	22.454807	17.012473	12.521220	26.790108	31.184764	31.767810	29.026712	21.681079	15.963003	19.608890	18.809764	12.798881	11.186845	20.626683	20.832957	19.069268	25.162221	28.043302	27.986108	26.029778	22.755866	24.151718	28.492076	31.103897	31.500228	29.027234	23.706240	20.151674	15.106416	16.582515	18.702794	10.396767	16.107986	16.707445	25.945703	31.332017	32.178680	29.795312	28.931656	30.055705	27.937403	26.365801	29.173899	29.255517	27.858013	27.238859	24.449750	12.058055	18.697948	22.627534	22.609280	25.204281	27.307521	27.589892	27.382940	26.732715	24.636188	20.960898	16.638265	12.374459	8.536063	4.917907	0.906953	2.399103	5.323311	6.041327	3.594701	-0.687672	0.396422	1.192607	-0.346989	-3.440079	-8.680386	-16.668979	-14.048027	-12.736282	-15.241219	-20.413618	-24.770652	-28.537590	-36.252324	-49.283735	-40.200126	-28.967913	-24.144056	-22.914817	-22.669340	-20.717834	-17.893524	-16.063845	-15.817211	-17.302137	-19.480721	-20.731577	-23.528645	-30.202527	
19.670154	18.031255	12.523970	-0.890431	-8.525940	-7.121942	5.159023	7.183254	6.116616	12.508105	15.634581	14.149439	8.810081	9.867985	14.751079	19.907282	22.481352	22.288452	19.930232	17.094359	15.710980	17.119591	20.667759	21.160584	16.137247	6.972046	20.491701	22.623403	18.079589	23.818793	29.578842	29.964962	24.235274	15.085944	25.985447	26.345096	22.247939	19.716265	25.470883	27.611137	26.076566	23.172562	25.339992	26.459825	23.053085	12.434779	20.831535	21.642312	15.112443	11.219656	21.512404	25.094603	26.120439	26.702117	27.987505	28.544738	26.954630	21.940609	14.118056	19.229483	22.168546	24.453813	26.103942	25.985374	23.653872	18.847849	10.445073	14.937824	23.161868	27.159625	28.876481	28.806911	26.981786	24.374933	23.210863	22.295512	21.046161	21.009542	20.234059	15.678874	10.919401	16.789825	18.423703	18.440092	20.406236	24.281599	26.009377	24.670755	20.153343	12.517237	13.865375	19.571383	21.082236	20.006255	19.195318	19.041782	17.885987	17.514083	19.107776	20.501725	21.009027	21.567332	22.142580	22.537185	23.816346	26.853542	29.720232	31.621121	32.130056	29.925254	22.877647	13.710451	18.776750	24.123696	25.539056	20.359454	12.304206	22.385227	22.256755	16.647375	15.841702	20.084849	21.119047	22.111649	24.579446	25.844408	24.070427	16.447623	11.134352	19.200224	19.233462	16.302839	12.006249	9.699820	8.505882	10.914328	20.553833	24.272918	24.863959	23.857925	22.326294	20.826211	19.855134	18.523766	16.086365	10.823360	4.845390	18.139490	23.439202	26.275731	26.268957	20.697559	15.805845	26.050326	28.639918	29.121757	27.544334	21.484659	16.741959	22.683327	23.000314	23.038351	24.799997	23.545079	15.539531	20.974832	25.756404	26.302808	23.566485	17.414142	18.622506	21.444598	20.861052	18.013444	15.359217	16.579131	20.948298	24.672467	26.119234	25.177840	22.053971	15.366006	10.185451	20.771332	23.784962	23.305161	20.181432	16.855064	16.106196	14.605467	17.878372	21.190754	24.415706	28.059714	29.730745	28.922576	25.917315	21.999975	21.645101	26.033011	29.660370	31.095594	30.316872	27.398110	24.281702	27.098457	30.121855	30.870700	29.468220	26.365886	24.583704	24.520518	23.473369	25.303712	27.146506	25.973613	20.998112	7.552360	12.028349	14.349208	10.567274	-0.841658	-9.188760	-8.063774	5.520299	9.537673	10.018114	8.292707	4.902474	0.387743	-2.826372	-3.331305	-3.941964	-5.196481	-6.728955	-8.836997	-12.585681	-19.914736	-26.599243	-23.299610	-24.022658	-25.955876	-30.399052	-33.377620	-28.684525	-28.134733	-34.417918	-30.432051	-25.283020	-27.119166	-23.222589	-18.441463	-17.885206	-20.618227	-25.533625	-29.624409	
19.684331	17.902473	12.299017	2.519369	-7.804006	-22.228574	-0.727608	7.272505	11.546509	15.983631	19.431487	20.544991	18.758972	14.150774	14.565454	19.406673	22.214519	21.751005	17.355432	9.880188	9.156486	15.391406	22.553140	28.034280	30.862226	31.693029	30.967338	28.066868	25.028869	31.277569	35.181514	35.892441	33.884304	28.824551	14.538412	21.476834	25.050741	20.474240	18.738024	27.495672	29.481955	27.453339	22.194694	23.565045	25.998160	26.488209	27.704158	29.530498	30.589862	31.040638	30.715719	27.927996	21.115012	24.761028	27.666718	27.866901	28.511956	29.005465	27.719305	23.793114	19.178424	23.900759	26.843053	27.052756	25.362429	23.527231	23.664433	24.760662	24.242921	19.130498	18.120497	24.929456	26.614616	25.670908	23.268590	19.058844	12.143680	17.067555	20.834404	21.678839	20.216472	14.897472	-2.257806	15.983646	19.823453	22.494735	24.183349	23.379146	19.103392	10.712588	18.524072	23.367525	24.800153	23.402878	19.804345	17.819278	14.778472	12.102597	16.993292	14.532175	10.197903	5.130423	17.046613	24.037905	23.553099	23.887329	31.692050	35.587761	36.706474	35.627010	32.848638	30.306970	28.989267	27.228583	26.226150	26.182871	25.352714	23.644704	22.506595	22.996359	23.128559	21.261387	16.532941	15.958852	19.769507	20.244154	20.750457	22.710839	23.044042	20.819614	14.790846	11.017886	13.560577	9.935277	10.094246	16.951864	22.109327	24.259111	23.454131	20.347084	15.652322	0.992896	12.669979	17.069110	17.383242	17.820942	18.777889	17.654020	10.391650	15.704410	23.485272	27.588133	30.478588	32.939915	34.458074	34.528597	33.051600	29.858076	23.644368	12.926523	25.998136	29.618627	29.450442	26.382789	19.786873	-0.451807	19.797539	23.382538	23.735426	23.426873	23.474773	22.583085	19.335055	11.866896	10.268472	11.103312	13.144148	21.442897	24.142849	22.765494	17.720449	16.101041	19.367088	20.189795	18.810707	16.216992	13.995887	12.452007	13.586602	14.665369	18.808480	23.975951	26.297641	25.686423	22.790723	20.583562	17.873536	3.897181	13.500672	17.534358	21.286896	23.381730	22.903906	22.400060	22.764299	24.872007	28.597284	30.786172	30.945442	29.530541	27.117662	23.682519	20.530287	21.377603	21.563180	19.281141	16.039484	14.803646	14.484235	13.530726	12.000251	9.936403	7.679085	6.848394	7.403857	7.743070	6.620388	3.215656	-2.307052	-8.340722	-14.671066	-14.432116	-13.802152	-19.772255	-15.714369	-10.887249	-11.100577	-14.571275	-18.576868	-19.474313	-20.159446	-22.228037	-24.973767	-26.833546	-29.958837	-30.855386	-25.818918	-22.424483	-21.788948	-22.169460	-22.684591	-23.757929	-23.285715	-24.040705	-27.627510	-28.927344	
19.761638	17.943806	12.188480	2.382371	-1.374253	4.993675	9.574122	14.802641	19.195407	21.146158	18.924287	-1.356234	20.715460	24.642487	23.371576	21.644708	25.652070	27.495159	26.872502	25.054204	24.450735	27.047402	30.205499	32.704537	34.860845	36.377593	36.442557	34.958972	34.074385	36.069946	38.389713	39.327787	38.378555	35.425912	30.736826	24.556585	18.542958	23.380882	27.648825	29.956510	30.242454	28.656474	26.578132	26.469589	27.404759	26.181532	26.696141	32.665394	35.294733	34.645838	31.645185	28.719296	27.726177	27.203418	24.592838	19.745617	22.413566	25.512612	27.793850	28.233235	25.522127	17.212530	18.956434	22.693187	20.476749	14.881928	18.404733	22.514866	24.533413	24.181216	20.911219	8.668699	17.135124	21.120384	17.713483	17.527553	23.193960	23.544843	18.672791	14.878833	22.121265	24.007067	22.341851	17.046835	11.277032	16.651511	22.415202	23.999598	19.781950	17.015808	24.889385	25.456545	19.073969	17.015565	22.772404	24.223734	27.160519	28.931066	28.446793	26.318744	24.074525	23.039689	23.415598	27.080429	31.380519	33.667497	32.561245	25.411466	31.231133	36.043182	35.872344	31.268763	20.164468	18.217217	15.073864	25.040860	26.597278	22.345053	18.858089	17.280808	10.972376	17.856714	14.866320	14.735774	19.802216	18.998163	18.467988	21.652871	23.713825	24.408506	23.897416	22.298352	19.816282	17.598405	17.792257	17.550793	16.903142	19.957283	20.821707	17.122805	15.840716	18.738322	16.286130	10.335790	10.987642	13.791231	20.015227	21.883890	19.601195	4.081300	19.526439	23.832125	26.045814	31.000303	32.785329	29.483430	19.180079	29.248259	32.087718	32.183279	31.375185	29.905107	27.662344	24.983308	23.301600	23.219213	23.234449	21.589726	16.594419	14.763383	18.777679	18.910110	14.341395	2.811226	16.097601	20.819982	23.232611	23.500606	21.088901	15.261870	10.392287	14.708457	17.906435	18.282326	14.744958	9.765644	10.303218	9.098307	3.024851	11.819046	19.208559	21.336249	20.002890	16.661698	13.773087	12.563084	15.714310	16.223853	13.670910	12.670640	16.151641	18.916313	19.441620	18.136586	17.113588	20.697106	23.151795	23.457269	21.628175	13.905855	13.800307	20.196661	19.745843	16.690435	14.051841	10.230183	4.226011	1.507886	0.706596	-7.920726	4.574877	7.463255	3.948566	-8.556054	-3.947048	-4.272705	-3.484190	-4.377480	-11.899191	-17.900547	-17.329383	-32.171811	-15.709987	-13.649528	-14.445580	-15.894059	-17.549168	-21.564165	-24.943958	-22.404766	-26.753006	-32.508025	-21.589523	-19.350835	-19.267567	-19.803259	-20.802289	-22.211554	-22.200395	-20.714055	-21.030780	-23.126762	-21.924646	-19.948334	-20.477728	-24.313060	
19.865717	17.995023	12.099235	3.503364	2.705596	11.732518	16.449776	17.290609	14.026147	5.361468	19.604638	26.139899	30.339927	33.059634	34.072122	33.141953	30.237837	25.709799	17.039399	21.117486	29.564486	31.528346	28.022929	-4.356211	26.319129	29.634181	32.914830	34.268783	30.478675	23.541847	33.587784	35.656226	34.096021	31.389942	30.585445	29.589742	28.066347	28.626445	26.955531	20.106835	26.540870	28.224607	22.442194	21.459408	27.957383	28.832161	30.290847	33.838235	35.304099	33.688665	28.682277	25.573717	29.809162	31.600264	30.216805	24.569594	9.987615	17.031914	17.411924	22.806369	25.413789	24.640475	21.928918	18.756195	19.144325	20.595601	16.691734	17.497878	24.629846	26.244063	24.666451	21.949389	21.820406	23.913585	25.203896	24.854381	23.667287	23.077804	23.080937	23.729255	25.351038	26.533088	25.941157	23.082556	18.617271	19.937297	25.933186	29.703831	31.428098	31.704449	31.060464	30.307717	30.080610	30.601677	31.802857	32.532010	32.403880	32.044750	31.150949	28.196060	20.861591	18.454699	19.774485	19.107404	30.222546	35.191518	36.841472	36.492952	34.547749	30.505676	30.609137	32.942944	32.208354	30.892285	31.958095	33.705953	34.525651	34.033747	32.345525	30.072121	28.178823	26.512880	24.429097	22.547210	21.720515	21.353474	18.285942	9.772601	17.039192	17.589310	13.788994	17.227529	18.607830	17.338582	16.299859	14.695658	13.524923	16.900365	20.549216	22.783691	23.951728	24.625801	24.900655	25.030907	26.366176	28.299866	28.736358	27.350264	26.134284	27.374873	28.756756	28.984396	30.198990	31.853631	31.770104	30.338545	29.301443	29.528380	29.961579	29.093984	24.662907	-6.509970	21.258762	21.758422	19.916622	21.593465	18.801353	10.062551	19.138087	20.989304	18.118070	7.592319	10.846382	18.089003	21.201675	21.814287	19.873614	16.666202	15.072487	13.192403	11.873047	15.135787	19.451239	21.742570	21.878824	20.365961	17.940040	15.855832	15.534899	16.064174	15.073630	11.393563	8.246246	7.830758	6.897812	15.214335	20.118117	21.304554	19.294517	18.751967	22.381203	23.596873	21.943498	20.246745	22.061274	21.917276	16.490902	8.096246	16.734070	17.642119	17.264164	16.728902	13.912939	9.534595	8.216371	5.474287	-0.805184	-0.894534	5.301418	8.187754	8.712034	7.560310	4.390378	-1.895733	-12.908190	-18.599271	-11.295007	-6.346006	-5.119655	-6.230059	-8.773431	-11.648482	-14.594146	-18.932854	-24.540335	-37.902121	-26.530862	-22.394926	-22.686690	-23.128136	-22.624263	-21.458476	-20.177242	-20.032595	-23.002243	-38.020456	-27.261589	-23.954708	-23.952145	-20.662397	-18.824708	-20.115487	-23.994342	-25.922894	-22.945535	-20.529900	
19.842325	18.076825	12.222192	2.756576	7.293324	15.979013	19.712227	19.806620	18.084755	16.962928	10.666935	22.181483	32.893269	37.490468	38.223518	35.133970	26.755807	21.440390	23.515518	27.733450	32.953381	35.230125	34.144626	28.193536	-2.577364	20.035319	28.847872	35.078819	37.116679	35.346348	26.365943	25.527837	31.087615	30.277299	29.538936	22.950183	26.720325	33.748851	34.602316	32.913374	30.064102	25.836428	28.813579	32.700108	32.935642	30.858390	30.611785	29.910362	27.765201	31.513784	32.582083	27.449951	23.157062	32.783547	35.038642	33.954951	30.306061	26.007446	23.201851	12.191285	20.574850	26.247275	26.060122	22.840344	20.643647	17.852416	16.175723	24.436875	28.286762	28.917020	26.496562	22.430877	23.555178	23.217518	16.298323	13.124167	17.127658	14.747861	20.399542	20.487930	21.397059	27.356101	28.362304	23.892459	12.330707	21.833729	24.192411	29.110278	32.721887	32.638312	27.228195	24.476817	31.492866	31.806243	26.926123	24.866802	26.332846	16.208137	26.503757	30.970794	30.413851	28.013820	26.868907	27.303325	26.397298	28.081841	36.624244	40.638675	41.262986	40.010747	39.207755	37.734113	31.487998	25.086110	32.558794	31.652865	30.035350	32.724655	32.151934	27.172936	28.056737	30.848213	29.273326	23.908937	22.709871	23.732440	20.577791	14.404825	15.870235	19.003596	20.513183	20.707368	19.637337	18.818235	20.345057	20.257079	17.100774	21.450273	23.101900	17.648792	22.002771	25.532601	19.502650	22.968518	31.860624	34.103882	32.343114	25.814761	21.583377	22.088338	26.141858	33.233859	35.676463	34.222846	27.595263	19.952345	24.641390	19.770059	10.363897	22.181734	25.969422	27.196268	26.621506	24.728647	22.360814	21.924814	22.099539	21.490241	20.254608	18.003161	16.771609	18.199858	19.292668	18.832751	17.417780	17.369177	16.454905	13.261984	12.269938	9.631277	6.842770	10.907150	14.952297	18.306165	17.957921	12.865617	9.730089	9.284772	2.161706	12.839009	14.367908	10.735315	6.225068	-5.682061	10.570746	16.902016	18.191103	18.632794	22.360763	25.639890	26.669710	25.285172	21.663469	18.689888	20.033971	22.430868	23.847614	23.389839	20.686998	16.363857	16.498985	18.435178	18.185617	15.973478	11.814028	4.976501	1.909777	7.146248	9.387966	8.436510	3.385413	0.551034	4.644354	4.261338	0.556062	-2.689020	-3.831433	-7.847628	-12.872978	-11.111732	-12.738280	-16.905291	-16.555995	-18.743079	-20.555715	-17.288791	-17.871326	-23.489845	-37.923291	-24.057931	-25.837306	-33.690145	-25.570601	-25.508441	-26.735720	-24.728482	-23.349631	-22.810553	-20.953410	-18.410054	-18.138233	-21.406820	-28.218359	-29.623015	-25.677121	-24.458221	
19.696019	18.069296	12.110564	-4.092650	2.108855	16.714963	22.445491	23.345500	20.691657	16.851336	12.714784	22.720270	34.320218	40.252047	42.524991	41.650592	37.430158	28.555732	19.606212	30.546247	38.232275	41.677656	41.724176	38.578853	32.317207	20.948603	34.734189	41.972524	44.970124	45.251351	43.649613	41.184147	39.015941	39.197837	40.663609	41.274100	40.764092	37.783113	28.842239	33.920497	37.380697	37.216717	37.400347	37.485830	35.566070	33.533144	33.827415	33.414093	32.849441	33.459127	33.027198	31.262058	32.144881	35.184942	36.746353	36.211665	33.641670	29.529363	26.184913	26.662653	29.305429	31.517919	31.972171	30.079034	25.145356	16.194710	5.798228	23.574474	29.523457	30.981452	28.402239	18.986412	22.718667	27.468641	28.273300	27.782494	26.144322	20.471728	19.482187	29.841100	34.386729	36.055489	35.259649	31.452776	20.946931	17.856914	23.421245	29.851166	34.820695	36.143259	33.659274	23.992622	28.751951	34.147683	35.290434	35.019691	34.291843	31.161247	14.711014	33.140831	37.985505	38.460868	37.156643	37.383416	38.211285	38.674097	36.134915	30.653807	42.971563	46.811099	46.523044	42.409066	29.775968	34.097749	39.562577	40.447056	40.265203	39.715757	37.424690	32.500041	21.232267	26.993687	34.340582	35.831494	33.828639	28.444964	17.558815	10.441603	18.898978	24.972685	27.159570	25.435242	17.516589	14.254604	23.977849	27.715092	29.930337	31.238762	31.646679	30.934419	29.071832	28.037691	30.494126	34.041022	36.395799	36.495576	33.544295	28.772408	30.787318	32.942957	35.675188	37.667484	36.671377	32.151409	30.206301	32.142144	31.380982	28.177957	21.531174	21.360374	24.337114	23.975919	23.913214	22.732729	19.266334	20.717621	21.026296	14.788540	10.504607	16.207815	16.122734	18.942793	20.342349	17.840491	13.529704	13.250536	11.434288	14.832529	19.137368	20.257619	18.822526	17.059792	17.467073	15.569291	5.190623	10.648830	15.550596	17.640540	19.771797	20.892301	19.969617	16.335783	10.080127	11.386621	16.517203	18.270449	16.885780	16.261298	19.432755	21.838483	22.266591	20.667037	19.304233	18.500448	10.996465	15.935134	22.477486	23.086974	20.270322	18.420972	19.154248	16.725063	6.550260	8.477719	12.140844	9.158970	2.538891	4.491685	6.168735	6.495927	6.656678	6.495212	5.859754	3.074940	-1.812950	0.740605	1.280763	-1.687232	-5.261680	-9.460784	-10.914334	-7.858742	-5.411565	-3.486268	-3.433722	-6.372632	-12.626439	-11.631411	-8.253531	-6.719018	-6.697608	-8.191905	-10.560610	-11.754577	-12.386086	-12.682529	-11.888606	-12.591820	-12.947867	-12.600674	-15.930258	-33.188337	-17.623558	-13.032798	-11.797911	-12.146779	
19.666151	18.220442	12.864355	-2.091093	-0.759261	16.654117	23.462141	25.688064	25.440924	24.936822	23.778362	25.986074	37.050147	43.035073	45.357235	44.465454	40.108122	33.909664	35.351962	41.207694	46.139481	48.305955	47.601770	43.420484	32.881462	32.341479	41.922331	47.692682	49.970897	48.761826	42.729963	34.824731	39.376876	39.531457	45.878197	48.956530	48.405906	44.725932	38.203303	22.871023	38.566405	44.446116	45.791816	44.015628	40.598313	39.788064	38.406886	33.207277	38.169892	41.371362	40.560332	38.198941	37.202354	33.652762	15.234488	32.572846	34.328717	30.915051	28.118679	26.403380	15.084009	30.579244	34.270496	33.687224	29.442789	19.913333	18.663628	28.815161	33.782806	35.363227	34.339476	31.502851	27.057057	7.554358	28.148641	34.162869	36.118479	36.212799	35.572224	33.510597	31.349444	36.437510	39.746027	40.106384	38.487179	36.508424	34.158520	27.560347	33.016684	38.927768	40.838153	40.898752	40.393705	38.429850	29.339104	34.176592	41.743905	44.085913	44.845521	45.133346	43.898629	39.747927	39.448480	44.785964	47.225688	47.244090	45.789376	44.638724	45.301557	47.811027	49.733897	49.779385	48.329312	46.587512	44.935982	43.567435	44.005952	44.822328	44.288422	42.269735	39.645456	37.588766	36.211888	36.476631	37.153745	36.299619	34.059760	32.043440	30.341519	25.988717	19.501884	26.985674	30.100717	30.778996	29.117676	21.179609	25.768066	32.558666	33.878283	31.074407	22.323398	21.717325	20.053622	29.833727	35.625112	36.743042	34.488877	30.931212	32.462373	37.632585	41.229723	42.286108	40.915890	37.988496	36.117626	34.754126	31.197572	28.907561	31.044384	31.345186	29.312167	26.822326	27.226722	26.141436	18.755496	17.359788	23.878684	24.818302	24.151048	22.373367	16.521841	13.605913	22.675087	25.044810	23.989523	20.575812	17.520650	13.311038	9.447036	21.573503	25.547247	26.136074	24.246300	20.353860	16.184358	16.427737	20.045901	22.642441	23.128557	21.362029	18.092629	16.958138	17.490663	19.174186	21.417785	20.867661	14.373151	7.528372	16.472235	14.343057	-9.636945	12.569383	14.675871	17.801945	21.980816	23.312494	22.249090	20.293252	18.573159	18.158690	19.541073	19.566146	17.345708	13.701035	10.323857	8.062159	5.843089	2.702624	-2.969697	-2.291710	4.598805	6.961057	6.301383	3.409207	0.330868	1.220306	4.193268	6.168354	6.637520	6.078734	5.161869	4.076946	2.594429	1.351529	1.658083	2.501959	2.757487	2.489177	1.745438	0.246013	-1.613766	-2.189978	-1.454365	-0.884236	-1.080361	-2.191239	-4.205123	-6.358588	-6.691636	-6.000278	-6.161471	-7.226546	-9.033024	-12.152823	-12.389309	-8.727923	
19.743033	18.183139	12.424066	-0.020791	4.911380	19.071440	25.458680	26.575646	22.272979	11.950407	21.114025	26.687599	38.340552	44.433078	46.653514	45.377701	39.835064	29.069292	32.005677	43.647157	49.557866	51.831799	51.161599	47.323923	39.484762	30.396075	44.835360	51.481707	53.788649	52.710077	48.234693	40.012951	39.733955	49.152831	53.768501	55.140764	53.681822	49.005056	39.101566	32.301097	43.082763	48.368350	50.439361	49.747434	45.991012	37.510527	40.112171	45.612045	48.083589	48.636698	47.173732	42.941673	32.488602	32.836876	39.277936	41.528268	41.807266	39.987329	35.632956	26.775149	21.799720	33.141196	36.864471	37.181549	34.479012	28.286089	18.523606	30.325213	36.044866	38.182019	37.495517	33.738146	24.492327	21.486997	32.377203	37.584817	39.761541	38.922098	34.039094	17.596083	25.349974	34.849370	41.402592	44.233303	43.798967	39.646660	28.168637	28.894735	37.063116	42.616393	45.272026	44.942226	40.719341	19.270597	38.764971	45.193283	49.245602	51.062430	49.792735	42.969568	35.936003	45.508407	48.598079	51.757627	52.955992	50.345027	40.128756	44.066422	45.402548	43.942669	50.733307	52.848061	50.206458	39.305641	40.015221	42.306795	40.285502	45.082214	46.534640	43.481614	31.914109	33.515910	36.527619	34.254655	38.236922	40.363192	38.278108	30.210022	28.046743	33.729151	35.409233	37.111357	38.365489	37.807195	34.488904	27.941972	33.491691	38.625157	40.269052	38.963873	35.357154	34.386638	35.862744	38.711708	42.364268	43.671159	41.901305	39.677384	41.006651	38.313676	31.025822	43.079610	45.692525	43.642969	35.774748	31.508342	36.676693	37.162101	38.560899	39.874065	39.037226	35.125959	25.413245	27.096024	32.081488	34.052592	35.075418	34.429598	31.002854	25.782178	27.803173	30.713516	32.956290	33.732227	31.815238	25.997014	21.842271	26.788720	29.660812	31.053813	30.056252	24.728729	7.325074	22.939039	23.969957	23.637074	25.949749	25.715885	20.753301	17.372095	21.026839	21.092105	23.921949	26.897866	27.160871	24.410240	16.950645	9.867574	20.592646	24.242984	25.481942	25.183970	22.272982	4.944307	22.050596	26.659855	26.077266	24.192707	26.530596	27.175188	23.490034	14.203586	19.850818	21.364863	19.093716	18.251839	19.412367	18.755049	16.604360	15.851291	17.309628	17.729518	16.129730	14.900814	15.532666	14.539968	13.226132	14.852093	14.846745	10.732989	3.424279	7.859202	7.959217	4.142331	3.297762	4.918169	4.615528	1.381468	-13.137354	-1.694022	1.624669	0.647485	3.472263	5.609684	3.645518	-2.457462	-0.101761	1.471148	0.397290	2.156938	3.129666	0.580944	-4.698614	-4.931445	-3.932200	-1.569450	
20.235706	18.037308	11.315644	-3.286644	12.201606	22.813151	28.058539	29.950622	29.581297	28.309419	28.346986	32.869161	40.861116	45.697948	47.259852	45.558660	39.799694	31.435400	36.044665	45.172221	50.390642	52.111528	50.440167	44.077585	39.292305	45.690174	51.364505	55.585566	57.032395	55.350857	49.430770	38.824832	46.355028	54.067535	58.237189	58.911212	56.086318	48.286218	25.591295	43.036847	48.453604	51.525378	51.634572	48.782183	42.549358	37.408467	42.363005	47.429476	49.845681	49.256372	45.286657	37.108721	37.270832	41.494262	44.675351	46.249575	45.386829	41.392162	31.397845	29.732302	36.755910	40.342552	41.990980	41.126642	37.281367	30.433377	27.371696	33.006502	38.366928	40.377478	39.183010	34.429584	25.538514	30.219124	36.973478	40.787108	41.675071	39.311198	31.600999	26.120538	35.935676	42.031755	45.516607	46.130587	43.662496	36.919490	31.998314	39.276324	44.021693	46.658495	46.792505	43.728914	33.714512	35.922347	45.474518	50.897820	53.636020	53.628874	50.460326	43.124384	44.018410	51.386140	56.043582	58.040408	57.391692	53.757635	46.155168	47.339574	53.257731	56.488387	57.539690	56.344120	52.588311	45.567506	41.594913	46.971199	50.078382	50.705173	48.683528	43.171201	29.410738	36.886456	42.226080	44.829400	45.588502	44.366377	40.693158	32.556671	25.937517	36.800392	40.553629	41.229639	38.688396	30.541387	33.848611	40.366927	43.697419	45.378682	45.243397	42.723284	36.491193	34.704040	42.432472	46.712922	48.805934	48.920949	46.884930	43.093699	43.368388	46.976188	49.563344	50.790937	50.209764	47.327935	41.531538	34.354542	38.587200	42.494497	43.966375	43.166089	39.718437	32.799432	32.213585	37.148705	40.021910	41.099639	39.995264	35.946332	28.171026	32.416044	37.302322	39.722214	40.119357	38.093054	32.547500	25.187931	32.087468	35.915962	37.241914	36.067365	31.487711	17.391852	24.203142	30.429707	33.224982	33.952420	32.355781	27.519240	15.679863	23.597551	28.630600	30.574324	30.255073	27.020508	18.898937	22.094512	26.914784	29.042396	30.536513	31.070718	29.690906	25.636168	20.809743	24.860108	29.510525	32.650596	34.058871	33.512247	30.721836	25.896413	25.420870	28.324485	29.697435	29.659648	27.994428	23.610908	12.092415	20.218782	25.590308	27.466950	27.299103	25.094096	19.803135	13.222262	20.417057	23.934198	24.912769	23.979828	21.041688	15.634459	8.727710	10.473452	12.463960	11.323890	6.310909	-6.559169	-5.339569	-8.382961	1.617231	7.878206	11.227101	12.583714	11.629184	7.101669	-7.065481	6.095876	10.960918	12.994743	13.392649	12.064565	8.343997	-0.561267	-4.912628	4.663942	8.304782	10.249744	
20.103467	17.892396	11.607710	6.553147	14.346023	22.139730	26.789581	28.738159	29.424208	29.094653	25.677959	36.609671	43.739166	46.811685	46.562240	42.237309	27.891734	31.043177	39.396284	47.214816	50.615099	50.297899	45.901249	37.159352	42.084124	49.648235	55.076575	57.504434	56.482350	49.900634	46.510783	53.278123	57.469283	61.357002	62.665660	60.828187	55.095647	44.364979	48.145322	51.787856	53.596534	52.751140	47.761627	25.481641	41.606320	44.368941	47.113094	49.388975	48.991324	44.940165	32.976334	35.556905	41.050750	44.719252	46.335459	45.085264	40.468092	34.272496	38.526445	41.845302	43.666290	43.851025	41.348864	34.266548	33.626630	38.981853	41.050093	41.788106	40.920640	37.097307	28.969774	34.934105	39.035856	40.757225	40.950960	38.962555	33.976702	34.570974	39.232772	41.994666	43.965453	44.539702	42.871011	39.471896	39.164662	40.498898	41.486258	43.046301	43.338325	41.000371	38.786590	41.877847	44.314682	46.381279	48.324641	49.321600	49.675908	50.180054	50.409500	49.990928	51.192677	53.816521	55.328270	55.779724	55.886709	55.338519	54.067798	54.192131	55.310333	55.236617	54.418650	53.874832	52.567942	49.610259	47.047945	46.711650	46.747488	47.401224	47.698912	46.598414	44.492204	42.612070	40.125502	38.361024	41.529829	43.092971	42.128930	39.502419	36.471291	33.837305	34.772144	38.195690	39.588415	39.330009	38.865453	38.272900	38.973717	41.733256	43.470933	43.199240	41.365394	39.905034	39.563279	42.546983	46.265214	47.340279	45.440488	41.357336	40.975476	44.431017	48.088516	50.175598	49.905316	47.026273	41.439031	34.915096	33.513596	37.050442	39.654916	40.010284	38.166185	34.799200	33.288044	35.489365	38.219376	39.385406	38.575703	35.991913	32.975202	32.656931	35.252896	38.316377	39.734600	38.845911	35.850824	32.702888	32.426573	34.532769	36.525573	36.911305	35.534692	32.994272	30.608264	29.828231	32.117915	34.082350	33.737769	31.221836	27.952003	26.338555	26.834392	28.155683	28.632232	27.368241	24.560561	21.705266	22.440068	27.003594	29.396477	29.134906	26.610398	22.230030	19.079417	22.898370	28.162292	31.406390	32.512955	31.665923	28.807596	24.423694	23.263750	26.147114	28.530800	28.923944	27.005371	23.629403	22.126143	24.234428	26.959636	28.075605	27.164462	24.577656	21.583013	20.609717	22.690079	24.786417	25.084293	23.333408	19.761761	15.160030	11.237041	11.635107	13.450608	13.205652	10.733721	6.717309	3.477299	3.800379	6.603918	9.783619	12.151252	13.174257	12.752097	11.291170	10.191323	10.915291	12.403618	13.219595	12.972110	11.765399	9.823326	7.655895	6.633806	7.307074	8.264586	8.687881	
20.026830	18.241834	13.483312	8.577366	11.260189	15.738409	15.862804	15.828248	23.585731	23.899002	24.334273	38.233372	44.053941	46.025835	44.580812	38.847150	33.331500	40.324312	46.245127	49.550104	49.662669	46.005550	37.656582	39.338441	46.378652	51.844651	54.262132	53.025477	48.860817	53.242423	57.876619	61.990084	64.806528	65.074885	62.247935	56.055222	52.788751	53.656865	54.260774	54.597071	52.650452	48.228872	45.460347	46.407553	47.583754	48.437697	47.784205	44.459373	39.987311	42.425157	44.407341	45.255343	45.642641	44.339954	39.710096	31.935022	36.707510	39.265558	40.593563	40.760907	38.547847	35.772809	37.760021	39.436420	40.102462	40.060790	37.505909	31.309585	34.826381	37.967813	38.556279	38.532891	37.289847	33.311971	30.960277	34.331761	35.734922	36.703636	37.213212	36.419044	37.196638	38.921937	38.391143	35.921343	35.083969	34.871353	34.272326	36.459654	37.789951	37.021080	36.459330	37.120951	37.544548	38.806368	39.393101	35.929660	26.455260	37.225383	39.533390	42.361312	46.882693	48.038484	43.629334	32.048546	45.025956	45.650722	47.317491	51.023459	50.816977	45.049596	38.470006	42.375961	38.453246	44.192449	46.462286	43.249499	38.368209	40.316763	35.844672	31.934843	41.730985	43.289800	41.541658	38.922124	35.641491	18.944477	34.161118	38.178419	36.867760	32.960708	29.535087	1.799145	33.676278	38.791798	39.038961	36.783603	35.674491	32.213481	25.139767	38.595719	41.703853	40.604175	37.957984	36.607691	32.296160	39.261989	43.036174	41.592079	34.264509	36.241050	38.858370	39.011276	42.105021	43.322167	40.763211	33.708180	27.205588	21.847135	25.169877	32.960986	33.575999	28.308445	21.159117	25.562780	21.425912	27.132417	30.788886	29.455565	20.532805	17.214265	13.278518	26.503412	33.997334	35.348046	32.146202	21.620012	15.804168	17.862423	24.532249	29.628163	30.063457	26.949128	22.760740	20.232346	24.944986	28.846106	29.036922	26.145942	19.472431	1.698197	8.994929	7.527987	17.874399	21.767083	22.432753	21.292384	21.209217	22.233649	20.800805	15.230425	12.791126	14.811113	11.465575	16.831935	21.166311	21.441341	19.201233	19.658025	21.668699	20.194404	10.250129	15.110942	20.722717	20.285925	16.585035	11.851760	11.230445	19.018120	21.572133	20.030645	15.749954	12.633439	4.622327	9.292409	16.638097	17.805326	15.904640	12.971901	9.767832	-0.279689	3.102283	8.729049	8.332555	6.512161	6.418249	5.261704	0.482336	-4.620508	-1.262260	-1.494044	0.961890	4.081175	3.517174	-0.585070	-0.618929	0.627776	-0.613817	0.151956	-0.020853	-4.622272	-5.133507	-2.271742	-5.687300	-10.408652	-5.586631	-7.745266	
19.957531	18.591695	14.232134	6.061384	1.246028	7.253635	12.717460	13.047411	7.805009	17.277696	30.777365	38.982391	43.235749	44.086149	41.271235	33.908254	33.656160	42.261424	47.579022	49.275178	47.350957	40.590902	28.373187	41.214955	48.576902	51.846884	50.737008	42.085765	39.814252	52.655859	60.926411	65.014356	65.734950	63.365151	58.021497	52.036710	50.899730	54.248503	55.760803	53.770126	47.442285	31.788075	29.227813	38.204366	43.352022	43.744674	40.753003	35.926823	34.702474	37.980063	41.338240	42.489461	40.820034	36.437413	34.307779	36.162522	37.896426	38.819065	37.567460	32.705664	22.503779	27.079656	33.407036	37.830598	39.123240	37.246883	32.091360	27.031793	31.445843	35.795148	37.297865	35.531970	29.268292	17.339601	27.545312	32.808223	35.256108	34.242548	28.702454	16.116641	14.576336	29.360597	34.482975	35.114602	31.653585	21.824188	10.318793	25.606927	32.007682	33.306539	30.238286	20.073519	17.033665	19.236427	30.243858	35.288090	35.516092	31.829144	25.393542	24.248814	37.036175	43.100544	45.327744	44.274901	39.962331	34.693931	38.175856	44.795687	48.507122	49.321083	47.353372	42.631650	36.115396	37.484148	44.114094	46.609282	45.796929	42.070012	34.697736	31.370762	39.552242	42.665683	42.309654	38.480924	31.732097	33.857330	37.620812	39.384862	38.955966	35.423911	25.013146	28.310632	36.245980	39.435831	39.889853	38.122261	34.497616	32.060898	35.630588	39.163704	40.537376	39.843598	38.292000	37.669449	38.336202	40.119436	41.256625	40.080609	35.495797	31.026629	33.088800	34.741904	37.911939	39.547083	38.641401	34.995239	27.917214	25.250656	29.437416	31.386783	31.328459	29.570729	26.438120	22.813072	21.934101	23.910385	24.508193	21.585733	19.030058	23.609868	27.753425	31.024783	32.466966	31.505406	27.637157	20.536124	17.573683	19.643542	22.814794	24.226548	22.632828	18.075554	14.755650	19.563976	23.251290	24.083362	21.201652	8.561867	14.470740	18.544951	18.033011	16.896836	13.252902	-0.556205	16.233746	19.643885	17.940678	11.702950	12.253535	14.138909	13.762639	13.156418	11.329364	7.866003	11.126712	13.062309	11.446009	7.784724	7.470145	12.419632	15.218253	15.054673	12.447755	10.636785	8.703869	9.412490	14.730375	16.269966	14.680626	10.598621	4.402592	0.835716	5.564903	8.769392	8.830318	6.025693	0.805779	-6.680373	-3.177183	2.418005	3.969397	2.146399	-2.765004	-7.796769	-5.757502	-2.501643	-2.207455	-5.004719	-9.709028	-12.195368	-10.566439	-6.500234	-4.177286	-4.539287	-7.473841	-12.276183	-16.581318	-15.222385	-11.311517	-9.536824	-9.760150	-10.852798	-10.932096	-10.053901	-10.318071	-13.912431	
19.881167	18.220020	12.621310	0.022527	-6.070206	7.843544	11.489430	-2.446070	12.800696	0.322094	29.652247	37.970107	41.287413	40.661520	36.021141	33.581015	39.083432	44.868127	47.860722	47.581940	43.303644	34.262832	41.756096	47.944468	51.548586	51.401896	45.580384	44.023191	52.652330	59.483171	63.354432	64.034309	61.563651	56.259622	51.498981	47.074638	50.387608	54.041019	53.243674	48.865647	44.131146	44.085804	44.088336	43.481706	40.881147	33.530197	20.542713	30.421550	32.723118	35.308047	35.389310	31.417330	27.732037	30.896108	32.554757	34.289736	34.364316	30.651386	24.745355	29.981016	32.427099	33.956796	34.809873	33.316401	29.682520	30.139441	31.614799	31.729683	32.357962	31.871582	28.785007	27.571820	30.066878	31.230938	31.754485	31.419378	29.637366	28.948337	30.546010	31.324660	31.710110	31.417698	28.491568	24.109989	28.019917	30.781696	31.857847	32.376855	31.572435	27.926912	17.511972	21.855437	28.038780	31.372593	33.144415	33.062156	32.211652	31.760648	31.541231	32.399962	33.877785	36.664424	40.226772	42.069141	41.302188	39.237885	40.106231	40.873805	40.589224	43.145587	45.605054	45.636197	43.957589	43.552354	44.427933	44.200041	42.387114	39.153243	35.724481	35.054989	37.564768	40.101620	40.731796	38.930793	35.311369	31.150870	25.870591	33.155664	37.311548	38.034100	37.047733	35.982416	35.221352	34.224358	32.024598	27.969189	25.024609	26.894827	31.518722	34.891735	35.041255	30.584761	23.275548	29.229594	30.479655	32.753939	35.338925	35.680401	34.018990	32.504369	33.825017	35.456259	35.112010	32.107476	28.331633	29.324955	30.111106	29.758171	29.161461	26.439684	15.826366	18.404371	23.082950	21.386206	20.487790	22.455941	21.221158	16.741152	15.250081	21.010751	25.672408	27.384052	26.336995	22.914871	20.725221	20.861830	20.589179	21.199778	19.961692	14.592530	12.955233	15.287299	9.250728	11.507702	18.200576	18.045343	13.799973	15.303747	19.687178	21.694833	21.639236	18.961216	10.310483	9.316017	17.881618	20.179685	19.963415	18.330764	15.951739	11.939923	5.171589	9.095450	12.353629	13.383448	14.041031	14.168038	12.707438	9.551363	5.460007	4.229579	11.195373	13.823008	12.957863	12.324491	13.600871	13.015711	9.689993	5.962486	5.180445	2.491178	-5.503470	-11.697910	-3.192088	-0.959550	-1.111151	-3.724850	-14.048459	-9.275816	-7.769935	-12.623402	-3.166586	-0.415502	-2.407830	-6.400422	-4.012026	-3.747846	-8.792431	-18.352562	-11.089615	-11.314706	-12.163361	-9.315489	-8.239363	-8.794184	-9.569746	-11.223320	-14.396899	-14.351339	-13.691688	-17.822494	-26.470051	-22.480032	-28.521678	-17.058119	-12.987984	-12.595875	
19.752152	17.997257	12.241380	1.092034	-0.962459	7.709060	11.164110	9.397763	12.141697	23.648465	32.786658	37.497821	38.320557	35.273857	31.373208	34.943918	41.926441	46.049578	46.350471	42.075737	36.300725	42.415351	47.132639	50.095928	50.586389	50.421494	51.472250	54.329749	58.276845	60.369903	60.193830	58.548092	56.174554	52.195275	48.682456	51.196453	51.539050	49.133807	46.340744	44.359490	42.200610	42.194248	41.849626	39.276848	36.835570	35.929675	34.318711	32.258476	30.011069	29.127190	30.563337	30.889929	30.461847	30.131099	27.832396	25.722505	28.892920	30.179141	29.727510	28.589882	26.822451	27.335215	29.219792	29.079705	27.300002	26.360714	25.890053	25.936145	27.738289	27.962121	25.894360	23.993360	23.338616	23.614699	24.874214	24.278401	20.901093	19.076578	21.848885	26.324429	29.600563	30.056714	27.740290	23.568374	17.277479	23.152530	29.224926	30.686675	28.453864	21.499453	16.638303	24.757671	28.569420	29.530749	27.795365	22.939650	17.406127	24.700446	26.921348	23.970738	20.750845	19.714033	26.465721	35.407348	38.807893	38.468911	34.549821	28.249178	28.054295	34.250535	38.851396	40.543758	40.322013	38.819174	34.812384	29.466115	33.447825	32.720039	28.270038	28.146181	18.623669	33.394192	38.251111	38.065830	33.648060	24.866393	27.184960	32.161031	34.220003	32.709499	28.452196	27.070209	22.950135	15.198871	25.683775	26.011055	23.446218	14.043630	23.938375	31.354779	32.858529	30.319354	24.008731	20.388674	20.700468	24.131302	25.876785	24.439759	22.654832	21.607577	22.152104	25.402032	26.347596	24.666652	21.981979	21.315002	22.884396	24.388780	25.058477	25.132407	24.625541	23.435115	21.448807	18.167917	17.828976	21.393682	22.260122	20.577462	20.064831	20.472768	16.492591	4.936833	17.515851	19.571248	19.560893	20.474266	20.339755	17.947849	13.812582	9.280625	6.980695	10.509960	15.846066	19.234749	20.153988	18.944781	16.831128	14.068239	6.517633	15.624175	20.899090	22.153461	21.027121	18.279790	14.004668	14.140705	18.016817	18.820828	16.633016	12.423898	10.405080	10.618651	8.761368	8.514884	12.321664	12.445278	7.362447	9.354474	14.815823	17.044638	17.300285	15.346896	11.343846	10.481659	11.191641	8.959951	3.630873	-3.460185	-7.119061	-10.434724	-19.485248	-12.952616	-12.910953	-17.810299	-27.756235	-11.264157	-6.305508	-5.110467	-5.546893	-5.871942	-5.496756	-4.102440	-2.337398	-1.689100	-2.809986	-5.720079	-9.675118	-12.310423	-12.071254	-11.237886	-11.847873	-14.435656	-19.783267	-39.987819	-23.949216	-20.885936	-16.996257	-14.091246	-14.548650	-17.938295	-21.632108	-20.399439	-16.574923	-14.251330	-14.401279	-18.118307	
19.632486	18.016387	12.753825	3.422455	1.235811	8.147631	11.135840	9.684551	13.639705	25.541428	31.645568	34.469921	35.176983	34.241430	33.617808	38.356193	42.280345	43.932966	44.051908	43.350627	43.464246	45.861328	48.319948	48.826665	45.839727	42.495846	50.205657	54.032641	54.914414	53.266821	48.144829	32.011338	43.172631	47.094984	48.032597	47.342762	44.559555	38.724562	32.717966	38.035752	40.341733	39.470464	35.779051	29.165814	21.965190	25.571763	27.387914	25.978844	21.642721	17.714700	20.657741	24.686741	26.863795	26.678381	24.905748	23.905628	24.916533	25.344813	23.707988	20.130604	16.772808	17.662228	21.174478	22.454775	21.085762	19.016628	17.176242	16.038814	19.753730	22.308504	22.175490	18.884544	10.967237	4.029040	8.459258	15.002745	17.128096	14.836745	12.781771	18.295852	22.096524	24.264171	25.068537	24.667544	23.963431	23.895473	23.748138	23.319093	23.653014	24.223969	24.327290	23.736721	21.676482	19.193630	18.841172	15.349059	13.667562	22.089000	24.630804	24.255895	23.379263	24.854589	27.959326	30.272930	31.356616	31.213970	29.404837	26.819729	26.792543	28.330921	29.575918	27.899990	17.268118	21.868165	27.582771	29.360324	31.314078	33.335574	34.486924	34.660950	34.423926	34.493302	34.796323	34.276753	32.404551	30.122582	29.515497	30.112842	29.591431	27.398069	24.783911	24.486555	27.550046	29.361005	28.644905	26.271186	25.965314	28.667000	30.863922	31.116300	28.831219	23.752518	18.282718	18.335732	21.980358	24.277453	23.302302	18.455450	15.085568	16.183225	8.699684	12.231397	19.060150	18.486380	12.835651	10.976647	8.393429	1.994543	8.713654	3.884507	8.778782	14.357127	15.613428	14.829484	14.101186	14.819639	16.666163	19.585065	21.292441	20.731342	18.166135	15.317094	16.044561	18.767541	19.460795	17.077108	11.532657	6.462187	1.975546	-8.954224	-5.903143	3.708142	10.173338	14.981065	17.573584	17.536813	15.512150	14.137867	15.274079	17.369978	18.207908	17.140353	15.866813	15.339955	13.917097	12.493758	11.749189	11.113841	10.485804	8.240094	5.412703	5.995289	7.315593	8.708815	10.489288	11.734095	12.564346	14.146527	15.959487	16.599079	15.447644	12.382207	7.927234	5.499949	5.603249	3.359668	-4.277212	-11.169200	-5.670483	-7.730643	-13.628165	-20.321133	-27.800065	-49.358308	-19.951011	-12.911450	-10.453313	-10.068697	-10.488144	-13.791938	-26.441042	-18.876108	-16.283812	-11.816010	-9.886345	-12.817058	-24.409110	-28.553451	-36.183905	-21.634027	-18.861676	-23.885688	-35.428872	-23.812264	-22.976275	-23.603166	-19.712085	-16.234560	-15.736162	-18.369385	-21.487997	-19.518657	-19.828984	-26.281565	-24.098093	-17.711262	
19.474489	17.756754	12.206097	1.395406	-3.709697	5.278295	8.857340	6.371318	14.405413	22.806390	27.025441	27.450026	20.589359	25.590038	33.617107	35.893282	34.569671	29.976805	30.395021	34.501176	35.871300	35.983867	38.835255	42.851161	44.955335	44.766869	43.200876	43.173975	43.673523	42.275313	40.238398	39.211876	35.901004	24.304848	29.860690	33.514957	32.550394	28.741788	26.750678	30.176738	31.565716	30.206916	25.502454	16.440446	17.371809	16.692594	13.653716	13.834608	13.204453	10.235220	8.473605	15.002714	16.742267	14.430807	12.027371	13.469668	14.709862	15.104010	13.329634	7.167998	1.507725	8.183570	12.099140	13.622971	11.584930	9.209491	11.949263	12.068497	9.035323	9.736221	13.205640	13.714257	11.212452	6.608426	5.095449	8.321994	10.572151	10.424911	7.639973	4.075199	4.384066	8.384806	12.422573	13.543372	12.948766	12.956564	11.257770	5.108372	9.993396	14.630851	16.545295	16.782627	14.920592	10.622130	9.093548	13.176965	16.548471	18.291429	17.538930	12.068504	2.542687	15.222651	17.023026	12.968301	10.467485	18.197104	20.712708	20.318520	16.599784	7.903440	18.743026	23.687181	25.465473	24.804872	20.234884	9.824722	23.963393	28.107942	28.835105	26.747520	20.122951	11.268644	22.060820	24.001717	21.944216	14.641070	17.713559	22.465637	22.363291	16.701198	11.278058	22.862555	26.441244	27.104142	25.435847	21.441494	21.501432	25.669883	27.265962	26.399466	23.292058	17.860358	11.215404	13.768206	18.473824	21.329730	22.727961	22.969738	22.302714	21.191772	20.414827	20.307387	20.271993	19.687544	18.363262	16.372262	13.868577	11.116123	8.647247	6.676843	4.515704	2.643466	3.033291	4.254275	4.593735	2.161070	3.181252	9.789892	13.179588	14.115267	12.811951	9.571774	9.507173	12.509413	13.475975	12.002527	8.003060	2.328091	2.557184	4.408516	3.439433	-2.945935	0.365607	7.344573	9.384617	8.476371	4.573290	4.016917	9.513751	11.605520	10.679615	6.647043	2.928509	7.445796	9.294298	7.812751	2.194470	-7.175989	2.268368	4.843853	3.771965	-0.767210	-0.268713	4.534247	6.002317	5.645824	6.002332	7.149269	7.642004	7.445426	6.255417	3.172095	-0.424936	0.505074	1.000379	-0.647036	-3.615204	-7.257594	-11.218903	-14.433346	-14.092326	-14.467459	-17.870302	-17.033093	-14.630766	-16.076877	-22.388685	-35.803361	-22.717297	-16.392790	-14.350000	-15.261123	-15.888931	-14.666186	-15.094927	-17.490580	-19.098103	-19.355889	-19.011942	-17.908662	-17.823903	-19.907326	-25.596611	-39.345838	-26.404113	-23.824874	-23.498738	-20.683391	-18.507863	-19.065642	-21.917573	-22.847145	-21.447240	-21.163712	-22.014312	-23.794060	
19.644683	17.937719	12.384624	1.687450	-3.406948	2.527808	6.596120	8.117099	8.853984	13.907329	19.082290	22.500566	24.510226	25.495536	25.974580	25.984106	24.617869	21.215410	17.401844	17.229158	20.113155	23.302996	25.760722	29.162138	31.775506	32.064413	30.624034	29.414829	29.541298	29.503538	28.674114	28.668361	28.720939	26.625757	22.387697	21.460607	20.522166	15.244143	16.034716	18.763100	16.423851	12.532963	17.467686	18.210374	14.879809	9.417544	5.124642	-3.814705	-3.645594	5.499517	9.954678	10.974121	8.945115	4.382625	-1.398239	-13.977247	-5.607645	-0.025131	0.327930	0.211760	-0.327391	-6.507407	1.223458	7.425779	9.764942	9.185085	5.469436	-0.152514	0.612204	2.746651	3.536049	3.493771	1.788123	-4.781148	-13.061842	-3.802889	-4.577842	-6.025270	-4.147701	-6.944605	-10.720310	-3.239431	-0.112000	-0.212961	-0.564519	1.543819	2.340057	2.395517	1.499108	-4.131707	-3.139056	3.428826	5.798773	5.778991	2.523027	-3.152053	3.953277	7.997726	9.523649	9.037359	6.723293	6.225470	8.613960	9.503557	7.921020	4.380408	4.723605	6.249910	7.263463	10.910057	13.508968	14.234604	14.888419	16.583343	17.907566	18.090942	17.307109	16.133659	15.272004	14.789283	14.076743	12.853694	11.302990	10.053904	10.319215	11.459778	12.079483	12.218687	12.760941	13.848864	14.885704	15.670303	15.947811	15.765694	16.142477	17.098469	17.669397	17.683712	16.851846	14.528780	10.775149	6.642316	-1.238641	-2.776785	5.179529	6.812145	8.682216	11.387082	12.710121	12.501535	11.686026	11.334555	10.951942	9.402568	6.837627	5.613284	5.575239	3.765716	-0.717422	-3.207948	-3.554982	-7.707256	-18.558929	-14.521591	-6.237494	-2.201917	-0.432505	-1.291029	-1.601783	0.857135	2.622051	3.142343	2.425325	2.787444	3.926783	2.935273	0.428656	0.284754	0.938352	1.040680	1.730409	2.433736	2.000398	0.073411	-2.768664	-3.971150	-1.263100	1.001392	1.551449	0.959296	-0.676192	-1.209954	0.590316	0.774627	-1.309225	-2.990153	-2.591315	-3.748381	-7.068269	-6.494888	-4.811912	-5.540870	-6.112533	-5.016206	-5.236739	-7.771393	-13.805688	-27.611609	-15.435678	-20.637325	-16.045005	-8.175220	-7.011003	-9.601316	-15.479291	-22.072355	-20.345560	-17.070163	-16.591397	-19.111257	-20.396579	-17.628064	-14.458777	-12.622765	-13.105876	-16.087730	-21.910362	-28.492299	-22.386602	-18.458020	-17.798546	-18.802758	-17.634958	-16.699801	-18.800755	-24.113635	-24.998440	-21.364622	-21.206406	-26.427242	-24.269345	-19.375145	-18.750308	-20.641498	-24.600404	-29.775221	-33.850940	-39.094677	-28.778211	-25.445964	-25.444118	-25.242583	-23.964725	-24.274039	-27.837243	-35.773628	
19.764761	18.100670	12.503425	-0.451227	-6.473811	0.956331	4.250408	4.199154	6.615952	8.025052	7.323997	8.517255	10.014720	9.181822	-0.475360	7.871737	13.884885	14.059341	10.878796	4.453948	-6.588730	6.149179	4.710163	17.547202	25.312757	27.623809	24.648558	16.709158	26.121176	28.052385	25.273774	19.051032	20.357125	22.462238	21.821816	20.555683	20.363789	19.683809	17.671500	15.075704	13.369908	13.224037	13.685156	13.937258	13.581414	11.926395	8.028465	0.096882	-5.082438	3.382340	6.421081	6.265280	2.676380	-6.497739	-18.063140	-7.288817	-3.535414	-3.137727	-5.636682	-5.236424	-2.192570	-1.886307	-4.800109	-6.103036	-0.522006	2.214508	2.114135	0.144028	-2.529171	-6.509710	-15.890206	-8.920673	-3.997814	-4.091368	-10.717249	-14.794911	-7.831176	-6.346339	-5.576807	-7.012570	-10.170309	-18.315861	-8.493149	-1.047127	0.371996	-2.779765	-11.462750	-12.817835	-10.767174	-9.419622	-9.285836	-11.517795	-15.156885	-11.360437	-6.108956	-4.616510	-7.151024	-14.676105	-8.152681	-3.677829	-2.161009	-1.425851	-0.678829	-0.298152	-0.742358	-2.727655	-6.262538	-6.482937	-3.883794	-2.839211	-3.039178	-3.086497	-2.095240	-2.588137	-5.047343	-3.374612	-3.839336	-12.001635	-14.121682	-10.681563	-10.975521	-13.948798	-29.360969	-9.840899	-5.438466	-4.907321	-7.596037	-13.343246	-19.293415	-16.650896	-15.531337	-24.185895	-8.328561	-3.116612	-3.050644	-9.007281	-19.019747	-7.683857	-5.420447	-5.191598	-6.659221	-9.412122	-9.747020	-7.194803	-6.263430	-8.423022	-12.370785	-9.669939	-7.910305	-10.337132	-17.252823	-15.645415	-12.599984	-11.709769	-10.938958	-10.688766	-13.158617	-14.455479	-10.425933	-7.551207	-5.964841	-5.788187	-7.217211	-10.807652	-17.353451	-12.138409	-8.463080	-9.036057	-13.427971	-23.047338	-22.290562	-15.166216	-11.163107	-8.989145	-8.057387	-7.996714	-9.276430	-13.842947	-30.860192	-21.230279	-21.255801	-11.016937	-7.283704	-8.763453	-17.252223	-12.039192	-8.064813	-9.020923	-12.985175	-11.829954	-8.499172	-8.074856	-11.001605	-19.549054	-20.747445	-15.267438	-13.964273	-13.407906	-12.522561	-12.024819	-12.609846	-13.915804	-12.776834	-7.909027	-5.246775	-5.546629	-7.710784	-9.300465	-9.213119	-8.467172	-8.992417	-11.615456	-14.046482	-15.157122	-19.699989	-31.796120	-21.971030	-21.562053	-30.708540	-24.260582	-20.255328	-23.023707	-19.561845	-15.411637	-15.948242	-21.550775	-27.613380	-24.008805	-29.962926	-28.162173	-22.114820	-21.336739	-20.114238	-19.797739	-22.675586	-28.215499	-42.442218	-27.562547	-22.033811	-20.261265	-19.510275	-19.754051	-21.522811	-23.286287	-23.803860	-25.220008	-27.560628	-28.043611	-26.487536	-26.490778	-31.164313	-34.835257	-27.708980	-26.998572	-29.846937	-32.540617	
19.766481	18.086819	12.606744	1.580885	-7.514882	1.804813	4.405504	-0.728317	-4.805926	4.053126	5.551037	4.984224	2.591131	-0.590538	7.820939	12.907736	14.393476	13.217096	10.380292	7.074616	7.918640	12.966022	18.031755	20.585857	21.909719	24.503342	26.479191	26.392363	24.963453	23.522273	21.006193	14.798647	5.630646	17.451099	20.735169	19.997228	18.588145	18.489905	15.116514	1.461287	3.831194	2.542673	0.998083	-1.852871	0.166732	7.065683	4.214175	-12.349162	1.214881	-3.655579	0.746380	6.198108	5.260430	-0.473471	-0.182963	-0.549910	-4.604051	0.027808	0.262930	-6.907199	-8.200914	-4.714868	-8.856639	-3.797539	1.442681	1.228452	-7.431848	-1.674147	1.494930	-3.177087	-13.337861	-4.207008	-8.033409	-7.918410	0.550679	3.525207	4.117941	1.866873	-6.080945	-16.293788	-8.485000	-4.098784	1.820656	3.950397	1.562299	-11.488028	-4.239999	-1.050100	-1.630429	-1.017389	-1.414663	-2.602907	-2.066661	-3.127363	-6.467832	-3.579797	-1.484509	-3.870384	-5.589457	-0.479643	-1.164899	-6.569094	-1.376885	-1.686428	-1.897010	0.887845	-1.569634	-1.172123	0.524532	-2.402482	-0.491616	-0.843649	-7.023760	-0.996305	1.735153	2.132287	0.944875	-4.246452	-23.715620	-4.879912	-1.512410	-2.369347	-4.898964	-1.903858	-1.149236	-5.395384	-5.726379	-2.822259	-3.992696	-6.166835	-11.097693	-10.840210	-1.495632	0.676524	-2.018389	-12.599687	-12.593224	-16.056931	-11.084928	-7.985506	-8.708766	-4.698892	-5.845815	-6.424032	-3.150351	-5.375275	-13.289603	-8.594305	-2.403713	-0.835693	-2.579810	-6.977868	-11.599312	-8.724837	-7.213564	-4.150850	-2.770357	-3.138195	-6.437184	-7.909857	-1.731090	-1.949554	-8.036635	-5.906297	-4.722324	-12.464543	-11.361875	-5.200907	-6.465078	-12.255807	-10.736979	-11.626017	-28.967996	-9.245690	-8.685872	-17.903604	-8.371448	-6.258665	-9.777302	-17.206137	-14.404470	-7.928782	-6.315471	-10.747054	-18.189161	-6.762154	-4.900143	-7.429237	-11.420780	-8.719186	-8.553076	-11.197088	-9.085830	-7.092184	-7.061586	-9.160184	-15.833422	-16.006715	-15.107814	-18.794530	-17.583585	-24.462681	-10.071539	-5.828535	-6.396705	-9.956891	-15.324923	-14.003905	-7.776009	-7.152684	-11.249301	-19.269181	-22.056666	-15.755824	-13.292068	-15.507651	-24.589271	-26.758670	-18.147023	-14.710242	-12.667576	-11.988790	-13.204216	-17.406740	-31.601462	-23.192497	-17.914009	-15.969641	-14.660569	-13.736347	-13.774034	-15.640148	-19.844676	-24.870551	-29.696648	-42.548183	-29.191324	-25.987495	-24.927582	-21.708935	-19.857037	-21.732075	-27.947606	-29.347730	-31.506595	-31.785322	-26.219099	-28.006779	-29.417839	-23.286155	-21.227270	-21.623247	-23.995612	-29.033205	-34.163004	-34.225347	
19.702412	17.966862	12.201681	-0.659048	-8.768540	0.189968	6.406406	9.367809	11.549674	13.306938	13.703417	11.964393	6.554402	2.185387	11.841584	15.250220	14.943559	10.691550	1.501409	9.628081	15.421744	19.323478	21.258102	20.458772	19.014101	22.143576	23.691430	21.546358	15.653298	17.943127	21.735393	22.770154	22.682180	22.357479	21.119923	18.196195	16.086837	17.228213	17.332714	15.477635	12.465521	10.401174	10.379176	11.063742	11.924500	12.407225	12.322323	11.998492	11.811742	12.106098	12.939382	13.626453	13.517987	12.570132	11.198103	9.960937	9.080360	8.369981	7.643593	7.006295	6.990007	7.684641	8.490546	9.096868	9.556334	9.959950	10.231300	10.174366	9.567798	8.410386	7.215623	6.753486	7.303824	8.595131	10.044546	10.985162	11.080119	10.324464	9.033921	8.133348	8.469504	9.406988	10.001773	9.877047	9.062682	8.045174	7.675864	8.161974	8.862924	9.297460	9.408657	9.311253	9.109888	8.924697	8.884526	8.989201	9.127895	9.266896	9.435911	9.583922	9.642424	9.700110	9.934991	10.363990	10.822857	11.190029	11.466824	11.663463	11.713223	11.510534	11.033244	10.485825	10.266670	10.526929	10.815276	10.476793	9.203886	7.392103	6.376216	7.067544	8.443401	9.455098	9.913488	9.986424	9.845284	9.662469	9.604184	9.607371	9.317188	8.521777	7.636741	7.304094	7.310651	7.032601	6.103374	4.761367	4.171797	4.833397	5.999060	7.278755	8.474930	9.359960	9.939470	10.396680	10.782523	11.009224	11.173093	11.517127	11.834868	11.636065	10.803514	9.693393	8.867094	8.638986	8.879872	9.254588	9.427211	9.208279	8.682932	8.094167	7.614783	7.402827	7.426423	7.318251	6.792031	6.035103	5.588603	5.536443	5.456582	5.052076	4.341300	3.630382	3.240086	3.140431	3.045210	2.751911	2.151647	1.090086	-0.489156	-1.849490	-1.122087	0.560343	1.120851	0.656615	0.296993	0.384087	0.047057	-1.210973	-2.351095	-2.379313	-2.810335	-3.745390	-3.155832	-2.027418	-1.540227	-1.374783	-1.714306	-2.827557	-4.562872	-6.146006	-5.911787	-3.898014	-2.039270	-1.774884	-3.809717	-7.297624	-6.031512	-3.160958	-2.376836	-3.919715	-7.917635	-12.492484	-11.937036	-10.070790	-9.571921	-11.004618	-13.721961	-15.087411	-13.643327	-12.144127	-12.465816	-15.001986	-20.410469	-22.011433	-16.880127	-13.964385	-12.226190	-12.072067	-13.660767	-15.044747	-14.655592	-15.233386	-18.239024	-21.709430	-20.256354	-19.328933	-20.955659	-24.425843	-25.650213	-24.256120	-23.551846	-23.896788	-24.066412	-22.283119	-20.316444	-19.240975	-19.489673	-21.421845	-23.566087	-21.289008	-18.529710	-17.811895	-18.779828	-20.861377	-24.040736	-29.304208	
19.806933	18.109076	12.503703	0.411740	-20.275294	-0.684613	6.073153	7.417771	8.066308	11.681107	14.294372	14.958730	14.326180	13.058033	11.643299	11.390257	12.811326	13.733261	12.630433	7.595247	2.445353	12.222274	16.897838	20.289478	22.286950	22.139035	19.684663	17.233121	18.116673	18.089759	16.181477	16.071310	17.945326	18.909540	18.423959	16.352957	14.552904	14.494983	12.618702	7.097064	6.946970	9.697650	9.883376	9.860998	9.384733	7.172459	5.745734	7.949003	10.035719	11.316277	11.636362	10.714697	8.653997	6.175262	5.228057	5.335314	3.031149	-2.172817	2.419680	5.530734	5.936009	5.999197	6.257346	4.674906	0.478313	3.493342	7.237482	7.829043	6.542591	4.592338	0.730207	-3.277371	4.267964	7.026363	5.931534	3.096236	4.734142	6.354842	5.818316	5.527183	6.118381	5.409525	3.940580	3.476992	2.506266	2.258086	2.772055	0.331146	1.526826	5.427517	5.323471	2.353764	2.615746	4.298114	4.580992	4.545715	3.699193	3.256770	5.054895	5.915256	4.637703	2.728195	4.232048	6.448130	6.518493	4.735417	5.324307	7.848097	8.484408	7.202291	5.624052	5.026897	4.344414	4.518264	5.747724	6.086387	5.131346	2.709140	-1.106467	1.370691	5.502838	7.047244	6.465293	4.721824	4.371986	5.380127	5.577954	5.595967	6.542812	7.074463	5.891059	2.678153	-0.522995	0.553179	2.574593	3.843648	3.678232	1.403730	0.975394	5.572192	8.267054	8.492949	6.749903	5.192810	7.134958	9.606311	10.837670	10.954454	10.306312	8.999666	7.042622	5.481411	5.681535	6.163435	5.624582	4.485724	4.779770	6.282609	6.675662	4.887729	-0.153984	-3.139646	3.244920	6.085981	6.261936	4.445861	1.847727	0.862674	1.412185	2.171481	2.516774	2.119788	1.210556	0.323109	-0.173729	-0.626675	-1.866052	-3.934024	-5.645723	-5.338124	-2.480995	-0.034503	0.272698	-2.424548	-9.363552	-5.735579	-1.668643	-1.538163	-4.145506	-5.952622	-3.473244	-1.990710	-2.955706	-7.360835	-22.726519	-8.683337	-3.353989	-1.378370	-1.672116	-4.896320	-17.225191	-9.133424	-2.577535	-0.575334	-1.044088	-4.220170	-12.991683	-7.670091	-1.988558	-0.773413	-2.973356	-9.706838	-11.978074	-7.486671	-7.880468	-12.276711	-22.058162	-19.975304	-18.235638	-23.097845	-24.954231	-21.471255	-23.826050	-24.255437	-17.410727	-13.348889	-13.323700	-17.787992	-26.906063	-30.733119	-22.798511	-19.345775	-20.361784	-20.278882	-18.253599	-18.206129	-20.324842	-25.343619	-35.372517	-28.871031	-29.430464	-34.472691	-30.929413	-36.968700	-22.232812	-16.932906	-16.135064	-18.523905	-21.406978	-21.456193	-22.301322	-25.993066	-33.452603	-24.977518	-22.465810	-24.071638	
19.843972	18.129312	12.435014	0.332057	-9.033708	2.220099	6.576701	6.162350	6.444894	7.825665	6.302322	3.908825	5.498101	5.244978	0.754961	-3.328895	-1.799327	3.165565	7.773270	9.646281	8.839405	3.023577	-1.702571	9.614579	12.891440	14.351658	14.827914	14.127559	13.646067	13.174806	10.634948	4.267146	-9.606633	3.182543	6.839718	8.063454	7.916351	8.384892	8.966377	7.538614	3.836557	-1.483686	-5.823905	-2.559271	1.063112	2.345383	0.563454	-7.153818	-7.103801	-0.872494	-0.823541	-6.518240	-15.963637	-4.392055	-3.441302	-4.616861	-6.025965	-5.206675	-1.910456	-2.005171	-6.050570	-7.974881	-5.143645	-3.057050	-1.351586	-1.549033	-4.270524	-5.349021	-5.892969	-12.268521	-3.470435	0.604271	1.230215	0.892560	-0.149825	-3.312179	-11.828185	-8.737437	-3.852745	-2.002341	-0.593913	-1.086675	-3.672993	-5.575681	-4.696951	-3.111231	-1.567064	-0.230402	-0.292237	-1.742063	-2.463644	-2.348442	-3.507293	-6.708200	-10.332188	-9.703631	-6.988018	-4.117510	-2.560372	-3.691509	-10.860607	-12.633154	-4.393452	-3.297654	-4.823815	-5.300197	-4.064611	-5.223134	-9.872667	-7.013733	-5.193037	-5.850798	-3.995055	-3.158359	-6.105685	-17.046658	-11.029548	-7.783779	-7.914094	-6.184115	-5.944104	-7.728510	-7.305053	-6.641434	-8.492699	-13.549740	-20.085577	-17.609317	-10.622672	-6.341173	-4.553100	-5.332804	-10.679033	-23.242278	-10.979704	-10.347793	-11.769342	-7.895897	-3.047112	-0.376790	0.134767	-1.340240	-4.988283	-10.718300	-6.292233	-1.870644	-2.143223	-10.019291	-10.411388	-3.864442	-5.583371	-15.900601	-16.624535	-10.269105	-8.005324	-8.182642	-10.725125	-10.899875	-7.346209	-5.644056	-5.124341	-4.913739	-6.110187	-6.209099	-3.824909	-3.658521	-6.957150	-13.318852	-10.803933	-8.343156	-9.927329	-15.754331	-16.299099	-13.900020	-14.180287	-12.869049	-12.234956	-16.267048	-21.315251	-13.220224	-11.057804	-10.981410	-10.065872	-8.188661	-6.988710	-7.324775	-9.472452	-12.226327	-12.393195	-11.096433	-10.045410	-10.089189	-11.739374	-14.334448	-12.854664	-10.713552	-12.374683	-14.640814	-9.267236	-6.341986	-6.067219	-7.764150	-9.969221	-8.798751	-6.994214	-7.169593	-8.498723	-8.048807	-5.313719	-3.022166	-2.123248	-2.555091	-4.188481	-7.167021	-12.244970	-18.719139	-16.451130	-16.033535	-19.698187	-27.520888	-29.112479	-21.564992	-18.953574	-16.773051	-13.346006	-11.440761	-12.026503	-15.207398	-19.641450	-20.393819	-19.277888	-19.344913	-20.684163	-20.773347	-21.660973	-28.027119	-36.121701	-26.999233	-25.717551	-24.986474	-23.098952	-21.184611	-19.852203	-18.869223	-18.763032	-19.953489	-19.752357	-17.888578	-18.253661	-22.400185	-32.696268	-28.976083	-24.442171	-21.919915	-20.577390	-20.954910	
19.887332	18.188503	12.641054	1.643681	-6.116071	3.574149	8.589955	9.702334	8.344964	5.091833	-0.127747	-7.125241	-18.673098	-1.558822	3.884819	5.145958	5.104389	5.888098	4.766441	-4.144979	0.274071	7.422531	8.126529	2.809175	-7.907431	2.924741	4.846995	11.877057	15.607912	15.788624	12.986009	7.478473	0.766676	-2.400424	-7.047816	1.948536	7.914812	9.528132	7.466013	-0.063117	-10.553485	-2.050472	-4.471162	-9.686997	-2.507795	1.716879	3.185333	2.109540	-2.354859	-14.971556	-7.511410	-3.040237	-1.772027	-1.894011	-3.139756	-5.077865	-6.627045	-5.715663	-2.839666	-2.099441	-4.552270	-8.670463	-11.942207	-22.944477	-8.629778	-4.155251	-3.518704	-3.513589	-0.806264	2.046749	2.883608	0.903547	-4.769619	-3.101198	1.244876	2.266099	1.655742	1.516690	2.348448	2.752467	2.273087	0.862713	-2.235458	-10.603094	-9.353036	-1.087645	1.495153	0.990734	-2.608841	-10.150257	-8.608100	-4.490752	-3.528142	-4.323468	-5.798424	-8.741185	-18.278961	-6.148849	-0.224365	1.982199	2.324782	1.780781	0.414663	-2.464315	-6.988739	-7.692828	-4.793594	-3.719054	-4.001205	-3.323715	-1.576087	-0.138415	0.643649	0.441294	-1.070960	-4.195388	-9.365270	-16.131232	-18.549279	-14.457894	-11.626430	-10.813694	-8.735865	-5.922542	-5.289945	-7.566571	-11.221294	-12.115619	-15.631907	-32.199552	-13.128493	-9.151827	-8.585826	-10.206029	-13.191859	-15.653168	-14.366529	-9.780238	-7.607773	-9.010143	-13.461399	-11.245910	-7.793301	-6.721407	-6.633333	-7.051935	-7.542971	-6.404986	-4.764334	-4.260691	-4.978687	-6.469188	-8.206673	-9.514005	-9.272868	-8.775172	-9.476460	-10.442410	-11.736560	-14.735916	-16.721091	-14.231143	-12.145241	-10.459740	-8.940283	-7.694737	-5.821356	-4.459917	-4.535869	-5.915230	-8.379086	-11.961416	-15.181419	-13.922012	-12.019614	-11.862454	-13.250261	-14.478109	-13.893998	-14.095993	-17.264726	-21.312834	-21.051258	-26.662071	-20.581404	-14.721336	-14.072241	-16.149508	-15.199981	-12.916503	-13.294802	-17.997915	-24.988663	-16.362644	-13.124201	-11.766078	-11.195408	-11.795313	-15.094651	-18.966075	-15.439210	-15.206419	-18.136097	-21.235716	-17.430482	-14.726470	-15.832419	-14.779385	-12.791340	-13.996457	-15.108028	-12.805141	-12.154885	-13.610833	-14.969053	-15.950768	-16.653888	-17.167986	-20.080000	-23.133794	-21.110242	-16.979591	-14.304885	-14.281275	-15.698688	-15.346302	-14.504642	-15.718318	-20.177811	-33.900242	-26.900130	-21.487972	-19.255997	-18.484634	-19.495500	-22.289249	-26.158496	-30.544214	-38.938463	-35.715610	-26.627471	-23.307704	-22.807954	-24.329217	-26.227015	-27.581457	-26.843328	-22.495370	-19.957486	-19.913054	-22.341213	-27.775965	-34.554527	-29.954921	-23.856813	-19.547102	
19.875404	18.117475	12.361191	1.201937	-4.098257	4.059321	6.891329	4.395493	-2.775203	-3.683227	-2.840413	-1.507369	0.509647	2.292569	3.440789	4.024494	5.014122	6.395869	6.907980	6.065554	4.516570	4.620857	6.392135	7.177013	6.562422	5.714130	8.150976	11.883239	13.324730	12.218084	9.118583	4.263304	-4.842181	-7.828051	-3.004466	0.001969	3.234528	5.019126	5.340079	4.304102	1.386658	-3.492220	-8.773678	-10.328676	-9.627331	-8.215062	-0.687101	2.672984	2.543905	-0.127799	-4.964954	-16.128152	-12.625717	-6.128348	-5.791476	-10.858859	-8.420145	-2.917758	-1.754819	-3.736028	-9.018053	-15.634919	-14.164913	-12.836401	-9.641333	-5.978771	-4.047528	-4.197032	-5.168505	-2.858870	0.136169	1.197325	0.318482	-1.847209	-2.933501	-1.804208	-1.117507	-1.892139	-4.717876	-9.072222	-7.780885	-7.661908	-10.013299	-5.929074	-2.977887	-3.021867	-4.816491	-5.298553	-5.411372	-8.283875	-13.664125	-13.553948	-12.335884	-14.799318	-32.273773	-13.775296	-6.656825	-2.703262	-0.609231	-0.413304	-1.887572	-3.514944	-4.138792	-4.935961	-7.038730	-12.886548	-11.573741	-5.133892	-4.018349	-7.988275	-16.957042	-9.079404	-7.945316	-7.814927	-5.864546	-5.837021	-9.245921	-16.915287	-16.578395	-14.765320	-14.916318	-13.148625	-10.599376	-8.033355	-6.545237	-7.215731	-9.985250	-12.657511	-13.569348	-14.810751	-16.426630	-16.608876	-16.528580	-16.271233	-18.562031	-19.009537	-12.902736	-12.132069	-15.140121	-17.995371	-17.521049	-15.889610	-14.368970	-13.704725	-13.364136	-14.567096	-18.416887	-15.804315	-14.043286	-12.646247	-11.525496	-13.589188	-18.168442	-23.460357	-24.686369	-13.341272	-9.106956	-8.623839	-11.700350	-20.621004	-20.759089	-14.361141	-11.821148	-11.264694	-13.771608	-18.142492	-11.850699	-8.800979	-10.585491	-21.466440	-15.583367	-12.453986	-14.061432	-16.096866	-20.450737	-30.454109	-25.481215	-25.066566	-22.054802	-15.772144	-13.809189	-15.961733	-22.330937	-31.934507	-25.393720	-19.733377	-15.952427	-14.827904	-18.353493	-31.792527	-16.525843	-12.961023	-12.608855	-13.639985	-13.548752	-11.556683	-10.907985	-12.675189	-16.005543	-17.845696	-16.554142	-15.392431	-16.141225	-17.374158	-15.783693	-13.699405	-14.063548	-17.628725	-22.176350	-22.816452	-24.304572	-27.056404	-26.219151	-25.683069	-23.340174	-18.987302	-18.039763	-19.339688	-20.953319	-21.820537	-17.402400	-14.250523	-14.497339	-18.058140	-22.835405	-24.615939	-32.417939	-28.016898	-20.791394	-19.996933	-24.445648	-29.413304	-23.140361	-23.538659	-28.767624	-26.514133	-25.899273	-31.744580	-29.239121	-25.157514	-26.142235	-31.555253	-28.586955	-26.335965	-27.347860	-25.467638	-25.595037	-28.619969	-27.677625	-29.049091	-29.212701	-25.125130	-24.517115	-26.907506	-24.288200	-19.443788	
19.914782	18.191439	12.642254	2.556182	-2.173813	4.574348	7.638217	6.918245	3.906218	0.620320	-0.257449	1.100300	0.768724	-4.016061	-8.140129	-4.217115	-9.143858	-2.851014	2.045250	3.382997	2.421952	2.622806	5.230245	3.639002	-11.618694	2.737280	8.202071	10.022303	8.842817	2.859499	-17.535535	-0.888076	0.103624	-1.829741	-6.113790	-2.946342	-1.163865	-4.772722	-25.716820	-3.093583	1.094708	1.048792	-1.479330	-3.459115	-2.693436	-0.330653	2.338292	3.383271	2.150341	-0.984550	-5.566669	-14.576691	-15.899967	-6.526327	-3.245120	-3.881825	-10.955613	-10.617511	-3.369937	-2.701395	-7.074508	-19.085248	-12.089463	-11.884790	-10.631124	-10.121780	-13.173328	-17.156912	-19.181037	-16.630192	-8.967729	-5.447008	-6.211816	-11.294039	-21.155430	-33.425387	-17.601105	-14.470451	-17.071360	-20.664841	-14.132367	-11.207344	-7.983701	-5.575213	-5.556647	-7.760519	-11.024439	-11.853086	-11.326801	-14.408890	-28.384648	-22.792427	-19.325843	-19.578180	-16.735046	-12.790063	-15.213975	-16.526242	-9.595293	-8.891267	-11.914175	-16.107813	-16.033862	-16.507994	-17.646780	-9.945934	-5.891776	-4.635461	-5.577629	-9.383062	-18.417404	-16.679541	-14.042696	-12.161780	-10.304859	-11.873779	-15.935213	-16.113402	-16.903378	-17.933710	-17.387354	-15.759536	-17.613883	-15.280230	-10.207518	-9.626245	-12.583532	-16.006974	-16.065233	-17.051925	-18.572281	-17.711529	-15.949689	-14.464367	-10.508867	-7.910536	-8.313410	-11.562527	-16.097903	-17.717973	-17.651191	-16.678048	-13.644004	-12.629668	-12.238472	-9.673664	-9.309496	-12.715884	-18.577965	-20.287755	-17.311916	-16.745626	-18.240631	-18.132846	-27.266551	-17.066697	-12.102304	-12.435512	-13.259139	-12.585765	-13.920472	-17.753484	-14.038829	-10.865860	-13.386177	-42.656426	-13.123414	-10.490535	-11.815580	-12.678351	-11.032526	-9.939186	-11.035486	-14.428789	-17.463576	-18.085633	-17.954746	-18.509201	-14.252356	-9.591031	-8.296161	-10.011062	-14.106339	-19.052136	-21.849144	-20.608178	-19.597931	-18.561298	-18.063990	-18.928257	-18.000633	-14.859586	-14.327412	-17.259183	-19.090672	-18.788166	-18.763712	-17.953160	-22.169226	-24.360687	-18.415334	-18.745973	-21.952731	-26.650667	-22.427476	-17.014192	-16.185422	-18.866767	-23.152884	-23.978455	-22.039375	-20.844635	-18.921640	-16.112533	-15.922136	-20.451086	-37.200876	-26.169384	-35.541077	-21.038697	-15.495061	-15.330026	-18.830407	-20.192075	-18.740857	-20.257780	-25.053331	-35.126291	-25.240093	-19.551184	-17.220265	-16.881714	-18.178839	-20.879808	-24.006382	-25.881143	-25.900448	-24.466578	-23.057048	-22.292847	-22.242951	-22.836150	-23.112072	-21.618745	-19.727216	-19.315308	-20.683778	-22.723544	-23.913404	-24.455208	-24.118606	-22.865534	-22.085125	-22.526328	-21.993489	-19.407339	
19.948096	18.224510	12.601300	1.348538	-5.888397	2.708754	7.858885	8.873916	5.993449	-5.573604	1.062086	6.276169	6.454104	3.173917	2.834969	8.948205	12.740976	14.008132	13.278790	14.191188	15.908510	14.329470	12.096514	17.254192	20.358705	21.018682	21.500895	23.249810	24.086052	23.463547	22.997531	23.330271	23.236224	22.464135	21.781482	21.521872	21.063602	20.370448	20.092400	20.750943	22.050642	22.981952	23.007788	22.704573	22.967903	23.248318	22.689909	21.661558	21.336092	21.373324	20.834261	19.936279	19.177199	18.697763	18.470116	18.313934	18.174390	18.039829	17.824515	17.834627	18.159964	18.047457	17.129087	15.467629	13.218782	11.227697	10.743615	11.551947	12.664442	13.656512	14.194419	14.377488	14.946350	15.652463	15.694108	15.010419	13.738792	11.864662	9.300061	5.409603	-1.825956	-7.688375	5.201041	9.308676	10.342993	10.680981	11.746551	12.556839	12.653602	12.591517	12.791512	13.055759	13.052586	12.667834	12.546661	14.155153	17.312659	20.563577	23.242259	25.245325	26.764898	27.965563	28.783297	29.176795	29.251540	29.178641	28.997140	28.519957	27.723080	26.881199	26.059532	25.082600	23.896146	22.287621	19.853267	16.384506	11.491561	4.367347	5.087926	9.547282	11.796471	12.689902	13.075520	13.876564	15.544379	17.706019	19.629597	20.986090	21.972482	22.854351	23.609580	24.117216	24.385571	24.562862	24.771800	24.864246	24.606361	24.078641	23.614931	23.384580	23.338142	23.430823	23.650112	24.010359	24.491086	24.856943	24.772777	24.143284	23.151796	21.878978	20.109001	17.783198	15.356788	13.492991	12.808990	13.545337	15.533943	18.237244	20.777915	22.954138	24.953091	26.739185	28.191535	29.356566	30.379947	31.351041	32.273039	33.077656	33.676336	34.080529	34.307744	34.283011	34.018634	33.574034	32.885711	31.920853	30.716573	29.211869	27.217054	24.519014	21.212876	17.653502	13.665317	11.756010	14.171821	16.073306	16.773813	16.776675	16.317482	15.670270	15.540944	16.236659	17.284783	18.406330	19.495783	20.222870	20.514152	20.520744	20.180759	19.421380	18.428060	17.315871	15.939876	14.207009	12.230997	10.049096	7.028487	2.329079	-3.764243	-12.755760	-9.135966	-5.360736	-6.532203	-4.216175	-1.846184	-3.084225	-7.397608	-12.061087	-11.127935	-9.096309	-10.609757	-13.839187	-15.112737	-15.105423	-16.625204	-13.920811	-9.751273	-8.469886	-8.830373	-11.104539	-12.239990	-9.320000	-9.102044	-12.593562	-14.893459	-13.865664	-15.518414	-16.147289	-16.481419	-20.417685	-20.037388	-18.555794	-21.232996	-20.793148	-20.697903	-23.767120	-20.997957	-19.889024	-22.536701	-27.756426	-36.908455	-28.232537	-23.776854	-24.557067	-25.068065	-24.223376	
19.830838	18.129180	12.468662	-0.157909	-18.364504	-1.538885	5.475179	5.980127	2.176592	3.397872	9.136198	12.813707	14.401698	14.017413	11.670854	8.291217	13.684531	19.886540	24.024216	26.870229	28.849662	30.240371	31.296764	32.065637	32.262056	31.529329	29.821673	28.486452	29.990466	32.460846	34.088552	34.738208	34.528853	33.490843	31.499877	28.119178	21.744413	-0.497419	22.354465	27.508105	30.154873	31.490422	31.764775	30.956113	28.920105	25.767547	23.982771	25.778529	27.582847	28.333304	28.294273	27.669058	26.253966	23.207681	15.602424	12.250767	21.971966	25.266550	26.431968	26.558548	26.099022	25.045880	23.026085	19.411084	12.830597	-2.477167	9.435848	14.252591	17.126751	19.087801	20.073751	20.191243	20.189189	21.131927	22.679400	23.781332	24.045625	23.486661	22.190804	20.307672	18.382432	17.339957	17.210882	17.240245	16.725655	15.314405	14.584245	16.174037	17.116898	15.939956	15.204632	18.339603	20.290275	18.881327	9.905828	12.944852	19.047555	18.211586	25.329163	32.950550	37.465223	39.956834	40.924030	40.626142	39.280018	37.185582	34.750456	32.493683	31.668283	32.934473	34.394639	34.841046	34.052207	32.063597	29.033602	25.357528	21.915679	20.429585	21.528541	22.880640	22.805041	20.309284	13.580658	15.903401	22.154423	25.045622	26.460002	27.328091	28.053077	28.688203	29.332947	30.148488	31.000029	31.520825	31.504454	31.088496	30.614658	30.063368	28.821376	26.283190	23.764277	25.527968	28.239843	30.023087	31.519531	33.015305	34.126945	34.486145	33.988143	32.673971	30.603836	27.774247	24.148533	20.423379	19.842539	21.742588	22.740620	22.682878	25.389734	30.626586	34.641134	37.017750	37.976945	37.859809	37.392045	37.664507	38.935856	40.611664	42.328374	43.864779	44.995573	45.590160	45.638129	45.197634	44.340803	43.118826	41.525633	39.424517	36.472161	32.304431	29.380085	32.220911	35.330417	37.356811	38.503586	38.726594	37.829623	35.618457	32.072552	28.285483	27.171815	28.068466	29.222676	30.178785	30.847527	31.564907	32.360561	32.588442	31.558968	28.727250	24.006136	22.959469	26.050804	27.673529	28.129967	28.069420	27.757719	27.231285	26.543806	25.695988	24.513692	22.808311	20.547623	17.821709	14.746873	11.393211	7.823289	4.139973	0.188554	-3.504972	-3.661692	-1.430602	-0.887077	-1.992391	-2.355014	-0.975158	-0.209541	-1.572318	-4.664330	-4.297365	-1.710078	-0.607005	-0.922051	-2.166958	-3.897642	-5.665351	-6.957108	-7.767726	-8.695426	-9.803172	-10.457064	-10.589601	-11.019241	-12.360575	-14.481109	-15.997881	-16.499325	-18.333580	-22.778926	-27.081623	-24.613537	-21.796044	-20.067780	-19.408731	-20.122351	-22.727401	
19.658647	17.934792	12.251185	0.193600	-11.896557	-2.080256	3.387324	4.709852	4.617433	6.758030	11.425658	15.061107	16.615420	15.445854	10.967106	5.668452	8.041383	16.817606	22.287205	25.331756	26.979709	28.050627	29.334753	30.749321	31.410600	30.358853	26.264515	19.861231	24.842881	28.357187	31.035171	32.300614	31.331623	29.140906	28.216032	27.299660	24.689230	21.244267	20.900634	24.338958	26.443446	26.376928	25.986434	26.352230	25.124745	20.994792	17.370247	19.678630	21.119341	20.696201	19.333216	20.372017	21.696356	20.883877	19.884976	21.386068	23.466348	23.423677	19.651231	16.813584	19.878861	19.509240	17.752513	16.300993	12.725855	6.979173	7.446185	6.843352	1.494794	13.298981	15.425246	9.852436	2.516933	4.395969	15.285762	21.100728	21.249717	17.531828	18.972285	21.341984	20.349607	16.628192	9.188027	4.389641	14.520547	16.368436	15.875222	18.312829	19.736802	18.050451	16.161253	17.333124	19.811220	22.822738	24.693164	25.351854	24.609946	23.628451	27.945897	34.307892	38.875675	41.146725	41.038498	38.321310	32.761910	28.016163	26.901210	22.929940	15.791602	25.903864	31.671730	33.223021	31.581168	27.621827	24.355150	22.269625	18.466044	16.538636	20.857677	24.144736	25.085462	23.934458	21.987417	22.093167	23.343965	22.089479	14.782895	16.374700	20.655138	18.031618	14.456502	20.035929	22.301554	23.443523	23.546333	21.400250	16.414204	20.101568	24.051729	23.714883	21.620973	22.617401	23.460770	19.726600	17.212206	27.415233	30.478761	30.616394	30.031341	29.182185	27.081124	24.363671	21.899766	17.395854	16.453446	21.342462	22.639742	20.451722	21.774357	29.829857	34.790969	36.920372	36.242861	31.839218	17.875489	25.469556	30.706898	32.771951	33.227941	37.557460	41.676909	42.680616	40.902360	39.215619	40.218914	39.959752	37.459747	34.185427	32.919089	32.400467	30.795384	34.229139	39.978609	43.666460	45.491279	45.631212	44.053052	40.640903	35.559971	30.822772	27.886793	20.423974	24.792994	30.576069	30.023013	19.618160	27.052097	33.984921	36.067407	35.597099	33.851842	33.646109	34.141454	32.183647	24.995244	28.631211	34.543465	36.262174	35.323816	31.802985	24.726905	19.032301	22.209574	21.509922	18.386268	14.144650	7.320063	-2.203440	6.361212	8.476478	8.107909	6.024348	1.489648	-3.625857	-0.114667	1.772643	1.480250	-0.861124	-4.805443	-4.006263	-1.866104	-2.343992	-5.336802	-8.898606	-11.738690	-13.391897	-13.335814	-19.348991	-16.469440	-12.835885	-17.575340	-23.379582	-12.836677	-11.925225	-15.943534	-20.618149	-16.508689	-15.521357	-17.691680	-24.160241	-36.976937	-23.247146	-21.738072	-25.646602	-33.290293	-24.153271	
19.657069	17.943770	12.304762	0.429981	-14.561574	-1.979479	1.754813	-3.294472	-3.777000	6.220991	8.428749	5.293414	8.143683	13.841048	14.890152	14.099705	14.674804	14.385003	9.410195	0.815999	12.449382	11.459252	14.604318	19.525727	18.204173	16.732481	23.570495	25.370851	22.420466	18.803435	23.501248	24.348886	21.227673	15.532975	13.523502	14.945231	15.629993	14.391744	12.951094	13.766234	15.380981	15.436783	15.585732	18.110424	18.124676	12.468993	7.227289	11.928395	7.950710	-11.045967	6.019954	10.867042	13.482649	13.451149	12.757410	17.452906	20.800961	21.329059	19.593923	16.259817	12.021717	6.865133	3.281754	5.982213	9.254817	10.486883	10.543076	11.909538	13.472088	14.064077	14.438313	15.093260	15.456529	17.225473	20.629179	22.613980	22.591880	21.366693	19.601024	15.511809	2.767122	8.422084	8.926033	3.608505	13.325648	18.250533	20.351587	21.016850	20.970943	19.559980	14.504075	2.192245	-1.375888	14.991457	24.512811	28.204471	27.222218	15.716610	26.345850	30.880342	30.902746	32.172894	34.037032	33.081599	28.623280	20.231694	11.145910	10.016051	17.187279	21.314405	24.311411	26.290069	26.037457	22.860757	18.743136	19.008633	17.567524	11.381095	16.939516	22.300621	23.680045	21.850546	17.517589	17.452812	19.579571	19.294409	16.640378	12.618919	12.170846	14.906840	15.845573	13.917455	11.393877	13.377226	14.435304	11.200642	5.155775	17.623922	21.978088	22.465419	19.632145	11.677778	9.595354	19.904502	24.201877	25.192959	22.572539	15.554689	15.053010	14.251714	8.391763	7.167773	12.022370	17.343838	16.993551	13.302117	17.755334	19.746803	19.711454	23.494258	27.185845	29.321188	29.890887	27.917596	21.748399	6.644561	4.823420	13.460372	24.046777	30.663493	33.765230	34.344771	33.370869	31.996088	30.850969	27.981832	18.729348	15.337891	21.743740	26.099191	29.533903	33.477827	37.080756	39.172642	40.465099	41.507943	41.434871	39.051911	33.018549	26.137665	29.383362	29.430158	28.228813	28.407195	29.981567	31.272933	31.095116	28.571645	28.304567	33.764626	36.458643	36.255580	33.723024	30.758827	31.587972	34.342014	36.468695	37.337903	36.520722	33.556366	28.215303	22.340166	17.495993	4.095882	9.807077	13.581210	12.350913	8.029342	2.195684	5.087119	8.468990	8.370470	4.723712	-4.314414	-5.929731	-1.688131	-3.247165	-8.733050	-7.983068	-4.953984	-5.088581	-8.389530	-16.270501	-24.051553	-19.338448	-18.857666	-17.726795	-15.125236	-13.011791	-11.875437	-11.546745	-12.104292	-13.593450	-15.679644	-17.678859	-18.891739	-19.105358	-19.172670	-19.724982	-21.071204	-23.473338	-25.447116	-24.533840	-23.087390	-23.625981	-27.544539	
19.758696	18.050139	12.451405	0.905285	-7.168761	-0.090760	4.481981	5.296550	3.449622	-0.705145	-2.193699	2.384387	7.537662	11.886276	14.510423	14.592455	10.499851	-24.944147	9.667360	13.802051	15.139662	15.613724	16.273128	16.581996	16.210570	16.525914	18.610125	20.923767	21.839155	21.354171	20.517022	19.857272	18.435404	14.823939	7.436129	9.660480	11.469745	6.725117	2.680482	6.718155	-0.430775	9.750347	15.833862	17.443690	16.414045	13.726597	11.000651	9.999399	10.017788	8.848234	3.772451	-1.025988	9.070504	12.355129	13.659069	15.321995	16.088460	14.891077	13.469563	13.109988	10.781880	3.759204	-5.686746	-2.469953	1.430636	8.287613	11.610206	12.120794	10.166695	5.143416	-8.920114	7.756620	14.173687	17.249287	18.629161	19.726806	20.925603	21.227585	20.135400	18.023197	15.733370	14.092155	13.858520	14.967822	15.779643	14.784271	10.901713	5.261732	7.435496	11.486141	14.554645	14.978692	16.007217	21.111816	25.264171	27.823360	29.093293	29.092981	27.742815	25.206208	23.181870	24.829329	26.908611	26.892148	24.548358	20.436312	15.766869	10.750901	6.697067	-4.955353	9.078827	16.670351	19.639985	20.840589	21.388330	21.129071	19.946597	18.623141	18.520677	19.673019	20.416449	19.772544	17.386621	13.244645	10.845491	11.958008	11.265196	8.363750	7.533400	10.189781	12.365310	13.655025	13.695166	12.229985	11.011320	13.456823	17.014029	19.193965	19.472741	17.864971	14.708518	10.554203	8.774515	14.960765	19.933052	22.491955	23.077703	22.003741	19.426236	15.593973	13.026797	14.500731	16.268933	17.053957	16.918173	15.893730	14.434891	14.257043	15.092161	14.071877	6.986584	9.887354	18.317516	21.187433	21.097953	18.191527	12.212060	18.220154	24.297476	27.123700	27.139422	23.859375	21.466854	26.405228	28.728068	28.670432	27.410503	25.912614	23.603889	19.457019	19.115988	21.727662	20.941295	13.546728	15.323725	25.422719	30.191141	32.776505	33.471768	32.021959	27.820854	19.034024	10.322247	13.916367	15.441529	21.319411	24.806495	26.437001	27.875786	29.125927	29.556866	29.125043	27.242798	24.417157	24.310026	24.257382	24.588889	28.350440	30.883579	30.813732	28.107671	22.942960	16.888939	12.677870	9.527802	5.102983	1.036040	4.488140	5.711668	6.358434	6.580406	4.923639	1.887324	-0.749615	-2.857135	-4.608768	-6.268166	-9.128684	-15.169410	-22.856997	-12.978778	-10.283423	-12.009076	-19.400498	-32.392321	-22.256816	-21.617612	-21.294129	-20.275306	-16.776347	-15.198829	-18.526279	-38.599374	-23.634411	-25.044544	-43.262953	-25.072624	-25.231864	-34.512345	-29.869651	-26.210695	-27.686141	-26.317739	-23.491016	-23.016661	-23.930716	
19.779240	18.053152	12.388115	0.907999	-5.952770	2.948180	6.980229	6.223327	0.904897	-10.345468	-11.433698	-0.035257	1.923114	0.668320	6.358172	9.465056	10.529214	12.033112	13.673865	13.627450	9.961212	1.025722	8.409993	10.787620	8.462572	1.915529	8.253430	11.682047	10.625819	4.058863	-0.543758	3.886776	-1.310389	7.347621	12.336834	12.872816	10.677053	8.191753	7.988828	8.395386	8.765843	9.170393	9.943802	10.523328	9.097745	2.969155	-10.961683	0.479867	1.372826	6.310950	9.442150	10.170079	8.711935	4.669199	2.028661	4.440581	5.118555	3.594993	1.752256	3.746658	5.592223	4.714712	0.961809	-1.688773	0.792656	2.018877	2.703307	2.850916	0.618162	-5.579542	-2.571656	2.946332	4.588292	2.833434	-4.576214	-3.354849	6.878341	10.417149	9.947210	3.628730	4.253214	10.866856	11.617999	9.065789	6.951665	7.641014	6.891569	3.307618	-5.486229	1.860693	9.441798	13.745699	16.092475	17.069441	17.793527	18.959443	19.732475	19.334021	17.340119	14.317265	15.220176	17.948386	18.939286	18.009309	14.662930	6.485390	-4.231295	4.558327	4.696919	7.191557	9.120906	8.065253	3.029593	-4.987882	5.660472	9.176357	8.855353	4.760660	1.199527	5.241823	5.210827	3.952927	5.530058	5.276030	3.207391	2.283296	2.216492	-0.605970	-3.155943	-1.489267	-10.366717	-3.116488	2.320163	2.297356	2.684086	5.970015	8.638790	10.416060	10.584920	8.429333	3.560559	-2.619244	4.167715	9.763722	12.560466	13.168012	12.101003	10.753713	10.774249	10.546264	9.041333	8.375773	9.131206	9.547824	9.741325	9.721650	8.935991	7.755098	7.910366	8.769451	8.751804	8.655984	10.435275	12.600192	13.053984	11.403815	11.022362	13.978822	15.659039	16.195087	16.881433	17.636491	17.975429	17.819507	17.628754	18.079188	18.783304	18.983218	18.125171	15.748661	13.528268	13.930921	12.560417	6.874195	9.308723	12.432050	13.287966	16.643419	20.322077	21.996608	21.192045	17.463234	9.891150	-0.267423	5.965990	13.242053	17.800761	20.166950	19.985629	16.297379	5.544847	13.580644	18.673554	19.764586	18.224523	15.040368	12.707729	15.220838	19.340271	21.012939	19.340817	13.367686	-0.803878	-7.284062	0.493673	4.056989	3.167927	2.243120	3.500898	3.912593	1.574425	-4.511664	-17.925405	-16.393445	-10.371667	-10.255625	-13.536745	-16.064629	-13.901175	-12.101182	-11.059698	-10.818236	-12.415567	-16.316109	-22.161304	-28.297182	-29.289589	-29.261529	-25.600897	-21.085621	-18.364099	-17.423635	-17.912356	-19.113104	-20.229859	-21.644631	-25.624607	-39.609489	-28.758429	-23.439086	-22.155771	-23.724430	-27.822618	-32.205691	-33.839215	-32.351536	
19.974769	18.250316	12.686318	2.432658	-3.281525	3.060604	5.487378	4.905085	4.894896	5.135667	4.622647	2.575043	-0.603188	0.459268	4.769130	5.759612	1.918509	6.049571	10.668206	11.189534	8.986836	5.395787	2.541157	3.584634	4.781765	2.521771	0.660950	4.755112	5.352125	2.742538	-0.003520	0.355209	3.103871	6.125850	7.374212	6.375843	3.775968	1.319388	4.524217	6.534907	4.134433	-2.152699	0.644271	0.692184	-15.847035	1.371347	6.035549	6.115054	6.475567	8.627394	9.246495	7.396564	3.140351	1.725068	3.277809	0.946277	-11.276105	-4.007614	-0.164636	-1.627160	-2.907832	-1.835182	-3.668099	-6.499164	-5.518608	-8.259505	-10.056763	-5.104052	-4.713487	-9.164938	-25.621181	-7.572193	-4.030254	-6.038439	-15.023212	-3.046101	0.640147	-0.616375	-3.558787	1.841361	5.049122	5.087168	2.506001	-1.885281	-4.923150	-3.993106	-2.361145	-0.643686	0.849818	-0.998204	-6.261614	-1.259436	0.045835	-2.919716	-6.718052	-6.557560	-5.328513	-4.396404	-0.062584	1.764143	0.677804	1.235681	1.507380	-0.023348	3.028930	5.044725	4.067695	2.277290	2.177803	1.430177	-1.836321	-6.587335	-6.009862	-5.565956	-5.020768	-2.504026	-2.091740	-2.973642	-2.035962	-1.530474	-2.315104	-2.663082	-1.787005	-1.815841	-4.654288	-5.745918	-2.054639	-0.955550	-1.955317	-2.768040	-2.957173	-4.693202	-7.111967	-5.283206	-3.489695	-5.727980	-13.107721	-3.221580	0.025334	-1.151389	-7.483827	-8.727775	-0.357955	1.725792	-1.071092	-12.131306	-3.831840	-1.545963	-3.055207	-5.783099	-13.045557	-12.869990	-9.308448	-12.382415	-10.806139	-9.483051	-14.285347	-15.599128	-7.873814	-5.692690	-5.568311	-4.994001	-3.019736	-1.112071	-0.948574	-2.636670	-0.860431	1.614103	-0.226248	-1.405216	3.002410	2.310284	-3.508058	-2.770080	-2.318200	-5.236979	-7.569557	-9.138193	-6.963104	1.084932	4.424446	5.519518	5.460763	4.053570	1.157150	-2.204396	-3.497092	1.917611	5.796487	7.755745	8.653905	7.577459	4.247425	0.453073	-1.703195	-4.603982	-2.506190	5.584946	8.922185	8.484097	2.938209	2.490172	8.738688	9.342736	5.645069	-2.297497	0.540481	6.938328	11.311896	13.344373	13.042272	10.172782	3.867935	-5.782436	-3.028399	-1.765647	-4.691533	-18.915907	-7.573880	-4.549321	-6.413539	-11.849275	-26.109389	-18.410037	-14.080933	-16.183786	-23.512306	-30.498188	-20.971930	-14.254060	-12.243684	-13.935824	-20.622942	-34.872075	-23.268474	-24.931830	-39.229070	-25.819158	-21.441825	-21.288903	-24.853037	-28.655309	-25.406083	-25.517179	-27.693026	-25.124501	-22.506761	-21.499111	-21.160516	-21.764301	-23.729726	-27.619845	-36.473337	-34.404517	-31.852304	-34.390435	
19.991894	18.278601	12.732137	2.330829	-3.351043	4.118938	7.140728	6.119283	7.726745	11.156496	11.674455	9.129824	4.723324	3.161342	3.798218	6.416598	8.656189	8.545154	6.403678	4.127332	1.478616	-5.354225	-6.566759	-0.505784	2.777314	5.392492	7.154532	7.428250	5.828791	3.194605	1.277978	-0.017188	2.402447	4.651313	3.709288	-2.483626	-2.462604	3.349971	4.522231	4.099213	3.120083	1.252628	-0.903269	-1.594476	0.390311	4.443636	8.135539	9.856211	8.762553	3.642784	-2.675349	2.014800	2.574434	1.281022	0.367383	-1.382893	-4.550270	-5.459116	-5.384787	-6.707406	-7.812776	-7.747313	-7.298499	-6.771974	-6.075637	-6.140537	-6.448550	-6.086182	-7.671499	-16.010387	-14.471024	-6.364303	-4.193007	-6.506130	-13.427963	-4.237887	-1.024648	-1.146589	-2.661121	-4.696085	-2.629840	-0.337226	-1.812780	-7.977144	-14.807352	-11.977811	-10.972081	-9.773227	-6.272261	-4.866060	-6.315277	-6.922962	-4.371324	-3.571606	-5.663992	-7.953691	-6.407798	-5.959057	-7.661349	-9.675152	-8.624668	-6.801600	-4.690692	-2.302698	-1.347601	-2.284162	-4.939647	-7.905847	-9.182677	-13.416423	-13.775355	-9.430018	-10.547612	-12.457964	-14.314440	-21.334656	-15.704479	-11.171822	-7.883508	-8.395578	-17.150889	-10.663109	-4.742104	-3.210356	-3.649582	-4.807562	-5.628529	-5.563003	-5.595471	-7.611760	-11.935203	-13.180497	-13.154770	-15.095864	-19.876295	-10.670599	-5.219328	-3.770687	-5.614391	-11.547669	-13.175259	-8.605153	-6.454764	-3.594313	-1.366203	-0.742917	-1.212930	-1.779144	-1.484418	-1.585569	-3.159835	-4.988066	-5.645536	-5.126022	-4.384003	-4.860687	-6.220394	-6.991742	-7.474709	-8.777752	-12.059581	-24.807981	-12.736077	-6.717402	-5.771187	-7.162519	-7.736606	-5.851195	-0.898773	2.533291	3.434737	2.449520	0.919802	0.336076	0.215797	-0.799577	-2.319178	-1.891444	0.476909	1.953755	1.865564	0.650454	-2.584435	-10.043187	-4.280764	-0.433585	0.244244	-1.311805	-5.660624	-4.985281	-2.435330	-3.143946	-6.519339	-13.315915	-7.486036	-3.189251	-2.578913	-4.392765	-4.103510	-0.312071	1.586454	1.510625	1.462279	1.924305	1.332805	0.053121	-0.104551	1.375092	2.214175	2.043470	2.145141	1.761821	-0.404341	-5.198265	-15.499707	-12.472233	-7.855713	-7.112021	-8.526108	-12.328747	-17.922065	-19.748659	-27.829030	-19.168780	-14.049906	-13.436660	-15.429979	-19.543120	-21.392904	-18.152343	-16.904375	-17.940220	-20.195053	-22.136255	-22.842182	-22.662811	-22.783124	-24.463274	-26.012559	-24.541746	-24.218282	-26.785270	-32.235565	-40.447409	-42.412577	-30.784711	-26.000717	-23.550029	-22.913260	-25.363755	-36.198959	-30.061164	-24.357110	-23.167773	-23.808710	-25.327721	
19.965579	18.205429	12.424047	0.696392	-5.595798	3.575059	8.368389	10.160715	11.317728	12.414770	12.425012	10.947380	8.544389	5.164964	2.422481	5.776592	6.522389	2.214309	-12.127630	-8.537961	-17.826745	0.460321	5.109974	5.785537	1.927140	-6.117070	7.601896	11.585800	12.028467	9.967484	5.572700	-0.648216	-0.472565	2.210556	2.732165	1.611786	0.225645	-1.006410	-5.615260	-12.330377	-4.951387	-4.681358	-6.592705	-7.059613	-12.996332	-1.672720	4.975998	6.885479	5.809936	3.078981	0.587949	-0.456411	-1.134274	-2.245819	-3.475938	-5.293775	-8.055887	-7.939102	-4.931084	-5.176737	-11.094565	-14.269711	-6.250029	-4.592404	-6.571481	-12.231730	-15.930770	-10.806171	-8.245143	-8.080846	-8.580478	-6.569238	-3.577850	-2.076214	-1.349871	-0.632665	-0.583730	-1.898955	-5.049874	-9.029602	-8.706325	-5.366917	-3.101114	-3.569741	-7.804954	-14.546763	-8.652723	-5.134578	-3.821126	-4.518251	-7.459035	-8.996861	-7.354728	-5.320187	-3.015117	-2.157489	-3.484343	-7.162993	-12.236125	-16.202123	-11.490231	-4.416505	-1.566398	-2.339791	-7.753360	-17.817219	-7.624826	-5.144303	-5.708929	-7.762037	-9.074813	-9.036888	-8.550981	-7.963107	-7.882640	-7.539748	-5.518687	-3.515341	-3.266379	-5.639411	-12.953728	-14.792167	-9.061151	-9.644536	-14.985407	-20.247886	-17.786571	-16.649845	-13.751898	-12.765905	-14.120805	-15.536553	-14.497478	-11.869603	-9.400970	-8.270920	-10.116787	-18.771151	-12.615562	-7.215412	-5.864104	-7.060342	-8.680932	-4.978453	-2.282260	-2.591627	-6.428439	-14.953945	-7.595503	-4.100364	-4.195924	-6.857085	-13.903312	-14.651413	-6.756080	-5.155270	-7.853843	-17.391221	-20.547286	-14.883338	-16.255722	-28.860764	-15.332627	-7.694925	-5.210041	-6.542089	-10.978800	-12.378657	-11.494440	-5.019030	-1.395116	-2.148843	-9.364463	-7.374862	-0.193944	2.340978	2.597683	0.944532	-2.875237	-9.145882	-13.869782	-13.549457	-13.127421	-9.713808	-5.141239	-1.341964	1.082033	1.718407	0.264124	-3.547141	-9.772936	-18.818251	-15.012603	-7.775168	-6.540110	-10.884054	-25.313712	-12.709251	-7.203486	-3.681318	-3.276389	-5.885430	-6.069377	-3.282580	-3.061785	-6.049422	-9.622841	-9.765340	-13.015969	-20.194106	-26.102644	-23.930235	-15.657102	-13.932721	-21.839155	-16.529553	-11.347167	-13.329001	-19.802520	-15.936149	-14.211828	-14.518384	-12.876528	-11.521354	-12.477182	-15.908785	-20.622449	-23.016282	-23.207153	-22.220529	-23.288863	-30.685654	-37.443025	-36.517554	-36.240017	-28.113159	-26.633337	-25.009940	-24.358640	-21.321326	-18.405744	-18.164367	-20.245072	-23.680709	-28.518431	-34.875921	-28.790793	-27.441970	-33.359903	-34.941524	-25.713579	-22.945162	-22.953885	-24.854599	-26.969013	-30.297518	
20.067250	18.356658	12.703188	1.103581	-6.579859	4.044421	7.676684	4.839309	2.879875	8.577594	8.640961	2.739358	-3.183919	4.660598	7.324534	7.881690	6.343066	2.793067	0.023335	1.052319	3.930030	6.738257	7.396245	5.286148	1.654735	4.397866	9.607657	12.258390	11.893988	8.130029	-0.564668	-16.485202	-7.507477	-4.072525	-2.250325	-3.436258	-6.161327	-3.602861	-2.505118	-3.630736	-4.198498	-5.205231	-9.762419	-12.631786	-2.388492	2.272715	3.635379	2.001726	-3.763080	-29.383098	-8.827927	-7.718180	-11.629347	-19.933178	-13.723089	-14.065474	-16.520684	-5.879898	-2.489708	-2.951288	-6.858427	-13.858175	-11.263034	-9.216214	-8.625094	-7.992929	-10.740956	-11.078720	-4.722675	-3.267391	-4.733174	-3.880534	-2.272730	-3.317265	-7.518874	-12.129110	-7.535843	-7.017781	-13.893076	-18.859002	-14.247149	-25.922983	-8.404905	-4.218201	-3.876232	-5.752709	-9.814003	-24.255129	-10.900697	-4.881741	-4.061873	-7.630938	-16.900827	-14.384837	-10.912344	-8.437816	-9.096045	-14.832113	-21.095651	-18.992763	-7.505756	-3.099186	-3.144790	-7.187045	-11.842420	-9.341542	-9.364581	-14.175728	-13.836352	-9.825550	-11.582276	-19.983705	-27.770360	-14.479330	-10.364265	-12.246634	-11.447808	-4.459136	-2.015380	-2.602264	-5.116178	-8.470546	-13.216701	-24.587157	-13.954142	-9.631330	-9.188026	-11.601775	-18.597682	-19.957848	-15.240663	-18.135061	-22.079246	-13.016405	-10.801300	-11.492146	-11.834874	-10.791353	-9.249059	-7.503473	-5.667649	-4.230201	-4.138827	-5.953119	-9.255083	-10.697544	-9.842533	-9.836309	-11.056313	-12.991871	-14.817125	-17.805793	-18.272875	-11.648754	-8.654919	-8.721472	-10.701264	-12.740257	-14.621549	-18.730263	-28.774770	-16.385679	-9.757327	-7.349213	-8.272837	-10.183168	-9.063340	-8.664017	-8.424568	-7.747889	-7.983720	-7.322167	-6.122097	-6.733300	-8.495240	-6.133597	-4.265266	-5.927292	-12.064462	-20.924679	-18.372285	-22.245623	-22.559029	-14.023109	-10.879505	-10.219945	-8.144662	-5.238779	-4.477241	-6.655297	-13.222023	-17.619168	-10.651303	-8.274196	-7.797880	-8.204109	-8.864991	-9.503039	-9.956138	-7.973110	-4.735172	-3.418332	-5.399040	-14.848749	-9.267303	-3.428568	-2.624687	-4.879231	-9.680483	-15.959596	-18.478132	-15.868285	-12.439007	-9.991104	-9.092959	-9.659171	-11.082938	-12.340363	-12.891566	-12.361081	-11.755197	-11.805201	-11.884109	-12.513949	-15.141273	-21.151995	-31.312001	-30.909834	-31.202170	-28.011462	-24.315743	-22.235187	-21.275484	-20.507197	-20.093864	-21.061952	-22.099810	-20.125267	-18.449119	-18.360944	-18.339690	-18.277289	-20.011157	-23.816910	-24.801387	-23.056400	-22.985130	-24.885583	-28.566670	-32.301198	-29.487099	-26.202920	-24.959575	-25.974576	-27.343269	-24.009874	
20.073412	18.331866	12.707485	2.277753	-2.904059	5.017719	9.098940	10.225136	10.288768	10.035241	8.610142	4.768158	-1.487762	-5.148973	-7.709157	1.135096	3.953791	2.030579	-0.680775	1.128677	2.237371	4.128837	5.225888	3.608128	0.690704	2.463932	7.023180	10.224701	10.576065	7.496499	-0.408505	-17.815857	-7.655496	-5.208953	-6.634322	-7.688632	-2.375541	-0.375502	-1.998642	-5.478567	-5.014116	-4.454039	-5.540441	-5.910271	-4.137367	-2.494043	-2.796197	-5.055154	-7.097773	-8.202662	-11.714767	-21.878299	-21.036233	-15.756077	-15.126043	-13.307731	-8.202343	-4.314628	-2.952501	-4.325238	-8.008718	-10.644104	-9.884772	-9.257636	-9.623524	-6.156846	-2.386245	-0.568326	-0.004630	-0.044677	-0.568553	-2.151723	-6.047921	-15.929482	-16.987207	-10.378836	-8.179047	-7.265932	-7.608572	-9.137330	-10.630729	-10.054774	-7.460432	-6.284440	-8.633254	-18.704666	-17.137067	-10.271508	-8.082638	-7.173277	-7.114434	-7.975105	-9.830868	-13.426231	-15.518113	-10.664629	-8.374390	-8.986764	-9.869292	-7.743391	-5.676856	-4.436863	-3.875237	-4.425837	-5.409386	-5.532189	-6.185423	-8.559507	-11.943887	-14.430783	-14.418871	-15.713067	-19.514748	-14.671343	-10.173351	-7.537138	-5.186773	-4.120252	-5.661289	-8.872261	-9.348741	-10.175830	-13.530809	-15.480352	-12.394037	-8.962925	-7.661413	-8.999633	-12.875062	-18.475412	-23.599981	-17.859806	-12.828548	-11.010855	-12.658947	-17.762528	-17.066953	-16.681514	-17.150570	-20.160174	-23.006308	-11.826701	-10.253523	-13.755204	-23.393056	-32.588409	-26.274225	-23.149804	-22.174754	-24.885262	-23.569892	-21.796562	-40.098042	-17.023689	-11.099604	-10.411800	-13.400869	-14.478699	-12.680996	-13.865123	-16.477254	-14.029180	-10.753875	-9.704486	-10.582262	-11.597658	-8.994881	-6.738385	-7.488437	-11.852333	-20.026743	-18.002134	-13.947930	-12.574635	-12.047918	-10.535610	-9.278593	-10.166451	-14.329845	-23.613007	-27.896807	-22.142278	-21.620691	-24.044410	-23.849722	-22.350196	-19.567556	-16.655863	-12.790827	-11.368533	-15.097861	-16.741118	-10.744923	-11.468319	-23.991212	-15.359895	-12.658881	-17.060716	-24.822457	-19.365823	-13.072547	-11.058628	-10.175457	-7.550956	-5.045618	-3.898400	-4.449716	-6.704551	-10.869989	-20.195710	-18.566721	-10.513090	-6.996416	-6.028002	-8.036757	-15.273827	-23.449478	-15.127509	-15.031766	-17.396506	-21.962513	-30.801594	-31.034854	-23.458680	-19.763577	-20.606397	-26.073291	-38.024667	-55.806716	-42.837930	-33.872635	-28.440509	-24.254316	-21.202045	-19.674107	-19.180129	-18.459620	-17.932556	-19.700347	-25.372847	-25.179093	-22.949413	-24.924493	-28.114623	-27.748953	-24.277584	-22.725250	-23.899594	-27.504427	-31.782358	-34.812193	-43.997553	-34.152421	-27.511635	-23.494328	-21.041002	
20.025297	18.388820	12.983734	2.357507	-1.632819	6.364620	9.637979	6.593346	2.919570	8.751774	7.946569	0.368141	-15.188507	-10.946444	-2.673755	3.255918	6.070880	6.466057	3.260331	-6.228384	-14.646270	-2.448685	0.719833	-12.662515	1.990561	3.991714	4.686680	10.310797	11.241193	8.152160	2.116670	-6.327419	-16.182034	-5.857410	-0.881233	0.817380	1.007072	-1.643991	-4.623579	-1.209610	-1.160283	-5.557410	-15.900152	-29.530055	-15.657993	-10.648725	-12.206985	-20.910213	-29.409564	-21.317457	-15.761928	-12.718348	-10.056491	-9.509945	-9.270343	-8.774587	-14.613174	-8.715679	-3.264648	-3.728836	-7.588514	-9.349691	-5.336077	-3.143942	-5.116525	-6.667270	-1.779240	-2.339274	-14.888803	-6.945657	-5.635474	-16.356448	-12.389804	-6.574891	-4.401415	-4.360880	-8.675609	-8.352908	-3.407283	-5.465090	-13.863537	-18.723627	-14.782904	-6.664748	-7.535705	-17.460058	-10.642050	-8.827967	-14.166032	-11.053104	-10.049334	-17.365103	-19.007687	-13.357532	-9.436694	-10.381900	-24.194619	-8.241410	-4.589478	-7.116726	-16.113287	-9.939196	-9.741472	-12.038823	-7.926676	-4.996285	-4.498738	-6.862281	-13.154095	-21.185217	-18.472300	-12.568962	-10.767705	-16.676657	-13.919164	-5.108017	-3.007000	-4.244451	-7.619188	-11.256202	-12.325473	-15.169940	-18.451517	-17.152832	-13.153708	-9.080963	-9.513107	-12.506521	-12.853432	-14.569904	-18.510294	-22.612804	-21.193253	-18.897271	-13.770878	-8.945320	-7.849816	-9.253109	-10.087948	-9.670659	-10.050915	-11.325686	-15.320941	-23.804575	-15.635984	-13.838115	-14.797451	-15.914969	-13.369445	-12.055518	-14.354826	-18.603844	-17.903260	-15.681190	-13.106307	-8.676478	-6.568992	-7.962118	-13.070838	-17.515422	-16.730050	-14.407488	-15.318382	-22.357219	-19.491338	-14.309638	-9.815646	-9.259982	-14.261721	-18.124810	-14.843584	-20.419548	-14.773702	-11.185087	-15.184318	-21.343868	-11.211959	-9.833521	-12.377144	-18.101949	-27.041502	-29.727857	-22.655423	-20.508208	-18.666040	-16.962230	-18.258374	-20.221077	-18.270202	-15.881865	-12.321326	-8.814534	-6.257414	-5.129976	-5.711370	-8.128293	-12.623916	-17.781613	-18.966617	-16.901316	-16.568200	-17.985559	-18.084342	-10.998625	-7.348697	-8.549269	-16.146473	-22.381831	-16.314664	-15.402337	-14.834286	-13.717905	-11.405586	-9.303960	-8.684268	-9.689066	-12.578606	-18.423392	-26.435644	-22.904266	-22.833234	-26.241582	-27.593951	-22.374101	-19.121677	-19.747993	-24.413236	-27.906376	-25.303573	-25.187341	-27.715289	-27.511322	-27.527254	-37.379245	-33.514047	-31.243220	-44.648613	-26.495856	-20.723170	-18.284072	-18.210349	-20.661061	-25.311589	-24.890084	-23.798889	-28.950980	-36.791610	-26.563096	-27.422591	-35.249477	-34.885080	-31.270618	-34.000201	-39.900125	-28.775745	-27.991107	
19.905389	18.116087	12.207487	-0.040010	-6.735187	3.648249	7.177166	8.950201	13.665122	17.837118	20.100036	20.892727	21.184858	21.613137	21.596768	20.804316	20.583602	21.563397	22.040816	21.533813	20.887384	20.817631	20.992466	21.026978	20.916809	20.520972	19.294174	16.633904	12.043578	5.510500	6.611501	10.111284	11.273565	11.602393	11.362812	9.683899	5.940285	0.500609	-3.927355	-7.669415	-7.176179	-5.498807	-7.041766	-9.449140	-7.316423	-3.983595	-2.754832	-3.229510	-3.911149	-4.472079	-5.932761	-7.242230	-4.387034	-0.348634	2.160359	3.332204	3.869441	4.149840	3.918425	2.533131	-0.321166	-0.259285	3.186871	4.720518	4.536143	4.338881	5.242254	6.383113	7.002932	7.020808	6.656706	6.001373	4.928340	4.154974	5.722092	8.474545	10.510460	11.606269	11.869300	11.273756	9.979173	8.660269	7.804090	7.072841	6.203164	5.512962	5.305445	4.982255	3.847193	1.757152	-1.197533	-4.836700	-7.772710	-6.563829	-3.279505	-1.062738	0.043026	0.411206	-0.082404	-1.445437	-3.455575	-6.408766	-10.305003	-14.579029	-21.691579	-19.778442	-12.817487	-7.150754	-4.681397	-5.019310	-5.199343	-3.269739	-2.062348	-1.838632	-2.005832	-2.710754	-5.075779	-12.207751	-19.652179	-9.168140	-6.214879	-4.703917	-3.726093	-3.174319	-3.639337	-5.653449	-9.073933	-11.885891	-10.987126	-9.920824	-10.532765	-12.036808	-12.916741	-13.144194	-10.823975	-5.986665	-2.278059	-0.527303	-0.662029	-2.481761	-5.111716	-4.764664	-1.994769	0.019950	1.696383	3.380870	4.561651	4.988041	4.595436	3.188057	1.019543	-0.608591	-1.727112	-3.250111	-3.561703	-2.086296	-1.370240	-2.671242	-5.523167	-6.841471	-6.597174	-7.756752	-10.419008	-12.896681	-13.611446	-10.886451	-7.293395	-6.133188	-7.275165	-8.331199	-6.769562	-4.586970	-4.244685	-6.662775	-12.452381	-12.386203	-8.183696	-8.258862	-13.267887	-40.584041	-17.229448	-14.777907	-14.675331	-14.058696	-11.544942	-10.124938	-12.130140	-21.386076	-18.253737	-17.031093	-23.979937	-10.016264	-5.113819	-2.725646	-2.461830	-5.136337	-11.441195	-16.926152	-13.732495	-10.091575	-9.722167	-10.052400	-6.894474	-5.729795	-7.694541	-9.654597	-9.314651	-10.552638	-11.599171	-9.978545	-9.849926	-10.251567	-10.185181	-13.916759	-23.759560	-15.225650	-13.542730	-14.185930	-16.286355	-20.652911	-26.680695	-32.129519	-33.780312	-20.958408	-16.286486	-15.101741	-16.149055	-18.166503	-18.500234	-16.815309	-15.776898	-16.501124	-19.342062	-24.643077	-33.557375	-32.374792	-28.561708	-33.196131	-28.586429	-23.176828	-23.470187	-23.132696	-20.131266	-19.639133	-21.291286	-22.519168	-21.711674	-21.014018	-21.899104	-24.501323	-28.452335	-35.251634	-31.144957	-24.635077	-22.023981	-21.465244	
19.900082	18.019204	11.954202	1.092921	-2.541896	5.714798	9.087929	9.272009	14.648057	20.921701	23.770118	23.759318	23.057028	25.035416	27.005765	27.125479	25.383087	23.738157	25.590003	26.964827	25.026140	15.160421	20.277558	25.890886	25.654609	21.137290	13.325652	8.513497	11.020914	15.500216	13.969622	-0.258322	14.904606	18.738790	16.695950	6.638822	9.125418	11.229263	7.023827	1.803425	2.839922	7.177371	9.492594	9.390512	10.276493	10.944486	7.719967	4.039851	9.626637	10.589780	8.436632	8.513869	9.558365	5.576776	-2.027204	7.193011	5.503013	-10.806785	5.902769	7.160969	-0.087420	1.710633	9.570548	10.507958	5.401537	-6.719251	3.784135	-0.179853	6.628537	9.506125	4.513580	0.520115	10.093966	12.262078	11.527245	6.959943	5.193131	14.310829	17.007093	15.166452	6.747247	5.390364	8.720895	4.809634	4.442592	5.424008	1.576926	5.684692	7.961995	5.219399	-3.810475	0.271281	2.420834	-2.151821	-1.081514	5.056592	4.558661	-5.097424	-2.065022	-0.480543	-0.437481	4.437345	4.876132	2.639736	0.677942	-0.505162	-3.240539	-6.506786	0.099153	1.798214	-5.035489	-2.425807	5.175583	5.191173	1.545352	2.918098	2.599973	-5.143975	-6.989983	-0.948056	-0.821187	2.957086	5.443148	2.963827	-3.802686	-0.291608	-1.472457	-8.434253	-3.396300	-3.342794	-7.310937	-2.730088	-1.115559	-5.213296	-7.063162	-1.899420	-4.880367	-6.547554	-0.395674	-2.257671	-15.058457	-2.552476	1.129697	2.810373	4.767404	5.815664	5.162016	3.644530	4.422674	7.005145	8.109147	6.730486	1.731205	-8.814792	-0.120344	2.292782	0.176979	-7.113841	-6.679974	-6.340124	-24.770859	-2.607271	0.842930	0.645947	1.738868	3.497820	2.336562	-3.483714	-6.645805	-4.464472	-0.239215	4.164776	4.721233	2.010595	-1.740920	-1.655194	0.524860	0.366257	-2.203875	-2.397973	-0.318966	0.701745	-0.871722	-5.240234	-9.641121	-7.539793	-0.435102	2.805786	3.611631	3.024517	0.622291	-5.272549	-10.237734	-6.254376	-2.030193	-0.043712	-1.119445	-3.891293	-3.683011	-0.884537	1.224898	1.766787	0.097827	-4.764860	-14.441255	-18.781951	-15.682523	-7.303084	-2.479135	0.086932	1.112566	0.635193	-1.564297	-5.834748	-13.279205	-25.581752	-18.952655	-17.306751	-19.372625	-26.829671	-46.594438	-39.629184	-24.043505	-18.982910	-17.995617	-18.325726	-18.778845	-22.339239	-24.407883	-18.486908	-15.362161	-13.827872	-14.091729	-16.336854	-19.426409	-21.320378	-21.962824	-21.602805	-21.044516	-21.783698	-23.806532	-24.087654	-21.981653	-20.342282	-21.648072	-24.254623	-20.203236	-17.879933	-18.170267	-20.172692	-23.700931	-27.713758	-29.187897	-26.323554	-22.052110	-19.781822	
19.774671	17.975031	12.249836	1.654830	-6.598801	0.349292	11.202548	18.666412	22.128475	20.106652	12.669892	25.420851	28.780396	31.344313	34.934955	36.699789	36.801352	37.450688	38.400658	38.235784	39.054180	41.380950	43.333467	44.575415	44.761213	43.978366	43.041452	42.276790	41.331407	40.068745	38.392404	36.202186	33.292858	29.244111	25.503017	25.567160	26.458728	27.092337	27.653730	28.146196	28.762524	29.515303	30.085210	30.268645	30.076785	29.630124	29.168394	28.921960	28.840894	28.646943	28.132946	27.225185	25.939718	24.447246	22.968444	21.457126	19.646294	17.176589	13.261450	7.506015	9.450311	14.753466	18.545043	20.938268	22.121233	22.530852	22.703190	23.109580	23.910613	24.710824	25.221716	25.535810	25.457659	24.675397	23.924626	24.417824	25.847309	28.074274	30.414652	31.873197	32.410051	32.564720	32.551512	32.272481	31.757875	30.915090	29.654134	27.855425	25.371992	22.988051	21.814520	21.637043	22.254707	23.284643	24.044998	24.050384	23.177406	21.819307	20.764639	20.372408	20.170875	19.393241	17.341789	13.182420	5.458180	4.470448	9.496829	12.144228	13.806560	14.870443	15.800660	17.119702	18.709274	19.899379	20.311567	20.016122	19.293060	18.517159	18.099503	18.183722	18.444206	18.385674	17.645682	16.104250	13.945920	11.633397	9.671196	8.250021	7.232168	6.615907	6.709081	7.658716	9.067746	10.471818	11.599757	12.289032	12.719403	13.365181	14.210840	14.940758	15.606059	16.136228	16.455213	17.458648	18.988681	19.540205	19.398856	19.568452	19.462723	19.629149	20.324244	19.834470	17.591498	14.242797	11.503599	11.528097	12.934951	13.605417	13.558007	13.503200	13.719015	14.399585	15.586044	16.742778	17.209207	16.593238	14.870645	12.736829	11.729373	12.150095	12.788912	12.684582	11.125475	7.436335	2.342421	3.122022	6.186210	8.807751	10.928504	12.392110	13.232525	13.471298	13.163542	12.455116	11.792287	12.163603	13.566244	14.588586	14.388650	12.809751	9.966362	6.185433	3.305987	4.140122	5.080378	3.336946	-3.761778	-10.431022	0.008355	2.212251	1.412273	-2.109966	-3.714974	-0.054943	0.903785	0.181255	0.588998	-0.171088	-7.828493	-2.861337	3.582127	4.687567	2.470072	-3.217943	-14.606807	-13.332762	-11.144345	-12.801679	-17.563952	-20.476752	-18.224335	-14.878536	-13.330764	-15.512620	-18.193644	-16.343297	-19.019642	-17.459875	-12.680810	-13.400212	-18.301151	-15.224235	-12.483397	-13.008712	-16.296387	-24.355053	-22.934660	-18.095704	-18.301565	-22.840679	-34.205788	-30.999582	-30.968783	-28.776292	-21.664905	-17.339629	-15.917912	-17.933669	-25.797613	-22.695283	-18.738566	-19.902740	-23.083055	-23.973062	-25.860224	-31.468731	
19.768962	18.120019	12.702372	1.100054	-6.065873	3.100295	11.772203	7.633762	17.660944	27.960282	33.392488	36.943880	38.866561	38.377475	33.503072	33.687090	42.016866	45.709381	46.696488	45.056789	40.203087	45.216819	51.600687	54.616160	55.064509	52.836763	46.118568	35.548102	47.511941	49.528126	47.916655	42.814753	32.136356	35.620120	39.064768	39.573772	38.469369	35.463545	29.349442	29.476193	35.137303	37.352120	36.848051	32.996614	19.982144	29.215046	34.017072	34.402261	31.004647	17.036767	28.627711	33.279490	33.398348	30.133705	23.112774	24.545468	28.617943	29.883094	29.611999	28.523783	26.748700	24.268801	25.447010	29.174507	30.925276	30.279533	26.464011	18.729873	27.554903	32.144577	33.217891	31.175636	24.078282	23.997581	31.479513	34.711338	35.874183	34.622345	27.286880	31.336875	39.685606	42.775849	42.968305	40.271152	31.937914	29.609086	37.892301	39.803897	39.097798	36.517172	32.631531	30.807091	32.703432	33.935994	33.374837	30.592484	23.999383	19.230385	26.457441	28.259669	26.469197	19.947257	15.838994	22.728857	24.774042	25.239376	25.041585	23.629404	19.965162	17.134839	21.625970	23.954247	23.072984	17.697834	8.372964	20.183984	23.207967	22.619277	17.838212	-1.216495	19.105031	22.862344	22.665529	18.899865	11.574835	15.546139	17.985254	16.881073	14.390394	15.449637	17.208418	16.452734	14.360972	16.881082	19.883191	20.504142	18.471967	13.689667	18.404248	23.899207	26.096527	25.395540	21.616967	23.764504	29.568902	32.414570	32.910998	31.091912	25.595061	10.870386	25.600656	28.706141	28.069285	24.622321	18.488313	17.055712	21.294047	23.500927	23.773297	21.878570	16.644992	14.504073	20.424812	22.346182	20.966850	15.094095	0.184643	15.994194	18.478053	16.597644	9.526092	12.378718	16.949706	17.365670	15.054195	11.332340	12.229352	14.907379	14.402763	7.044665	7.596417	15.630138	16.618925	12.720962	-5.865400	13.554003	18.056628	18.666273	15.690030	4.914346	10.099841	14.965528	14.950370	11.712480	4.601116	5.156508	10.029315	11.972208	12.175823	10.932063	9.819654	10.655554	11.625767	12.790098	13.887996	13.291199	9.959556	3.489702	5.061528	10.213905	12.326047	11.399508	7.078643	3.116848	5.593256	6.385582	5.654748	4.068508	2.151297	1.118499	0.435917	-1.726348	-6.388200	-7.430703	-2.543382	0.297420	1.624635	1.862795	0.860168	-1.816465	-7.069014	-13.486401	-9.582160	-8.202431	-10.661741	-18.279042	-20.395394	-14.315330	-13.005061	-14.085997	-16.588512	-18.661335	-19.508422	-21.806408	-21.500818	-16.352322	-13.938658	-14.440701	-17.943561	-22.541894	-18.311167	-15.328583	-15.595130	-19.133943	-24.520573	-23.258393	
19.906920	18.328239	12.834028	-4.707753	7.047428	12.852700	15.377615	14.506406	12.958199	27.025020	36.974688	42.053196	43.573733	41.859309	37.067305	27.418045	40.621103	47.623742	49.739078	47.870759	42.757015	40.187974	51.515811	57.946226	60.278992	59.478856	56.116941	51.111109	47.765766	51.439824	53.292755	51.996575	48.239134	41.912083	23.530049	39.198318	42.717744	42.315617	39.189387	30.969148	28.965622	38.482167	41.117490	40.776165	37.982279	31.315896	27.958584	36.455742	39.331967	39.481022	37.399999	31.364958	19.692579	33.199018	36.044382	35.894056	33.329217	25.358133	27.166497	34.683703	37.120567	37.186728	35.103389	28.684975	24.082806	33.614438	36.521120	36.816616	34.591650	25.565073	29.234164	36.789626	39.230641	39.555474	37.751756	31.555041	34.518431	41.410145	44.503785	45.734656	44.625456	38.458603	40.572085	46.488941	48.042240	48.100684	47.244024	43.827989	32.949515	35.288291	40.898659	41.451965	39.293570	33.135196	21.224392	33.726153	36.399172	36.105138	33.564773	26.723082	22.081380	30.799843	33.532472	34.155058	32.858494	28.146233	17.120559	27.070162	30.694197	31.174000	29.263456	23.844901	13.687511	22.166251	25.792836	27.068338	26.372335	22.565802	12.497636	20.646044	25.787089	27.522099	26.675073	22.518415	8.939134	17.896577	23.615348	25.411146	24.602192	20.367115	5.581029	18.164775	23.671714	25.757859	25.763702	23.327552	16.879468	22.095823	28.792669	31.786178	31.704666	27.410777	18.610943	31.593888	36.838114	38.712748	37.738150	33.868252	29.266727	30.832814	33.581393	34.677658	33.532376	29.746526	21.612104	12.369014	24.198592	27.234046	26.777886	22.655409	12.531499	20.163159	24.649498	25.504874	23.451330	17.305898	2.776971	18.342513	22.941706	24.410347	23.460150	19.647975	7.945456	14.124342	20.296312	21.523426	19.456093	12.096687	7.826747	18.119068	21.805650	23.011842	22.092711	18.752093	11.367937	14.095053	20.754315	22.935890	21.843405	16.834395	-11.486812	16.305661	21.071917	22.057922	20.588568	16.788470	9.978782	15.700394	20.867480	22.610375	21.988961	18.733905	7.649515	14.451803	21.328770	23.192670	22.215192	18.631268	10.480837	14.636685	21.023923	22.878046	21.885490	18.423670	11.586256	8.375630	13.828104	14.953594	13.058584	8.096678	1.502423	6.242749	9.447136	10.637549	10.603378	8.854256	3.571490	-9.294903	2.831723	5.670896	5.157055	2.655617	-1.862556	-10.086630	-8.126013	-3.432288	-1.910193	-2.129152	-4.277055	-8.667452	-8.834064	-5.911217	-5.260575	-6.535704	-10.133185	-16.196994	-11.993461	-8.855180	-8.843054	-9.986445	-11.079050	-13.966541	-23.308535	-21.846145	-15.323678	-13.422339	
19.770953	18.255019	12.725401	0.862335	11.613677	17.350447	20.466128	20.892949	21.014864	29.197497	38.606187	43.884112	45.688510	44.199480	39.855436	39.242955	45.100938	49.487184	50.583557	48.554013	46.959545	49.798972	55.827720	60.372054	62.096695	61.245765	58.263109	54.118820	52.014734	54.107177	55.116019	53.305810	48.448955	42.088278	41.582875	43.621146	44.426855	42.491531	36.335911	30.642326	38.139462	41.888393	43.085640	41.563189	36.463184	31.564234	37.875750	41.684993	42.958697	41.551588	37.069554	31.983149	34.421074	37.425437	38.312569	36.170954	29.320031	28.495344	35.698866	39.065103	39.788122	37.521703	31.126514	30.980299	36.714567	39.479201	39.724373	36.634664	28.363786	33.574893	39.478172	42.624851	43.281608	40.452610	28.705731	37.339769	43.950291	46.438844	46.020440	44.415271	46.069238	48.155394	50.086839	51.937785	52.248030	50.552710	47.577952	45.262002	44.192460	43.737409	43.002886	40.477015	35.746819	34.820355	37.589488	39.128781	38.995126	36.397535	31.499591	32.314106	35.692045	37.678794	37.866307	35.526926	30.188657	28.532650	32.172548	34.003007	33.831656	31.084222	25.592095	25.558140	28.657169	29.886030	29.093894	24.651733	17.472053	25.948492	29.451157	30.598046	29.687462	25.233169	16.522707	24.699879	27.952134	28.704586	27.335622	21.485203	16.978315	25.772765	28.755013	29.681836	28.311805	21.893750	24.645562	30.894832	32.753895	31.710614	25.740680	29.156357	35.403212	37.189592	37.633222	37.930894	37.276428	36.939677	37.504639	36.437238	34.427300	35.249577	35.390828	32.174588	26.855017	28.717005	29.961172	29.213197	27.198779	22.394192	20.225115	24.683816	26.250913	26.638121	25.461953	20.422356	17.569622	23.589128	25.981616	26.854644	25.956160	21.905869	18.282575	22.353762	24.155168	24.398239	22.783562	15.978938	14.021449	22.205407	25.109296	26.213629	25.026580	19.655309	17.946799	23.924182	26.009173	26.147191	24.199994	18.818273	19.684673	24.237522	26.058950	26.746841	25.744708	20.524473	13.593384	23.879218	27.159791	27.804877	25.225674	10.025304	23.316064	28.096741	28.575322	26.650321	19.119756	20.393601	28.254693	29.989369	29.300683	27.721137	26.222580	26.262677	26.728406	25.709923	23.136978	19.713888	16.136008	14.175886	14.419311	14.374254	13.537926	12.414823	11.282605	10.754051	10.987359	10.623410	8.977496	6.829151	5.290868	4.497174	4.590088	4.416745	2.937200	0.359153	-2.336465	-3.335026	-1.078883	1.241809	1.765245	0.309742	-3.248351	-6.793481	-3.750590	-1.747886	-2.687423	-6.705810	-14.737293	-8.920989	-4.692935	-4.669136	-8.677451	-21.495746	-17.762763	-11.685900	-10.008093	-12.804787	
19.749895	17.950751	12.535511	6.710809	11.172661	15.346518	19.121800	21.789849	13.466552	29.451444	38.599133	42.655396	43.921492	43.396870	41.661614	42.263450	46.440053	49.104097	49.584866	47.632277	46.489387	52.739699	56.955932	58.615602	58.230263	55.599545	48.702456	41.333048	50.571988	52.241344	51.200110	48.954799	45.722166	41.512426	40.596371	41.514934	40.985127	39.836779	38.490132	37.642201	38.167658	38.796872	38.884481	38.145112	36.582251	35.841846	37.349105	39.327123	40.359472	39.813401	37.372170	34.544497	34.870453	35.517426	35.189120	34.350527	33.224085	33.113300	34.390160	36.079846	37.082734	36.448275	34.478691	33.464945	34.828596	37.290896	38.654689	38.074930	36.705382	37.046375	38.962272	40.773162	41.373439	41.096429	41.587438	43.741950	46.020764	46.708159	45.093175	42.687634	45.443644	48.780539	50.160998	49.678783	47.280491	42.532762	33.314167	27.580391	37.348215	39.853831	39.097262	35.808488	31.305403	30.289462	33.421122	35.558572	35.692469	34.185826	32.185026	32.881951	34.955030	35.314723	33.889939	31.829507	29.976239	29.686452	31.299700	31.738720	30.298659	27.772038	25.227235	24.793975	26.027183	26.466572	26.653658	26.817806	27.100741	28.026908	28.544523	28.255359	27.682278	26.839841	26.138318	26.539673	27.306119	27.756396	27.692940	27.050497	26.765305	27.286462	27.889667	28.793145	29.975220	31.158643	32.592598	34.200335	35.349697	35.558558	35.364087	36.423329	38.240818	39.080528	38.254542	35.281613	28.972796	26.366952	32.135784	34.599701	35.257705	34.677480	32.762961	29.467843	26.119226	25.546062	26.703646	27.381565	26.624901	24.521245	23.226842	24.232453	25.283949	25.299935	24.157063	22.447338	22.150243	23.836985	25.309080	25.389475	23.886127	21.331179	20.005671	21.792321	23.886060	24.594929	23.937121	22.881392	23.200035	24.932792	26.184999	26.010587	24.487776	22.635185	22.529707	24.237880	25.528601	25.474257	24.124580	22.359222	22.682744	24.763133	26.122717	26.382878	25.885218	25.085212	25.214014	27.001468	29.147206	30.657909	31.326060	31.735617	32.785944	34.062343	34.592093	34.114413	33.247637	33.173928	33.561160	32.967958	30.457234	24.880633	14.917775	20.930151	23.441041	22.656141	19.804639	15.248090	7.958117	-0.950265	4.654312	5.960101	5.454907	3.696904	-1.340123	-13.790286	-0.738924	3.152125	3.670472	1.639371	-3.498974	-18.579867	-8.911325	-4.512833	-4.935900	-8.390030	-13.115995	-16.734479	-10.146634	-4.338854	-1.566623	-1.125808	-2.687249	-4.515609	-3.524391	-2.299628	-2.582302	-4.188008	-5.963040	-6.064625	-5.286505	-4.977970	-5.446005	-6.404835	-6.801515	-6.409536	-6.279616	-6.694065	
19.613186	17.813388	12.854287	7.287457	5.125954	7.889287	10.731318	1.101529	22.788676	32.812000	37.487138	38.160563	33.441530	26.610669	38.190892	41.289287	41.539604	40.584724	40.443406	43.640525	47.006113	48.383696	48.105013	46.988290	45.435264	45.261846	46.592907	46.466349	44.095751	39.482731	31.705088	29.187706	34.994855	36.576252	36.246042	33.501567	22.622084	25.105163	28.985492	27.422180	25.972850	19.695788	19.680204	25.355772	23.870921	20.570382	23.009639	25.262092	27.023547	29.824022	31.712206	31.246807	28.070282	21.478863	13.326050	21.399039	23.813889	21.460249	7.824352	20.785107	26.730899	28.733595	28.159959	23.544358	17.737300	28.061326	31.366011	31.656198	29.260577	20.570619	21.585544	29.242456	30.736454	25.521333	26.853804	36.937023	40.310838	40.990500	40.564174	40.126468	39.679511	38.730226	37.600144	36.970081	35.605223	31.956976	25.633771	23.965309	28.259302	29.643486	27.881107	22.875027	11.577298	14.001749	22.043173	24.293608	22.920853	19.831018	23.579423	27.005420	27.364433	24.620562	17.349431	6.005988	20.240263	24.165874	24.637852	22.285692	16.371279	4.833012	15.901060	18.684531	16.780703	7.079619	11.294303	19.010271	21.192208	20.012472	15.420384	6.002425	10.590405	16.433533	18.037139	16.302002	11.441694	10.793481	16.553371	19.538320	19.495412	16.190164	4.368178	11.883353	18.416239	20.019756	20.564071	23.026408	26.728718	29.475167	30.471228	30.210416	30.071770	30.051637	28.840924	26.697066	25.707857	24.978092	22.529092	19.069817	18.394534	20.230705	20.970686	19.485409	15.696038	9.981077	10.087221	15.100997	17.302197	16.872982	14.250416	11.540083	11.437321	11.318075	10.711809	10.225353	10.107482	11.864222	13.776962	14.125927	12.442116	8.319137	7.695871	11.847986	13.702285	13.759456	12.347156	10.455253	12.403888	15.437695	16.806186	15.976950	12.049088	8.561820	12.456272	14.194058	14.346994	13.645171	12.749794	13.230101	14.501195	14.948210	13.464004	10.151170	11.650104	15.200939	16.400147	15.825170	17.918421	22.138110	24.834392	26.287630	27.283608	28.048837	28.446984	28.516036	28.529688	28.513650	27.964151	26.461805	24.185867	21.791541	19.547621	17.095117	14.011376	9.768172	4.142539	0.041298	-0.479388	-1.239939	-3.738759	-10.668602	-20.629372	-10.426437	-11.765215	-11.585950	-9.072839	-11.485149	-13.187530	-10.548306	-13.544872	-23.103468	-13.411500	-12.882535	-17.394526	-25.031878	-29.567413	-22.044082	-17.267057	-13.938304	-12.401341	-11.602545	-9.688144	-8.100876	-9.008467	-12.952849	-13.296217	-11.710080	-13.497890	-15.833471	-17.469600	-18.328026	-14.807575	-13.674019	-14.255399	-13.777646	-13.781789	-15.955173	
19.439351	17.699708	12.122719	1.145306	-10.361437	2.271589	8.553964	4.968497	23.257855	31.167208	34.969084	35.731133	33.336696	27.848991	29.585173	32.496710	31.740244	24.926983	25.495692	34.060648	35.915921	33.819913	26.627226	23.802997	31.902784	34.900885	35.264507	33.498197	30.719707	26.513915	20.115115	26.247973	26.400523	18.823665	19.258277	26.935583	28.615555	26.990705	22.449239	16.628020	17.107478	19.348555	19.784640	18.150739	13.864627	4.556506	-9.002212	-2.327216	8.856687	15.641892	18.315530	17.380626	12.736200	6.957813	8.458699	11.338012	12.597066	11.856480	10.572934	11.527501	12.774577	12.286349	13.144459	17.593195	20.151603	19.727531	16.295431	11.782641	15.855937	19.171345	19.123330	15.349261	18.419342	25.643187	29.142907	29.607198	26.923790	19.830549	8.548413	12.436644	9.411592	15.827743	19.425437	20.169598	19.024038	14.735214	5.410547	10.975104	15.717991	16.723194	14.135215	7.547025	0.032989	0.129092	8.468714	11.787284	11.898113	10.290768	10.845410	13.755068	14.772040	12.616864	5.190908	1.991980	9.511977	11.040277	10.044469	8.442344	5.513103	3.441758	7.706312	9.288883	7.839677	3.335960	3.289187	8.920980	10.446726	8.098830	1.191998	-5.994254	-0.458254	2.309969	3.238559	2.829665	0.144613	-6.296018	2.271685	6.733671	6.406185	-0.733638	-2.473994	6.012590	7.748307	5.949243	-1.416662	3.987571	9.894343	11.464766	10.557850	8.327032	7.512428	9.607018	11.067486	10.687998	8.915810	6.837827	4.154104	-3.204470	-2.358781	4.082125	4.426964	0.405595	-8.689160	-5.638422	-6.783697	-4.211011	0.785112	0.753727	-3.717210	-8.200860	-6.901057	-8.987163	-12.846519	-9.304037	-6.167709	-6.606715	-10.964467	-8.876733	-4.532180	-3.856210	-6.175017	-6.962889	-6.200486	-11.530259	-9.785604	-2.349034	-1.272172	-5.797155	-4.811495	1.718295	3.259403	1.401956	-4.051591	-20.217300	-10.577409	-7.219168	-9.721637	-12.592188	-6.853727	-5.455258	-5.913804	-3.954517	-2.048879	-2.625054	-2.549952	3.062137	5.671965	4.348678	-1.587185	-17.082985	-9.863030	-8.181984	-11.702902	-14.136504	-4.633363	3.130381	5.913557	4.825218	0.329954	-7.055606	-16.026613	-22.859054	-15.259115	-8.311899	-7.156904	-11.057081	-17.132791	-13.259131	-17.887321	-20.249807	-15.322162	-14.616062	-13.348059	-14.073628	-17.536441	-20.123264	-18.235832	-14.884523	-12.975110	-12.040298	-12.736785	-16.689930	-24.402779	-26.771354	-29.570545	-30.859368	-28.648583	-29.418487	-31.576939	-33.870842	-31.998976	-22.356678	-18.079941	-16.332929	-16.230863	-17.850206	-21.254562	-23.749056	-24.820740	-29.918490	-35.690929	-26.589647	-24.308125	-23.491035	-22.887269	-25.728812	
19.774933	18.031283	12.200318	0.406912	-4.435780	-1.295738	1.744055	14.568879	24.930212	30.365243	32.125649	30.508204	26.262203	25.917368	28.992396	31.341021	31.770733	29.859188	28.503572	31.409801	33.553952	33.225395	28.821980	11.475788	30.822309	34.115644	33.045394	28.345517	24.884264	27.187596	27.421955	25.294048	19.657994	5.742461	22.803843	26.509245	26.032270	21.273397	9.890145	16.107200	15.716499	4.338000	9.663508	14.146916	12.790411	8.020259	0.045191	-5.403112	6.244624	11.445060	12.699131	10.134721	1.940057	-9.216411	-2.891789	-6.983379	-6.544938	-3.474580	-3.494391	-4.060186	-3.347984	-2.552958	-0.761746	4.297001	7.891546	8.462452	5.566036	-1.889065	3.763627	9.763953	13.217702	14.693015	13.163084	13.393925	19.605609	22.326839	21.304896	15.663231	1.369188	12.482387	16.843187	18.998100	18.900427	16.435454	11.991655	8.268379	5.357301	-4.831060	1.853259	6.779954	6.366961	2.263608	-2.955563	-0.690780	1.783866	1.730581	-0.858136	-4.248816	-1.703876	2.957667	5.110337	3.970428	-1.240760	-4.752404	-0.704862	-0.567202	-4.351867	-6.900370	-1.987710	0.258750	0.315102	-1.571296	-7.188525	-8.869185	-0.431380	2.743315	2.939297	0.610187	-5.167270	-31.182552	-10.189954	-9.971679	-20.736399	-12.182025	-8.446014	-7.655906	-6.224496	-3.205662	0.498837	2.953278	3.310271	1.100533	-4.229992	-3.698554	1.083460	2.542243	0.892858	-4.231508	-5.799600	-2.777139	-3.765331	-1.928862	1.505838	1.297728	-1.498904	-3.077231	-2.233914	-1.071637	-1.451106	-4.457990	-10.540160	-10.565124	-8.393853	-8.605116	-8.195634	-6.277444	-5.104905	-5.558693	-7.192011	-8.939035	-9.759250	-11.066824	-13.600800	-11.446719	-8.657095	-8.325362	-10.242092	-15.508832	-23.330116	-12.957440	-9.604132	-8.599814	-7.852726	-7.953256	-10.065273	-12.820367	-10.161805	-6.341106	-4.194267	-4.116022	-6.596257	-11.084361	-11.329570	-10.425725	-11.472173	-13.241158	-15.014968	-16.095885	-15.086679	-13.809209	-12.333037	-10.650188	-10.145743	-10.001387	-7.813445	-4.240043	-2.195239	-3.052185	-8.435288	-24.011145	-15.635747	-21.471743	-30.677759	-15.077345	-5.574090	-2.060233	-2.460686	-6.609652	-16.476056	-19.919451	-17.829466	-20.311890	-22.670635	-26.350381	-29.310744	-17.724962	-14.453818	-14.872883	-16.498127	-17.142885	-17.383584	-20.055184	-20.976965	-16.769197	-16.813160	-20.521121	-20.252283	-17.863482	-17.636160	-17.446412	-15.226372	-14.274765	-16.204796	-21.515978	-30.891320	-29.269011	-26.187785	-25.987620	-28.240741	-33.511435	-36.196756	-25.834160	-22.175095	-21.784974	-21.169772	-19.635109	-19.075506	-19.375651	-20.359024	-22.053312	-23.652788	-25.300452	-25.131583	-22.064999	-21.243450	-23.576016	
19.675444	18.094782	12.734385	0.021478	-20.015277	2.909645	7.347902	9.088455	22.435324	27.651029	28.516782	26.064278	22.810154	24.545449	28.574777	29.874777	28.143010	25.244033	24.964530	27.217327	27.099130	23.181281	27.723193	32.719926	34.891157	34.912785	32.457799	27.060410	24.713406	26.225457	24.448817	20.059542	20.065272	23.086924	24.245455	23.391375	20.948984	18.820113	18.016131	16.984319	15.667653	13.564705	10.627084	9.861737	9.481151	6.396352	-2.691333	0.662201	7.268176	9.234320	8.754138	6.518678	3.178560	-0.919213	-6.244992	-9.491295	-15.650938	-10.545446	-5.673255	-7.126271	-10.271764	-9.966071	-4.201362	0.060425	1.087917	-0.373241	-2.843794	-1.943683	0.579883	2.762396	5.921818	8.784185	10.864216	12.289502	12.534101	13.686015	16.780196	18.366382	17.837345	15.264553	9.544983	10.409519	13.463822	11.003898	0.985986	-9.190255	-12.312857	2.465747	6.426476	6.194810	2.600734	-8.036449	-8.091698	-3.531497	-7.226310	-29.927673	-7.637232	-4.229819	-1.660104	-0.262827	-1.596426	-4.747544	-6.380280	-7.251615	-8.513495	-8.179220	-6.104483	-5.154338	-6.513482	-9.323190	-10.089568	-10.081502	-9.589343	-6.454701	-3.476549	-2.622518	-4.730561	-11.758617	-12.864886	-6.742338	-5.370020	-6.530767	-10.652149	-21.697130	-21.215525	-18.118079	-16.631073	-32.466036	-10.003108	-3.561021	-1.706782	-2.922329	-6.426580	-8.575810	-5.963205	-4.202426	-5.501857	-10.856631	-24.882706	-16.991033	-10.757161	-6.093387	-3.873638	-4.280828	-7.163767	-11.662685	-9.822605	-6.148788	-5.158345	-6.424942	-9.393411	-13.832957	-24.551550	-19.312320	-13.138835	-13.993673	-18.105018	-16.543836	-17.223801	-19.406344	-17.582956	-16.067009	-15.103851	-13.139267	-11.814868	-13.805006	-19.271819	-14.327343	-9.866867	-7.470533	-6.621151	-8.080004	-13.128399	-17.248100	-14.155453	-13.114401	-12.207873	-13.479526	-17.445617	-13.526325	-10.737650	-11.540638	-14.846111	-20.537336	-25.224563	-21.939310	-23.214865	-25.879729	-20.537628	-14.275379	-11.911197	-12.729280	-16.081023	-22.322136	-18.340859	-12.112090	-9.600454	-9.306753	-10.080216	-10.741011	-10.961300	-10.239231	-8.060782	-6.268264	-6.358518	-8.562590	-11.296142	-12.482614	-14.185610	-17.724084	-22.803336	-26.390230	-25.607225	-21.757116	-17.056817	-13.779269	-12.750682	-14.534442	-20.149460	-24.933115	-19.905233	-17.616830	-16.279811	-14.767014	-14.545194	-17.136654	-24.957411	-28.217829	-22.053713	-20.445613	-16.986708	-14.615556	-15.345718	-19.437197	-26.170808	-30.329580	-39.458480	-29.760012	-23.275078	-20.935360	-20.278912	-21.412225	-25.602454	-30.923507	-35.743582	-33.181380	-26.547511	-30.153952	-31.674884	-21.554364	-19.860799	-21.751472	-22.862662	-21.770120	-22.109957	-24.027427	
19.821764	18.006720	12.269165	2.162355	-7.409348	-7.345190	1.965923	14.132666	22.153237	26.308439	27.099895	24.323809	19.893332	24.511340	27.296295	26.901878	23.157235	17.593763	24.318600	27.056633	26.308659	25.005426	26.665711	30.200038	32.321133	31.937101	29.218756	25.071601	21.504274	20.187194	18.747380	16.545449	16.376142	18.009332	18.200203	15.878059	11.038729	5.789366	11.080708	12.078934	10.893476	10.017828	6.878461	6.349845	7.330109	5.340626	4.664508	5.689943	4.434547	0.671192	-0.991629	-2.865697	-14.923360	-10.005411	-6.375571	-6.270540	-6.182973	-5.340831	-3.976461	-2.650950	-0.904959	0.435778	-0.086666	-3.984676	-9.267144	-6.887933	-6.521662	-9.267004	-20.400573	-12.104150	-2.586591	2.616494	3.811105	3.597758	3.726016	6.585238	12.184410	14.779759	15.158324	14.844366	14.101890	13.510004	13.255347	11.997490	9.698544	7.224991	5.775512	3.565327	0.067701	2.925378	4.064601	1.627037	-4.233174	-13.795683	-13.998354	-9.718433	-5.376670	-1.641407	-0.151138	-1.811384	-7.943333	-19.351120	-20.802421	-23.045387	-16.767120	-16.428893	-17.327883	-19.009327	-15.986679	-15.415659	-19.516991	-20.644025	-21.649710	-21.596688	-9.745237	-6.766715	-8.769874	-17.554529	-14.250254	-8.655278	-7.183968	-7.581322	-8.247672	-8.872203	-9.332810	-9.432243	-10.174667	-11.842693	-12.062133	-10.521418	-9.875457	-8.132560	-7.432421	-7.796318	-7.115061	-8.857144	-14.370464	-14.289786	-14.122186	-16.500933	-13.211078	-7.580780	-4.845055	-4.260400	-5.142246	-7.140696	-8.937968	-8.711696	-9.050624	-12.500474	-18.133197	-15.734163	-13.862838	-13.456493	-13.556812	-14.625491	-17.458996	-21.923420	-27.149881	-41.085312	-24.905812	-21.969318	-25.448903	-19.633842	-13.547939	-11.396143	-11.075627	-12.262743	-19.468464	-17.210618	-9.896295	-9.109110	-11.762910	-15.886568	-18.625590	-16.973452	-15.207174	-15.577336	-16.322300	-15.588305	-14.707072	-14.647095	-13.424046	-11.820278	-11.883078	-13.867671	-16.858995	-16.417571	-15.840185	-18.574949	-22.392630	-30.482707	-24.871728	-22.962728	-29.695060	-16.006481	-15.335710	-23.586691	-19.376288	-23.130037	-19.729467	-11.640558	-9.927853	-10.009166	-11.768998	-17.261415	-27.213234	-30.087716	-35.894868	-28.724638	-24.905219	-23.646928	-26.731806	-27.971908	-19.946663	-15.669996	-14.191924	-15.379260	-19.599007	-25.580489	-24.374419	-21.273871	-18.036804	-16.387846	-17.581758	-21.857522	-24.163921	-21.895599	-20.532329	-18.624645	-15.875772	-14.674368	-16.207136	-21.005853	-29.267600	-32.755067	-28.684356	-24.278667	-20.542760	-18.040215	-17.209304	-18.204387	-20.588589	-22.835534	-23.584526	-23.594772	-23.987252	-24.451652	-23.358635	-21.073635	-19.753005	-20.450137	-23.589527	-28.803412	-30.986939	-30.589552	
19.698071	18.023133	12.341495	-1.088046	-24.155392	1.188525	3.464825	6.281733	19.845655	25.232950	26.520574	23.477514	13.208082	22.022983	24.807691	22.234314	8.425079	20.413651	25.629561	26.498214	24.246512	18.115403	18.336389	23.373130	24.593800	23.598721	20.423485	9.217958	14.598430	19.019761	16.446766	8.382641	12.573996	14.422610	11.782017	2.327792	4.712193	10.275866	10.855134	8.451447	6.208961	9.559317	11.456500	10.473548	6.761621	1.251939	-0.314041	-0.271692	-1.426433	-2.430875	-2.572390	-0.580904	-0.311681	-3.727278	-9.740419	-8.270385	-7.202111	-8.342165	-12.449478	-24.202959	-6.844026	-2.454770	-1.676660	-2.887512	-4.409483	-4.352344	-4.425907	-7.083493	-13.711962	-18.598841	-8.358628	-3.385429	-3.176145	-5.837434	2.783592	8.286217	10.215253	8.811688	1.196522	4.722759	11.992111	13.700796	11.317361	1.570938	2.768100	8.333898	8.269668	5.731592	3.230866	2.701985	1.583798	-1.603295	-6.690927	-12.381350	-16.760581	-22.393170	-20.105259	-8.397332	-3.353194	-1.387638	-1.566896	-3.253775	-5.174567	-6.224655	-7.540169	-10.248757	-14.257728	-16.963012	-15.833901	-13.882970	-12.014777	-10.291725	-8.431016	-5.792307	-3.662431	-3.411774	-5.400185	-9.542238	-15.907486	-14.981384	-11.762275	-14.777836	-19.385499	-10.305730	-7.665467	-8.276033	-11.315629	-15.852860	-17.382450	-15.156480	-14.348347	-10.401755	-5.196478	-2.990542	-3.523038	-6.093662	-9.110151	-10.636525	-12.032723	-13.487603	-13.944569	-13.865484	-14.293892	-19.169954	-17.997287	-14.377820	-15.699468	-15.841425	-15.223219	-15.650550	-15.357760	-15.739747	-19.055909	-21.266250	-13.115015	-10.528144	-12.025526	-17.822407	-36.855310	-23.500451	-18.609314	-17.626044	-17.745363	-18.354934	-19.232092	-15.523513	-11.451245	-9.257846	-8.430662	-8.414431	-9.702788	-13.685110	-19.413785	-17.906050	-17.829153	-16.683781	-14.819487	-16.754956	-20.662441	-15.931328	-15.004451	-17.365591	-16.331888	-15.273697	-14.943672	-11.852403	-9.507864	-9.271444	-11.101679	-14.502537	-16.461435	-16.486093	-17.390560	-16.742044	-12.708575	-8.815245	-6.641101	-6.212270	-6.922377	-8.105339	-10.104798	-14.237205	-19.787856	-15.255677	-13.092503	-15.004230	-21.087104	-32.214277	-40.885431	-36.232407	-29.530833	-24.937618	-22.700255	-23.569843	-32.278381	-26.490774	-18.772192	-16.825457	-18.430064	-23.544701	-26.709832	-24.150082	-26.464960	-30.788757	-23.681362	-21.675886	-22.163647	-23.994184	-28.035512	-27.455671	-21.872449	-18.777918	-18.167048	-20.374321	-27.227040	-31.269886	-26.253483	-29.381141	-34.883497	-23.593140	-20.996873	-22.931201	-31.162428	-36.234600	-28.413996	-27.158074	-29.392718	-37.746312	-36.473138	-28.610118	-25.858282	-26.930225	-32.616696	-39.585808	-38.862439	-41.190240	
19.724266	17.938275	12.240357	1.793668	-4.060477	0.381765	7.391883	14.654539	19.796115	22.690095	23.818041	24.225438	24.643876	24.780556	23.767051	20.419936	15.615190	19.636701	22.610530	22.039329	16.867617	9.529394	18.396102	19.539352	15.108690	6.003583	14.913328	17.338127	16.974027	15.131964	13.263267	12.885910	11.944065	8.206922	3.753516	6.468201	7.494132	5.415276	0.892338	3.131948	7.188574	8.507792	7.658589	4.898329	1.005107	-0.738608	-1.250582	-3.701968	-9.537878	-4.580292	1.470667	3.593656	2.819979	-0.889189	-8.900968	-16.410451	-12.044521	-14.187021	-31.472215	-11.974809	-6.472020	-5.846996	-10.389481	-16.584631	-8.820953	-6.532297	-5.848209	-7.032865	-11.842945	-13.043554	-7.967578	-6.163517	-5.700391	-4.097919	-0.947355	1.794228	2.889541	2.323250	2.151192	4.901489	7.718215	8.980162	8.740229	7.606645	6.298189	4.526005	1.205803	-1.373846	0.563845	0.343722	-4.376353	-21.372630	-11.901811	-11.391947	-14.817533	-11.413313	-9.391469	-12.418711	-17.026742	-7.969377	-5.957603	-8.198756	-9.960378	-7.924504	-8.222464	-12.136601	-22.428040	-20.570490	-17.639018	-23.621635	-21.889830	-13.215241	-10.772883	-8.979406	-5.620525	-3.617536	-4.094040	-7.026935	-11.590366	-14.664439	-15.149642	-13.106714	-10.476631	-10.215703	-14.280455	-34.076065	-15.805294	-14.374008	-20.331888	-16.058702	-8.722528	-5.461026	-4.587669	-6.027437	-10.402640	-13.404553	-10.038812	-9.910689	-13.305192	-17.689730	-19.224262	-21.819048	-17.542320	-13.218314	-10.824964	-9.636626	-10.449448	-14.727966	-26.485563	-33.937319	-23.647193	-14.987178	-11.069150	-9.770878	-10.392299	-12.504649	-14.416601	-14.639222	-14.351666	-13.321254	-11.841218	-11.748481	-14.367559	-19.615560	-23.712932	-27.194735	-15.865504	-12.424614	-12.648497	-13.285222	-13.420617	-14.881297	-16.894186	-16.615038	-15.846615	-18.173563	-18.709564	-13.455090	-11.197560	-11.624366	-14.318745	-16.147770	-14.815039	-15.312491	-15.423276	-12.809603	-12.753764	-17.333565	-13.972986	-8.905437	-7.764241	-9.452955	-13.627123	-14.980678	-11.051438	-8.348352	-6.932226	-6.634465	-7.587992	-10.315499	-15.238027	-16.495102	-14.276308	-14.642674	-16.120369	-15.809899	-16.077954	-18.403297	-19.392634	-18.727530	-20.266241	-25.596988	-28.750005	-23.468272	-21.452481	-21.616463	-22.833551	-20.854989	-17.781177	-16.943815	-18.262721	-20.665425	-22.100213	-21.340489	-19.779809	-19.566109	-21.998596	-28.434166	-31.998794	-28.110144	-28.156104	-30.311866	-28.041907	-24.396880	-23.676952	-25.266539	-26.725430	-26.263083	-25.873458	-28.106624	-29.984717	-24.841943	-23.672978	-27.337125	-30.504973	-26.989709	-28.367686	-36.453686	-38.333393	-33.700021	-30.694932	-30.693005	-35.276756	-39.744313	-34.645215	-30.060546	
19.700391	18.022320	12.435293	0.206366	-13.731117	3.844689	9.636046	6.731856	8.795615	16.972948	16.807632	-1.348656	17.180749	21.858520	23.028905	22.920176	22.288531	21.818104	19.091300	5.680887	15.227684	19.763762	19.801960	17.036668	12.533300	13.471064	13.509267	8.480223	3.395043	6.319915	5.026025	5.969526	9.034847	9.355198	6.740066	1.320921	-10.476630	-1.149386	3.586958	3.813575	0.007326	-16.358636	-5.156670	-1.932155	-3.443981	-6.367992	-8.338667	-13.537147	-7.037017	-0.197346	1.715255	0.541016	-2.242388	-3.904365	-5.046660	-7.605929	-10.363260	-13.858262	-24.103040	-13.537853	-8.673841	-6.880927	-6.487956	-7.295991	-9.930100	-13.192080	-8.925815	-5.713464	-6.107792	-10.473089	-19.114020	-18.338327	-15.665979	-14.621174	-21.914163	-15.604089	-8.087563	-5.680889	-5.980376	-12.801003	-5.783156	-0.933874	-2.473830	-13.368125	-10.785643	-6.145369	-5.523717	-5.482300	-5.468953	-5.854101	-7.925635	-9.507456	-8.660349	-8.537108	-9.999535	-11.900940	-9.693845	-7.742083	-7.304547	-8.355652	-11.168212	-14.109280	-14.824462	-14.794475	-17.453173	-20.283059	-16.339730	-15.207809	-16.189944	-19.482253	-22.867584	-19.685352	-20.615752	-19.153085	-13.026075	-9.439060	-8.431603	-10.342302	-16.539571	-27.870948	-23.018631	-23.871461	-15.518597	-10.732895	-9.192399	-9.897663	-12.381631	-17.722184	-20.065981	-11.290038	-8.470933	-9.828358	-17.144472	-18.872795	-11.437441	-9.486404	-9.573109	-11.694867	-17.179180	-22.307753	-26.221127	-18.948429	-11.650041	-9.130445	-9.454690	-12.090144	-15.406324	-14.747012	-13.926245	-14.685861	-12.708625	-10.120972	-10.540867	-15.372614	-24.807596	-21.087308	-23.551580	-20.841755	-17.606596	-18.958015	-18.843415	-14.430327	-12.677575	-12.925015	-13.388811	-13.228160	-13.798761	-17.112768	-24.662367	-28.000030	-22.424181	-20.240075	-28.632890	-19.349509	-14.280276	-14.115732	-14.657841	-14.237398	-12.893873	-12.278898	-14.194849	-16.149315	-15.213879	-15.312780	-17.069565	-18.297266	-15.549785	-12.777044	-10.165093	-8.258285	-8.005244	-9.614166	-13.229750	-17.713909	-18.398296	-20.035600	-22.955088	-21.442674	-20.541877	-19.239799	-19.098666	-20.180631	-20.206951	-19.513554	-20.019884	-17.865025	-13.755748	-11.685984	-11.667865	-13.720955	-18.363429	-25.626549	-29.295223	-22.510466	-18.214740	-17.876713	-19.544876	-20.388381	-22.817671	-27.224314	-25.031141	-26.914583	-44.779060	-24.628288	-21.205155	-21.160990	-22.365136	-24.757718	-28.507874	-29.556490	-27.776690	-25.481232	-24.193186	-26.491934	-37.695470	-36.751755	-38.215387	-32.223234	-27.411165	-27.172072	-26.981877	-23.839035	-20.163299	-17.946682	-17.288670	-17.865884	-19.573479	-22.638875	-26.219305	-26.589254	-26.299160	-28.096091	-31.220405	-32.078267	-28.739536	-25.412717	
19.897499	18.181938	12.591131	1.630870	-5.752513	0.294579	3.228107	7.444432	13.573385	18.165742	21.044937	22.240364	21.133026	15.319153	14.450409	21.365990	22.456093	21.675603	22.035213	22.415291	22.167816	21.312703	20.482509	19.415385	17.404286	15.974030	12.931208	3.889728	-0.079373	5.167501	3.626432	1.224292	9.961861	11.387292	8.277092	4.801312	6.222417	6.221690	1.787586	-0.988988	5.377855	6.177212	2.998435	-5.144378	-3.726897	-2.586985	-14.630516	-3.401731	1.757184	0.545930	-10.513123	-7.384313	-4.634705	-5.354299	-5.566019	-21.502764	-6.175834	-2.809035	-4.025410	-7.528218	-5.366422	-2.303994	-5.129200	-8.915301	-2.573990	-1.924588	-7.072502	-15.918229	-7.189390	-7.329658	-12.190119	-21.212401	-13.962994	-8.545146	-7.400695	-12.042473	-12.258289	-1.219365	2.149616	2.157969	-1.391556	-34.835971	-1.049632	1.806333	-0.834435	-1.401809	-0.143666	-2.035868	0.967132	2.003461	-0.605943	-2.884868	-4.677573	-0.722913	1.152376	0.547047	-0.663907	-6.269564	-3.223361	0.198787	-1.401039	-2.638138	-3.375491	-7.373285	-7.225968	-4.821655	-3.361865	-4.022835	-7.734747	-8.412494	-6.717370	-5.539971	-6.065965	-9.334029	-7.812313	-8.437562	-14.120054	-8.319199	-7.215395	-9.995566	-12.198448	-9.799111	-7.214370	-9.634687	-40.241915	-9.462141	-7.462141	-11.184729	-36.032008	-9.731050	-4.235259	-3.959963	-7.160658	-6.787864	-2.703688	-1.643457	-5.781471	-25.055053	-6.588078	-4.973405	-7.072472	-17.112936	-9.646748	-4.964374	-6.984374	-8.691482	-6.047700	-4.573004	-3.677215	-6.887892	-10.203230	-3.227729	-2.405212	-5.860782	-10.806129	-10.278387	-7.041730	-6.706431	-7.524213	-5.664448	-3.641760	-2.830485	-4.432204	-4.815612	-3.762559	-5.688286	-4.502832	-2.850319	-4.422597	-6.528514	-8.422114	-11.325721	-7.429598	-3.714444	-3.555026	-8.361608	-12.497814	-8.407825	-8.158197	-4.407425	-3.071012	-6.001288	-8.873286	-7.732512	-9.002795	-10.303174	-10.115629	-5.164574	-4.004372	-9.597785	-9.201428	-6.214324	-9.243944	-8.655403	-6.776555	-5.911882	-6.009580	-7.118105	-7.915407	-9.506170	-9.058682	-8.136417	-9.028413	-8.193490	-9.761785	-23.606031	-11.919049	-12.104905	-21.557866	-9.682364	-8.782851	-14.178963	-34.235052	-13.735552	-10.012403	-11.114606	-17.577375	-26.960182	-23.498500	-27.014965	-33.914113	-26.887015	-21.458692	-22.230359	-32.357858	-32.253655	-32.382899	-30.976614	-22.289775	-19.583120	-18.707182	-18.197655	-18.038462	-18.813255	-20.570646	-22.474585	-23.904264	-25.248361	-26.477402	-29.304784	-34.962561	-24.281744	-20.557515	-21.467800	-24.044408	-21.245266	-19.150895	-18.975973	-20.038642	-23.020232	-31.110549	-36.676528	-29.674351	-34.167259	-31.983273	-25.330633	
19.857737	18.048005	12.566748	3.835799	-2.487850	-8.307974	0.362064	-0.045121	11.600983	19.455896	22.178843	22.002490	18.235796	4.306519	23.388669	27.895238	28.163406	26.841893	27.233490	25.742487	20.447504	16.319996	18.831855	25.016576	26.030489	22.203471	12.984112	14.057136	17.730389	19.044663	17.800804	13.665326	6.442074	15.870258	19.146665	19.774108	20.269497	19.438881	16.462584	13.024758	13.394232	15.982950	16.572418	14.910450	11.339431	4.867393	-8.090522	4.833135	9.260475	10.235727	9.189736	7.908708	8.671836	10.951865	12.671810	13.527642	13.713251	12.667052	9.473309	2.703511	1.435677	7.124394	8.884418	7.785590	2.876901	-4.421533	3.881935	7.268287	8.716678	8.503752	6.387796	3.274412	1.517051	4.246565	6.845915	7.106235	5.887828	2.839915	5.085888	11.609518	14.587192	15.570120	15.652198	14.754613	13.040632	12.831804	14.689394	16.268168	16.585762	15.223798	11.968685	10.025298	13.857301	17.413599	19.234622	19.174240	17.012111	11.801884	3.460593	12.836586	16.739887	17.252805	15.153598	10.250188	8.325320	13.858986	16.611491	16.625886	13.954056	6.828366	2.741025	11.844815	14.557266	14.445359	12.066354	6.955678	1.785229	6.981766	9.899328	10.147926	8.223803	3.437019	-9.090852	-4.007817	-0.172805	-1.552683	-14.801660	-0.437651	5.624592	8.702602	10.087263	8.791130	3.096777	3.991046	11.118870	13.896463	13.889772	11.733748	6.050732	-0.015418	10.979407	14.765052	16.265480	16.135666	13.897824	8.483127	3.954440	10.600912	13.145307	12.626589	9.227433	-1.269305	4.886776	10.988301	12.875169	13.014280	11.883948	9.190740	5.247951	5.803838	9.676806	11.919933	12.489106	11.762731	10.238307	9.057372	9.452199	10.515351	10.903523	10.218750	8.640198	6.826940	6.128759	7.263604	8.508519	8.702825	7.989130	6.998057	6.530090	7.043873	7.508485	6.745175	4.365093	1.236946	1.601968	4.110848	5.444509	5.219070	4.408509	5.799283	8.434759	10.351257	11.311755	11.710136	12.282201	13.382644	14.499903	15.021239	14.693353	13.431252	11.193561	8.280541	6.331987	6.347191	6.292302	5.324374	3.835275	3.248011	4.549257	6.076218	6.455097	5.494301	3.819519	1.774016	-1.043251	-4.389390	-7.390690	-8.870276	-9.538335	-10.992941	-12.306159	-12.471589	-12.777334	-14.272262	-17.147580	-20.979479	-24.291859	-23.857094	-20.123610	-19.010245	-23.673930	-29.975587	-19.542743	-17.993872	-20.879717	-30.886823	-30.466352	-25.927161	-29.019259	-30.529168	-22.336998	-19.361455	-19.676375	-22.048669	-24.347406	-25.451696	-28.715249	-42.180072	-25.094371	-21.942255	-22.931086	-24.634347	-23.133166	-20.393045	-19.579322	-22.270302	
19.648106	17.888045	11.938615	1.368864	1.813837	10.968598	14.767346	17.870641	21.578134	21.480219	20.325250	25.339022	27.067197	26.519112	29.879699	35.717311	38.941217	39.653732	39.160749	39.137067	39.910070	41.451099	42.980000	43.145372	41.291614	37.658176	33.591213	28.131181	27.715242	32.572353	33.265816	31.186823	27.678230	23.654792	25.354295	30.632949	33.143578	33.280671	31.736625	30.183394	29.861281	28.565707	23.975381	12.363871	18.553516	21.477233	21.468396	20.229943	15.876328	-0.927763	14.442340	16.390112	16.317458	19.939369	21.977611	20.719395	15.189571	11.709153	16.801007	18.074976	18.625357	19.483613	18.888218	15.846844	10.791211	9.669410	14.302167	18.219032	19.827763	18.948139	15.054228	3.933366	8.535747	16.114908	19.356896	20.241890	18.992441	16.228526	14.082112	13.534891	18.021531	22.537839	24.189055	22.968408	19.753829	19.894422	20.813749	17.695504	14.576679	19.985292	21.431738	21.328533	23.417101	24.639235	22.960839	22.111107	26.073258	28.479924	29.628703	30.851525	31.545906	30.601375	27.917929	26.806535	30.091327	33.453754	35.496421	35.985438	34.968115	32.723079	29.310864	23.948485	22.955026	26.869022	27.702963	26.126256	22.521458	15.087818	18.268314	23.940469	25.466456	24.753420	23.112079	21.085591	17.563957	11.482077	12.429060	17.884808	21.892261	24.134433	24.288368	22.204714	18.120091	12.457300	11.494671	21.601118	26.601054	28.753192	29.179943	28.714006	27.596896	25.680262	25.929581	29.133946	31.191967	31.721949	31.236275	29.640735	25.879347	17.290708	12.422198	19.114420	21.951088	23.065420	21.400595	15.306610	10.947047	16.169377	16.861594	17.635997	19.644597	19.774796	16.502302	6.880298	4.288562	3.520140	2.308042	12.777713	14.563892	11.012107	1.643929	8.751453	8.729105	10.031582	15.471227	16.938911	14.230489	5.780795	5.476966	4.221628	3.665988	11.958107	13.560159	12.401463	12.771211	12.706432	7.451533	-3.519814	7.353336	7.879088	14.088793	18.179776	18.277933	14.178712	4.275343	-0.738532	15.340203	22.189091	24.856796	24.457518	21.365950	17.523757	16.586029	14.861184	11.582337	9.630893	6.511181	7.322475	10.779734	10.958984	9.956060	9.689323	7.776092	1.104511	-16.891706	-3.596584	-5.877795	-9.693061	-6.957168	-8.470500	-18.214744	-15.344498	-10.872410	-13.424657	-21.225096	-17.205869	-16.732556	-16.615098	-15.481579	-18.465698	-22.966872	-16.838719	-15.382048	-19.161376	-33.011342	-20.981910	-18.482708	-19.631622	-24.879711	-28.789078	-19.378995	-17.337660	-19.793157	-27.515294	-35.096226	-44.596139	-27.299992	-20.947899	-18.912110	-20.439163	-27.282187	-41.076684	-30.701756	-20.512702	-15.771646	-13.961388	
19.957314	18.190897	12.286506	3.045315	6.509688	15.700405	21.204401	25.072478	29.038771	32.289548	34.169837	36.529600	39.334669	41.270873	42.876760	45.124222	47.466737	48.225355	46.670120	46.147084	49.729684	52.330995	53.458635	53.641000	52.946111	51.143019	48.148456	43.981617	38.230070	37.065640	40.818364	41.415521	39.044689	35.084456	32.757525	31.969298	35.381811	38.305305	38.501162	36.080773	31.992462	31.455160	32.943632	32.986573	31.936647	29.592107	25.740969	25.287780	27.262650	28.187204	28.609023	27.867269	24.567833	20.819066	25.249609	27.163890	26.193273	24.371399	21.659133	15.013756	21.577390	25.412605	24.729208	19.676760	10.193100	6.209144	13.290521	22.796364	25.753605	24.945858	20.865022	14.974607	16.411769	21.450710	23.943708	23.592247	20.693639	18.187269	18.737449	18.755546	22.119124	25.637403	26.400954	24.856830	24.055544	25.679632	26.182696	24.885461	23.297958	22.238598	22.695650	27.322591	30.387046	30.363509	27.454105	24.657080	24.318906	29.727181	35.435054	37.827112	37.108158	32.949797	26.118270	25.462566	33.422679	39.977295	42.891545	42.868362	40.529153	38.743108	39.552821	40.072526	40.913741	41.685048	40.477053	36.058198	28.492435	31.974452	35.704126	36.563791	33.878264	21.739547	28.580940	34.083110	34.823627	33.350954	30.006405	21.992660	24.846657	31.412083	32.727779	30.288535	22.611263	14.244646	22.537960	29.221930	33.808792	35.240906	33.502825	30.169390	31.911497	33.001631	33.456088	36.656860	38.199771	36.926660	35.994261	37.923998	38.575880	37.674805	36.516879	34.265484	27.211450	18.627229	28.430440	28.776045	26.990270	23.325159	6.261479	25.343837	29.057873	28.208648	23.701813	17.677834	17.706909	19.714996	22.410118	22.923001	19.615064	6.402767	14.119165	20.665087	24.237205	25.576912	23.857988	16.227729	13.372641	21.708507	23.420944	23.135118	22.137401	19.148890	10.804142	19.643281	24.048616	24.439946	22.169647	17.435097	3.289689	17.829911	24.998193	27.309901	26.039034	20.670773	5.260282	9.561165	20.621146	28.327576	31.642860	31.331094	27.846707	25.172674	26.254096	26.047738	25.858254	26.461957	25.232944	20.115143	7.513504	10.630990	10.338526	15.224325	16.435503	12.515887	4.023915	3.928096	6.326287	6.840786	6.374586	4.475254	-0.272877	-8.233540	-4.767449	-0.609588	0.395509	0.168917	-1.619732	-8.384672	-17.795842	-6.833452	-4.263133	-3.058339	-3.801847	-7.813985	-17.734382	-13.527299	-8.092288	-7.256896	-9.110108	-12.954351	-24.716774	-18.994827	-14.658223	-17.005721	-22.588162	-28.542941	-26.015047	-15.129834	-11.420649	-11.548994	-15.181064	-21.421713	-26.560360	-18.540724	-13.566709	-15.223666	
20.223587	18.354026	12.376689	3.903407	9.016886	17.969917	22.355946	24.969774	23.447947	22.039951	37.113351	43.316025	45.935626	45.600557	42.321136	33.034577	43.320399	51.562187	55.438629	56.763768	55.776534	51.442690	33.603270	50.015421	54.842077	55.443978	52.911811	47.224630	40.046006	40.273465	44.846715	46.859792	45.758334	41.544161	34.458542	30.717243	35.486548	38.777479	38.425894	34.133510	26.245982	25.813065	32.639220	36.023405	35.565291	31.440610	24.414251	23.490507	29.566269	33.754793	34.804808	32.906798	28.503622	24.859789	27.137530	31.071404	32.645258	31.355026	27.462502	22.909077	23.301944	27.742601	30.110504	29.707131	27.133650	24.226221	24.198562	27.494374	29.830096	29.338561	25.486350	19.746581	15.232685	16.374308	24.017009	25.087210	21.544412	17.346506	13.618252	18.766970	26.224773	27.613885	24.029107	13.141860	10.040608	22.632128	28.650617	29.451490	24.976910	7.693598	12.836177	25.075298	32.191170	34.716806	33.843363	30.157470	27.125643	31.624083	36.981091	39.321742	38.633555	35.333590	31.489714	33.915929	40.187292	43.968834	44.866112	43.073514	39.141099	36.190354	41.630277	46.810427	49.296593	49.700160	48.670416	47.075359	46.324023	47.428248	48.583907	48.048614	45.457540	41.248741	36.867851	38.543139	41.711787	41.849867	39.256104	35.577097	34.710562	37.175492	38.788036	37.901278	34.414033	29.474882	29.703969	35.197925	38.085295	37.804144	34.734347	31.238395	33.516073	38.721410	42.043499	42.827555	41.257477	38.366063	37.479485	41.999120	46.358586	48.245219	47.870355	45.719553	42.654907	40.062334	38.812781	38.142535	36.606323	34.018792	32.581639	34.418439	36.791720	37.433523	35.935267	32.447193	27.408268	26.471059	30.726207	32.634349	32.200754	30.403816	28.771637	28.983880	31.040006	32.204961	31.192003	28.287471	25.656748	27.490127	31.233808	33.085373	32.574655	30.098632	27.223116	26.635946	29.196029	31.580881	31.926469	30.435192	28.743171	29.337893	31.883592	33.722860	33.610496	31.581231	29.003140	29.343950	33.207189	36.959846	38.771433	38.427311	36.585954	35.681692	37.621376	39.863775	40.857619	40.440316	38.738895	36.105203	33.413157	31.569566	30.334567	28.714403	25.839615	21.265862	16.297378	15.674637	17.190297	17.252603	15.555854	13.289351	12.021001	11.451110	10.931023	10.287085	9.744033	9.499457	8.942099	7.825781	6.874191	6.511139	6.184429	5.638273	4.770259	3.297002	1.713686	1.173628	1.112909	0.762239	0.134387	-0.846229	-1.936517	-2.829813	-4.318830	-7.282478	-10.599795	-10.509056	-7.892359	-5.562209	-4.838035	-5.531382	-6.435951	-7.065844	-7.092812	-6.061973	-5.804855	-6.987944	
20.126630	18.230847	11.922011	1.435322	11.311025	16.569536	18.191012	19.834239	19.249808	23.338340	38.339252	44.653174	46.915744	46.468005	44.037859	37.738178	45.745564	54.042220	57.699957	58.091230	55.339263	47.956636	39.342790	51.001388	54.792618	55.387519	52.913763	46.978820	38.422292	41.893939	47.480728	48.810799	46.619013	40.932162	31.492027	28.505936	36.763365	39.353027	37.978882	33.322658	27.289917	27.695546	33.652374	36.112690	34.952557	30.801890	26.288109	24.426404	31.227840	35.269707	35.592028	32.745749	27.642110	21.898761	25.910699	31.707222	33.123533	31.324725	27.716644	24.329992	24.751104	29.514534	31.424622	30.314366	27.343825	23.842931	21.356772	27.473577	30.726373	30.716405	29.086688	27.852454	27.352463	28.145349	29.064879	28.123463	25.709076	24.975002	26.141149	28.479147	30.343910	30.186749	28.134381	25.850487	26.552303	29.881217	31.998292	31.887424	30.087030	28.573374	30.020844	33.233866	35.037442	34.402068	31.556601	27.606664	21.268225	31.764139	37.191235	38.490487	36.828600	32.277787	23.062193	35.009122	40.568137	42.180851	41.238624	38.585794	31.946284	31.666457	42.571695	46.398863	47.385781	46.862928	44.907192	39.099059	42.069787	48.906220	51.718779	52.297519	51.193740	48.531835	45.852161	46.058092	45.768267	42.919737	38.508906	33.710061	31.274893	38.329335	40.524389	39.538058	36.967571	34.051546	34.180145	36.508067	37.121850	36.646960	34.881037	28.940429	33.954682	39.195048	40.563184	40.441826	39.201029	32.822614	35.046297	43.734346	47.396534	49.260058	49.718502	47.929232	41.974192	24.943983	38.066595	38.362186	35.611649	33.027171	28.747244	34.872460	38.461097	38.598750	37.597386	36.333917	33.942092	33.114569	34.104702	34.126279	34.493820	34.048700	30.276581	28.235900	31.986066	31.987164	30.556089	30.263299	28.278304	29.818189	33.609311	34.705415	34.294399	33.029832	29.362370	25.074130	29.220879	30.936973	31.739416	32.080153	28.771377	25.314668	31.954270	33.628083	32.750709	31.651670	27.895837	24.924761	34.468564	38.216327	39.495573	39.089162	35.669335	22.597305	36.108395	41.241739	43.057304	43.105262	41.205468	35.634621	13.899329	32.562448	34.453548	32.086379	26.944521	20.170707	15.562537	19.665326	20.186804	17.008515	10.367521	-2.723151	11.328781	13.728265	11.081386	2.021552	-2.822741	5.986782	8.381856	8.262301	6.547278	3.101286	-2.908359	-2.043035	1.187084	2.063747	1.764280	0.263180	-3.546024	-11.587544	-6.486578	-2.046320	-0.606047	-0.764497	-2.504455	-6.442212	-12.043296	-8.693825	-4.768448	-3.358198	-4.291016	-9.029811	-12.308084	-4.615212	-1.926484	-1.870472	-3.451494	-7.197679	
19.672122	18.176467	13.384060	3.230393	10.318428	13.687904	15.605048	14.195573	15.944387	25.885953	39.075623	44.700730	46.629997	46.164504	42.906355	32.512786	49.733932	56.092763	58.385813	57.488193	53.101061	42.738177	46.069867	52.128061	54.559766	54.240141	51.004766	44.199722	37.383211	45.642953	48.764247	48.286097	44.874097	38.722628	29.750294	36.006419	39.778446	39.243422	35.212216	27.662056	21.327831	30.215089	34.128152	34.178780	31.623719	27.677270	25.611105	31.628064	34.847544	34.766681	32.355529	28.808027	23.199878	26.543648	31.423888	32.005116	29.513786	25.013905	17.538031	22.752246	28.394368	29.368897	27.791465	25.043824	19.192145	21.587768	27.899791	29.459353	28.268623	25.250371	18.221606	22.173573	28.446680	29.892089	28.655564	25.687323	20.626347	22.641657	27.503286	29.129384	29.094169	27.834864	22.942949	13.075149	26.071656	29.136309	29.256358	27.786980	22.559505	14.011191	27.494028	30.972870	31.840730	30.868469	26.397570	23.277145	30.516387	33.592614	34.881480	34.750227	31.360288	10.006119	30.451170	35.018260	36.288562	35.868080	32.240562	9.499470	33.026809	37.962751	39.679062	39.184822	34.952590	16.293204	34.096221	39.364833	43.006103	45.686205	46.396366	44.788493	43.741776	46.245791	48.261791	48.590671	46.811716	42.299388	37.719881	40.163459	41.561781	40.888271	37.282000	23.715643	30.701254	32.831384	31.136202	33.860532	32.252534	25.590220	34.121636	36.667719	36.526699	35.532625	31.227348	17.392417	32.483010	37.780198	41.679394	42.607743	37.057707	34.472416	44.096430	46.065207	45.913230	45.132432	43.306478	40.171379	37.620805	38.568422	39.167765	38.263588	35.778227	28.853492	24.066723	32.664785	35.922974	36.964287	34.823690	29.382038	31.818700	34.119745	34.528733	35.297254	35.018846	32.196968	29.341900	31.634277	33.434928	33.960131	32.625484	27.092311	12.100387	27.690546	31.909347	33.442636	32.200776	27.647808	26.953056	30.891810	33.092285	34.434366	34.250573	31.462452	25.713086	27.648127	32.526811	34.872573	34.575365	30.713427	21.422795	28.494569	34.670159	38.195558	39.598400	38.022691	29.173873	31.919439	39.455091	41.252473	40.539420	38.359750	34.586741	26.872767	18.325650	24.944903	24.690584	20.684099	11.018225	4.409758	12.320580	13.202443	12.615653	10.958454	7.430322	2.441742	-1.675876	-2.538879	-0.652902	-2.942790	-13.065471	-8.347385	-4.751100	-4.477498	-7.166714	-16.956140	-13.266911	-8.815270	-8.648583	-9.842555	-11.883873	-15.444122	-11.815701	-9.159751	-11.194123	-13.748324	-10.007890	-8.475510	-9.343475	-14.646327	-13.335131	-5.469578	-2.613099	-2.736906	-5.676166	-14.307637	-14.378379	-5.830725	
18.950005	18.068128	13.890209	-2.513457	7.687606	11.601319	14.933791	13.193718	11.976130	28.769686	39.602256	44.349644	45.805130	44.602696	37.498613	42.435317	52.877860	57.191958	57.948988	55.274834	48.146000	42.685496	48.701404	51.806416	52.600717	50.941245	46.039351	28.812841	41.822820	46.705131	47.200698	44.816149	39.258430	22.410036	35.331559	40.320567	40.682860	37.832989	31.426737	17.962721	25.842112	30.628621	31.274180	28.832702	22.275216	19.559496	29.958504	33.359469	33.060409	29.533054	21.995384	17.579566	28.141360	31.683358	31.532499	28.107610	20.530161	7.686442	21.735043	25.925625	26.222356	23.391467	16.201946	14.305280	23.820706	26.967724	26.768614	23.922758	17.326784	10.846041	23.358626	26.717022	26.258998	22.724146	15.234647	11.614585	21.993454	24.739533	23.375677	17.726516	-0.734240	19.488660	24.451514	25.477011	23.844544	20.441128	12.529469	14.309875	23.282263	25.159923	23.136504	18.601372	14.451912	21.873171	27.821750	29.487324	27.471827	20.137197	17.259441	27.614750	31.374320	31.994257	30.000270	24.540775	8.654066	27.587489	32.183869	32.545552	29.258441	22.459861	23.207553	29.992962	33.944408	34.681067	31.368135	16.430163	30.273469	36.068840	37.966293	37.860264	37.263592	36.073816	31.431147	37.091928	43.874496	46.106639	44.914816	39.637573	24.723723	37.795461	41.377274	41.633573	39.981976	37.656846	36.752700	37.611602	38.347791	37.840577	35.959439	32.554996	26.773812	32.168808	36.580152	36.886966	33.439352	30.153121	37.158959	41.967893	44.674434	45.696987	44.627220	39.907350	35.306388	42.796718	45.288868	44.876345	42.517151	37.996177	27.265224	27.871173	34.109142	34.232997	30.792329	19.930949	26.711697	34.002911	36.692311	36.983293	35.306545	30.987505	26.079300	31.926889	34.874687	35.132628	33.397837	28.490870	5.068625	26.868074	30.371813	30.129279	27.220532	17.264883	22.795611	30.423943	32.957546	33.029390	30.985264	24.788460	17.577742	28.886359	31.743748	31.800757	29.566515	22.590450	22.558494	28.908734	30.323813	29.647208	26.898732	12.834975	27.860046	34.743565	37.351198	37.783691	36.636536	33.865925	32.790767	37.168308	39.622843	39.103204	35.522978	27.640677	16.312025	23.710125	24.753643	22.567858	17.040238	7.313451	-10.303917	2.897993	6.890528	5.247289	-4.173327	-9.515014	-7.179897	-5.096466	-3.760215	-3.513438	-6.131931	-9.697168	-13.343466	-31.821284	-11.274690	-6.210363	-5.513082	-7.345196	-10.719026	-12.725947	-10.833040	-9.803621	-11.112980	-14.207315	-18.403929	-19.572726	-18.164110	-20.216555	-33.772112	-17.590241	-9.173140	-5.340243	-4.395752	-6.120415	-11.890669	-24.523192	-9.549141	-5.547160	
19.420561	18.077337	13.132318	-3.878408	1.617397	10.245534	13.111576	3.450989	6.332747	29.823736	39.398460	43.911478	45.106840	43.063949	31.896197	46.098257	53.980104	57.213167	57.179500	54.031845	47.804675	42.334732	45.169897	47.733949	47.373762	44.041727	37.326024	37.882124	42.456867	43.769614	42.558968	38.393496	27.174509	32.163883	38.142787	39.716219	38.621877	34.703658	26.048319	17.324625	25.896984	27.046244	24.831025	19.691101	11.371041	22.942524	29.274333	31.317534	29.914879	24.360506	7.785066	23.113915	28.257765	29.946692	28.712179	23.997588	11.929133	13.215543	20.537177	22.805307	21.697206	16.164473	1.713601	17.761257	22.700187	24.099652	22.092057	14.082476	10.883555	20.351262	23.508822	24.096644	21.966977	15.248329	7.758092	17.671906	20.647434	20.886626	18.483253	10.834899	7.826915	18.208019	21.415166	21.177167	17.076752	7.327445	16.417350	21.343906	23.164459	22.639507	19.630845	13.259642	14.098046	21.489677	25.070610	25.777568	23.578152	16.043860	14.178714	23.921562	27.014714	26.845394	23.312829	13.475834	20.686122	26.592166	28.709581	28.351065	25.607223	18.760159	14.480030	25.538096	29.341717	30.038791	28.321327	23.735294	21.258344	28.851286	31.930540	31.429123	27.662436	21.453334	30.201801	37.055394	40.915920	42.449531	41.990395	39.610645	35.936901	36.945177	40.453904	41.669729	39.718558	31.909185	30.575689	37.087822	37.139571	32.939931	20.886255	25.509895	34.044195	37.566152	37.982941	35.391311	29.183458	30.500540	35.674926	38.657847	39.889867	39.828229	40.430452	41.920701	42.585965	41.741169	39.012549	34.186043	31.501469	33.559968	34.696303	34.247889	32.035539	27.333345	18.426301	24.767681	29.313607	31.059715	30.728959	27.716557	24.322533	28.961445	31.719108	31.340870	27.752307	20.641782	23.012771	27.248287	28.961738	28.552900	25.322510	15.338286	19.239651	25.973718	28.184925	28.210860	26.152684	20.505605	20.033727	26.665126	28.721835	27.330653	21.669303	10.705472	21.383217	25.602096	27.454353	27.179862	23.708401	10.002294	22.120581	28.810564	31.741344	32.129895	29.193008	20.608859	27.817839	31.967081	33.842941	35.158184	34.491451	30.855336	28.031619	29.529574	29.319633	28.046196	26.522192	22.784255	13.560298	12.807198	14.912934	12.940795	10.196269	6.566936	0.649230	-1.163299	0.777809	0.654221	-1.389673	-7.583096	-35.437152	-15.316326	-16.806667	-14.773166	-9.907620	-7.068509	-6.885885	-9.963632	-15.162358	-10.644799	-7.548640	-7.537493	-10.118630	-15.750582	-24.962936	-29.017054	-32.021948	-20.183528	-14.519933	-11.234451	-9.762012	-9.662180	-10.303331	-11.701910	-13.021438	-12.204138	-10.518512	-9.597506	
19.933599	17.904139	11.803466	1.678752	-10.254429	8.151555	9.033294	7.916078	6.373986	27.882643	38.451030	43.142948	44.100254	42.236497	40.352455	46.880342	52.866013	55.497823	55.087519	51.645278	45.004686	37.302098	37.349841	40.123597	40.009323	36.515667	30.518119	32.575853	36.312810	37.779484	37.047238	33.550300	25.907558	30.033878	34.990428	36.369257	34.816342	29.414809	17.306908	23.054841	24.384903	22.670557	19.401524	11.542242	13.458294	22.593005	26.482299	27.902805	27.289224	24.176921	15.209076	16.028393	23.764597	25.900365	25.188431	21.683451	13.024733	7.200483	16.854828	19.387860	19.362150	16.731499	7.625888	9.851805	18.054388	20.802067	21.004060	18.801741	12.717689	8.893341	16.614132	19.452005	19.547713	17.118198	11.898264	10.685980	14.199453	15.612357	15.126184	12.108981	7.632303	13.117487	17.052691	18.327353	17.436731	13.396775	6.842913	15.564567	19.446744	19.979953	17.469598	8.815492	11.828379	19.506185	22.311296	22.453759	19.923242	13.334491	14.610200	20.581311	22.729783	22.377531	19.435677	12.176816	15.882477	21.982226	24.213116	23.660908	19.521590	9.494178	20.510931	24.938904	26.041955	24.809902	20.667626	7.148001	19.544692	25.133480	26.715089	25.928409	22.888116	14.850480	27.010542	33.548395	35.881711	34.764411	28.875920	22.698878	31.136486	35.425580	38.798454	40.193571	38.649705	32.391700	24.379550	35.014912	38.300643	38.392988	35.381453	33.331475	37.669639	39.796260	39.319037	36.511515	30.534011	22.483448	29.439268	31.070815	28.737175	25.397665	25.675175	26.117621	28.222312	30.505605	30.734995	28.424411	22.615659	13.113422	22.453777	26.751616	27.982343	26.730639	22.796113	15.079920	14.120878	19.183637	21.020715	21.094611	20.566225	20.947021	22.310157	23.225549	22.814808	20.479324	14.704551	13.180663	20.217550	23.122442	23.712639	22.852932	20.943046	18.368174	16.630632	16.586523	16.934711	17.813850	19.471607	21.398302	22.819003	23.084394	21.878945	18.802332	12.326257	14.722552	21.242067	24.065025	24.844080	24.345629	22.921251	21.671231	22.690825	24.162644	24.569576	24.870909	26.699322	29.758845	32.113713	32.582055	30.727643	26.577880	21.948406	20.273778	22.184462	24.799558	25.449618	23.966194	20.822765	16.876594	13.157420	10.058877	7.005533	3.293065	1.179391	1.869238	2.068588	1.147400	-0.933365	-4.517090	-10.156526	-17.387237	-19.995101	-23.108356	-21.432571	-12.952563	-9.814226	-9.635432	-10.937300	-13.054032	-16.763410	-15.634237	-12.363160	-12.447208	-15.610527	-20.711054	-22.702648	-17.812498	-14.215184	-14.576722	-20.362082	-36.327385	-24.432062	-25.033598	-26.215115	-23.835505	-22.332913	-25.266581	
19.967443	18.070624	12.191658	2.387241	-8.910717	-1.478279	9.395341	15.671630	17.685108	30.969797	38.211658	41.217543	41.080908	39.235317	40.253514	45.358659	49.434481	50.958734	49.774967	45.803230	39.370067	31.134542	23.563458	32.762880	33.626408	29.990458	23.014783	25.454375	29.961075	31.174687	29.091422	23.541469	24.269455	29.322861	31.723722	31.763849	29.486334	25.861576	23.724087	22.427913	20.129730	15.057222	6.958116	16.429777	18.355059	16.190019	15.251456	18.669917	20.036760	18.700067	15.733921	16.479439	18.885958	19.181705	17.199446	13.910830	12.771559	12.973845	11.869859	10.700294	11.886446	13.514603	13.970880	13.208169	11.908841	11.709076	13.061648	14.020625	13.460963	11.112255	7.529465	7.755228	10.775276	11.928306	10.688530	6.514748	-3.859352	0.103819	5.882181	8.010143	8.895843	9.134509	8.487539	7.065166	6.860653	9.035951	11.286960	12.436082	12.285304	11.197354	10.664749	11.477413	12.027420	12.082734	13.072052	14.530735	15.292486	15.413779	15.094160	14.095575	13.022823	13.957275	15.417593	15.648824	14.822959	14.236209	15.220803	16.555402	17.061649	16.659220	15.922823	16.106433	17.151467	17.657826	17.219073	16.695656	17.788277	19.866621	21.024909	20.825752	20.189828	21.370201	24.598318	27.289091	28.305407	27.624929	26.241725	27.029401	30.596094	33.888416	35.529849	35.782960	35.831860	36.299755	37.101339	38.254767	38.926411	38.552769	37.686432	37.494274	37.901046	37.771427	36.505117	34.329007	32.310472	31.097779	30.006324	28.330698	25.644761	21.748254	17.099045	13.752683	14.817925	17.062270	17.648943	17.693762	18.170197	18.801028	19.580595	20.008565	19.198790	16.943177	14.934057	14.695370	14.114981	11.873085	7.098266	-0.985780	-3.590191	1.290615	9.063910	12.230394	11.769068	8.874240	10.556980	14.721780	16.671859	15.912696	11.054304	3.281734	10.477715	11.351244	8.212385	4.265963	6.549985	7.960937	2.237799	4.305244	13.479458	15.476019	12.953078	3.322965	10.614706	16.226431	17.836207	16.120675	9.264856	6.849840	12.438979	13.802263	13.849780	10.629051	-11.275199	5.230032	-2.013313	17.013492	23.030855	24.516137	22.827933	19.306212	16.570423	13.499845	12.603819	14.378427	13.559734	11.439398	10.020866	7.273258	0.619961	-8.336384	-4.421464	-5.189497	-8.330189	-10.162175	-9.932540	-10.490471	-11.121055	-10.966579	-12.129113	-15.850967	-19.425763	-18.974777	-15.877327	-14.758670	-17.571381	-16.330482	-12.381321	-12.348310	-15.304574	-19.738503	-25.056780	-19.297265	-17.325982	-19.778336	-23.071599	-21.790707	-19.331821	-17.951224	-17.997162	-19.710250	-23.666055	-31.058807	-32.597692	-27.611640	-26.174726	-28.600256	
19.643972	18.027260	12.427035	-1.262233	-8.756998	0.820419	10.055850	10.782705	20.417139	31.300279	36.045792	36.355576	31.319878	17.220989	29.938631	36.965033	41.335295	42.752733	41.549627	37.507402	28.314334	21.756597	27.369580	25.172637	25.446923	27.805526	28.045736	27.558700	25.060739	18.506545	20.238726	24.170357	25.390980	24.408504	22.418680	23.545515	23.441068	19.555458	16.620905	16.799512	14.075078	14.294390	15.778537	15.146438	13.366078	10.307493	5.702921	6.077989	8.815967	9.773261	9.774739	9.646508	9.415947	8.632363	6.821619	3.223177	-2.784747	-7.808726	-4.963929	-0.165965	2.332061	2.357179	0.212003	-4.124753	-10.366876	-5.872301	0.487515	3.655334	3.342512	0.285134	-1.157728	0.648551	2.469466	3.352568	3.485713	3.889227	4.567255	4.223836	1.122398	-12.402939	-4.168951	-0.962141	-4.329908	-12.059883	-8.939454	-3.578557	-0.835583	-0.192903	-1.675135	-4.558058	-6.895574	-7.187204	-6.874073	-4.249162	-0.194974	1.134033	-1.290901	-1.418137	1.993149	1.999294	0.869608	2.476192	4.606301	4.386049	1.392019	-1.823181	-1.148100	-1.072913	-1.847125	-0.468684	-0.471042	-1.162880	-2.165599	-1.329552	-0.496864	0.400878	2.508225	5.866196	8.529261	7.824430	5.710322	8.144617	12.034803	14.369311	13.945308	11.540588	10.294460	15.504893	20.681961	22.669576	21.367073	14.209810	15.457606	26.277501	30.416994	31.231179	29.534609	25.793344	17.816212	14.589827	22.471851	23.845043	22.732037	18.561735	6.276541	12.909043	15.660846	14.588664	11.781330	9.046938	5.832222	-0.966976	4.746578	6.181214	2.229706	-4.567330	-8.423158	-12.863030	0.863873	5.016092	5.819912	4.361008	1.561429	0.163974	-0.337956	-0.765941	-0.371104	-0.576068	-0.304792	1.439721	2.891922	2.886433	1.878633	1.857519	3.973743	6.601394	8.298673	8.868287	8.708963	8.287946	7.951582	7.734675	7.463249	7.185152	6.970535	7.001899	7.622871	8.665391	9.441377	9.533520	9.245724	9.296451	9.830384	10.292619	10.375878	10.177937	9.772677	9.391645	9.373607	9.580006	9.553029	8.865219	7.804243	8.418194	11.175210	13.650790	14.625822	13.841311	11.236133	6.903011	4.646605	6.711995	7.521536	5.981638	1.413597	-7.593911	-16.915396	-10.436870	-7.457197	-8.373105	-13.231779	-27.760401	-19.950232	-20.078002	-28.024246	-35.007589	-25.182646	-23.441144	-25.735988	-27.976737	-24.914408	-20.487096	-18.049160	-17.762634	-18.292454	-16.911944	-13.690923	-11.457405	-11.576017	-14.011523	-16.932615	-18.153476	-20.147667	-26.552837	-36.287066	-32.456998	-38.889983	-28.624361	-28.952954	-29.783128	-23.803541	-22.861764	-26.877025	-30.771566	-24.996222	-22.272722	
19.818257	17.978666	11.977084	1.707270	0.814667	5.308589	4.660073	10.728576	22.430086	29.982895	33.719004	34.149521	31.207503	24.707884	25.815744	28.957703	28.058470	28.570314	30.709622	28.492694	22.627054	24.856003	24.058252	20.181002	20.720538	25.038589	27.209957	26.118431	21.899348	17.440848	19.627396	22.922399	23.648890	21.546959	18.505779	19.064105	21.188910	21.277292	17.933228	10.358901	5.735050	9.682449	14.020181	14.490471	10.915076	3.720687	0.889277	2.723121	4.204010	0.892252	-12.549801	0.737324	0.162878	-14.480975	-4.841471	-3.063119	-6.571505	-9.616984	-5.314547	-1.944727	-2.171972	-6.405533	-24.096579	-10.933265	-6.326463	-4.848653	-4.105041	-2.110845	-1.435012	-3.405735	-6.039518	-9.436660	-13.048582	-19.523944	-20.209901	-24.899573	-8.259327	-0.117649	2.781057	2.959060	1.297404	-1.809219	-6.304154	-12.155992	-16.710848	-18.827169	-15.911138	-12.926654	-16.351390	-45.425424	-20.361842	-13.788303	-9.954911	-10.651372	-10.694583	-8.103428	-7.018073	-5.967506	-4.311296	-4.558752	-11.917027	-7.660610	-1.323992	-1.447151	-7.681738	-17.832429	-7.372720	-7.384553	-8.894094	-6.837263	-3.773722	-2.829581	-3.884225	-2.447404	-0.603893	-1.679551	-3.456045	-0.988460	-0.071126	-0.025713	-0.619959	-3.952732	0.519000	2.505675	-0.482884	-3.210387	3.485633	7.721057	8.317767	8.504390	9.233625	4.585802	10.488072	16.030681	17.446981	16.949567	13.365362	-4.630553	12.405354	14.275147	10.104298	-6.317107	6.213948	10.159717	8.590315	2.197531	-0.179980	-1.348205	-9.558845	-13.332367	-4.419012	0.788988	2.322916	0.439118	-3.770240	-5.238354	-5.863151	-7.825495	-8.041236	-9.145554	-11.344025	-8.189132	-6.947339	-8.365378	-11.409270	-13.877706	-11.549888	-11.833603	-30.697765	-10.246774	-7.714169	-14.009782	-28.971983	-23.079027	-9.488731	-6.914765	-9.795544	-10.838571	-11.020602	-8.213258	-6.293943	-8.709699	-17.741167	-17.259933	-13.486026	-17.409655	-13.475365	-9.078098	-7.059158	-7.157291	-11.144166	-20.678601	-8.296912	-7.254633	-19.492273	-8.931991	-5.182698	-8.975201	-12.640433	-9.492456	-16.104271	-8.269674	-6.455111	-11.015962	-4.980420	-0.340494	0.479309	-3.098870	-4.541061	-1.401156	-4.292665	-8.811613	-5.354159	-6.014206	-7.373779	-9.491004	-15.903275	-16.760188	-16.080207	-24.376991	-23.967555	-17.277513	-16.343459	-16.705306	-17.020394	-17.684687	-19.800923	-24.936472	-32.463411	-28.030832	-30.271599	-33.824431	-20.834409	-17.773018	-20.294794	-22.050462	-15.015757	-12.823858	-14.544174	-20.384576	-23.815066	-21.828444	-23.502426	-26.472658	-28.531202	-28.916057	-27.170882	-25.146577	-23.433539	-21.644666	-20.687765	-22.047730	-27.240663	-28.578190	-21.716379	-18.498235	
19.594288	17.895949	12.338377	0.250961	-8.030863	2.837696	11.183855	8.631298	17.180270	28.275239	32.684651	33.175194	29.532403	15.858233	24.219153	28.333945	28.787572	28.898750	29.060993	28.183217	26.246870	23.384872	18.010447	5.362526	5.923164	18.164805	23.945932	24.320553	20.024987	13.145013	14.999642	20.778555	22.270922	18.746249	6.348366	8.010099	14.407268	17.880082	17.589570	13.919573	10.516500	10.772305	12.725076	13.068766	10.286682	4.977063	1.698853	1.233014	0.437798	0.812327	2.324772	3.117061	2.720960	0.554694	-4.394709	-13.160849	-22.558364	-14.335230	-6.104644	-4.192485	-7.515535	-37.682690	-8.248594	-4.107648	-3.843524	-6.169726	-8.733509	-5.039248	-1.038365	0.124724	-1.625667	-5.591032	-7.403615	-6.420892	-5.655793	-4.042757	-3.102430	-5.092469	-5.497502	-2.699687	-3.826127	-6.532436	-5.676981	-7.315866	-9.332126	-8.164192	-8.081466	-9.362187	-12.583462	-17.234346	-18.722815	-17.683660	-18.897573	-19.493174	-15.579509	-11.647324	-10.965827	-14.820531	-11.194520	-5.165543	-3.075858	-3.547719	-5.123703	-6.378628	-8.341054	-10.334948	-7.717290	-6.307014	-9.136702	-10.789921	-5.912961	-5.524828	-6.849267	-4.586247	-4.181370	-6.434797	-4.616411	-2.862637	-4.887772	-6.541149	-1.966585	0.717758	1.262508	-0.009173	-4.364147	-10.789695	-1.937347	0.449896	-1.261416	-3.394286	0.914647	6.345924	8.624890	6.815362	-2.521264	0.557887	8.373922	11.866807	12.557429	10.203185	3.081399	-6.453948	4.464712	6.656808	5.449557	1.190216	-6.484969	-17.277006	-10.403150	-5.946258	-5.042463	-5.001880	-4.221278	-4.607384	-7.116498	-10.091361	-10.588629	-11.340746	-12.694481	-12.613237	-13.944994	-20.260537	-29.639645	-27.272219	-28.420312	-17.690319	-18.793089	-22.287140	-9.970686	-5.985965	-5.363135	-6.739775	-8.565189	-8.961932	-8.274128	-8.719733	-11.474145	-14.431579	-14.884490	-17.985171	-23.867286	-21.664018	-26.457229	-24.202361	-17.095918	-17.424351	-23.765206	-26.190871	-27.017862	-23.538104	-24.670167	-23.142198	-12.486404	-9.853970	-11.315667	-13.719987	-13.077056	-13.904048	-16.344378	-15.033066	-12.219619	-10.725618	-10.554534	-11.553579	-16.845137	-18.875233	-8.631015	-5.981973	-6.156769	-6.683295	-6.453221	-7.160515	-10.437053	-15.126094	-17.220765	-18.588726	-15.506725	-15.802108	-19.904941	-19.570019	-17.269938	-17.421710	-20.851821	-37.545381	-19.665685	-15.174226	-15.577613	-20.106790	-31.594182	-32.674125	-25.467895	-21.588832	-18.639998	-16.986744	-17.024859	-18.129405	-18.221995	-17.756202	-18.325146	-19.841403	-21.904965	-24.306508	-27.410063	-28.805293	-28.339121	-31.413521	-52.204082	-28.583300	-21.754219	-19.282588	-19.853488	-22.700374	-25.437206	-24.898765	-23.277660	-23.817750	
19.795124	18.076145	12.517781	2.123501	-3.636870	2.216091	6.191122	-1.964909	20.069945	28.676705	32.524128	33.054430	30.394729	23.203096	20.472881	27.611494	30.221682	30.139076	27.090793	18.406767	20.654203	24.965730	24.301208	20.974490	19.311256	22.198645	25.163840	25.886164	23.892667	20.172664	19.653182	21.946491	22.906037	21.505734	17.624759	14.130374	16.871001	18.932022	18.133310	14.022906	6.363571	0.869264	9.018774	11.645642	8.909850	-2.420568	-3.657998	-1.881177	-7.820329	-8.397688	-3.271186	0.705796	2.448220	1.295583	-3.509781	-12.362012	-13.851398	-10.809329	-7.382816	-5.890933	-5.220029	-4.205840	-3.297587	-3.345888	-5.024898	-10.187912	-21.456651	-5.536334	-1.762233	-2.005194	-5.208054	-7.345128	-6.025758	-7.266975	-12.044481	-7.691717	-3.564288	-2.402190	-1.966313	-1.497581	-2.017774	-2.904705	-2.080274	-0.409674	0.324454	-0.640086	-3.768771	-10.236156	-26.819865	-15.840694	-13.769427	-16.255506	-22.653206	-23.132151	-18.375684	-14.162436	-11.804510	-10.452497	-8.413309	-7.370237	-8.801379	-11.478857	-14.860464	-14.134074	-9.166513	-7.640823	-6.340306	-4.937637	-4.284165	-3.978615	-4.889181	-7.377291	-9.290917	-8.722777	-7.815502	-7.510058	-6.413402	-4.758379	-3.828093	-5.373918	-11.417372	-8.549844	-6.973766	-12.942048	-10.152374	-4.265374	-1.218886	0.135207	-1.804158	-8.340541	-1.782784	3.211389	5.774118	6.544558	4.835756	-2.359101	-2.358952	7.334438	10.354880	9.669325	4.556287	-11.836769	3.316976	6.629285	6.439686	3.688408	-1.404398	-6.641143	-7.530087	-7.791374	-12.358084	-15.630282	-12.455287	-12.770185	-11.920255	-12.097600	-11.339708	-10.412811	-12.437997	-16.122941	-15.343749	-15.296162	-17.417748	-17.843312	-14.758194	-11.777628	-10.045024	-8.406624	-6.752628	-5.358950	-5.022726	-7.572437	-16.919820	-16.920062	-10.724312	-8.519267	-8.402034	-11.287357	-17.612699	-20.332613	-18.979112	-17.830313	-15.586736	-12.657421	-9.957522	-8.533466	-8.872546	-10.529222	-12.000442	-12.147422	-10.943294	-9.045630	-7.960189	-8.474625	-10.332280	-11.574552	-10.746667	-11.075891	-12.793216	-12.485439	-11.912793	-12.751915	-15.926522	-22.255873	-11.750625	-5.709247	-2.744193	-2.428457	-5.154030	-7.928350	-4.186108	-2.173512	-2.751009	-5.380250	-8.805635	-10.219609	-10.969467	-13.044887	-15.476297	-16.916986	-19.872937	-31.151977	-21.127812	-16.083020	-14.970794	-15.654675	-16.232694	-16.353514	-17.617969	-20.857864	-28.419543	-23.653182	-19.152159	-20.343588	-26.696970	-35.855025	-32.397032	-27.772504	-32.073641	-32.977376	-24.951604	-23.152276	-22.397223	-22.465216	-24.404019	-29.239038	-30.973145	-24.339043	-22.331114	-23.988905	-26.898216	-28.822923	-33.753119	-28.617007	-26.526168	-29.025449	
19.871889	18.117416	12.344092	1.345775	-1.609842	1.583413	-1.017388	8.871684	21.828161	29.146785	32.392642	32.214839	28.514375	20.679241	21.013284	25.840955	27.026074	24.256417	15.062280	20.122376	24.803654	26.407402	25.856983	22.331921	13.491103	19.066430	24.806774	26.323645	24.406708	17.048835	12.814675	21.427189	23.036919	20.930743	12.789825	11.300298	19.548204	21.316105	19.809641	15.089969	9.561304	11.635016	12.944313	12.519330	10.521271	6.771520	1.493912	-5.769555	-18.264707	-8.851811	-9.697777	-11.677964	-1.494532	1.781366	1.441997	-1.858580	-5.565763	-4.890536	-5.968742	-11.087030	-9.363955	-5.831451	-7.349973	-16.435925	-14.417913	-9.963633	-9.238794	-7.275842	-5.470378	-6.021239	-9.270937	-13.736944	-14.571196	-11.504267	-9.158999	-8.045660	-7.372567	-4.859340	-1.836897	-0.564726	-1.644854	-6.096534	-12.039352	-5.451511	-2.683138	-2.709221	-4.579659	-8.119181	-13.383658	-20.027617	-22.158958	-17.299320	-15.026677	-16.484458	-17.350610	-13.492202	-12.376013	-13.289573	-10.699018	-7.685030	-7.748552	-9.591950	-7.686753	-4.856039	-3.486815	-3.315430	-4.739552	-9.394676	-15.760034	-7.760144	-5.258353	-7.493043	-18.527935	-10.489891	-6.789630	-8.262806	-13.301460	-21.484428	-18.056629	-9.583927	-6.125894	-4.694185	-3.615451	-2.853358	-3.483609	-6.735890	-8.150115	-1.475889	2.018151	2.223119	-1.613504	-13.424873	-1.310400	2.888263	3.172663	-1.220151	-7.080385	5.282384	9.344988	10.021441	8.224119	4.359672	-0.307038	0.521887	2.615585	1.855886	-2.233462	-11.817564	-8.742611	-4.637878	-4.679398	-7.136916	-10.763682	-12.928459	-13.372164	-13.653224	-12.641211	-11.343961	-11.573359	-12.893207	-13.103969	-13.194735	-15.468079	-21.270985	-16.008928	-9.187736	-6.434427	-7.294180	-13.312359	-13.408611	-7.125512	-5.414756	-6.442901	-10.357364	-15.613769	-10.825393	-7.757403	-7.419229	-8.709690	-9.498713	-9.529005	-12.082840	-19.238428	-11.972508	-7.137233	-5.592640	-6.491164	-10.368420	-21.440648	-15.639218	-9.534795	-7.908025	-9.822515	-18.589796	-16.689221	-10.097165	-8.344544	-8.314429	-9.921332	-15.176102	-34.037143	-16.878705	-15.274193	-17.083527	-11.715099	-6.388540	-3.613749	-2.482015	-2.493906	-3.534919	-5.377770	-6.812423	-6.852012	-6.745215	-7.417720	-9.208863	-12.511932	-16.863743	-18.448257	-17.553662	-16.727772	-15.865668	-15.380584	-16.294318	-19.532308	-26.336552	-28.963791	-20.148399	-17.060557	-17.278884	-19.203173	-19.512887	-17.677446	-16.999212	-18.366377	-19.887704	-19.529798	-19.836129	-21.892274	-25.904051	-33.260500	-37.076344	-28.941604	-26.140617	-25.643133	-24.043030	-21.799580	-21.132055	-22.910378	-27.977613	-34.044392	-34.222970	-30.112908	-24.572544	-22.649173	-23.808357	
19.774412	18.145548	12.775470	0.264298	-4.392952	-1.488911	6.596885	-9.898750	19.511577	28.250736	31.856133	31.870690	28.528365	22.220850	19.103954	23.660602	26.015677	24.869868	20.805394	18.248495	23.199432	26.371161	26.156999	21.755851	2.662353	20.551399	24.818621	25.249328	22.525772	14.642174	15.728917	21.451064	22.590841	20.628629	14.443140	9.307408	18.425353	21.554910	21.428901	18.261380	10.358835	-0.999981	9.958119	10.871384	7.073283	-8.777308	1.374012	3.844006	1.382626	-3.091186	-9.996529	-10.213358	-2.375465	0.796385	1.149293	-1.030137	-4.920204	-7.136608	-7.014232	-5.704533	-4.640013	-5.622627	-9.283624	-12.846289	-11.987279	-12.706471	-15.145386	-12.527234	-10.111522	-8.981324	-9.937238	-14.565717	-17.944183	-12.032784	-8.308515	-8.175067	-9.317284	-7.865192	-9.356300	-20.267870	-10.199589	-5.920142	-5.825317	-8.951812	-20.141612	-15.583842	-10.586451	-13.269064	-29.512537	-18.751002	-18.429014	-24.969874	-21.028556	-12.763329	-10.748727	-12.979842	-16.932649	-13.733909	-10.574068	-7.756448	-4.991335	-3.530850	-4.338115	-9.337649	-25.810913	-8.474494	-6.514635	-9.623800	-15.961172	-10.853496	-7.045969	-5.509742	-5.748451	-7.960462	-11.743281	-14.480293	-17.114303	-23.939461	-15.467393	-9.295526	-6.743006	-6.787040	-7.582260	-5.980323	-4.251581	-3.635757	-3.205144	-2.611705	-2.120231	-1.417373	-1.023624	-2.178342	-4.733025	-4.185159	-1.555721	0.274737	1.906049	3.809140	5.645767	6.410576	5.314655	2.084317	-2.597595	-5.268165	-6.137161	-7.825773	-7.271636	-7.602680	-9.854800	-8.462261	-7.056273	-8.405382	-12.212190	-14.498305	-12.784836	-12.477297	-15.369940	-18.039957	-13.090529	-11.665081	-14.117338	-19.478410	-21.975471	-20.238002	-16.253930	-12.590636	-10.242725	-8.940244	-8.346330	-8.342597	-9.669462	-13.814015	-14.313948	-8.952606	-7.049568	-8.211837	-13.437059	-16.215990	-8.473251	-5.695770	-5.790271	-8.007557	-12.229890	-15.768825	-12.243839	-9.541884	-9.253639	-11.610989	-18.029421	-21.033556	-14.071347	-11.728021	-11.613980	-12.130469	-12.762988	-14.866050	-21.554746	-24.718883	-14.998361	-11.260555	-10.327132	-11.866897	-14.827446	-16.623932	-17.247292	-13.828095	-12.522627	-16.356936	-19.307405	-14.197895	-14.573282	-18.358188	-20.887287	-30.052665	-22.080905	-18.391276	-21.102478	-26.555688	-28.055368	-30.562399	-43.271379	-23.341485	-19.424423	-21.225512	-29.046013	-33.115309	-29.496564	-23.157595	-20.193709	-20.643129	-23.929523	-24.133294	-20.777146	-19.816671	-18.668513	-16.405181	-15.651324	-17.271248	-21.822732	-31.981970	-39.504702	-31.681229	-28.822449	-28.480193	-29.974460	-27.110540	-26.540185	-29.138459	-24.792426	-22.522225	-24.240445	-27.592837	-28.195435	-28.755805	-25.236293	-21.083796	
19.808355	18.076198	12.313012	-0.807541	-6.595202	-8.286537	0.508516	7.119331	19.140962	27.165353	30.921418	31.265888	28.469091	23.235479	20.460943	23.021834	24.112221	22.377848	20.631682	21.750112	25.103601	26.863494	25.222628	18.151890	15.754246	23.150664	24.707318	22.621135	16.117350	13.367917	19.399444	22.023417	21.780220	18.314281	14.367098	17.441616	20.710702	21.558151	18.887097	10.496938	8.588050	12.260225	11.182049	7.506567	3.683538	5.661743	7.331291	7.238320	5.276836	0.550754	-8.007948	-7.865774	-1.886285	0.494088	-0.885682	-6.863251	-20.254021	-18.484227	-18.638179	-25.338622	-12.260142	-5.765808	-4.569044	-5.504222	-4.647263	-3.378951	-4.028528	-6.879822	-8.414601	-5.709522	-4.878213	-7.193051	-9.559544	-6.755253	-6.298494	-10.818133	-12.822744	-5.838728	-3.353601	-2.955174	-4.181490	-9.247377	-23.961616	-7.606506	-4.925062	-5.754995	-9.321532	-17.091663	-14.442081	-9.292803	-7.470458	-6.802699	-5.989711	-5.569286	-6.313535	-7.930662	-9.626211	-11.947829	-13.142317	-9.861340	-9.410152	-13.878638	-14.089036	-7.914542	-5.256229	-4.703012	-5.839577	-8.787596	-15.011696	-26.371271	-12.023149	-9.249207	-10.890911	-15.039753	-17.809179	-19.524868	-13.553373	-11.017037	-13.986829	-29.851339	-13.941620	-11.152877	-10.661524	-9.821912	-11.477364	-17.695149	-17.621231	-16.073507	-19.264051	-17.663164	-9.439425	-6.439782	-6.199555	-7.623805	-15.493160	-13.668391	-10.440053	-32.224497	-8.228055	-4.752217	-3.368023	-4.028457	-12.682175	-11.270979	-5.710280	-6.364438	-7.357981	-7.594868	-8.424045	-9.393656	-11.382828	-16.431197	-31.330716	-25.335483	-19.858206	-16.924108	-15.069521	-13.387650	-11.612528	-10.729715	-11.828546	-15.046934	-15.899753	-14.529575	-16.787866	-20.786236	-15.790311	-15.469067	-22.608310	-21.309408	-15.795265	-13.902793	-12.303061	-11.252473	-12.112090	-15.168008	-15.865011	-12.582168	-10.050427	-9.268556	-10.551004	-14.015060	-18.293260	-19.512915	-18.846965	-19.438952	-20.787715	-17.229860	-14.446679	-13.688493	-14.465793	-17.834115	-28.343349	-28.065476	-21.907362	-20.095170	-19.462480	-20.983888	-24.061037	-18.860786	-14.147068	-11.953951	-11.688685	-13.322598	-15.176838	-15.736567	-18.414668	-24.572485	-22.050551	-17.797165	-15.670271	-14.603795	-14.471004	-15.494689	-17.665814	-21.054024	-26.344914	-34.749601	-39.713659	-32.186379	-23.551289	-18.914828	-16.881728	-17.034826	-19.125419	-21.029133	-20.480418	-21.504202	-28.674092	-31.608724	-23.251628	-22.304210	-23.977147	-27.203933	-25.605147	-21.550576	-20.643269	-22.214573	-23.793327	-24.495170	-27.134262	-30.542391	-27.497602	-24.283387	-23.288809	-23.212253	-23.163151	-22.771801	-21.462272	-21.396998	-23.972518	-27.828489	-29.572131	-30.733896	-27.367941	-23.723465	
19.669742	17.915018	12.141498	0.646301	-9.050281	-0.176371	5.320760	1.835495	16.645549	25.516568	29.386196	29.840824	26.975429	19.398075	19.225127	23.299536	22.208352	16.928198	15.771939	22.535973	26.319302	26.802553	24.310401	20.970328	21.823057	24.053010	24.112388	21.037145	16.034579	16.265056	19.781720	21.305000	20.141608	17.700000	16.817778	19.328412	21.079560	20.108019	17.191695	14.654276	13.401724	12.466672	10.189099	6.251209	3.462890	5.064172	6.244909	3.449540	-0.340130	3.750580	5.209093	4.311805	1.312171	-4.481646	-6.126320	-4.199652	-4.155320	-4.676092	-4.986642	-4.714764	-3.956495	-3.181263	-3.157906	-5.554938	-9.253399	-4.936460	-3.067722	-4.759817	-7.112968	-5.471118	-3.569877	-2.540899	-2.421435	-3.828761	-6.567644	-8.423576	-7.963196	-7.221752	-6.139716	-2.754446	-0.831967	-1.245103	-2.839783	-4.225718	-4.843268	-5.341230	-6.348575	-7.442879	-7.035634	-5.913541	-6.057803	-6.553220	-6.357986	-7.172289	-10.187662	-14.314501	-11.015815	-6.880045	-5.405679	-6.530151	-10.394788	-17.640925	-21.797868	-12.547562	-8.627024	-7.763821	-8.831115	-9.508410	-8.892692	-8.786169	-9.647260	-11.554061	-14.458983	-18.452176	-17.196456	-14.577774	-13.446879	-11.541819	-10.170783	-9.904418	-10.531221	-12.236297	-12.720662	-10.506995	-9.522912	-10.794963	-14.490994	-22.396669	-18.461361	-11.461241	-8.726304	-8.405433	-7.650195	-5.419033	-4.071249	-3.535558	-3.007912	-3.063259	-4.596083	-6.856744	-5.459324	-3.050142	-2.525319	-3.626251	-5.304858	-5.986786	-6.146826	-7.719942	-11.149754	-13.419898	-13.423532	-15.188987	-19.915296	-26.074836	-19.518562	-15.496215	-16.853219	-32.862524	-14.585374	-9.346571	-7.826752	-8.464095	-10.936759	-14.558397	-14.685112	-12.241963	-11.525093	-12.827424	-15.488304	-17.101560	-18.257548	-26.745254	-18.165495	-12.322224	-11.657214	-13.526636	-15.222887	-19.990986	-26.153508	-14.770198	-14.015762	-18.957213	-26.506509	-27.582240	-25.334898	-20.715777	-18.631051	-16.930832	-17.003727	-19.899111	-20.028945	-18.930732	-22.843801	-38.338945	-30.006259	-33.702937	-28.896175	-22.953149	-20.492375	-19.974259	-21.462116	-27.911614	-21.605404	-13.526859	-10.908304	-11.832164	-15.606505	-20.258715	-23.115874	-25.410246	-32.797866	-24.391405	-19.519933	-19.688419	-23.154445	-30.276673	-31.581998	-26.575361	-26.471241	-24.537821	-20.969154	-18.551345	-17.688868	-19.414907	-21.166646	-17.157452	-14.999009	-15.524975	-18.020078	-22.158952	-28.733878	-41.144018	-28.307439	-24.575756	-27.474299	-41.681131	-25.635852	-23.964307	-24.765028	-22.744692	-22.113711	-24.885976	-26.844455	-23.732332	-24.203668	-29.438347	-22.856057	-18.828957	-18.814138	-21.870976	-28.030828	-32.951243	-33.041951	-42.635856	-32.771360	-29.545756	
19.689619	18.063987	12.801663	2.525888	-6.362253	2.511507	4.920442	2.556736	19.064106	25.402541	27.674833	26.547480	21.267162	16.678801	22.081475	23.841147	23.105132	19.300291	13.756294	21.926997	25.127155	24.726453	21.851204	18.580662	20.834940	23.527649	23.396089	20.518987	16.198926	16.316518	17.783573	17.345200	14.452282	5.686508	15.541673	19.998635	19.997671	16.301453	8.707511	11.033549	12.872202	9.618437	-2.378135	-1.678944	-1.076449	-6.120309	2.323224	5.341320	6.579434	8.025424	8.403378	6.272976	0.567257	-10.147839	-16.246882	-11.836147	-7.314305	-8.743578	-8.089371	-3.510212	-3.649962	-10.105846	-8.735420	-3.777314	-2.421699	-1.450334	-0.333904	0.511774	1.412245	2.620424	2.570119	2.606859	5.108185	6.028455	4.764158	4.224205	4.063829	1.976052	-0.181972	-1.160983	-1.711035	-2.721835	-8.995640	-6.539030	-3.501558	-6.355391	-4.314028	-3.381531	-10.267297	-16.169502	-10.307286	-14.510542	-13.957225	-16.262148	-17.040270	-11.775042	-11.831132	-22.550099	-7.279430	-2.033201	-1.476669	-3.594824	-6.873868	-10.099958	-8.135837	-7.103507	-9.531014	-11.781816	-12.276415	-12.791680	-13.085669	-18.472507	-15.517116	-10.570624	-11.627427	-17.693101	-18.232181	-18.901681	-18.799242	-12.665449	-11.518268	-14.014458	-16.407843	-18.722130	-21.404252	-15.538016	-14.694527	-18.702848	-18.697659	-14.569135	-14.000379	-16.238725	-16.071626	-9.143319	-5.434396	-4.614787	-5.786266	-7.919110	-7.587081	-4.806959	-3.360807	-3.893747	-6.354991	-11.571973	-25.206596	-25.696795	-20.107471	-14.411650	-13.617531	-15.498003	-17.288146	-24.286104	-26.874608	-19.142416	-16.619316	-14.882221	-13.510728	-11.877125	-10.815548	-12.338341	-21.571259	-16.410106	-10.510276	-9.826209	-9.443754	-8.718137	-11.154594	-20.304930	-19.871886	-18.605386	-20.341336	-13.712383	-10.215857	-9.444444	-10.645084	-13.584532	-18.544965	-18.228258	-12.643111	-9.028422	-7.521625	-8.288143	-11.266992	-16.295662	-23.641591	-16.620751	-12.367541	-12.332031	-15.726890	-21.660908	-25.243639	-21.615110	-18.751765	-18.722012	-19.936469	-20.417362	-20.140875	-19.177594	-18.773343	-20.716225	-25.794167	-22.337850	-16.533967	-13.925641	-13.162083	-13.493908	-15.760721	-22.097742	-39.808835	-29.979996	-27.033675	-23.194839	-21.011032	-21.852179	-26.009481	-26.923387	-22.964349	-20.309933	-19.300949	-21.069038	-28.367664	-28.190265	-21.843716	-20.144601	-18.872508	-16.038313	-13.762188	-13.687339	-16.761552	-25.489004	-27.174024	-22.558151	-23.391508	-28.469007	-32.677388	-24.349102	-19.847494	-17.549744	-17.548844	-20.459600	-26.751758	-29.754472	-27.367844	-23.284637	-20.003582	-18.473818	-18.268343	-19.451867	-23.143081	-32.934766	-30.538381	-26.208417	-26.003442	-26.817177	-27.667936	-29.203726	
19.970823	18.189890	12.586758	3.104934	-2.010382	1.233174	4.944220	11.789928	19.793678	24.290924	25.214015	22.542090	16.262744	16.082767	19.561467	19.802811	15.213090	14.239215	21.399590	23.838846	23.357176	19.513352	3.126121	17.229560	21.646122	20.915238	14.875245	9.367145	15.768725	15.576754	10.667351	-9.310752	10.697310	15.938927	17.504106	16.509254	13.583078	11.380530	11.831566	12.104031	11.111091	8.548290	4.107249	-1.991738	-5.480947	-2.284094	1.922627	4.528281	5.583274	5.661722	5.582389	5.334911	3.855700	0.546894	-4.130678	-9.315878	-13.258566	-12.243482	-9.034112	-4.864663	-1.646421	0.143994	0.691370	-0.034433	-2.676195	-9.062049	-10.720229	-2.009438	3.029656	6.218696	8.129548	9.178965	9.805666	10.371976	10.842876	10.796450	9.769689	7.322787	2.849611	-4.340142	-5.339234	-0.692542	2.063107	3.616584	4.443500	4.688011	4.295652	3.308976	2.022412	0.959950	0.247376	-0.867862	-3.044381	-5.669996	-6.841737	-6.322960	-4.460221	-1.823575	0.642958	2.126084	2.412345	1.901226	0.995784	-0.399521	-2.716901	-6.394611	-9.341185	-9.119150	-10.390057	-12.609037	-9.887154	-6.858718	-5.456644	-5.376169	-6.700569	-10.107273	-17.241023	-38.522548	-21.860325	-13.327892	-9.749799	-9.574022	-11.919984	-15.412436	-17.436939	-17.394014	-17.655601	-18.977067	-19.734762	-18.596274	-18.186987	-26.717056	-17.284722	-9.812753	-8.662864	-12.212270	-21.129822	-17.753629	-12.425537	-8.528815	-7.062719	-9.546492	-15.205478	-9.313568	-7.505508	-8.925320	-9.343334	-8.869888	-10.301213	-13.602026	-16.111433	-15.998525	-14.962754	-13.851198	-14.303577	-17.370197	-25.763075	-18.973540	-12.735367	-11.189863	-12.539034	-15.728991	-13.871140	-8.213875	-5.235348	-4.793010	-6.500944	-9.851340	-13.322368	-14.156065	-12.679852	-11.257755	-10.699501	-11.808814	-16.524172	-27.196941	-18.903508	-14.695645	-10.131214	-6.739557	-5.364538	-6.039274	-8.823398	-13.167358	-14.123708	-10.621389	-8.066820	-7.728969	-9.931738	-14.385568	-16.978619	-17.583122	-21.497403	-25.532986	-20.886473	-20.282005	-24.906734	-25.365586	-19.440948	-17.216399	-16.327372	-15.836935	-16.566372	-20.718857	-41.652591	-21.612907	-18.274546	-18.800853	-21.344857	-25.033174	-24.306877	-20.258876	-18.560749	-19.607954	-23.855303	-26.270059	-21.137487	-19.127182	-20.344283	-24.081688	-25.808502	-25.167046	-25.669667	-23.800855	-21.938739	-22.733397	-20.915345	-16.885153	-15.193303	-15.883057	-18.839322	-24.721640	-29.218778	-24.814362	-21.973559	-19.248884	-17.970305	-19.038239	-21.803904	-23.160251	-23.875416	-23.977174	-21.506547	-21.124808	-24.134786	-29.229165	-31.284941	-27.505942	-23.537408	-22.633070	-24.394245	-30.286651	-35.215206	-25.521248	-24.029679	-27.729800	
19.789446	18.129511	12.515900	-1.046904	-2.316603	2.302532	2.909711	7.676853	17.743593	22.536130	23.968840	22.823669	20.188690	18.522217	18.674597	19.010779	18.674234	17.665736	15.980415	15.196675	16.772477	17.445716	16.587972	16.060642	16.831985	17.485828	17.168304	15.643165	12.709665	7.375511	0.909738	6.063020	8.295790	9.624599	10.561613	9.360957	5.252100	-1.573344	-14.631387	-3.810674	1.985060	2.617987	0.308601	-4.115136	-7.911649	-6.383144	-11.889119	-7.697858	-5.667755	-15.248114	-11.196227	-9.351719	-4.760296	-1.599996	-2.999107	-8.890833	-13.931268	-14.933456	-25.586722	-8.186448	-4.426179	-5.483030	-8.503439	-6.916563	-6.290017	-8.717527	-13.084390	-11.036021	-4.989307	-0.535597	0.884812	-1.384663	-4.070548	-0.968975	0.556309	2.720071	4.618765	4.033136	0.509631	-5.848883	-7.193939	-4.341302	-3.698589	-2.658379	-0.106320	0.496153	-2.174533	-4.710158	-1.936233	-1.014868	-2.122940	-3.360234	-4.054102	-5.725278	-9.756001	-20.242930	-12.846539	-4.569226	-1.519116	-2.263699	-7.631299	-12.961320	-6.349869	-4.087147	-4.837057	-8.688294	-13.140050	-11.764234	-11.146999	-11.159198	-9.956728	-9.063125	-9.924010	-11.773269	-11.985212	-11.179322	-10.869801	-10.943863	-10.209436	-9.807727	-11.071040	-13.093276	-16.977879	-38.131537	-18.923713	-18.494930	-29.602805	-21.755006	-20.116202	-25.107960	-21.316666	-15.261968	-11.799109	-9.940838	-9.424906	-9.961946	-11.499327	-15.090432	-19.924197	-12.156797	-7.668243	-6.005543	-5.645300	-5.492109	-5.405168	-5.971094	-7.500319	-9.948979	-14.104512	-22.777093	-27.370198	-25.287346	-19.818837	-15.981620	-16.402117	-22.167820	-30.804987	-16.937005	-12.194626	-10.355575	-10.995794	-12.952886	-14.059755	-15.987612	-11.758388	-7.823733	-7.926699	-12.177424	-20.305183	-18.359813	-19.578162	-32.552555	-18.487108	-14.814394	-15.285682	-17.238819	-16.464985	-13.323612	-11.747842	-13.176402	-15.699367	-12.745185	-11.751126	-14.167072	-15.710089	-14.489049	-12.640677	-10.140734	-9.032810	-10.100115	-13.642364	-20.198331	-28.475661	-28.198353	-26.114482	-25.238295	-20.771010	-16.732032	-16.559827	-21.580771	-21.728246	-17.271079	-18.721668	-30.665096	-22.685347	-16.813313	-16.117279	-19.233728	-21.705176	-17.316875	-16.938594	-22.032014	-26.834675	-22.038112	-22.005859	-22.778864	-22.153145	-21.728280	-23.400454	-26.851962	-28.707935	-26.861438	-24.349863	-23.008958	-22.759160	-22.881121	-24.099534	-28.402826	-25.410346	-20.254591	-18.464548	-19.084997	-20.254381	-20.172990	-21.351107	-25.288869	-27.537339	-24.626610	-24.445352	-24.028121	-20.844504	-20.496646	-23.602745	-28.214650	-32.672671	-38.547439	-39.913699	-43.927870	-27.081614	-21.491968	-19.911517	-20.619792	-21.589616	-21.539645	-22.247847	-26.286666	
19.819593	18.076129	12.332691	-0.418274	-13.503550	-2.126698	5.881879	9.297991	14.120617	19.029872	20.750953	18.601756	11.121637	10.041514	11.013909	6.682152	11.166694	12.995633	11.133136	8.713778	8.168797	5.888068	0.249238	-1.041760	0.961724	4.497211	8.499234	10.821471	10.504777	7.171900	1.056358	-5.259580	-10.543428	-4.116339	2.190699	4.252353	3.209267	-0.736007	-5.146753	-3.813754	-2.477344	-4.396879	-12.317680	-14.455072	-5.864771	-2.520726	-1.473689	-0.947004	-0.705887	-1.718197	-3.902374	-5.042140	-4.297520	-4.499401	-6.937355	-11.780408	-14.265976	-11.228324	-9.119096	-8.672235	-10.053488	-12.039531	-12.405389	-11.054697	-9.627792	-10.097102	-13.929070	-19.355922	-11.697799	-8.266152	-8.266777	-10.815052	-13.743529	-15.041789	-14.619917	-7.540676	-3.130631	-2.558565	-6.632768	-28.642773	-10.722433	-8.793591	-9.651456	-8.498765	-7.247710	-7.311672	-8.511470	-10.564884	-13.009991	-14.970872	-17.308611	-19.827618	-15.868717	-14.688651	-18.874461	-25.604784	-16.541412	-10.978610	-7.893767	-6.881421	-8.081014	-13.217515	-28.550063	-11.482240	-9.068565	-11.150958	-15.317245	-19.609922	-34.044166	-26.410277	-22.798113	-16.052082	-13.585753	-13.728017	-14.292875	-17.146322	-15.747063	-9.652765	-8.119403	-10.362080	-16.264307	-17.303197	-13.341745	-12.227924	-12.811065	-13.744869	-14.010996	-13.670591	-13.472930	-14.283304	-18.228674	-34.820906	-17.613207	-14.419008	-16.398947	-29.032975	-19.259195	-13.293471	-11.338115	-11.855252	-16.415936	-15.814119	-14.457080	-31.426641	-13.854765	-10.833282	-15.355697	-20.394975	-13.632293	-13.454906	-16.785999	-19.656360	-22.441806	-29.608495	-20.903361	-17.834076	-18.388800	-21.203415	-22.784569	-17.260768	-12.124512	-10.197685	-11.026563	-12.745318	-13.265099	-13.639639	-13.519238	-13.574940	-15.323750	-18.917103	-23.574173	-22.825085	-17.657189	-15.312473	-16.228690	-18.657278	-20.810183	-28.713131	-19.305367	-15.155730	-14.273476	-14.219908	-15.076228	-16.832592	-20.136301	-27.896521	-29.093394	-21.608845	-17.242186	-16.331360	-18.707708	-22.086499	-23.347300	-22.665171	-20.973012	-20.890239	-18.839530	-15.472979	-13.354472	-12.565568	-12.954514	-14.305510	-16.309812	-18.854336	-21.464985	-19.410209	-15.012723	-12.358574	-11.287943	-11.294446	-12.204699	-13.917637	-15.829627	-18.353528	-23.965144	-33.890043	-26.370317	-21.788702	-21.186529	-24.177156	-23.661339	-20.266217	-19.238188	-19.777063	-21.195784	-23.537635	-26.015941	-26.152506	-24.474586	-24.816000	-34.556123	-23.716936	-17.978369	-17.733760	-21.677222	-27.900082	-28.314006	-25.174735	-20.809641	-18.269987	-17.915693	-20.002266	-24.655599	-28.546623	-26.854310	-24.882024	-23.566464	-20.832206	-17.464515	-15.949304	-17.255007	-22.210870	-25.302180	-21.312435	-20.340723	-21.229258	
19.793847	18.115322	12.569729	1.113087	-10.339231	1.077236	4.847822	4.516762	10.155799	15.387724	17.506204	16.766211	13.308187	7.768982	3.563875	4.655031	7.442807	8.511565	7.379850	5.054745	0.569851	-0.393978	4.979468	4.931306	3.032319	-1.008361	-1.283032	3.143700	6.403385	6.968791	2.677498	-0.387489	-5.663087	-3.310878	1.070423	-12.291726	0.660370	2.946005	-0.650962	-10.939361	-1.375632	3.457298	1.549101	-0.603679	0.214214	-13.602692	0.628573	3.527232	-4.700396	-0.091173	2.615463	-3.904460	0.305410	1.407570	-2.900472	-3.078962	-2.658533	-5.133529	-5.831453	-0.622574	-0.559593	-1.291722	-2.100798	-4.713161	-1.477059	-2.693885	-7.723315	-2.820198	-3.380413	-9.819094	-3.615927	-2.292413	-2.857987	-4.291351	-5.152505	-1.859505	-7.044699	-6.216170	1.306758	1.164412	-4.700558	-10.020141	-1.846435	-3.878616	-7.580021	-2.551657	-4.699895	-4.702828	-3.703092	-4.391566	-4.607629	-6.879682	-3.722540	-2.775595	-5.084917	-4.863227	-4.854399	-4.588501	-1.998763	-4.230354	-5.160123	-1.866843	-4.789119	-18.064626	-3.950652	-1.796395	-2.482758	-3.386076	-6.706401	-12.168719	-6.886044	-3.944257	-6.674271	-7.512592	-2.349131	-2.552848	-11.373214	-6.890201	-1.948790	-4.647990	-6.520962	-3.078127	-6.023499	-8.143969	-4.223961	-5.856055	-4.717347	-4.971183	-6.377065	-2.547456	-2.779541	-5.426671	-3.998354	-2.844121	-4.959412	-5.478098	-3.198669	-5.853292	-7.823157	-1.699432	-0.908894	-3.310752	-10.700801	-9.227654	-2.518108	-2.954268	-9.719131	-6.613461	-3.825192	-7.830834	-10.287097	-6.278881	-7.805856	-13.872702	-15.897209	-9.206053	-8.283986	-9.897644	-10.472224	-11.000343	-21.207599	-12.114373	-7.805541	-12.723334	-18.515030	-12.512502	-11.650507	-9.915788	-12.323393	-11.996011	-11.165213	-13.037904	-11.124706	-7.279313	-9.537594	-16.104789	-6.202629	-4.027428	-6.520944	-18.540861	-7.800364	-6.856929	-8.860256	-7.598478	-8.944095	-8.188600	-8.122462	-8.043494	-9.315271	-10.415570	-8.327159	-8.646203	-9.588184	-13.311556	-9.339720	-7.078888	-11.543771	-10.785933	-9.849362	-16.411539	-9.238725	-10.832617	-14.488367	-13.049489	-18.309009	-21.559047	-11.342053	-9.031575	-16.795610	-13.461753	-13.117490	-19.711228	-10.496029	-11.205064	-19.120364	-31.202730	-39.427469	-18.721445	-14.830771	-17.637469	-24.212083	-19.112512	-23.395258	-27.254777	-23.499085	-32.226807	-40.121215	-35.791898	-27.953571	-28.024073	-23.031990	-18.592769	-16.822979	-16.608725	-17.066455	-18.907739	-21.996800	-24.458024	-29.928881	-25.353939	-19.564080	-20.132426	-26.295792	-31.543093	-30.679427	-30.445979	-21.920500	-16.895557	-15.004421	-15.769018	-18.613741	-21.449202	-22.208154	-23.248165	-27.556815	-32.890697	
19.847804	18.164101	12.777272	2.958684	-1.981823	4.400620	7.099824	4.029442	5.688879	12.852787	14.579058	12.355926	7.135942	2.500882	2.822904	6.488367	12.977992	16.329385	18.153522	20.953548	23.412406	24.930743	25.851354	26.841795	28.509078	30.150423	31.088163	31.353080	31.455891	31.877065	32.348916	32.455091	32.258992	31.960170	31.525396	30.899105	30.133013	29.233225	28.246497	27.361145	26.610700	25.673514	24.219928	22.253631	20.259216	19.138734	19.290970	19.998706	20.570436	20.903404	21.053610	21.032566	20.911962	20.761046	20.584758	20.431976	20.422909	20.704553	21.432623	22.581014	23.827566	24.838558	25.507668	25.854662	25.872079	25.567760	25.010453	24.231930	23.206173	21.924464	20.262835	17.862823	14.476305	10.987851	11.227253	14.129316	16.252573	17.811746	19.507330	21.117045	22.330584	23.285836	24.135868	24.757966	25.039257	25.008597	24.692499	24.122708	23.362834	22.420131	21.237149	19.685893	17.413337	13.668866	7.311395	7.583691	13.397672	16.677601	18.380693	19.128489	19.642220	20.742707	22.582034	24.618592	26.450230	27.800420	28.450407	28.368048	27.672356	26.466219	24.685651	22.197128	19.031621	15.370451	11.679049	9.462131	10.135304	12.378081	15.309644	18.415193	21.101828	23.251439	24.910984	26.128525	26.984061	27.531533	27.787306	27.810991	27.706556	27.545499	27.360948	27.195467	27.067540	26.916997	26.661962	26.261014	25.699719	25.028685	24.370666	23.733008	22.924780	21.802988	20.457300	18.922821	16.878204	14.144972	12.154529	14.041985	17.758338	20.944471	23.354916	25.101313	26.211900	26.767632	26.888962	26.554879	25.690841	24.346335	22.700973	20.965753	19.217698	17.540507	16.243325	15.387374	14.764366	14.446531	14.546280	14.863315	15.094302	14.933480	13.916093	11.158956	2.884121	5.421055	15.401300	20.212059	23.315431	25.466866	26.800139	27.472713	27.759051	27.864777	27.919605	28.039768	28.250406	28.463385	28.586870	28.619220	28.671525	28.891295	29.292511	29.694672	29.861219	29.594882	28.662640	26.675490	22.772511	12.887512	16.124970	24.567637	28.589451	30.992096	32.469652	33.315457	33.680690	33.630834	33.157084	32.242787	30.908137	29.156632	26.915172	23.990161	20.128373	14.978418	6.506037	-2.505364	7.562221	9.869227	10.344119	10.148147	9.146605	7.571848	5.844209	3.472333	-0.129821	-5.603675	-14.810806	-25.183123	-13.678701	-11.359518	-10.170015	-8.019774	-8.191643	-11.273971	-11.444131	-10.707930	-13.211398	-15.824196	-15.926029	-16.704287	-18.431939	-18.509797	-16.993703	-16.452005	-16.094412	-15.432137	-17.807011	-39.335875	-19.044430	-17.128172	-22.303471	-32.871834	-36.624357	-28.587232	-25.317917	-27.276234	
19.807806	18.048982	12.141672	-1.230039	-6.651859	2.451122	6.930069	8.794643	11.144720	13.549464	13.890427	10.429045	2.275365	1.790632	5.079336	6.657057	8.623636	19.597336	26.209526	30.453241	33.225805	34.894414	35.761545	36.247657	36.830518	37.632617	38.222862	38.090196	36.984008	35.143101	34.241308	35.676084	37.265521	37.566912	36.249072	33.298887	29.975163	29.383598	29.585171	28.555857	27.496871	28.031690	28.203136	25.821230	18.266649	19.439655	24.434483	23.775415	16.017621	17.132132	24.042917	24.762282	21.444937	14.121085	17.586665	21.436226	22.360451	20.491055	15.781998	19.614254	24.764236	27.934143	29.697167	29.663169	27.627390	26.301097	28.337144	29.030018	26.815625	22.408390	23.193988	25.199250	24.662928	22.139428	18.761807	18.532851	20.907122	21.887135	21.513770	21.755719	23.222525	24.622623	26.138961	27.943679	29.263419	29.463877	28.104563	24.528209	20.832403	24.579293	26.765184	25.599120	20.195016	8.231988	16.624707	20.717304	24.722155	26.833080	25.712222	18.536310	14.558477	22.765930	20.955880	21.166733	30.208304	34.570052	36.590161	37.231520	36.789738	35.047569	31.304592	23.596002	3.582275	19.353054	19.401605	16.092212	14.750558	15.435284	15.587627	20.453234	25.554068	28.672023	30.412050	31.277458	31.375670	30.800569	30.340330	30.693893	30.759557	29.321409	26.987633	27.721681	29.517430	29.317662	27.606843	27.715422	29.280449	28.966880	25.298461	16.690206	23.460235	27.365054	27.781321	25.660096	20.739537	15.851583	18.570673	17.897433	9.463673	22.787706	29.498637	32.818906	34.196429	34.421539	34.387939	34.538945	34.277109	32.843523	29.821351	25.396477	22.331667	21.997743	20.914831	19.238621	18.645904	17.219887	11.970387	13.138215	18.707666	20.397501	20.205566	20.308831	21.620732	23.922273	27.079758	29.841364	31.422711	32.005122	32.639599	33.968558	34.823369	33.779899	28.705478	15.414897	32.048343	36.152831	36.939673	34.973912	28.088123	22.278200	33.563992	36.864836	37.680118	37.234468	36.189102	34.775472	33.268248	32.807844	34.568170	37.893810	41.062425	43.153510	43.937843	43.369310	41.491665	39.255395	39.671679	41.783538	42.979073	42.811326	41.328265	38.618198	34.876062	30.668710	27.202679	25.648420	25.459939	25.163229	24.174524	22.796606	21.551140	20.323774	18.499797	15.647173	11.704394	7.123229	3.012123	0.093380	-2.261057	-3.317503	-1.754195	-0.109723	0.551635	0.571567	0.044263	-1.451199	-4.541850	-10.154134	-17.341239	-14.425963	-12.950874	-12.616424	-8.973458	-5.751815	-4.830372	-5.952784	-8.545775	-11.774202	-14.452368	-14.366008	-12.668056	-11.808154	-11.410579	-10.940735	-10.988102	-11.907800	
19.653979	18.005401	12.510463	0.280738	-19.426794	1.562887	8.969781	10.259891	5.002069	2.823257	14.022018	18.365846	20.375030	21.318405	21.427607	20.485963	20.758431	23.179769	26.016104	28.681842	30.192985	30.633016	30.984778	30.293042	24.180916	27.489707	34.159074	34.506284	29.084982	-2.914600	17.199591	22.721016	32.011241	34.563823	33.117787	27.515692	18.029473	16.036944	-4.719170	17.365212	19.489183	21.070839	27.294524	30.135044	29.998144	27.528798	22.940868	20.254097	23.914375	26.882285	28.187292	27.454857	24.485178	19.481292	12.224319	12.035506	19.102260	22.486138	23.831404	23.396090	18.720955	14.008941	25.155889	28.523523	28.489930	27.949508	29.475973	29.924941	27.964573	24.842217	24.551484	26.175132	26.471426	24.201167	19.794316	19.324372	18.248424	11.676018	6.243499	8.796106	15.666696	14.212079	13.547979	21.342282	21.633350	17.914774	20.753316	22.852460	23.084895	24.419753	26.001018	26.489843	25.980361	25.258493	26.429110	29.400532	32.161525	33.587672	33.057850	30.150897	22.536143	18.546762	28.462592	33.197278	36.835629	37.533771	33.471773	16.717765	33.356800	36.683752	36.584948	34.432436	31.372532	28.311280	24.280827	21.021033	19.790663	15.800617	11.247139	14.814023	22.917866	24.837506	19.983523	19.101735	24.094948	21.687602	11.596992	20.011807	23.082560	23.225480	22.451703	23.943850	26.190922	25.648111	22.374131	21.899529	23.877314	25.266028	25.968066	25.881895	25.833187	25.782839	25.343465	24.166629	21.612543	20.542172	23.121508	25.382855	26.853386	26.579063	24.816227	29.529863	33.137710	32.087567	23.213396	30.853547	35.265903	34.698992	30.070196	21.736157	20.691924	17.388482	2.059311	2.020634	4.680389	15.421558	18.830351	20.787074	21.899610	20.149194	11.886932	13.937450	18.790784	23.278665	28.167529	30.174329	28.684003	21.740019	14.117140	25.587850	30.436380	33.294459	34.582444	35.231750	35.835308	35.993353	35.394237	34.198370	33.329602	34.125741	36.013084	36.942249	35.086175	26.173927	27.158522	33.755703	32.583799	20.873618	33.476740	39.498747	42.127684	43.205768	43.051794	41.155987	36.428934	26.354752	28.718609	37.769285	42.924272	45.138565	44.829504	42.027012	36.046210	21.550857	24.801259	28.618748	27.556556	23.059034	12.769009	17.918057	20.961903	20.088295	17.267180	14.246464	11.650735	8.539543	4.713643	-0.039409	-7.729114	-5.220029	-3.052172	-8.722790	-9.195785	-1.096018	0.521708	-1.225005	-6.189764	-15.022227	-19.254783	-14.810278	-9.034534	-5.420952	-3.949649	-4.221925	-5.765419	-7.902314	-10.244640	-13.455992	-19.386074	-17.795345	-13.299125	-12.426949	-12.669818	-11.717201	-10.408798	-9.725761	
19.579423	17.832798	11.939167	-1.165311	-5.626403	5.319917	9.645491	8.774917	6.297178	13.703111	18.201536	17.682573	0.655067	21.498503	27.531082	28.732193	26.145629	23.260890	24.838134	22.659547	18.623198	21.006867	18.376114	22.770997	26.453670	26.831870	30.421406	33.771189	33.959814	31.289409	25.796797	17.106698	29.121220	31.743589	29.342053	24.008380	23.931089	23.026067	19.032712	8.578509	18.850925	26.736763	29.742926	29.700305	26.781721	20.520069	14.490218	16.337163	22.647884	27.912967	30.046772	29.279819	25.339078	15.569875	12.666834	20.550880	23.304441	24.170107	23.475117	21.212235	19.128815	21.438090	24.297194	25.446121	26.112272	27.755305	28.651387	27.336041	23.158748	15.824872	17.969881	20.272970	18.221966	19.610228	23.813095	24.712327	22.693550	18.982519	16.448641	12.285483	8.437363	21.156431	25.920889	27.110594	25.753140	22.991046	18.377867	23.325125	27.903182	26.768633	22.178269	27.505627	28.369124	22.658482	27.618207	32.008959	29.950027	14.477806	34.477159	38.988487	40.187932	40.504519	41.093327	41.161952	40.072309	37.861415	34.740377	31.193784	28.969497	30.061720	32.168210	33.504862	33.363645	31.114042	26.018739	19.405274	22.752810	25.169565	25.567213	26.329618	27.299059	26.906304	25.032309	22.267648	18.957650	16.190727	16.523158	16.797286	13.067728	2.850548	17.902257	21.983380	22.849009	22.869805	22.724223	19.986829	9.257496	17.872148	20.290017	15.246107	17.624817	20.499548	16.166940	18.848452	22.229838	23.303493	24.768869	23.595056	21.122257	22.953476	24.917266	27.374302	29.663623	31.929333	34.011157	34.890536	34.102379	31.749383	28.859818	27.041489	25.633456	23.502494	21.287267	20.210359	19.535875	16.166914	5.396907	18.819911	23.263135	24.177902	22.773095	19.571400	17.258161	21.230819	24.885269	25.620135	23.069371	17.257406	16.700802	14.096924	17.546962	26.137031	28.929957	28.384305	25.227124	21.250760	21.332107	19.076555	-6.334535	20.610402	26.355642	30.167064	32.289498	32.648302	31.910648	31.412547	32.269696	33.796264	34.311431	32.514772	27.619905	27.527565	31.691082	32.596582	29.892804	21.662693	15.229529	30.216920	36.954239	39.816097	39.973223	38.198059	35.189818	31.248898	26.441016	22.259932	21.068551	20.924573	19.276926	15.704152	11.449302	8.781938	5.880065	-1.906429	0.368380	1.424154	-7.037994	-2.027809	1.426911	-0.415078	-4.824035	-7.051139	-5.509102	-4.253302	-4.841973	-7.170043	-10.934840	-15.854694	-19.463117	-16.468563	-11.295686	-8.687635	-9.322618	-14.180889	-30.925718	-19.937852	-22.433985	-24.024976	-16.079419	-14.968007	-17.549097	-22.941339	-27.757439	-23.881832	-27.830868	-25.737263	
19.691724	18.047395	12.504489	-0.147730	-2.455049	9.595684	14.740025	15.553166	15.133130	13.985774	13.521771	21.847217	27.280462	30.600449	31.441244	28.639213	23.916734	29.822844	32.921309	33.208226	31.513150	27.823981	23.300206	28.146701	31.582152	32.488172	35.040381	37.501814	37.045073	33.597613	30.920130	32.780525	34.942688	35.176353	32.927968	29.553456	27.231911	23.301575	9.734949	18.400736	25.921357	29.570990	29.889874	26.149839	14.350033	18.770440	22.430995	25.105404	27.423590	26.075223	15.550463	23.965477	28.668980	28.442958	24.631323	16.368585	21.596534	24.432803	22.594887	17.590841	14.805087	17.866755	21.606718	22.008390	20.940806	22.515025	23.035585	20.408764	13.015647	5.511653	17.356633	20.611946	22.421146	24.180195	24.123489	20.729006	17.769253	20.646825	21.539993	22.521876	25.319755	28.613029	29.837793	27.912217	25.885869	29.887201	32.989898	34.683326	35.575933	35.966822	35.863757	34.758708	31.512118	24.251796	29.914475	34.599919	35.958297	36.164202	37.331563	40.130489	42.114765	41.693490	38.032720	31.278032	32.456704	32.846142	27.783572	1.303134	21.060017	23.726064	23.682922	12.258435	22.975787	28.164284	27.668214	24.553011	22.529857	23.498064	25.935670	27.315640	26.847727	24.551340	20.035300	11.983328	12.136120	13.788139	13.885759	15.202288	12.382629	0.848358	16.499594	19.780169	18.522854	17.315816	19.966287	19.458401	14.022349	14.752820	19.379853	21.404696	23.088978	24.731219	25.696823	25.849134	25.761445	26.330513	26.765119	25.458534	23.976239	24.694902	22.756337	21.493910	20.881651	17.668356	28.937804	31.299868	27.986073	14.718011	19.578368	18.418725	20.487180	25.188603	25.106555	20.904568	14.291910	17.037537	20.395365	22.254685	21.876048	18.292657	13.013025	14.211585	11.263394	15.280890	21.429126	22.849956	20.695167	15.000412	8.345326	9.553688	17.582493	21.613838	21.285588	15.095625	4.920110	15.415797	17.206695	16.639854	13.465181	1.936298	12.890358	19.129106	20.657390	19.585400	17.444787	12.541876	9.990467	21.113084	23.121349	22.279853	22.392313	21.300036	16.167189	19.113050	22.538145	20.037837	18.763490	26.198271	29.896344	30.332137	27.117919	19.715047	19.174518	19.321562	15.714819	10.264776	2.703184	8.409072	11.141432	9.404649	1.701135	-1.790541	3.138557	2.714297	1.643093	0.581295	-0.657760	-2.424566	-4.889796	-8.305797	-14.682236	-24.742845	-20.572462	-17.506281	-16.320719	-20.421590	-22.908672	-19.724734	-22.349944	-22.866286	-22.856147	-19.427603	-17.176701	-19.504717	-23.268916	-19.890990	-16.163493	-14.166514	-14.326753	-17.258627	-25.163904	-26.548549	-22.949076	-23.274295	-22.837150	-21.373540	
19.741270	18.020302	12.183833	-1.837158	4.186131	13.386382	18.743684	20.506162	19.229155	18.492728	21.640262	27.963679	33.526198	36.024353	35.450771	32.237205	28.755705	29.851015	33.796215	35.677880	34.629989	30.756398	26.058223	24.827033	29.925073	36.218210	39.778302	40.841149	39.578286	36.328309	34.678411	36.593462	37.341452	35.998929	32.686265	28.179622	25.920752	26.638389	27.634557	28.821091	29.371482	28.611077	27.761969	27.421802	25.683579	21.450943	21.161548	26.030598	27.197940	25.574033	25.703248	29.025881	31.370833	31.352359	28.949079	25.922277	25.499979	25.850024	25.359670	24.532755	23.623565	22.713075	23.240914	25.046102	25.360198	22.656033	15.179679	9.794619	15.025771	15.566366	14.897297	18.469703	23.907157	27.209204	28.114406	27.154527	25.972409	24.975842	22.109166	22.577286	28.545011	31.757124	32.046825	29.969398	28.599120	30.941606	33.457333	33.952501	30.887286	23.262288	30.700702	34.438769	35.270380	35.543807	37.198964	38.682772	37.523265	32.304506	31.564072	34.322250	34.052686	34.805699	35.278305	33.408010	29.673422	24.029686	19.229646	27.121930	30.195699	31.106581	31.107046	30.261904	28.150310	24.203010	20.652895	20.822968	17.854322	13.436085	16.520221	17.603008	17.551972	11.026462	11.144234	18.965302	20.484688	20.126317	17.068614	8.785501	14.438862	18.854553	20.520315	20.642054	20.373323	21.266235	22.126575	21.676858	20.590110	20.382628	19.416927	10.245295	18.960600	25.930700	26.499995	21.662919	21.764642	23.911915	14.381947	23.859942	29.929571	30.931337	29.539387	28.475280	29.804043	31.439832	31.835267	30.356138	27.000364	24.722036	25.779290	26.729823	26.002940	22.531363	17.390058	17.661327	18.348962	19.153927	19.249855	18.117920	18.274452	17.688868	14.249518	10.996766	6.927792	7.500934	18.413745	22.207626	22.421494	19.504982	14.897516	12.278477	9.904819	19.804434	24.040720	24.885928	23.653598	20.807835	15.420678	7.680344	14.389013	15.883223	11.234445	8.656451	14.783089	14.894783	14.313408	16.102624	13.292258	6.258616	17.114612	19.268066	20.910478	23.572603	24.914619	25.302943	24.527611	20.288596	4.861251	21.066456	23.331929	20.181299	15.792530	18.426623	17.860683	14.283017	11.511060	10.439788	7.031864	4.083216	7.600678	6.301293	-3.903354	-3.114954	-0.544666	-5.498953	-5.507981	-4.285583	-9.184817	-26.970335	-17.863473	-28.265852	-17.561389	-15.797303	-20.128929	-20.656945	-18.589374	-19.360443	-20.530122	-19.955439	-19.091863	-19.321194	-19.664533	-18.930649	-19.512062	-22.578570	-26.758681	-30.740150	-21.527170	-16.756822	-15.660742	-17.466505	-21.672480	-24.183680	-24.044259	-26.692937	-25.395073	-19.850819	
19.617125	17.816725	12.051832	1.894995	7.530324	16.185186	20.452441	20.285250	13.347461	5.494285	16.232335	30.629510	37.173693	39.625363	38.471062	32.675720	22.789317	20.746249	26.057888	35.402831	37.309148	34.545831	28.049622	28.342998	28.390152	36.175194	40.354075	39.895400	32.504701	31.385810	38.346176	37.610301	29.801078	25.777527	32.166195	31.462634	29.480869	26.782744	22.128811	28.896347	31.186769	29.366051	27.579560	29.612427	30.305866	29.040603	27.204241	21.876184	15.911455	25.920946	27.046805	31.615667	35.381600	35.785029	33.493038	31.367924	31.740543	30.598591	28.269651	29.516049	29.969930	28.124679	27.597047	28.118778	26.227599	20.465891	15.833557	20.745098	22.969914	23.644258	24.122897	24.616023	21.781510	2.448569	25.025978	29.865599	31.287255	30.035327	24.153008	19.361462	29.628180	32.210861	31.214058	26.658146	6.504878	24.922386	27.304295	22.995641	25.103593	30.113866	31.069038	27.208112	23.241415	30.797816	33.364916	35.585052	37.304713	36.947611	34.423503	30.167693	26.413125	28.670427	28.919843	26.138654	28.636328	30.609859	30.707427	30.546349	28.328355	24.843921	27.704956	28.823594	26.454165	21.044281	15.188807	13.998555	13.086254	15.501495	17.121504	15.684554	18.031200	22.009788	24.106721	24.797925	24.450937	23.331101	21.364314	19.160438	17.443612	14.204940	12.557210	14.675556	12.700580	15.407251	19.991071	19.442069	11.516384	13.334488	19.372290	21.686180	23.953919	26.469755	28.160236	28.596722	28.470494	29.016785	30.424888	31.673514	31.489053	29.116885	26.964637	28.227332	26.954369	21.866677	25.449695	27.631165	25.943061	24.144076	25.837426	25.916109	22.373861	14.751564	10.339298	13.765472	18.321826	19.840281	18.084904	14.085663	15.092726	16.468944	17.404240	18.812558	19.617178	20.547248	20.434021	17.210060	15.190084	20.329445	22.458511	22.435717	21.661022	21.414996	23.280757	24.791856	23.542621	17.830240	8.573017	17.331868	19.777661	19.768260	18.333539	16.181712	15.116481	15.928227	16.997497	17.991278	18.988287	20.261546	22.236423	24.227633	25.587341	26.111536	25.569164	23.436778	19.011431	18.715080	23.347031	25.203000	24.306309	20.717555	14.543445	9.186782	17.251412	20.557293	20.086363	16.994878	12.805992	10.558744	10.079769	8.425580	5.284056	1.825666	-1.233234	-3.406955	-2.953259	-2.223894	-3.414569	-6.425011	-9.502215	-10.384714	-10.437425	-12.566504	-19.928684	-27.683898	-18.633987	-20.226333	-31.335632	-29.928006	-25.221132	-22.809391	-22.140706	-23.674993	-20.953723	-18.185745	-17.976163	-18.561563	-20.672487	-29.200711	-25.784197	-21.194199	-21.953846	-24.154745	-23.484797	-22.521094	-22.229238	-21.540034	
19.756689	17.833459	12.157948	3.975530	4.612364	14.816665	20.566476	22.152182	18.759689	10.014577	19.728337	32.444927	39.308560	42.382335	42.326706	38.983311	30.994497	23.442951	34.824944	40.449055	42.661401	42.107552	38.930979	31.253457	28.891790	40.307158	44.363700	45.350631	44.200967	41.091490	33.585788	28.956234	39.261057	42.091997	42.416862	40.843146	36.678147	29.695470	33.826231	38.114754	39.831013	39.385059	36.386490	31.976294	35.773893	39.289187	40.242283	39.495512	37.910290	35.439382	29.202307	26.742509	36.115401	39.161888	38.940539	35.291035	22.213274	30.346348	36.407265	38.169644	37.469791	34.067830	25.502171	24.751895	31.374094	33.306361	33.197080	31.517566	27.357947	24.516117	30.854239	34.248958	35.585384	35.700287	34.189384	30.682656	32.447227	36.748920	38.518920	38.113890	35.413074	29.253280	25.212572	30.456001	32.195519	31.207358	27.729283	20.843083	16.984145	29.762002	34.134096	35.533938	35.063613	33.069886	31.641753	34.070266	35.567803	33.024541	24.253932	30.225077	31.468224	26.621967	20.046170	22.351708	27.018325	30.914008	32.640605	32.400599	30.262293	27.292170	23.675195	10.083320	22.897332	26.521597	24.897351	22.047212	22.352282	21.928923	23.565344	26.913036	28.595961	27.954493	24.006188	10.453081	18.986296	22.375203	19.144479	1.070060	15.497665	17.104968	15.752742	15.779033	15.858053	17.370060	19.226306	19.060618	16.590410	13.501191	17.186032	18.762054	9.845855	20.612814	25.811942	24.481812	15.476929	24.348251	28.104070	26.836487	22.658466	24.363960	26.297223	28.300194	30.091290	30.261224	28.945640	25.014773	9.112790	22.188472	26.380649	26.120012	23.223287	19.241501	17.899529	16.308376	8.049781	17.192851	22.149949	22.618630	19.529333	14.488071	16.317858	16.887765	14.640030	16.310666	19.182725	19.885854	20.051168	19.776401	16.818345	15.095016	16.318177	13.601526	16.425400	20.879351	22.717005	22.566914	20.932969	17.881287	10.930189	11.088273	15.841794	15.058293	12.803911	14.125877	12.459554	7.505178	16.972575	20.864472	19.821341	8.074472	16.418431	20.863458	17.885180	2.962967	16.906296	21.443437	24.647037	26.302045	25.992168	24.159638	21.651633	20.515121	21.458799	21.352944	18.732963	12.976513	2.521876	1.344316	6.744093	6.428931	-0.848164	-6.846383	0.348523	-0.580073	-0.448102	0.090785	-2.567382	-10.040896	-15.765744	-10.089440	-10.285360	-13.168657	-14.019698	-12.838175	-12.098605	-12.730085	-15.224357	-18.526873	-19.259794	-19.762539	-22.861458	-27.924470	-40.903189	-20.847684	-15.348115	-13.990591	-15.420332	-18.730590	-23.012760	-26.932253	-25.834949	-25.682333	-28.605212	-32.919535	-39.763911	-33.902790	
19.974330	18.044769	12.305376	3.143356	-0.615634	13.171151	19.854717	21.765082	18.834456	17.331871	20.692102	33.803324	40.906310	43.989784	43.769633	39.844587	30.219427	30.797336	39.517442	44.761942	46.617832	45.277793	40.016558	21.217770	36.983569	44.434406	48.039518	48.673530	46.126826	38.188099	31.264243	41.938542	46.627657	49.001692	48.744976	45.378817	36.481974	32.202586	41.850919	45.234495	45.904723	43.943186	37.964202	23.537244	40.390884	45.137558	46.683115	45.514201	40.963825	30.098070	32.061926	37.766038	41.209752	42.379213	40.619011	35.104833	21.772472	31.048381	37.172182	40.101007	40.658123	38.837586	34.280631	23.796855	29.836671	36.880403	39.409311	39.018911	35.912917	27.865393	26.696485	36.683005	40.240426	40.856203	39.073653	34.198554	26.076124	37.350698	42.535682	44.348271	43.546807	40.235062	35.233110	36.187513	39.510121	40.351025	38.875955	36.010168	33.166443	30.033115	29.894026	34.750377	37.396579	36.660379	30.026373	26.844871	37.033164	39.932930	40.143319	38.417137	34.836060	29.989128	26.608653	22.790303	7.859194	27.156223	30.517813	27.963497	20.296598	28.233126	31.283305	31.711862	31.210644	29.981541	28.229193	26.514233	24.469311	24.421351	28.376829	30.925321	30.495598	26.282055	13.236289	20.231432	25.048209	26.342708	25.972583	24.502536	22.217216	18.157053	6.133907	10.652049	14.302687	14.216327	18.661578	20.629376	19.705131	17.805420	18.056308	20.038407	22.576023	25.075973	26.558548	26.440337	24.170962	18.987382	19.244386	23.555279	25.246406	27.705487	30.976404	32.793399	32.579168	30.327224	27.021099	25.437533	25.088511	24.102023	22.045735	19.485258	16.048319	13.919730	18.964473	21.318019	21.317920	19.970507	19.545725	21.566715	22.340330	20.267806	14.698018	7.686874	8.681959	12.746829	15.057569	14.585923	16.708723	19.807996	20.340784	20.217758	21.213837	20.417205	14.075627	9.275163	19.092427	20.830180	19.272062	15.906198	12.859899	11.528475	11.892191	14.079011	16.487947	16.932942	14.722949	9.549516	10.262713	16.360371	20.109114	21.702032	21.184839	18.567782	16.219770	19.327338	23.045267	24.795190	23.596901	17.097791	14.654854	19.035387	12.759764	14.385778	21.131038	20.442761	13.500102	1.081994	10.119014	6.214169	0.728555	8.296343	9.714905	8.524766	5.747548	1.940300	-1.007133	-3.182866	-5.614184	-6.673382	-8.153961	-11.521901	-16.275571	-21.051177	-18.666227	-14.427792	-12.830257	-13.752719	-14.590085	-13.100928	-12.539213	-13.984434	-17.302272	-20.935985	-21.542965	-19.248910	-16.517692	-15.003202	-15.734100	-19.162010	-25.576363	-34.490782	-37.575800	-33.987286	-32.273251	-33.261619	-30.153543	-31.250975	
19.755998	18.076882	12.749430	-0.083255	5.822534	15.660263	20.881847	21.944002	15.231381	10.776153	16.762889	34.292583	41.653610	44.658929	44.205546	39.865723	29.206033	29.748405	41.466323	47.116992	48.983852	47.683220	42.968891	31.288556	37.565830	46.395178	49.855966	49.981944	46.989224	39.632526	26.842665	44.405072	50.948150	53.735233	53.423578	49.930964	42.211922	37.960764	46.545942	50.390225	50.954412	48.609648	43.084329	33.833324	42.661793	48.487398	50.692896	49.975404	46.231258	38.442774	35.537825	43.359323	46.969635	47.411340	45.002262	40.171541	34.419667	31.192649	37.393493	41.998600	42.838960	39.877079	30.961619	31.583802	38.974632	42.518416	43.719224	42.526950	38.639739	29.906887	30.795359	39.988174	43.637243	43.785548	40.608276	34.110667	33.345341	40.505786	45.286176	47.152699	46.226116	42.290546	36.172627	40.018571	44.098358	45.253664	43.462784	37.987566	29.887517	31.863163	33.757883	37.087240	39.916844	40.341761	38.309067	33.457467	30.672251	37.859729	41.040503	40.819684	37.302636	29.050048	23.191847	30.831634	34.104048	35.522903	34.866890	32.064368	27.192361	16.911815	25.870692	31.261614	32.056875	29.139611	23.677700	25.871035	28.389513	29.567582	32.035124	33.378948	32.216525	28.492834	21.364616	15.962269	26.142935	30.464109	30.915671	27.498420	20.823463	24.393706	26.883830	27.254845	26.840049	25.355066	22.523757	17.265821	9.435304	21.068575	23.955321	22.365152	22.766429	27.018599	27.768850	23.926760	18.660612	23.659045	26.397887	28.527959	28.642891	23.766283	20.653625	28.528926	29.294370	25.398303	17.683989	16.353525	17.057929	16.574481	12.446367	-8.156787	9.911806	13.343044	15.529527	17.952270	18.682064	16.807399	15.426514	17.918862	18.920116	16.739665	11.345356	5.885250	7.969977	12.167680	13.586455	12.988847	14.696275	17.044924	18.895983	21.048388	21.854546	20.696774	18.225803	16.000292	15.028856	14.001061	11.461841	5.992125	1.200892	6.551649	6.377456	7.877412	12.903842	14.626869	13.868549	11.891347	7.917765	-2.862351	15.280761	20.043007	20.552738	18.675349	17.857891	19.525384	17.956658	6.133973	21.657297	25.708875	26.225241	25.297068	22.911118	17.067347	16.153974	21.447072	22.429292	20.496885	16.399724	10.118015	6.240875	11.206573	13.014096	12.108809	8.693300	4.303695	4.358770	3.779422	1.804201	1.091239	0.054906	-1.506200	-1.171827	-1.790468	-3.961615	-4.272858	-3.220764	-2.902699	-2.914998	-2.844741	-4.191937	-7.561703	-9.606043	-8.201494	-7.903704	-8.176724	-7.975741	-9.393838	-12.170610	-12.164481	-9.714571	-9.042202	-9.855127	-10.889635	-12.509001	-14.602374	-16.080666	-16.412440	
19.602204	18.198400	13.416033	-1.648897	12.486791	20.303974	24.767283	25.802530	20.614760	7.638428	19.937923	35.324808	42.634352	45.604075	45.109229	40.817023	30.663927	30.833746	42.682310	48.272545	50.181485	48.865973	43.629764	28.824281	41.368724	48.498630	51.409890	51.126486	47.573562	38.855725	38.353324	48.786380	54.477780	56.885145	56.280607	52.231394	41.671915	45.365159	52.277250	55.064186	54.986561	52.017023	44.835405	35.014762	47.931452	52.635003	54.085023	52.566603	47.129950	22.281399	44.237475	49.686802	51.809535	51.407641	48.413713	42.227991	38.573326	44.109059	47.147193	47.950086	46.599138	42.911728	35.461144	35.373079	43.539116	47.151532	47.703734	45.262536	39.745847	40.888108	45.976947	49.190306	50.403326	49.206773	44.999779	39.162676	44.670588	49.306993	50.871117	49.249224	43.380724	33.899472	39.952372	43.804336	47.398819	49.053952	48.115545	44.358597	37.601125	37.083191	41.899022	44.300270	44.251439	41.665287	35.534902	25.253173	33.466435	39.667100	43.052717	43.283886	40.226457	33.361161	33.990102	38.779810	40.858539	40.750642	38.332325	32.856301	23.534857	28.127708	32.712654	35.422736	35.653104	32.898752	25.700915	26.976974	33.530241	36.269213	36.639145	34.586640	28.243003	25.179672	32.635964	35.407730	36.387796	35.776397	32.643208	22.813569	24.843188	32.728839	35.358772	35.331996	32.742587	27.567591	25.286083	28.008674	29.318324	29.437334	28.501698	24.910030	-4.445931	27.585866	33.227810	35.317522	35.401229	33.427104	27.396129	24.505401	31.891871	34.184560	34.360188	33.022353	29.083634	19.651436	22.640798	25.472184	24.097024	23.019763	24.298342	24.889554	24.001114	22.238302	22.238086	23.051295	21.256550	14.700640	15.172859	20.340100	21.240627	19.299721	16.477194	17.080635	17.007786	15.285383	18.746575	21.312213	20.403738	17.029765	17.149490	18.840783	17.110639	8.562496	11.794024	15.313610	14.807440	16.196845	16.041363	13.279733	14.271371	16.690206	17.040254	14.454668	7.085999	13.575013	17.297248	16.501563	12.348577	15.955967	22.192827	24.466351	21.893162	15.707656	22.552908	22.109017	15.239649	24.915804	31.545251	35.272916	36.050050	33.505839	27.423256	24.728294	26.352085	29.179340	31.045705	30.283225	27.230106	23.699990	21.647782	19.306734	18.403358	20.432225	21.311777	20.433973	18.202639	15.449680	14.573490	15.922465	16.902905	16.817002	15.781642	14.011032	12.388986	12.487445	13.561514	14.094005	13.630598	12.113180	10.086835	9.329281	10.072078	10.720082	10.694051	9.885346	8.362769	6.957284	6.973905	7.902177	8.618816	8.683671	7.903372	6.337982	4.804153	4.584240	5.358035	6.074404	
20.041322	18.217338	12.581552	-5.043074	14.343416	23.638166	28.389995	29.531261	26.628796	21.755947	28.974675	38.494707	44.098432	46.313340	45.362061	40.759363	31.196956	35.328068	44.094140	48.543848	49.503900	46.970027	40.687151	40.573312	46.527594	50.732672	52.456082	51.430823	46.492847	25.132137	47.843193	54.574283	57.716567	57.743489	53.973960	43.274757	48.403421	53.966487	57.362906	58.344823	56.111904	48.647806	38.459479	50.534039	54.248690	55.614281	54.675669	50.636012	40.538643	44.566580	50.736631	53.676429	53.935833	50.992073	42.119910	38.716854	47.536994	50.423476	51.177067	49.767548	44.803578	34.053682	44.456356	48.914744	50.992351	51.196436	48.657021	39.388548	43.688384	51.362725	54.678685	55.433340	53.161500	44.623980	44.631087	52.719161	55.634289	56.184615	54.241588	48.598462	27.362610	43.586848	48.209128	49.972577	49.694075	46.943191	41.130149	41.267632	45.380109	46.888087	46.634156	44.559167	39.164663	13.344658	38.971544	43.438026	45.605035	46.493010	45.310396	40.507590	29.888043	39.397561	43.251407	44.240854	42.919662	37.951301	17.243536	35.639837	39.422300	40.554017	40.542637	38.806078	33.480293	-0.677873	32.411478	36.659766	37.641591	35.897901	29.148412	22.652711	34.274531	38.199720	40.073573	40.122854	37.197828	26.505613	31.940844	37.842488	40.207205	41.195863	40.208605	35.656384	17.565245	31.683000	35.425878	35.121734	31.669921	23.155933	25.322908	30.721212	33.472244	35.464043	36.209763	34.608474	30.608816	32.625168	36.693572	38.894987	39.742288	38.659373	33.883459	15.108565	31.894268	35.236620	35.366305	33.672717	29.346448	16.832928	24.830412	30.177644	31.556921	30.482883	26.478687	14.705241	18.451603	24.688229	26.041355	24.648717	19.270758	8.853832	21.418522	25.339042	26.592627	26.110667	23.443114	16.336265	14.163070	20.715389	21.998711	20.033446	13.214640	6.734236	18.973773	23.540835	25.810348	26.372747	25.223413	21.842507	13.713709	13.880952	21.054617	23.755409	24.358364	23.033950	18.173179	6.691037	22.490351	28.264820	30.942361	30.801264	26.310103	18.885316	32.055050	37.355252	40.338181	42.302204	42.898393	40.865864	34.713869	35.905454	40.194415	41.420418	41.119645	39.206821	34.473603	21.316066	25.835654	31.063698	31.793415	30.435379	26.979237	19.191893	18.564004	25.301973	27.371035	27.012762	24.594279	19.006351	10.512687	19.995436	23.539849	24.092048	22.497123	18.286456	7.570401	14.287840	19.808301	21.344538	20.487926	17.202921	9.150922	8.404949	15.728335	17.818748	17.175100	14.005188	6.177960	0.024098	10.977758	14.137822	14.483511	12.477931	7.089012	-19.500392	7.099297	11.981177	
19.845262	18.252224	13.443308	4.367762	11.700424	22.377983	28.172566	30.884473	31.107284	29.801177	34.020361	40.428392	43.784369	43.910410	40.491169	35.553077	38.112069	42.430619	46.149572	47.334392	45.176745	39.178268	37.701286	42.847208	48.260497	51.037082	50.316533	43.947554	39.903893	50.970791	55.983488	58.421005	57.839852	52.546268	43.293869	53.207388	57.350099	60.031415	60.311584	57.204349	49.661683	50.190566	54.197727	55.883349	55.562394	51.947690	38.973078	47.101572	51.844709	53.894153	55.122680	54.449053	50.689451	41.739270	43.934177	48.627565	50.108837	49.111779	44.267927	36.894545	46.469849	50.559704	52.235094	51.745904	47.244100	29.895964	49.544791	54.161664	56.318122	56.688299	53.951220	45.095144	52.313354	56.998999	58.757922	58.922911	56.883784	51.798937	48.863856	51.305365	51.825918	51.265278	49.393945	43.900968	32.561834	42.335392	44.431746	44.751361	44.730691	42.934925	36.497415	33.836420	40.842443	42.782799	42.914918	41.778885	39.991517	41.623255	44.279044	44.832518	43.804020	41.646834	36.559183	35.024320	40.560922	42.309423	41.978279	40.264995	35.892883	29.049280	37.238507	40.125793	39.760147	37.572650	33.538607	23.891398	31.261186	36.459384	37.640398	36.358083	31.257988	26.205196	36.791715	40.338670	40.882919	39.552723	36.876426	34.974605	38.898518	42.088760	42.602818	40.802704	37.092301	31.564870	29.841936	34.395750	36.086149	35.017469	30.651171	4.835879	30.209855	34.670947	34.709673	31.767899	27.550697	26.122853	31.032825	36.503007	39.189474	39.274304	37.197036	34.086076	32.892703	35.216254	37.253736	37.060997	34.408656	29.036394	18.896689	26.664924	31.686866	32.863151	31.393971	27.646793	20.533963	12.023496	25.003714	28.551875	29.055907	27.648226	23.463215	1.148057	24.647098	29.280723	29.887710	28.322296	25.774490	22.020509	21.391693	25.878307	27.971031	28.193681	26.557006	19.348444	18.922973	27.961160	30.011995	28.826988	24.928626	16.008791	18.609753	26.153373	28.452699	27.562728	24.097663	20.796824	25.133352	29.871123	32.028266	32.746632	33.912778	36.315261	40.187210	43.878803	45.993909	46.436629	45.778676	44.729815	43.821753	44.439254	45.740171	45.447494	42.787831	37.584941	31.488135	30.651570	32.067906	33.078650	32.579896	29.659765	24.032723	22.761869	26.350644	28.354141	28.475373	26.327540	21.778773	19.511915	22.467762	24.695614	25.312692	23.798006	19.584111	15.389837	18.412570	21.197424	22.352056	21.618317	18.739835	15.103345	15.419470	17.475422	18.755373	18.611695	16.497369	11.977983	6.799003	8.710075	11.871234	13.120831	12.102222	9.009761	6.318950	7.403721	9.673213	11.372391	
19.613438	18.262266	14.180879	6.352633	7.114281	19.992580	25.942882	28.640704	27.807612	16.124394	32.165208	38.931310	40.788217	38.604133	32.051722	31.423351	38.569576	43.755501	45.267003	42.667886	33.515077	34.027120	40.367561	46.365812	49.680599	49.487240	44.878728	37.469807	48.606663	54.934243	58.063345	57.949109	53.749673	48.999684	55.087712	59.804921	62.368045	61.905504	57.560254	49.193189	51.382049	54.435858	56.296981	55.658681	50.923092	39.144891	48.997535	53.422300	55.391209	54.896170	50.850334	42.753433	47.341514	49.995456	50.609179	50.153600	47.294239	38.120914	37.782406	46.332601	49.757663	50.497869	47.685685	41.179965	47.863313	52.734182	55.238416	55.260256	51.229320	49.407720	55.295269	57.796570	59.276042	59.484641	57.237259	53.609297	53.051770	52.355954	50.774555	49.896246	47.197662	42.835512	44.912447	46.607704	46.335046	45.187305	42.173486	31.860479	35.857449	41.532136	42.338718	41.307754	38.515476	30.507891	30.891953	36.649522	37.499564	38.159098	37.845964	37.616491	40.512792	42.115130	41.696206	40.504770	38.108531	28.704111	32.938118	39.455511	40.583591	39.612035	37.190553	30.885987	30.090515	36.380663	37.435259	35.730613	31.473945	23.778343	33.890538	37.859973	38.624289	37.675678	34.093303	24.570263	34.993260	38.435894	37.798717	36.134619	34.983293	32.987611	35.814242	38.440725	37.855587	34.559620	30.468702	23.954243	28.517024	34.928688	36.357438	34.933922	30.663519	22.586142	28.772056	31.050240	28.894513	25.390190	21.368532	26.673771	32.931517	34.210094	31.890911	26.312670	20.995215	26.947471	31.314808	33.524678	33.463023	30.954759	26.685155	23.496944	26.030676	29.238665	30.129516	28.787552	25.601879	22.320681	23.407613	26.844852	28.248687	27.066347	23.797274	22.165252	26.209254	30.084248	31.719793	30.696422	26.575356	22.857579	27.608235	30.928426	31.821824	30.357076	26.663602	23.617321	26.351930	29.582474	30.810371	29.646465	25.946246	21.169659	23.316388	27.250279	28.926409	28.091428	24.877516	21.805674	22.384348	23.925330	24.499671	21.519760	20.160834	33.270190	39.707711	42.439063	41.833143	37.251505	30.774387	35.542324	40.323387	43.469770	44.040146	41.809432	36.545541	28.883517	24.808399	24.659415	27.527193	28.487579	26.595676	22.624764	19.876080	20.575706	23.128501	24.174756	22.276128	17.643344	14.819957	16.201804	19.274357	20.742501	19.129954	15.182812	13.892801	14.936830	16.857829	17.945251	16.322639	12.187746	10.049811	9.621819	10.945233	13.088408	12.128658	8.052561	8.426920	9.837068	8.656759	7.175044	4.220404	0.651875	4.195912	4.278958	1.989911	0.266343	-5.890826	-1.056893	
19.692597	18.432677	14.459094	7.062252	15.666333	22.365897	24.920648	24.535962	19.152305	21.111104	32.853099	37.702351	38.607884	35.409881	27.534529	30.651692	39.910917	44.693901	45.537091	42.604380	35.040189	27.234821	42.049870	47.741182	49.353716	47.577846	42.739740	41.924512	49.789832	55.037864	56.746189	54.811785	50.207994	52.019884	58.442450	62.983235	64.264109	62.127178	56.190509	48.595039	51.725970	56.279533	57.212226	54.254058	46.354034	44.401437	51.466588	54.899408	55.201120	51.958171	43.090242	40.522056	47.695340	51.021138	51.497171	48.469823	38.640453	39.854548	47.204147	50.301338	50.744160	47.895530	39.493449	39.213624	48.936240	53.679200	54.693604	51.866524	46.982866	51.158119	57.179386	60.370359	60.096577	55.837975	47.213793	44.608611	48.058544	51.987257	51.651678	46.656236	36.072714	37.232087	40.915340	42.950684	42.029290	38.158972	37.656803	40.678472	41.965725	41.435029	37.955823	26.038892	33.406910	38.651874	40.591683	41.197323	39.531419	33.461637	10.235452	24.642723	34.118438	39.078176	39.837349	36.913663	33.290046	36.564494	39.460366	40.407470	38.679549	32.958529	31.270974	35.708636	37.571141	38.037812	36.025217	29.790269	28.995154	34.300053	37.706067	39.151616	37.663826	31.849647	27.394691	34.338824	38.079329	39.536844	38.025523	32.443694	27.155891	30.163001	33.411988	35.152724	33.068257	27.788677	31.302954	34.320791	36.294113	37.404265	36.020344	30.910339	25.023368	28.662676	31.335790	32.236102	30.242203	24.602088	22.585817	28.114834	31.328376	30.719114	24.467217	19.719441	24.407895	19.594275	21.052870	27.010767	26.814911	23.131738	21.667906	21.823714	22.826480	22.762953	17.194236	15.168480	22.056734	22.996744	23.921209	25.564774	23.868592	14.796305	12.390881	19.638655	25.235957	28.349186	27.426044	23.032909	23.585061	26.607028	29.470358	30.323983	27.257814	19.630362	21.581753	23.115886	25.914926	27.677785	25.790428	20.750105	19.805466	20.670759	22.277644	23.958563	23.568757	21.226478	18.882697	18.456617	17.062950	11.373174	19.839875	23.878371	17.229465	26.132238	34.015621	36.075263	35.159649	33.604638	30.829452	24.687163	33.920579	36.978210	35.406314	31.015395	29.676032	28.171771	24.311367	21.711581	15.105478	15.565932	19.929041	18.021452	15.303596	15.411094	13.290991	14.470939	16.058473	14.541026	13.134858	13.386888	12.345203	12.018895	12.633669	11.621811	11.232114	11.526079	9.532967	9.108618	10.375019	8.925436	7.443122	7.192866	4.585412	4.282872	6.808961	7.335697	7.295421	6.570908	3.613717	2.695777	4.618986	5.015026	5.249552	4.094277	-0.862399	-5.721733	-0.804653	1.618437	
19.737671	18.579552	14.427117	9.399735	19.624633	24.525258	25.819819	24.441067	19.241012	20.130153	31.909988	37.093262	38.405248	36.043454	31.260462	33.776891	41.382842	45.961563	47.051530	44.825013	39.450624	36.194290	42.972494	47.080487	47.288390	43.273717	35.145280	40.418545	49.198154	53.841720	54.289374	49.881959	42.536676	50.200248	59.604162	64.217622	64.988418	62.209606	55.841995	49.928204	53.410466	57.370191	57.500913	53.539891	44.331903	43.522481	51.734818	55.270385	55.135210	51.277678	42.415402	41.497021	48.562410	51.500275	51.028134	46.972949	38.358000	42.185394	48.176989	50.559306	49.702248	45.164236	39.656940	45.719204	51.501142	54.090254	53.019491	48.274776	46.264441	52.874121	58.775568	61.073761	59.867613	55.118723	48.166218	47.848052	52.351407	53.882996	51.505990	44.463671	28.619943	37.158479	41.956356	42.626297	39.411265	31.607205	20.882693	35.750824	40.827977	41.745406	39.308414	32.427851	24.241893	37.333331	41.632448	42.216191	39.388679	32.675052	28.518926	33.858472	37.730935	38.271980	34.743891	25.515240	27.987899	35.365587	39.413414	39.814998	36.084259	24.633295	27.927418	36.401409	40.028417	39.843967	35.518011	24.484727	23.965073	35.040320	39.333738	39.478968	35.468934	23.667710	28.024828	36.059400	39.527163	39.295592	34.754769	25.640374	29.714928	35.198490	38.267614	37.661126	33.079302	24.229431	25.328631	35.578242	39.138423	38.552934	33.617693	20.283046	24.070985	30.506495	33.950390	33.604043	29.147758	22.374703	24.751239	30.529729	33.531580	33.211216	29.598744	22.526415	21.950361	25.784512	26.573437	24.667476	21.195602	19.097826	20.719145	23.681491	23.995959	20.776988	13.402241	13.879989	20.436712	24.215679	25.783902	25.191270	22.374029	19.124227	21.069916	24.945502	26.911898	26.198714	23.660542	22.721772	25.732015	29.582257	30.794257	28.628131	23.307706	20.869182	24.135953	27.138592	27.232182	23.739062	17.934220	16.726390	18.425786	20.129694	18.529238	12.005332	10.332717	11.512460	8.106767	6.836862	9.840896	15.394662	18.778919	22.470022	27.135557	30.996912	32.839287	32.379824	29.512449	27.084139	32.966647	36.780933	37.266369	34.512456	28.121798	20.785292	22.613221	26.778768	27.688674	24.746168	17.337455	5.854259	15.273105	18.822513	17.961681	12.933458	3.755615	0.284819	9.786449	13.179203	11.783159	4.164223	-10.489179	-0.744505	7.760037	11.900238	11.212649	5.109068	-7.332714	1.138110	7.921846	10.731973	9.079639	1.541022	-12.425524	-0.796398	5.072776	7.203557	5.237545	-0.216565	-1.988353	0.445694	4.762860	6.614325	5.054415	0.793193	-2.052082	-1.542770	0.250541	0.742952	
19.875173	18.608139	13.430981	10.014200	21.799281	26.456244	27.514173	25.600310	19.881916	17.838646	31.188545	36.446768	37.512367	34.822685	30.159726	33.363039	41.750085	46.237688	46.967400	44.078089	38.228050	37.410704	43.021050	46.428163	46.040048	41.387346	34.066353	41.833029	49.790748	53.300664	52.595570	47.756709	46.158314	54.388220	61.724064	65.044977	64.924821	61.583213	55.481991	51.665052	56.331650	58.974775	57.718618	52.118009	43.152848	48.521287	54.023089	56.271112	55.154766	50.469643	43.208953	44.501100	49.280557	51.158171	49.502784	44.155968	39.480259	44.003563	47.947113	48.658432	45.456424	39.102183	41.798011	48.086809	52.224349	52.749686	49.549128	45.795873	47.834736	55.513376	60.025437	60.874256	58.595750	54.121030	49.590870	51.428376	55.326963	55.471039	51.710642	43.407774	38.420308	42.677960	45.390751	45.161245	41.594447	34.570576	34.172385	39.600346	42.015369	41.151778	36.391723	28.783453	35.522634	40.137318	41.681002	39.904264	33.893448	29.221892	32.871081	37.018926	38.992794	37.137184	30.832675	29.194114	34.791359	39.190308	40.540694	38.242967	32.764100	34.186514	38.530256	41.596228	42.256539	39.722589	33.945642	32.898803	36.743930	39.776018	40.394824	37.928193	33.382467	33.639447	36.948002	39.377223	39.335922	36.220071	33.196543	34.899918	38.148864	41.261081	41.959883	39.830399	36.146581	35.919635	38.420368	40.048229	39.336414	36.019520	33.119851	33.561599	34.747158	35.715364	34.537037	31.323556	29.702600	29.528547	32.143356	34.558299	33.858969	29.998336	25.965761	25.208305	25.089552	24.780834	21.280542	15.084620	13.837569	14.204280	22.886495	25.554702	24.055717	18.540142	7.962148	12.491703	18.379480	19.134918	14.008476	14.484534	18.782026	18.773461	20.181312	20.820733	20.315225	21.896020	20.406514	21.895081	27.505724	28.755568	27.112868	25.768424	24.859046	25.080347	27.200048	26.765710	23.305053	19.843044	18.083269	19.241032	20.683879	18.331054	11.497246	9.251149	11.911382	13.137854	11.834728	8.697408	8.286524	9.760408	6.467892	12.177897	21.387466	25.325073	28.202736	29.130679	23.600609	24.623447	34.160186	36.515730	35.289001	31.908482	28.367041	25.536218	26.978898	27.416985	25.172644	23.611822	22.495795	20.264203	17.750688	14.359347	14.071486	14.824470	12.973426	10.247314	7.490357	5.139238	9.223845	11.216500	11.195097	11.067737	10.065104	7.946600	8.863896	10.212823	10.207050	10.451609	9.952767	8.579942	9.229695	9.958977	9.368228	7.857869	4.453549	1.713275	3.460163	3.041668	3.202917	4.308575	2.909352	1.324019	1.993050	0.509438	-0.143860	1.242195	-1.374467	-12.569390	
19.742843	18.741333	13.729152	8.392169	22.356696	27.212613	28.535215	26.769883	21.569504	23.255095	31.810449	35.972569	36.259686	32.525125	25.446897	33.413656	42.081893	46.014248	46.179203	42.584470	35.789562	35.868214	42.821300	46.468045	46.146362	42.073130	38.525753	44.602132	50.723130	52.994615	51.065922	45.554872	46.807890	57.022348	63.038946	65.135581	63.858804	59.003545	48.954876	52.440045	58.342355	59.769967	57.591546	51.782589	46.029059	50.545371	55.357419	56.638157	54.229360	47.684999	40.013501	43.898676	49.165900	50.365902	47.523770	41.241657	38.837893	43.866062	47.155217	46.538794	41.872401	38.208805	44.129343	50.033374	52.267046	50.575316	45.168892	42.130018	51.241393	57.851235	60.271815	59.191047	54.565753	45.583685	49.778014	55.921784	57.752627	56.162794	51.088595	42.712312	39.549762	44.292787	46.689627	45.272062	40.027575	32.667688	34.015640	39.109899	41.127296	39.651581	35.282744	32.592517	36.130201	39.373595	39.757952	37.287171	34.109444	34.315007	37.768166	39.992540	39.013974	34.681279	30.829703	33.707002	38.672818	41.020728	39.925612	35.404764	31.163932	35.046120	40.409470	42.686044	41.600250	37.348727	32.431249	33.734128	38.230644	39.988785	38.194913	33.167039	29.104324	32.436237	37.078902	38.123939	35.378707	30.938904	30.742007	36.741301	41.399502	42.525110	40.525829	36.224341	31.818181	34.188036	38.138479	38.414504	35.519057	31.420144	29.850113	34.206369	36.491118	34.865420	29.500131	23.610994	25.776338	33.116482	36.039857	35.276725	31.161876	24.305233	20.252693	24.447046	26.591117	24.530615	18.121822	13.498640	18.387252	24.387575	26.979340	26.162686	21.602113	13.443032	14.641144	17.342289	18.456882	17.404084	16.355499	18.576952	21.431976	21.980861	18.578910	11.209179	12.225583	19.312876	26.087638	28.805168	28.153287	24.649256	19.588718	20.514155	26.541033	28.826038	27.459139	22.786820	16.731167	15.148912	21.331849	24.010608	22.734896	17.412436	7.013807	3.766968	12.311510	15.257759	13.745420	7.806723	-0.099720	-5.066838	6.965612	16.084104	19.301463	18.110876	17.079279	25.526958	30.980812	34.105243	35.456103	35.113527	32.571068	27.450825	29.102662	31.424047	29.636831	23.994275	16.169795	18.746799	21.608247	20.364834	14.959396	7.816634	8.673206	13.743639	14.913585	11.795480	4.033583	-4.435889	4.048711	10.058792	11.434898	9.021377	4.106107	1.631975	5.547341	10.355181	11.443330	9.166636	5.276410	2.229601	6.125599	10.307363	10.573146	7.323373	1.814606	-0.396753	3.445130	5.862323	4.933405	1.371839	-2.162534	-2.873774	1.203738	3.734908	3.489516	1.741239	0.383407	-0.715263	
19.958878	18.579628	13.379178	7.479165	21.450195	27.053518	28.734141	26.821649	21.898619	22.955479	31.076635	35.434012	36.015914	33.198376	27.414616	34.693211	42.442662	45.656512	45.344902	41.782316	35.991311	36.915982	43.117346	45.313054	44.173140	42.506273	42.979803	47.940709	51.882369	52.482574	50.558516	48.021088	51.175864	59.301645	63.339480	64.086874	62.069740	56.823766	43.306043	55.203966	59.113537	58.659886	54.999935	50.723074	49.964674	53.499618	56.072722	55.304522	51.875840	48.135740	46.134143	48.274664	49.410868	47.887204	45.795132	43.735326	43.714169	45.699999	44.049012	41.399009	43.625645	45.333561	49.224136	51.248363	50.089908	48.140643	47.051554	48.114806	54.860953	58.143940	58.563113	57.225315	53.671617	45.107614	53.331936	57.234403	56.957629	53.946883	49.788798	45.274716	43.914792	45.685799	44.010710	41.075840	39.724281	37.394098	37.455512	37.148069	35.744373	36.804325	35.951697	34.430992	35.046843	32.806589	33.838064	35.304733	33.285142	36.811403	38.776511	37.068677	35.546476	35.054774	34.437695	37.622723	38.867618	38.041859	37.645470	36.190360	34.453001	37.180430	38.553370	38.938231	38.997776	36.462829	32.440166	34.948305	35.829413	35.860440	35.851528	33.161266	31.621450	34.039576	34.171181	34.369269	34.017218	31.879618	35.072156	38.447328	39.887771	39.742133	36.659687	27.917232	31.733232	34.782593	35.283183	34.901581	31.330485	27.362169	32.640242	34.543921	34.515055	33.223128	29.688984	27.435475	31.530968	34.376381	35.160147	33.378021	27.683064	13.483094	17.775123	22.113065	25.602675	25.717964	22.824989	21.001619	23.580013	26.386569	27.128510	24.714518	18.645347	15.228044	18.945850	22.480053	22.528668	18.313256	15.179654	15.757953	17.051143	21.132136	21.901589	20.233196	21.162687	24.865199	27.944361	28.778119	26.203456	17.311979	14.793927	20.831821	25.114611	27.684459	26.943599	22.460077	18.314340	21.242836	23.186583	23.737507	22.112943	18.012688	14.162300	14.846991	17.778074	18.734927	16.159367	8.516327	-5.859511	5.184859	13.881485	16.978165	16.952083	17.602260	22.098192	26.261640	29.627645	31.700335	30.489752	19.770759	28.636865	34.240551	34.636757	31.531544	24.703968	15.193329	4.520985	18.089683	22.389679	21.431331	16.494764	11.762085	11.176823	11.832180	13.571680	12.240136	7.061290	1.640050	5.125751	9.083709	8.964169	4.614210	-1.466208	1.814430	8.410472	10.755167	9.070602	3.155928	-4.603281	3.461582	9.041728	10.600345	8.629530	3.137219	-5.324288	-1.949243	4.014793	4.945975	1.412645	-7.491820	-8.745359	-1.444799	1.881155	1.004622	-4.846429	-21.004425	-12.829063	-3.390575	
19.808795	18.301660	13.495854	9.668093	19.587165	24.809404	26.127821	25.247819	25.891075	29.250374	34.192703	36.919612	36.791920	33.698939	27.301363	37.358410	43.440291	45.422733	44.219851	39.930271	33.713039	40.307406	44.203522	43.892711	40.129003	37.058006	45.857745	51.371241	53.108614	51.475919	45.726490	45.748849	55.309257	60.106436	61.612519	60.204805	54.953651	41.374339	55.539206	59.254429	59.242229	56.332771	50.957869	47.384866	52.490462	55.763183	55.353377	51.494338	43.875392	43.040406	48.587474	49.482148	46.916020	41.573174	40.277979	46.895282	49.187240	47.499216	42.486126	40.095909	45.920384	50.917153	52.675366	51.546003	48.064116	44.938115	50.161783	54.531247	55.985134	55.120135	51.175176	36.422793	52.948339	57.526888	58.196001	56.285497	52.217165	44.930423	39.696669	47.090271	47.829173	45.120527	40.403459	37.815308	40.580834	40.202131	36.078358	33.605651	34.106419	37.991817	40.591924	39.427151	34.927862	31.448867	34.365963	39.073655	41.508042	41.495019	39.466048	35.953227	35.340207	37.842415	38.268067	37.356639	35.803500	32.267517	35.153124	38.255408	37.312702	33.852899	29.593594	26.382668	34.973169	37.783522	36.953075	34.068367	29.499173	28.884076	34.133625	35.619338	34.636090	32.645011	28.973723	30.185317	34.844794	35.991169	34.379230	29.191238	17.011758	33.405863	37.249142	37.344056	34.428349	27.665724	26.872075	31.984985	33.718766	33.341145	30.477448	21.094944	21.459680	28.458435	29.428983	27.449158	21.176403	23.667408	29.351342	30.661925	29.428824	26.136326	21.566027	23.187535	25.331662	24.856597	22.836204	17.766183	11.817876	22.967976	25.370837	24.308744	21.865322	21.306382	23.951153	25.532412	25.494048	24.890806	23.560263	21.220078	20.748849	21.406919	21.400807	21.198803	16.135745	14.214936	23.924002	26.408581	26.710351	25.827096	22.696579	20.087363	23.595850	25.501028	26.162655	25.693518	22.004652	8.570462	16.219190	18.865979	18.204718	16.630456	14.648433	18.366629	20.673054	20.579694	19.492359	17.594338	15.924605	16.665347	15.987502	13.893170	13.513796	15.902550	17.317676	12.473885	9.025871	21.989217	28.155312	31.919910	34.013169	34.606838	33.632969	30.747238	24.904997	17.641036	19.909105	21.165790	22.594182	23.310958	21.679166	16.890906	9.749468	9.978984	13.548183	13.926147	11.142008	7.804803	8.441826	9.869995	9.533831	6.461785	3.269052	6.904706	9.604825	10.198671	8.684122	3.980555	-1.953622	4.574902	7.970208	8.803202	7.075705	1.660097	-3.203304	2.185693	4.500903	4.626195	2.566032	-2.428080	-5.397313	-1.094348	0.633178	-0.047215	-2.960002	-7.442291	-5.944866	-2.678124	
19.542003	18.183075	13.929190	8.122757	15.795896	19.699902	18.977209	16.644778	16.139729	29.793651	35.945121	38.413254	37.991253	33.454697	26.606993	39.261053	44.024617	45.457536	43.768960	36.786962	36.575360	43.633176	45.905643	45.664281	42.238005	40.160883	48.374235	52.419274	53.628499	52.325861	46.419530	44.836828	54.507137	57.782202	57.583343	53.391828	40.761768	52.935476	57.507160	58.814576	57.788723	54.036443	45.395976	49.051559	53.893987	54.695329	52.594643	46.197441	35.712338	47.110070	49.422713	48.501737	44.155302	38.916906	46.557217	49.764910	50.166908	48.783497	45.655634	44.720485	48.941209	51.422332	51.633714	48.961240	38.224112	44.222958	50.845042	52.481689	50.651497	41.171698	45.712382	53.800466	56.822746	57.327693	55.221573	48.532432	34.800069	47.749191	48.894518	46.867338	42.106554	28.117813	36.934729	42.108195	43.348089	42.370363	39.663430	39.166586	41.066407	42.115168	42.282942	40.936330	37.359099	35.940959	39.081686	40.409351	39.084858	34.561997	28.254061	33.578578	37.823436	38.546665	35.218001	30.423733	35.511723	37.959032	38.622114	38.169314	35.577452	30.875457	32.984064	36.019571	36.333665	34.439370	29.900974	18.437669	30.259701	34.790004	34.795854	30.680038	18.214485	23.856689	31.071282	34.342208	34.489720	30.729679	16.721351	28.618614	32.844736	32.941549	30.818265	29.792075	30.192002	29.382870	28.593593	27.424309	21.807865	19.735815	27.179654	28.493116	25.969762	18.794103	10.855265	17.734580	20.646034	23.328692	24.721054	22.850021	13.431715	19.288818	24.496636	25.314526	23.856410	19.595425	14.410808	21.970450	25.681172	26.252914	23.698945	15.071557	15.651115	22.352506	24.058453	22.828928	16.140415	17.213005	24.544993	26.223985	24.770203	20.686521	16.824729	20.832149	24.314375	25.555271	24.340591	18.928364	13.080882	22.824233	25.896410	25.952968	23.378925	16.088988	15.765764	23.128476	25.384180	24.845955	21.936960	16.865113	15.553405	19.470265	21.595645	21.122830	16.740429	-0.359056	13.769829	17.379781	17.820300	16.400095	12.462632	6.144545	12.020054	16.504560	18.843813	20.459769	20.262788	10.979364	23.039154	30.651746	32.726070	30.083666	13.124970	27.525517	31.300320	30.011254	25.647176	24.154555	25.326662	23.828929	18.971463	8.258805	3.487159	10.756941	12.027769	11.489909	9.972275	6.773256	-0.013404	0.218500	5.593240	7.001953	5.469817	0.995374	-2.173028	2.471260	5.231021	5.111882	1.661091	-5.210454	-1.120621	2.782388	3.988267	3.081433	-0.255819	-6.025560	-5.331563	-1.995257	-1.168782	-2.046665	-3.580655	-5.388008	-7.375471	-7.545138	-7.090769	-8.037896	-8.751765	-7.923018	
19.357916	17.961647	13.318722	5.327964	4.477254	12.243923	18.554093	19.346417	18.157030	31.368573	36.926148	38.592404	36.744520	27.848162	34.197820	41.198678	43.302709	41.941165	36.687154	39.208978	44.314780	45.873791	44.394282	36.930612	38.216259	47.655730	50.978102	51.160910	47.794563	38.895494	48.215724	52.697246	53.290754	50.844190	48.107656	51.301166	54.401946	56.005159	55.944688	53.476340	47.540597	47.056969	51.150606	51.486243	48.199107	41.067108	46.130789	49.777652	49.942292	47.079839	38.080286	38.788193	47.088798	49.658113	49.435322	46.246277	35.545209	40.056462	46.610848	47.790425	45.367893	38.111618	42.323913	47.516183	48.853048	47.025772	39.908134	40.801305	48.381735	51.457163	52.142634	50.320177	46.396002	49.317761	52.791029	53.131133	50.682013	44.831836	25.251810	39.556469	43.537652	43.401584	39.943524	27.356054	36.103160	42.273353	43.661728	41.693300	34.410736	28.365595	38.310105	40.036191	37.874559	30.932301	30.991019	35.921744	36.637283	34.335957	28.092515	27.475631	35.312032	38.933445	39.927682	38.596147	34.173814	19.214137	29.892030	34.602209	34.650478	31.947137	30.382994	31.657276	30.928635	26.134015	14.206939	27.159769	31.689947	33.481572	33.489006	31.304585	24.757514	20.593146	28.486657	30.365411	29.865666	29.160613	29.782115	30.732685	30.588806	28.652295	24.941600	21.721270	20.438774	18.309224	17.716349	20.777221	22.863661	23.911268	24.696312	24.676752	22.910264	18.995414	14.646792	10.459913	5.093300	16.214287	19.807861	19.960923	19.616582	20.716726	20.224385	14.043846	10.762168	20.829965	23.165553	22.940730	22.166622	21.896736	21.762834	21.257966	19.769707	15.604013	4.883032	17.195286	22.100180	23.610305	22.977670	20.612477	17.893144	18.186814	18.673260	18.201900	19.593791	20.977953	20.881979	20.413988	20.219479	19.680139	18.655275	16.965334	16.076187	18.037194	19.484828	19.964446	20.436463	20.633678	20.446619	19.909943	17.553726	10.151995	13.497365	19.449264	20.877717	19.110869	13.228475	6.415789	13.618326	14.830754	10.618326	4.877630	14.457347	16.294897	13.079575	-6.451731	16.199181	23.415980	27.427424	29.341168	29.735358	29.548726	29.761432	30.466064	31.139951	31.245394	30.337633	28.081312	24.291412	19.066422	13.185368	8.687782	6.718023	3.803581	-6.093810	-4.899612	0.906919	0.244857	-6.130852	-6.482354	0.301277	1.472362	-0.915021	-7.669572	-15.350275	-5.687142	-2.256196	-1.389385	-2.415018	-5.532523	-12.093518	-10.488521	-5.833748	-5.632394	-9.054242	-14.604306	-12.960040	-10.891436	-11.938981	-16.987050	-22.730325	-17.478495	-16.449239	-17.943280	-19.772145	-20.613208	-21.650420	-25.689015	
19.751745	18.011621	12.740794	3.974479	-0.376837	5.138277	5.699807	15.886359	27.171953	33.604448	36.473256	36.567862	35.493404	36.330569	38.715319	39.765815	38.197583	35.811030	37.999130	41.535953	43.471385	42.736898	39.516214	40.407045	44.801123	46.690990	45.521520	42.285225	44.334466	47.977259	49.429486	48.180012	43.612464	40.233902	44.267699	48.345827	50.171472	49.331517	47.516413	47.366112	46.878138	44.657003	41.252517	40.587860	43.910544	46.080985	46.332380	44.373770	40.446133	42.334330	45.661012	46.355920	44.709387	41.372958	41.519720	43.766436	43.649595	40.795452	36.513246	38.172879	40.988576	41.759974	40.625585	38.934679	40.591554	43.262228	44.735262	44.956701	44.006141	43.606635	44.915048	45.449212	44.842371	44.362491	45.365243	47.355443	47.968061	46.143230	41.774034	37.319585	38.107070	39.230008	38.290819	36.283331	37.244306	39.542021	40.235702	38.606531	33.905321	31.200710	35.306444	36.595098	35.292551	31.513949	24.510069	26.805550	32.151220	34.308121	34.130101	32.587478	33.290144	35.391817	35.344806	32.304918	28.162483	30.120736	31.401330	29.800706	25.587507	21.366550	22.040498	24.452994	25.616960	23.681812	18.912071	22.433848	25.380354	24.535991	22.071589	25.727420	28.802205	28.873452	25.907558	18.266924	1.606361	11.084456	13.301961	22.488738	25.454033	23.666537	16.219851	21.334959	24.563317	22.466748	16.838782	23.737436	26.226531	24.809752	26.249402	28.443023	26.936235	23.046119	22.537052	20.716527	17.537457	22.798062	24.879995	23.687401	21.956475	22.790869	23.459915	22.656912	20.154996	14.953846	8.886768	10.074051	6.438826	5.105089	8.687953	4.339785	3.522372	13.529661	16.103792	15.863841	16.196330	16.882480	13.930375	-2.753487	10.317274	14.400315	15.687104	17.477734	19.520323	20.217188	19.325777	19.085111	19.832673	19.177320	18.401399	19.533811	20.282358	19.419907	17.553288	17.250633	17.325022	15.294460	14.655921	15.702863	12.927150	4.194856	12.805291	17.309133	18.843854	18.952215	18.165184	16.150043	12.221213	4.827579	10.394069	17.072111	19.570922	19.001961	15.111586	-0.371081	17.818068	21.691069	20.665425	18.052255	15.473664	7.546494	11.911232	17.543378	20.523275	19.499759	18.285447	20.924014	19.360960	9.238889	10.352286	12.488378	10.029748	8.786973	3.621438	-0.937012	2.941017	2.252485	0.093023	-1.685293	-1.709082	-1.918087	-4.186653	-9.934504	-12.684067	-7.891560	-7.660888	-12.692690	-18.761597	-10.191997	-8.210336	-9.153517	-12.030616	-16.134888	-16.574120	-15.111223	-15.261146	-16.712614	-20.380751	-19.847653	-15.155841	-14.218081	-16.971233	-25.829799	-28.226622	-21.359726	-20.731493	-22.083439	
19.839002	17.899683	11.818558	1.512822	-6.352254	0.652193	-14.297390	15.304221	25.352324	30.348980	32.075678	30.719979	25.618686	28.808965	34.074111	35.569008	34.319130	32.764215	36.304287	39.689296	40.826310	40.024152	38.533679	39.141518	40.734335	41.142371	40.252106	39.528464	41.426727	44.087472	45.398197	44.892633	42.936396	41.997451	43.444184	44.219310	43.040142	39.763912	35.706223	36.491083	38.212208	37.421491	34.753051	33.713744	36.570541	40.032501	41.770497	41.320504	39.841677	39.832201	41.018982	41.279659	39.443410	35.767204	33.127225	34.000854	35.572192	35.453326	34.088136	33.148733	33.091609	33.011524	31.858746	30.807116	32.517811	34.855897	36.103332	35.545343	33.148515	32.459890	35.883425	37.216217	35.472231	31.006606	30.536088	37.634151	40.344096	39.346570	35.568625	31.390512	30.542839	31.687321	30.949078	28.567237	27.706392	29.034995	31.607711	33.082699	32.302252	29.976527	28.450422	30.330176	32.032536	30.989169	26.974171	19.893598	24.169829	29.144048	29.688067	27.719374	27.063639	28.226351	28.625837	26.553685	21.157830	19.099373	24.654413	26.637627	24.803439	21.211975	21.027544	22.233105	22.804815	21.563384	18.203667	13.452200	13.720196	17.854282	20.632638	22.334470	22.407594	20.197106	17.046606	18.134698	18.957210	17.987298	15.796861	17.057644	21.045877	22.241082	21.465020	20.845277	22.105009	24.310112	26.472722	28.885251	31.379727	33.275853	34.108787	33.766614	32.483152	30.833240	29.388716	28.279754	27.461882	27.071495	27.175568	27.082566	25.740964	22.053855	13.952204	14.790785	18.718206	18.134458	15.321614	12.388122	6.213538	0.574412	10.300395	12.124767	9.803635	6.410523	13.090846	15.002213	15.968392	18.684044	19.138625	16.840075	14.631017	16.352903	17.659821	17.425790	19.474293	22.205737	23.238108	23.117524	22.731876	22.440590	22.580828	22.914190	22.133488	19.884679	19.692701	21.384996	21.220020	19.467893	18.957363	19.072815	17.366116	14.119917	9.165276	9.077638	13.649657	13.738625	11.607232	18.703347	21.642008	21.398695	19.244998	19.636680	24.799269	27.301785	27.394231	25.891225	22.599801	15.160708	-2.205204	9.095384	11.516929	15.867778	16.023811	16.627108	19.108127	19.811332	19.174381	17.306532	14.419264	16.289464	19.008712	19.723766	18.946412	16.847678	13.165299	7.203553	-3.181932	-1.711989	-0.690697	-6.223065	-7.864323	-6.016698	-6.115548	-6.373256	-7.248492	-8.667919	-11.982900	-16.431480	-13.939272	-11.214049	-10.896315	-12.944709	-17.643956	-24.866913	-27.484150	-22.974736	-20.097072	-19.276886	-19.511368	-19.548384	-18.829512	-18.444028	-19.024559	-19.402029	-19.290644	-21.037308	-26.579918	-27.558209	
19.560701	17.906171	12.324284	0.527478	-5.709272	3.306161	-1.020095	13.175341	22.006513	24.970164	23.304055	19.005803	25.104300	27.925954	27.233023	25.214737	26.117275	28.562735	29.857662	29.851575	29.952405	30.926516	31.167145	30.175571	29.385439	28.834896	27.406991	28.958336	31.241024	31.427189	33.209634	35.476141	34.458218	31.273363	33.768289	34.497572	30.681947	27.110550	28.872384	28.317967	28.429101	27.938908	23.270553	4.732858	21.231907	26.903860	32.223376	34.625296	32.685179	20.028454	29.292020	34.126114	33.833618	29.336027	17.810117	20.959078	24.994342	26.895495	24.185093	14.979257	14.813052	12.096674	23.166746	23.882516	14.398473	19.599551	23.524238	19.496916	19.037844	26.981305	28.575945	26.503518	23.746040	11.116467	27.442005	34.122501	35.229953	32.148817	23.666564	14.931235	23.939719	26.148534	24.131183	20.712692	17.599349	13.702640	19.864518	23.896817	26.658430	26.174751	23.431797	24.383575	26.665462	28.302843	27.840391	24.757905	19.959313	23.073654	28.985228	30.020209	25.922662	21.882399	27.445605	28.492069	27.070659	25.841356	25.658229	24.567720	21.873339	17.732122	12.114322	3.722289	10.505649	18.093134	19.632746	18.015374	16.697272	15.395091	13.934221	12.788357	12.547603	14.792464	15.044554	14.658003	12.926683	13.425292	15.742571	18.086460	20.714568	20.963406	17.489812	11.998452	16.515395	15.034233	7.137784	20.150050	24.931429	27.541248	28.921796	28.443314	24.338766	11.845455	21.769801	23.166157	18.159283	-0.232789	17.922686	19.912800	16.349865	12.483499	17.766423	19.411678	18.812924	15.590091	12.808709	15.676844	16.627605	16.339065	15.596750	13.189350	8.634691	10.406763	17.137074	22.527085	25.191788	24.969713	21.753873	16.545863	15.096623	19.020767	21.342060	21.811821	23.282086	23.490565	19.505923	17.303656	20.758157	18.040973	16.135905	18.518580	13.119090	12.299939	18.087317	23.542871	26.374499	26.133770	26.012912	27.534102	27.655106	25.967759	23.932793	22.527771	20.599783	20.177277	23.049101	27.049830	31.163797	34.149978	35.653606	35.603696	33.215139	25.357092	23.780539	30.510743	30.976621	28.421958	24.272713	19.004728	13.972880	19.547834	22.015561	21.861686	22.496210	24.120652	23.229820	18.552783	11.777409	8.251329	15.033005	17.761551	16.365591	14.065567	12.272874	9.399868	6.547495	5.831709	5.999886	3.780969	-2.018689	-8.286608	-7.368965	-10.304138	-11.500151	-9.605942	-13.819402	-26.737624	-19.675195	-12.866362	-13.166642	-20.313326	-31.732551	-33.942809	-30.402045	-27.354368	-24.416493	-28.188553	-29.821493	-39.190080	-24.302830	-24.251424	-31.755594	-30.409697	-25.355898	-23.698691	-23.034679	-19.382742	
19.555451	17.881844	12.630026	3.363579	-4.313503	2.476074	9.052796	13.965020	18.448673	21.518875	22.602704	21.838437	19.611804	17.115328	15.487454	11.861916	2.841429	8.631453	11.000247	11.272979	11.960165	11.248644	3.672354	4.003875	11.980819	16.307361	19.085114	18.668224	14.411890	6.705482	18.879980	24.897368	27.421246	27.885330	27.254476	26.056645	23.978212	20.283874	15.255986	13.554906	16.857858	17.361036	13.324533	7.554917	6.443497	13.476493	20.605032	26.059589	29.125604	29.538320	26.748924	19.676859	23.916359	27.395793	26.412859	22.079614	21.053194	22.480790	21.751247	20.512619	20.544313	22.421358	23.149783	21.164938	18.161381	19.165280	19.464158	16.205572	14.184302	19.569683	21.238992	19.002777	16.106950	22.773624	28.525468	31.697657	32.274717	29.699860	21.600888	16.454300	20.476071	17.108869	16.882239	18.627536	21.703132	22.340488	18.877174	18.885906	21.402834	24.165918	25.974772	23.533344	19.455123	25.393516	27.429197	26.809246	25.711171	26.526696	28.521398	29.927874	30.452969	29.739695	27.003390	21.797836	21.463501	23.479696	22.267264	17.624329	5.899485	14.585327	16.124176	14.581884	17.299141	18.368475	18.140575	20.055065	20.616532	18.575813	17.080260	17.477727	18.041387	19.258738	19.543677	17.906432	15.281097	16.061314	19.762506	21.594886	20.045551	11.519627	12.311159	20.350445	22.479644	21.745301	17.433771	13.994669	18.268575	15.858810	10.700699	20.053105	21.708295	20.557338	20.439716	19.448854	12.294998	13.436989	20.293357	20.042371	14.716870	0.643737	17.339222	22.790791	24.318244	23.589170	22.501518	21.156870	15.713762	13.823605	18.521219	16.281928	8.467743	8.142719	17.343571	23.111600	26.810572	29.091036	29.189954	27.986353	29.241634	30.418112	28.102402	15.977598	24.310581	29.821248	30.400102	27.953601	22.122065	17.979424	23.107019	24.778177	24.739317	25.876184	29.223810	32.393423	33.674142	32.160834	25.537122	22.347963	30.224245	31.560402	29.538978	25.102958	20.937269	21.028555	23.647978	24.946265	19.617170	30.553325	38.393662	42.035839	43.175387	42.596917	40.725517	37.094259	34.746780	38.689641	40.426403	39.943873	38.980938	38.153673	36.625061	34.859128	34.239212	33.057345	28.723496	18.756839	18.018781	18.516133	20.041345	19.663648	14.709316	9.301834	6.249381	-8.359398	-0.376683	3.483072	5.414166	7.335854	7.613654	5.933612	3.052182	0.483503	-0.814325	-2.519515	-5.878124	-9.427272	-13.068597	-21.232692	-21.024859	-16.632789	-16.042722	-17.913429	-21.757977	-27.295536	-28.793692	-24.323430	-22.416153	-24.458829	-32.072209	-37.107926	-26.533184	-23.545512	-25.371669	-28.930834	-28.257867	-21.971363	
19.724049	17.997947	12.165269	-1.492885	-5.375642	0.952242	4.188302	-7.053819	9.742753	17.097698	19.816961	19.349954	15.494428	9.108409	11.865895	13.505902	12.519149	10.456254	7.121375	-1.358298	5.263885	11.311645	14.505247	17.452474	20.631142	22.731635	22.566511	19.898015	17.212959	19.119713	23.018837	24.955779	23.847688	20.083572	15.236629	14.148400	18.432632	18.137919	11.728451	13.938502	17.845792	17.997257	16.425960	15.903450	15.391865	11.133613	16.346284	20.890915	22.105752	21.512337	20.301510	20.747724	23.005962	25.062145	25.654156	24.276079	20.698326	14.643955	11.510296	8.875156	14.573626	22.428835	24.824394	23.797928	21.534556	20.496114	18.092586	12.687975	11.378521	16.608771	19.647055	18.666675	11.485809	13.072819	21.795318	26.184398	27.120319	25.182278	24.580805	26.325105	26.398822	25.646484	26.495272	28.353559	29.357429	28.682160	25.728913	19.900790	13.220618	18.522349	25.375426	28.466418	28.292988	24.653219	16.962355	16.044203	19.813895	21.935411	19.192720	14.798682	20.617541	21.618353	22.365659	23.094237	22.664684	21.459569	17.451657	14.648995	21.274974	24.313945	24.971188	23.564326	19.459881	14.166013	13.481711	19.480559	23.998969	25.162371	23.692913	19.864207	12.713280	14.227637	19.815385	20.488317	16.000120	16.074134	21.912274	23.180555	21.229268	15.569753	8.679795	19.159946	23.853271	25.617697	25.208590	22.947457	19.351088	16.771255	18.890742	21.471549	21.974791	20.432956	20.919307	24.448661	26.976518	28.617631	29.781887	30.228403	29.778863	28.783320	26.960591	21.488969	11.363694	25.672264	29.203422	29.768056	28.946987	27.863005	26.884593	25.191840	22.445449	21.238452	20.273567	19.260814	15.820290	20.025513	31.788621	36.647717	38.418004	38.036890	36.116740	33.570288	31.517286	30.798401	31.043890	30.589512	28.744647	26.971832	26.388325	24.580607	21.628812	16.829871	23.289821	32.948734	36.807851	37.288497	35.485732	32.441429	28.260223	26.692573	28.629881	28.074465	25.904237	25.627315	26.639320	27.892190	30.320839	32.294110	35.635881	40.698680	43.478716	43.759143	42.763209	43.292247	45.696712	47.840057	48.595110	47.126379	41.890041	22.824971	39.361356	42.269251	41.477685	38.858701	36.020297	33.790931	31.880461	29.851036	27.169440	24.116095	20.848663	16.386842	9.432253	-5.781117	-0.815148	1.387969	1.345671	6.936316	9.133556	7.714166	3.773442	-1.097669	-2.610586	-0.515575	-0.934337	-5.115096	-14.028270	-17.291867	-14.190587	-13.839022	-18.181411	-30.983330	-18.979016	-16.761833	-18.655670	-23.459395	-31.448944	-34.760058	-22.938531	-18.774278	-16.771317	-16.115486	-17.209227	-19.897825	-20.619934	-20.639518	
19.831105	18.108069	12.502996	1.439025	-7.678674	-1.166218	5.129429	7.058432	5.925826	8.813980	13.375057	15.017662	13.429378	8.387253	9.982608	12.686779	10.797779	2.118353	-0.185958	8.648985	12.516672	13.295053	6.062934	13.508370	21.281780	23.222361	21.422783	15.982251	11.496607	16.310886	20.038617	21.977851	21.276783	17.164915	15.391308	18.610829	19.472295	18.506673	17.103604	16.091579	12.046161	0.805951	15.368103	19.541761	20.494994	18.739932	12.838754	6.769146	10.986379	8.243975	2.540727	5.591042	12.932062	18.032511	19.496400	17.683565	10.901407	5.174988	14.064722	15.800374	20.867280	25.542715	27.271809	26.105119	22.207226	18.762941	18.085868	15.779329	14.527513	15.473420	17.074926	18.428596	17.105406	9.534756	15.154598	21.483071	23.461238	23.061348	23.293669	25.406273	26.813936	27.039997	25.553327	23.618131	26.137823	27.743661	26.003024	20.075019	13.299930	20.353093	24.880809	27.350976	27.891749	26.370632	22.650979	19.902904	21.532688	22.498963	22.297531	21.361839	19.780688	18.281239	21.245956	24.143222	24.029701	21.196903	18.970794	20.725740	22.251292	22.847913	23.346931	23.821885	23.300493	21.948965	24.414144	27.672412	28.164063	25.320250	17.518927	8.320751	17.726832	21.431298	23.789769	24.294615	21.393685	15.808902	21.659988	23.674871	21.174846	14.816759	15.141027	19.956167	21.106133	18.755891	19.090066	21.243670	19.901986	17.337349	16.143537	3.555321	17.528732	24.105015	25.889747	24.651539	21.037601	22.693575	27.344789	29.482715	29.413600	28.207221	27.595393	27.487745	27.086903	25.925855	25.077105	27.054216	27.440249	22.343773	14.684957	26.071689	28.547051	28.755571	28.440481	28.602451	30.598253	34.263784	36.827879	37.220790	36.198900	34.838308	32.435382	29.023448	23.675908	19.855750	26.719114	22.518608	21.962171	29.973064	30.103722	25.907027	21.230627	22.846103	24.966843	30.168380	34.842243	37.464135	38.484854	37.835799	36.011655	35.712878	35.151781	31.462016	33.196918	37.845577	40.381665	41.310762	40.338189	38.239229	38.638752	39.451453	38.625270	35.207162	31.017178	36.097747	26.955526	44.035576	50.144609	51.577594	50.183561	47.298499	44.031446	40.366542	35.866718	24.720647	29.523933	34.156643	32.412853	24.759731	13.899879	21.636751	19.386611	8.871509	10.076524	14.285090	14.752505	15.079550	14.419437	11.536409	5.470848	-10.311342	-2.815219	0.895087	0.985521	0.922385	0.438048	-1.385891	-4.680579	-6.673765	-7.053698	-8.891143	-11.146259	-13.002218	-16.606192	-30.378589	-22.598136	-20.550259	-28.656840	-23.946241	-16.824300	-15.357527	-18.936956	-22.342139	-14.635597	-13.045608	-15.783277	-23.368955	
19.725356	18.035380	12.515278	1.777434	-4.677818	3.971378	7.911595	7.943124	6.849058	5.671956	3.393969	3.449292	5.143193	7.025814	9.806506	12.745556	14.565989	14.325021	11.158894	5.040793	9.754854	14.921835	18.504514	21.267813	22.668717	21.737558	16.892390	-2.098330	10.783980	11.762861	1.224901	12.604095	20.629849	23.764751	24.275777	22.765069	19.286499	13.180147	9.236740	13.590711	15.005326	14.111495	11.645207	12.081797	16.186632	17.999404	17.087608	14.157835	9.899575	2.684805	-2.417157	2.572505	9.698744	15.127437	16.138420	11.423671	-0.479169	14.160304	18.529450	21.668095	24.654346	26.746038	26.737889	23.810600	17.459160	11.681866	13.784047	15.350825	12.873614	7.705323	0.048094	14.552168	20.586377	22.192512	20.033236	8.032584	17.987187	24.122245	25.246459	22.268162	12.295394	18.380995	21.681886	22.330699	23.872875	25.705144	25.705115	21.880092	11.075587	19.979396	21.135395	12.325265	19.396433	25.849500	26.761091	24.175165	21.072025	22.429772	22.103221	16.473928	7.835246	20.990907	25.355828	26.625122	24.892995	20.587860	16.892305	12.311724	15.043044	17.129573	13.246126	17.539594	23.293368	23.999837	21.453453	25.689601	29.403452	29.748853	27.463591	22.947948	20.617979	26.222252	29.664055	30.024786	27.742009	24.227823	22.560055	24.859046	26.204757	25.468518	24.621218	22.851019	17.517203	8.853673	11.219169	20.021983	25.350425	26.920789	25.577180	20.833137	1.712411	22.793054	25.809276	24.170021	18.360047	-3.870293	18.726305	22.348876	21.524324	16.520850	18.679397	18.820979	20.648435	24.159429	24.769763	26.142786	25.742904	21.068507	23.234829	27.499214	27.283788	21.044149	18.945549	30.064115	35.717229	38.480762	38.169909	34.269980	29.591984	31.908315	32.018744	30.035585	31.115721	32.617957	33.190383	34.758542	36.702996	37.212921	34.328254	20.203227	29.376089	32.810757	32.978312	34.250817	30.786602	17.416757	31.810971	33.836350	37.390811	40.556744	41.916126	42.307355	42.060912	40.694239	39.142547	40.501217	40.818330	36.617371	36.644877	41.196462	40.584777	42.013806	46.455987	48.335874	49.204266	49.235319	48.171353	49.478328	50.492508	47.725663	38.209600	32.468863	35.690981	30.321883	29.061679	31.448076	30.970360	28.582256	24.947306	20.197622	14.463127	9.767297	13.228531	16.868424	18.929563	18.684113	14.835909	3.031971	2.334098	6.598792	6.355416	5.266968	3.256689	-1.593561	-5.294912	2.030863	3.786535	1.036835	-4.969495	-4.276909	-5.053541	-11.189411	-16.250741	-10.995394	-9.238079	-8.711560	-10.103264	-14.902113	-22.917432	-13.112989	-9.871027	-8.960670	-8.482436	-9.280189	-12.208284	-17.270524	
19.626657	17.885939	12.146143	0.066485	-10.395538	1.814947	7.747014	9.264724	7.713323	3.581831	-0.851193	-1.088141	-2.634032	-4.226865	6.466902	10.622046	12.581267	12.940837	11.541483	11.553587	14.197681	14.455809	8.912200	9.755025	17.701044	20.767624	20.962540	18.384440	13.458256	8.504421	12.598030	17.680931	20.261887	21.005555	19.142765	13.782781	12.404931	13.969423	13.014943	12.214175	10.186952	4.393945	-4.079653	2.751672	10.631413	15.777920	17.814351	16.093344	7.919914	1.775567	10.286860	12.800741	13.337056	14.024051	16.309185	17.785227	18.016980	16.361278	10.415418	6.963007	13.268621	17.533066	21.981318	23.521863	21.544718	16.632068	16.780671	19.415283	19.966297	19.473354	21.289320	24.114822	24.791874	23.045156	20.606703	19.990622	18.431899	13.014786	20.226492	24.621367	24.687993	20.477131	12.784305	19.347793	19.401187	8.510546	21.127902	26.434132	27.355865	25.291648	19.867345	-1.507168	21.976811	26.991395	28.008230	26.612211	24.829981	24.986235	25.554474	24.222139	18.549139	16.406850	24.514048	27.197269	27.278730	25.821222	23.363228	21.076045	21.359197	23.017372	22.544124	15.440203	19.374014	26.240849	28.943104	31.417210	32.950032	31.984789	27.218966	10.348035	25.159052	30.542882	32.972370	33.458073	31.764386	27.536448	24.273361	26.324116	27.897781	28.896793	28.905153	26.901886	21.805108	8.356751	16.930805	25.237350	28.945127	29.871291	29.150640	28.642827	29.520108	30.946649	31.391537	29.815019	25.735065	18.508357	10.218007	12.718598	12.963172	22.079495	26.414809	27.782167	29.217851	32.187374	34.418126	34.755230	33.187830	30.819883	28.327312	21.457918	22.483694	30.378545	32.690560	29.922194	27.370985	37.622934	41.492472	41.974859	39.627241	33.759787	31.917590	38.127407	40.645147	40.146585	37.012406	37.489604	41.915958	44.623130	45.941516	46.579718	47.294845	47.962621	47.713346	46.188534	43.647197	40.394829	37.252060	37.311479	38.508817	35.399512	26.512866	40.695634	43.079188	40.619508	36.629481	33.199401	24.968730	38.905609	43.806696	47.721090	50.770860	52.502010	53.042321	52.800732	52.241328	50.880861	49.010376	50.340418	51.868192	50.863528	47.215788	41.159005	33.873936	28.142268	22.500148	19.985536	24.641834	24.992505	19.639623	6.287098	15.654529	14.871162	14.637633	15.303248	15.077269	15.666551	15.443998	13.564928	10.324288	5.960215	0.083319	-12.669336	-4.915021	2.145474	5.191615	6.737571	7.513633	7.426936	6.075766	3.482205	0.456079	-1.971463	-3.172489	-2.672423	-2.071334	-2.960658	-5.331795	-7.997075	-9.119805	-8.830397	-8.069150	-6.952246	-6.770389	-9.616820	-19.158731	-17.705007	
19.620040	17.909166	12.308187	1.232521	-6.603257	1.838507	3.876081	-3.846718	2.913400	7.658124	7.451489	7.462950	10.969365	13.285314	12.678521	9.192980	9.544382	12.279787	12.622434	12.806796	14.600868	16.262519	16.666038	14.800302	5.249672	11.688171	19.592582	22.305517	22.571993	21.084680	17.460835	8.512016	10.972474	17.048791	18.245487	16.731968	13.623020	10.405881	8.892155	9.302822	8.699045	6.132941	2.812374	-1.103925	-0.688052	10.085005	15.456722	17.607654	17.894993	17.737139	17.787171	17.052003	14.842499	14.998062	17.229489	16.515494	10.208046	4.507391	13.832032	14.651064	12.004133	13.947804	17.264481	19.999482	22.179449	21.152028	11.431288	16.590017	23.101627	23.424386	20.515293	23.577227	26.480130	25.532264	22.786620	23.389110	24.567079	25.074054	25.862725	26.309949	25.559520	23.448457	20.460229	17.734844	16.774313	18.966680	22.476384	25.179866	26.696392	27.225542	27.072182	26.874668	27.032452	26.790823	25.520096	23.578839	21.633912	19.702707	20.124193	23.521762	26.260562	27.527562	26.789926	22.401832	-1.727148	19.125934	20.921450	17.104509	17.265634	22.056170	24.730292	26.549841	28.523591	30.732887	32.421006	33.016987	32.344019	30.542089	28.161140	26.109068	24.888621	24.641412	26.204107	28.303796	29.162589	28.303627	25.479717	19.482480	6.954179	19.271809	23.580691	25.042958	24.928515	24.394073	25.023654	26.315967	26.629560	24.889388	18.722994	12.026718	24.951691	29.205589	30.604880	29.972961	27.592848	23.845903	20.212304	19.618546	21.947850	25.466542	28.388723	29.844001	29.899210	29.791717	31.431520	33.661118	34.765721	34.311978	32.507878	30.673644	31.098632	33.339294	35.660338	37.568149	38.975028	39.585747	39.340802	38.922084	39.157906	39.764536	40.204151	40.371378	40.380132	40.531501	40.840769	40.724824	39.724335	39.077146	41.668380	45.291157	47.861032	49.018304	48.653412	46.703501	43.200904	38.552379	34.541318	34.013259	35.903103	38.465791	41.351888	44.027321	45.773954	46.184185	45.243933	43.538242	42.919438	44.550213	46.794992	48.567537	49.595776	49.500123	47.250115	39.003023	39.904541	48.400753	51.049128	51.250994	49.838543	47.185559	43.528144	39.161407	34.473491	29.389251	23.650201	21.275202	22.639579	22.430789	20.574278	18.329171	16.553368	14.680922	11.670211	6.584067	1.587775	5.923720	8.651376	8.306547	4.698354	-2.801125	-4.551295	-3.286092	-4.868230	-6.844402	-5.141799	-1.233748	1.503277	2.313055	1.074218	-1.961858	-6.467608	-9.065734	-5.709725	-4.333051	-6.146839	-11.446234	-16.197963	-12.291603	-11.552592	-15.015354	-29.351128	-18.291345	-11.656523	-9.474780	-9.795872	-11.329219	
19.743505	18.000359	12.252821	0.204980	-12.171647	0.457229	6.216458	8.441352	10.218846	12.045693	13.341085	14.082175	14.531466	14.685169	14.139917	12.637615	11.264881	12.101714	13.173052	11.984404	8.743755	10.946729	14.289528	15.616773	15.758997	15.193600	15.309312	17.517387	18.851162	17.765481	14.781590	13.014504	13.768604	14.704366	15.106126	14.534680	13.069047	11.831430	10.852944	8.659103	4.474599	-1.181844	-5.604071	-5.764720	0.115624	6.625927	11.087531	12.956946	11.820841	8.545900	11.112694	14.582088	16.071528	16.324519	15.592126	14.186559	13.159619	13.448421	14.849231	16.396098	17.154811	16.341024	12.385497	10.506233	18.617279	22.953953	25.419474	27.000914	27.713694	27.384051	26.877060	27.705543	28.576367	27.805697	25.080668	22.222032	22.443512	22.587087	20.895556	18.737026	18.306468	18.116463	16.495102	12.118057	3.778246	10.867314	13.942273	14.052982	14.444671	15.906356	17.963170	19.579721	19.219354	16.318268	11.228690	5.197792	-1.344098	4.646655	10.894687	15.679201	19.485563	22.150635	23.450038	23.357462	22.147449	20.506831	19.095771	17.697368	15.555936	13.490123	15.369692	18.256253	20.168648	21.154216	21.377762	21.291943	20.381802	17.329682	12.269489	10.913114	10.942252	10.010929	11.057111	13.222679	14.323945	14.381029	13.653404	12.771877	12.266192	12.072465	12.630989	13.049889	13.396730	14.442698	14.605942	13.973115	14.914278	15.936225	15.546885	15.682413	17.812791	19.527488	19.929848	19.456419	18.655197	17.354903	15.953608	17.391444	19.960367	20.918054	20.134451	18.246833	15.458384	14.018737	17.994709	21.614653	24.058144	25.148593	24.365446	21.152531	19.384781	25.030795	28.737269	30.223390	29.996924	27.953687	22.772150	4.361850	21.448843	26.072590	27.628103	26.930958	22.406112	14.950600	23.827115	26.696204	27.575678	28.759423	30.294380	32.143803	35.137333	37.730108	38.473046	36.947013	32.881930	26.443496	23.541549	24.686068	25.083803	26.508282	32.019866	36.918514	39.656828	40.495499	39.700591	37.493413	34.750305	33.365188	32.606541	31.223941	32.013342	35.601392	38.518047	40.194941	41.033807	41.176909	40.259588	37.997564	35.116384	32.778137	29.531010	23.475739	17.245829	14.308362	7.284756	13.318779	16.090865	15.130851	12.160436	8.473619	4.564634	2.031008	0.173846	-2.776589	-4.512774	-2.158275	-0.418103	-0.304493	-2.034117	-6.883766	-14.639582	-17.779585	-14.565254	-12.953098	-16.643222	-32.555920	-17.756663	-9.864636	-8.494742	-15.309102	-15.589265	-9.387993	-10.097497	-13.450966	-20.974713	-19.190252	-15.070206	-16.797976	-19.843620	-21.249848	-26.836274	-22.865026	-16.237793	-15.554450	-17.510914	-21.345504	
19.942085	18.256124	12.760292	1.810498	-8.106462	1.767138	6.773825	7.340218	6.364032	6.204694	3.620794	-0.580601	3.145268	1.299764	0.019467	3.921302	3.349552	4.401109	6.286036	6.577995	6.760349	6.877918	4.979918	1.364102	4.513523	6.531789	7.485447	10.609466	12.325763	10.911828	6.173165	-1.542054	-15.205832	-0.311231	3.445462	1.624965	-6.011122	-13.046262	-2.904436	0.658871	-1.394819	-10.926877	-16.376788	-8.507361	-5.141026	-5.495568	-1.488916	3.428110	5.384433	5.379611	3.930156	0.474028	-4.537934	1.365623	3.558355	-0.910070	-3.693725	3.856795	4.419256	3.287041	5.544620	7.913193	10.729239	13.965823	16.559056	18.664592	20.516294	21.968687	23.132876	24.204599	24.916310	24.888843	23.935389	21.884164	18.439385	13.880714	11.680963	10.719024	6.377894	-2.140271	-1.054569	1.132454	0.296303	-2.603328	0.818432	4.371941	4.431441	0.085744	-15.040708	-3.406639	0.287340	2.322817	4.433407	4.325085	-0.429236	-11.254805	-1.221805	-0.713523	-3.503307	0.834366	5.269512	7.551195	9.529646	11.120079	10.843145	8.383408	5.400698	3.244841	2.112461	2.610240	-0.436070	-19.691879	-4.866687	-4.091482	-7.205140	-3.577299	0.527716	2.800725	2.589996	-0.153765	-6.061397	-8.764292	-1.508995	-1.043016	-7.485015	-6.641813	-2.863051	-5.225595	-8.700518	-7.479915	-8.083427	-8.607509	-6.116573	-2.641517	-1.308106	-2.146390	-3.373765	-2.754247	-1.106876	-0.486136	-1.123174	-1.699982	-2.796151	-8.622196	-13.999815	-2.964736	0.791239	3.563226	4.673798	2.695514	-4.146801	-13.440765	-0.233481	3.696329	0.984096	-7.804863	4.166182	5.750282	6.551665	7.972711	9.005210	10.710734	9.963589	6.538906	7.544633	7.668523	5.887917	7.334263	5.802237	0.108031	4.765136	9.369036	13.258473	14.460091	12.934550	10.332396	7.926812	7.304891	10.563510	15.228888	18.902663	21.174513	22.257725	22.065903	20.603575	18.176607	14.719383	10.546212	12.397659	17.318064	20.565680	22.200044	22.313702	20.946956	19.151346	18.242828	16.597057	13.154255	10.453180	11.159033	14.541298	17.081358	17.672809	14.771912	11.384137	18.554360	21.126419	20.428260	17.069927	11.009275	8.717396	9.985628	8.563077	4.837854	0.256884	-2.756783	-4.101629	-4.611735	-9.524627	-21.157009	-12.229657	-13.322165	-14.208233	-15.841421	-17.691280	-16.801702	-21.101793	-25.973691	-14.041223	-12.722227	-16.995468	-23.825045	-22.270570	-19.044145	-20.121743	-21.122471	-15.469356	-11.233879	-9.451346	-9.099059	-9.466165	-10.758717	-13.311599	-15.620951	-15.902400	-15.476500	-15.897355	-18.702692	-25.165396	-26.411320	-21.130582	-19.070872	-19.929729	-24.743961	-26.939922	-20.338952	
19.917581	18.194358	12.594291	1.774730	-5.848291	1.707974	4.540506	2.243231	-2.917341	-3.095190	-1.109163	0.897295	1.975980	2.524926	3.485385	4.083509	3.688376	3.343946	2.264173	-4.515893	-4.281499	3.677222	5.277035	4.779841	3.059342	-6.518415	3.192542	10.065216	11.441017	8.886564	1.489939	-2.466731	2.120783	3.051809	1.797601	-1.771459	-7.137734	-9.602642	-3.027864	0.601101	0.432941	-3.169090	-7.512026	-6.925812	-6.794400	-5.706378	-2.632508	-0.422361	0.073299	-2.150604	-11.335833	-9.265068	-1.797330	0.062723	-1.388992	-7.239561	-6.094635	0.365376	2.521140	0.911444	-1.245536	1.414472	-1.523682	-3.312943	3.046019	1.458518	4.723512	7.414012	6.902941	11.287324	11.813200	6.709474	13.584000	15.018345	9.511154	15.646965	18.366452	15.633584	13.307341	15.870074	17.049251	17.766790	17.652027	16.996096	16.710672	17.090023	17.089202	15.500807	13.404463	13.282079	13.001945	11.898691	11.731483	11.177876	8.301233	4.623415	5.257162	5.291667	2.901158	0.329437	0.235305	0.111822	1.179475	3.730958	4.117737	1.458287	-0.821612	0.271894	-1.297883	-3.805008	0.766884	4.248388	5.141981	3.331571	-1.009549	-1.552070	-0.144011	-3.017531	-9.660692	-3.821800	-2.947659	-8.919949	-5.959163	1.217809	4.100354	4.378437	1.934500	-5.509275	-11.881397	-2.644523	-2.193759	-4.432713	-0.842249	1.671476	0.440596	-4.734526	-7.185590	-5.156035	-8.530784	-11.826209	-6.757716	-6.702552	-4.539951	-2.124484	-3.705147	-7.345636	-6.368410	-10.280591	-12.534840	-3.248623	-2.547680	-6.169162	-2.088148	1.717363	1.815572	-1.403026	-6.087317	-4.189803	-2.111266	-0.491961	2.354732	5.185511	6.422256	5.216717	1.258671	-2.805131	-2.446583	2.764495	5.930778	5.839128	5.114754	5.950324	4.590927	-3.643836	-2.184351	3.051660	-0.018696	4.583799	8.685392	5.870572	-4.243873	4.558489	1.526817	-8.380662	2.460664	1.305870	-1.419647	-0.894567	1.044426	0.609955	-10.092272	-1.621476	2.554284	1.244629	-1.461339	-0.758460	1.065445	2.203163	2.149129	0.371900	-4.152068	-12.561920	-1.423107	5.584743	9.060050	8.999027	4.516403	1.998329	5.158811	3.725809	0.117130	-2.523792	-6.339319	-8.545653	-10.802403	-14.737550	-13.725408	-11.286347	-11.337694	-15.181986	-22.783460	-27.705233	-22.348453	-19.349125	-19.703771	-21.760699	-28.181175	-25.024004	-15.276789	-12.275952	-12.704830	-14.126696	-14.006429	-14.468085	-16.240418	-17.376461	-19.077657	-20.973335	-18.704423	-19.559339	-23.107669	-19.947821	-20.226543	-24.002309	-21.204918	-19.293834	-19.275542	-20.445397	-23.977764	-26.322558	-22.282369	-20.643668	-22.771517	-33.123364	-24.888389	-18.755033	
19.808093	18.076653	12.369315	0.394900	-10.930643	0.866688	5.943479	6.063028	2.132472	-7.196733	-4.431177	-3.866418	-3.569684	1.993259	3.498066	0.617062	-6.429743	-3.422330	-4.371567	-11.716699	2.266368	6.699373	7.161068	3.929340	-5.937507	0.945978	7.969958	11.103682	11.320698	8.476036	1.585813	-22.389383	-2.476145	2.653639	3.319730	-0.025247	-4.817753	-2.137403	-1.064557	-0.819246	-0.152666	-0.683086	-3.654407	-10.710324	-12.500287	-7.832378	-8.627333	-16.945668	-12.355867	-5.356729	-2.909524	-2.645834	-3.804181	-5.828290	-7.930754	-7.837937	-4.482033	-0.433338	2.416479	3.753480	4.104881	4.253507	4.693394	5.445087	6.380633	7.603690	9.371459	11.450807	13.231676	14.436167	15.270135	16.159353	17.316504	18.649975	20.014783	21.282246	22.327645	23.096581	23.657555	24.118831	24.475565	24.636154	24.586536	24.417376	24.197803	23.876243	23.317672	22.420614	21.212320	19.873986	18.656969	17.657293	16.641729	15.283003	13.529330	11.632121	9.760415	7.583496	4.366274	-0.229114	-0.833510	3.045527	5.548716	6.526763	6.164938	4.569999	2.603419	2.674412	4.599997	6.462153	7.574006	7.598056	6.290674	3.707487	1.317063	1.189085	1.662361	1.658349	1.424522	0.983014	0.170775	-0.424304	0.604070	2.843391	4.253281	4.188259	3.382951	2.898551	2.862897	3.032551	2.791572	1.922251	1.613473	1.931458	1.039163	-2.034172	-6.004420	-6.097851	-4.771379	-3.339768	-1.379229	0.091566	0.009972	-1.870519	-3.055380	-1.314777	-0.296926	-0.944730	-3.045030	-5.365251	-3.418348	-0.879037	-0.782618	-2.642172	-4.328029	-5.586867	-7.289708	-5.468904	-0.609331	3.516105	5.942269	6.876713	7.069507	7.205730	7.171005	6.880901	6.891778	7.568623	8.486078	8.948521	8.719017	8.220695	7.987212	8.032844	8.391744	9.236152	10.354016	11.311738	11.705333	11.297301	10.163286	8.729190	7.536854	6.774259	6.190492	5.554747	5.023726	4.787069	4.535805	3.799569	2.126600	-0.963829	-5.278975	-8.806013	-10.100316	-8.827014	-7.676462	-9.023411	-18.710393	-7.926118	-2.740409	-3.682893	-18.177415	-3.495508	2.383833	4.057729	3.425687	0.984318	-3.090050	-8.763002	-15.847402	-19.852439	-15.940468	-13.142195	-13.970883	-18.557572	-20.391203	-18.839351	-19.777721	-21.019416	-24.670535	-28.464597	-27.688977	-23.265774	-21.214002	-25.625876	-22.724710	-16.002179	-12.999845	-11.831919	-11.848680	-13.464356	-16.211685	-15.686846	-14.628922	-16.256269	-20.245641	-24.049239	-24.859209	-25.079079	-25.872422	-24.644487	-21.445895	-20.272363	-23.073689	-32.855573	-36.374921	-30.071212	-25.938420	-23.492466	-22.762350	-24.727575	-30.007284	-26.350347	-21.717080	-19.931329	
19.877992	18.170658	12.569656	1.007698	-11.013079	-0.339085	4.919823	5.922909	5.299413	4.183274	2.041183	-0.784683	-2.690729	-4.223783	-1.035124	1.752173	1.192476	-1.823405	-2.135558	2.021748	6.089939	8.060206	7.458394	4.058940	-2.013469	0.339544	7.738804	11.221297	11.313110	8.114040	1.638834	-1.541984	1.680288	4.122557	4.536237	2.748850	-0.861178	-5.216373	-11.156114	-12.860890	-5.811411	-4.708325	-9.154973	-21.427494	-9.083470	-5.832958	-5.078238	-7.506321	-15.270853	-6.371065	-3.250872	-5.509089	-11.928378	-10.109020	-10.097268	-9.720799	-8.999178	-8.997779	-6.332826	-6.627472	-10.396257	-11.885849	-6.356391	-3.556318	-6.078678	-6.623451	-3.415544	0.033122	4.548832	5.388928	1.442388	1.512837	7.247258	9.019320	9.145426	11.249345	13.749134	14.663057	15.122905	16.316300	16.832314	15.710927	14.382951	14.944575	15.314140	14.615476	14.173829	14.218763	13.119824	9.718041	5.710320	6.578603	6.939282	5.535929	2.823071	-0.768454	-0.865701	-0.733894	-2.870637	-4.733468	-4.272782	-2.585754	-2.336787	-3.429422	-4.911443	-5.666545	-6.993394	-4.977260	0.622643	1.389900	-1.708613	-1.437492	-0.637420	-4.114184	-10.314683	-8.615911	-5.246280	-7.827150	-18.587255	-4.013887	-3.076135	-8.350908	-7.954912	-4.075201	-4.041697	-8.883638	-18.661082	-7.529635	-4.337890	-1.556741	-1.266280	-5.656893	-8.386567	-3.411159	-2.957129	-5.359347	-8.804134	-10.157742	-14.123977	-16.770225	-6.943755	-4.142463	-4.091513	-6.213988	-7.746348	-4.190316	-1.929714	-2.024763	-4.281259	-7.241060	-7.050263	-7.301818	-10.101890	-13.974034	-15.338088	-9.513390	-10.249748	-20.946857	-5.978381	-3.124180	-2.926082	-4.264570	-16.001488	-5.454673	-0.602313	-1.823508	-7.587713	-6.042202	-2.000007	-2.196023	-5.487045	-9.219393	-5.201299	0.280460	1.980446	1.371644	0.980652	2.019700	4.222198	5.185702	2.891935	-3.443589	-1.436999	0.671074	-1.475596	-7.874683	-10.525964	-5.826920	-5.673517	-5.581739	-4.259765	-6.136152	-13.410466	-18.686549	-16.043098	-15.341288	-19.386844	-20.669911	-8.815114	-4.213849	-2.064888	-1.366827	-1.769303	-3.023350	-4.130705	-3.739707	-3.196993	-4.095596	-6.342990	-9.754308	-17.492620	-19.723755	-13.725259	-14.166805	-16.397074	-14.001660	-11.963191	-12.813007	-14.791592	-13.864110	-12.893875	-13.741234	-15.091361	-14.929730	-13.789507	-12.896558	-13.073578	-15.479065	-22.963122	-28.859202	-20.096103	-18.806955	-19.602067	-18.934583	-17.043967	-17.030602	-20.777936	-27.735556	-21.653824	-20.525968	-23.214432	-23.786581	-21.707209	-21.471085	-23.261501	-27.121315	-34.186286	-34.864660	-26.645411	-22.945788	-22.063148	-22.824635	-23.136755	-21.450438	-20.132116	-22.081124	
19.905680	18.243554	12.717098	0.454477	-30.138000	-2.676751	4.322583	3.887981	-2.038005	3.715867	6.860964	4.991786	-1.690615	-3.139771	-0.658640	5.466200	8.425040	8.789458	10.006818	11.001365	8.577474	11.608860	16.500894	17.560526	17.252498	17.158060	18.502427	21.530920	22.188857	20.297209	18.822074	18.312805	17.851904	17.323816	14.704899	10.438048	8.208117	6.612271	4.779510	5.203248	8.128250	10.978595	13.144962	14.850097	16.202907	17.554809	19.388288	21.047687	21.874788	21.832379	21.257654	20.931549	21.170000	21.375625	21.184850	20.743617	20.429271	20.265598	20.015468	19.683128	19.058238	17.899622	16.512971	15.371388	14.919751	15.520302	16.863478	18.190133	18.710528	18.913747	19.726378	20.275253	20.054380	19.703663	20.031344	20.956421	21.645546	21.827555	21.680024	21.317595	21.330893	21.357959	20.259884	18.369634	16.992960	16.319823	16.409858	17.020409	17.042186	16.712403	17.508659	18.265111	18.017757	17.655651	17.694715	17.622510	17.386779	17.478251	17.841885	18.040805	18.307208	18.478426	18.071616	17.443566	16.777140	16.040938	15.221855	13.528442	11.517358	11.677115	12.538042	12.926035	12.863796	11.791785	10.422461	9.620090	7.866508	4.763085	3.202401	5.568862	8.492315	9.857955	9.510238	9.278510	10.161133	10.110262	8.820898	7.923775	7.573885	6.563443	6.868053	9.251943	10.181239	8.877815	7.679233	8.435186	8.139221	6.238379	5.099266	6.263729	7.228590	6.776101	6.446263	7.802464	7.800380	5.586986	5.348376	6.008500	3.621911	-0.155570	1.131153	2.696089	2.806669	3.309797	4.447788	3.934633	0.714104	-1.908268	0.686716	1.583084	1.281129	3.167086	6.322700	7.532832	6.542638	6.235959	7.629074	7.582333	5.875606	5.096015	4.830013	3.099346	2.225663	2.083603	0.379027	-2.547145	-4.099526	-1.910629	0.075861	-1.144072	-8.018774	-0.981265	3.742414	4.313070	2.867836	3.027584	4.212709	3.678406	2.353630	1.069519	-0.183785	1.578564	2.895496	2.056344	0.923920	0.654166	-0.307826	-3.678051	-5.923763	0.029098	1.643584	-1.300256	-7.121659	-4.303420	-3.384806	-3.994098	-5.567538	-8.996858	-8.499758	-10.787742	-11.412678	-6.719151	-7.275437	-11.917964	-18.046231	-26.539899	-13.435623	-8.395919	-7.637985	-10.279743	-15.756215	-14.671392	-12.555762	-14.809482	-23.442181	-18.687696	-15.369513	-16.610805	-21.078789	-27.403524	-28.114231	-25.763405	-24.322657	-24.038931	-24.373647	-23.817276	-20.820878	-18.014643	-17.036276	-18.146100	-22.050445	-29.439522	-27.637173	-25.878545	-27.831858	-32.947845	-42.242562	-27.911753	-24.057327	-26.637933	-37.437794	-23.948842	-23.647011	-34.755810	-20.471624	-15.436452	
19.752483	18.003121	12.150056	-0.764538	-4.635903	0.782194	5.190341	6.799530	9.058803	11.656246	12.520218	10.550710	3.599820	-3.384319	9.475471	14.833271	17.658541	18.506368	17.453402	13.993691	8.168653	16.077757	22.867944	27.069420	29.706315	31.428109	32.668372	33.526441	33.892937	33.680800	32.900651	31.561463	29.521875	26.495084	22.126602	16.108156	12.721181	16.122139	18.250116	18.226993	15.558985	9.857202	15.937252	22.197181	26.211836	29.070664	31.110972	32.388047	32.902798	32.713661	31.935488	30.652811	28.847561	26.540883	24.460406	24.359007	26.058835	28.033042	29.691764	30.815138	31.226868	30.766832	29.267105	26.671983	24.522897	26.344042	29.221150	31.020704	31.737805	31.541100	30.442412	28.170574	23.771988	13.863479	21.290307	27.633439	30.850141	32.520220	33.177842	33.087582	32.347604	30.902543	28.575867	25.006860	19.005472	2.156206	17.358013	22.980397	25.701045	27.028508	27.453379	27.164383	26.134210	24.112969	20.767495	18.057480	20.902194	24.124312	25.992603	26.964524	27.444363	27.536894	27.081877	25.879731	23.903310	21.488884	19.275117	17.511540	16.477967	17.027430	18.357316	19.153120	19.318396	19.435185	19.556932	18.965883	16.957376	12.789039	5.782684	9.373757	14.629398	17.497869	19.041231	19.617307	19.342617	18.234878	16.177819	12.758652	6.917294	4.935298	11.746622	15.846950	18.119838	19.079667	18.918694	17.704444	15.404595	11.795868	6.323372	4.385062	10.066680	13.810389	15.926328	17.022697	17.339260	16.768404	14.910610	10.988811	3.206200	1.273120	5.852962	5.769287	1.937160	3.651402	10.177136	14.037057	16.213660	17.286586	17.417156	16.455972	14.537323	14.302172	17.297115	20.136972	21.963222	22.942952	23.181068	22.632998	21.190746	18.726470	14.907904	8.466205	0.181964	7.830668	10.704090	10.406783	7.321631	1.957300	3.519893	7.235355	9.565678	11.328306	12.573047	13.248556	13.679167	13.986696	13.670557	12.097173	9.212993	7.488024	8.842225	9.845844	9.266147	7.719001	6.973228	7.290159	7.754710	8.325209	8.558041	7.225745	2.064710	-10.463075	2.335137	5.285837	5.411469	4.880052	5.036553	4.960636	3.584813	0.472977	-3.934233	-3.295072	-1.253670	-2.058692	-5.028841	-7.779987	-9.065321	-9.448181	-9.388320	-10.241877	-12.453522	-14.417642	-15.569894	-15.797695	-16.096064	-18.023379	-20.934395	-21.488853	-22.091717	-26.162035	-30.680671	-27.698621	-25.474456	-23.992030	-23.142266	-24.078627	-21.825555	-17.660432	-16.594380	-18.814964	-25.230212	-39.012332	-28.576184	-24.718876	-23.459433	-25.641049	-26.358821	-21.856089	-19.314901	-18.087422	-17.392654	-17.057554	-16.907540	-16.784916	-16.789313	-16.806854	
19.700525	18.010051	12.512449	1.898255	-2.759495	4.890399	7.867091	5.500962	5.310141	11.813470	14.605737	15.115752	14.761344	15.154242	16.649852	17.473956	16.758636	15.099246	13.577828	12.685313	13.684539	18.289063	23.102773	26.343643	28.249030	29.194926	29.465037	29.555920	30.028703	30.723151	30.893364	29.930709	27.633484	24.397148	21.232180	18.873725	17.862033	18.463928	19.529294	19.967599	19.610393	18.950492	18.765311	20.104089	23.116749	26.364921	28.734115	29.679484	29.080354	27.565917	26.567231	25.778160	23.371965	17.854940	5.023479	8.358992	16.136424	20.746006	23.916554	26.430208	28.395330	29.579986	29.856317	29.370997	28.689521	28.730729	29.723580	30.549734	30.083489	28.004962	25.859419	25.703902	25.245698	24.039086	23.859897	25.105165	27.771599	29.968756	30.230874	28.541657	27.026542	27.277892	26.303136	22.673946	16.893808	14.908995	18.437638	21.859382	23.379075	22.464158	20.317182	21.333536	22.326486	20.188875	14.229014	8.521701	14.856171	21.090109	23.083868	20.633437	16.249954	21.668050	24.031118	22.860293	17.298627	-9.603570	13.665918	12.653228	6.742863	10.524403	9.983546	10.739271	11.407438	5.104016	12.041956	17.768913	19.465004	18.920587	16.783840	12.532286	5.306485	13.247814	17.140747	16.932905	12.766201	8.918186	13.034873	13.290633	10.124809	5.363684	4.071619	12.076905	15.561493	15.831604	14.893283	14.174277	12.203437	7.165494	-0.090406	1.992182	7.800950	11.227833	12.108258	11.520301	10.711989	12.437930	15.228144	15.948773	14.779843	13.495438	11.901327	7.876357	1.745907	-5.707774	8.071276	14.393153	17.045003	17.939622	18.355264	18.870835	19.491113	20.154328	20.501857	19.955835	19.170655	20.976776	23.436079	24.029229	22.328061	18.303375	13.328746	12.118773	12.984853	13.932194	14.637504	14.656270	13.852631	12.229395	8.926954	-3.641574	7.688773	13.981208	14.419356	8.301977	4.757480	12.974397	13.535557	11.172570	8.340235	7.128843	11.514255	14.154707	13.367332	10.525018	11.313800	11.997719	8.628831	6.797955	12.262997	14.937312	15.760032	15.983888	16.033945	14.742690	11.302430	9.804860	11.115584	10.126337	7.095142	3.538705	1.221379	2.458616	2.388038	-2.047015	-18.711875	-8.362534	-7.967387	-12.584258	-11.212401	-10.761164	-12.742807	-14.128471	-17.376427	-15.022062	-11.822586	-12.514198	-15.010021	-15.338945	-14.898833	-16.029880	-19.142405	-20.390303	-16.151993	-12.906478	-11.350078	-11.238117	-12.846369	-17.364850	-28.643653	-23.667583	-20.722731	-20.697684	-20.037799	-18.749785	-18.590805	-20.211778	-21.653379	-20.177265	-19.884150	-24.589012	-27.289782	-19.886385	-19.472731	-25.228909	-40.176027	-31.538068	
19.721171	17.980286	12.334282	1.718150	-3.160769	4.206595	8.039770	9.691054	11.369035	11.871407	8.813106	2.927375	8.142563	10.502260	11.516254	10.544341	5.039011	-9.669249	-2.235274	-3.081333	5.052850	13.761753	15.093217	9.518603	4.822799	11.590479	10.206311	6.860517	4.386227	4.334218	14.682639	16.674465	13.511826	4.258268	-1.609863	0.668902	1.862591	5.317335	5.596104	6.562356	9.489572	8.185621	3.131484	0.033448	6.023850	9.789492	12.263858	14.429506	13.861801	9.903179	6.089633	7.142829	7.860966	7.480756	5.446833	2.153036	0.205193	-15.898709	3.443250	7.139777	9.789194	13.210445	14.708733	13.390155	8.273141	-3.590002	12.617956	17.012784	17.854622	16.502458	14.466290	15.439619	16.984226	16.408105	12.951208	9.649965	13.786792	16.526975	17.713121	17.481798	16.548441	17.080707	17.393860	15.475937	11.186484	5.987684	6.886792	11.614463	14.010030	13.848142	12.373558	11.760911	12.208290	12.083001	10.853394	10.364157	13.801882	17.445713	18.877602	18.280568	16.384241	14.007846	12.299060	13.065258	15.230804	16.397844	16.168084	15.139908	13.884300	12.225807	9.881725	8.514690	8.817197	8.531112	8.780901	11.196432	12.772910	12.336499	11.029687	11.226950	12.061900	12.195873	11.133935	8.859516	6.724724	6.863361	9.320940	11.751964	12.524345	11.600375	9.966448	7.695283	5.094150	2.791607	-2.474332	0.980316	3.760474	3.062643	2.043154	2.715502	3.394630	1.393772	-5.154884	-10.419185	-6.460128	-0.403440	7.707583	13.423385	16.223413	16.567497	14.925947	11.983145	9.258780	8.775727	10.159836	10.935778	8.511273	-4.224350	2.917424	6.243483	2.400971	5.046955	9.916352	10.343931	9.380326	11.328582	14.217181	16.099646	15.951899	13.363943	8.617753	5.823967	3.496377	-1.690541	8.138883	9.411767	4.312092	3.219600	8.921509	11.366995	13.149831	14.825177	15.950810	16.199014	15.458357	13.420252	9.037978	0.709870	5.728550	9.637065	11.194431	12.784318	14.441570	15.255438	14.989486	13.955356	12.811689	12.083150	11.433881	10.433663	11.799971	16.000632	19.005521	20.049724	19.183720	16.186708	9.837926	-5.416510	0.549755	-3.212623	0.230773	5.875262	6.413355	3.942121	-0.525738	-6.013324	-8.613332	-6.222510	-5.996663	-9.082355	-13.313287	-11.887951	-10.521004	-9.682832	-8.583330	-8.622195	-11.170226	-19.089483	-23.511073	-13.909209	-11.130194	-10.397892	-10.930147	-12.623140	-14.489059	-14.375182	-13.700635	-14.336251	-16.053231	-17.870554	-20.505706	-24.752970	-20.742182	-17.632037	-18.407545	-22.364054	-25.906262	-24.236013	-22.909463	-22.927067	-22.982941	-22.491727	-22.507323	-23.652021	-25.208807	-26.333765	
19.566627	17.820153	12.102509	0.846961	-5.234184	4.069160	7.682342	6.341747	6.888773	12.259929	14.776091	14.848760	13.346109	12.391292	13.398812	13.569061	11.570533	8.490507	8.184350	9.071880	8.779329	8.535683	9.579888	10.199299	9.277653	6.816336	4.895657	6.934058	9.768955	11.576622	11.996908	10.881658	8.284911	3.651935	-7.560171	-3.902568	1.184722	2.329403	3.227290	4.859293	5.835129	5.021138	2.334476	-0.534980	-1.058899	-1.701643	2.698315	7.575886	8.718166	5.547196	-5.100670	-0.315287	0.852715	-1.156700	2.865282	4.722239	3.023522	-1.921167	-8.473024	-10.000176	-7.889536	-5.554364	-2.064202	-1.776982	-12.316638	-1.083561	5.812855	5.965415	-5.459527	4.188863	8.670575	5.707316	-2.696436	5.862420	6.525585	1.647677	-0.874910	-1.364168	-0.712755	8.311829	11.502288	11.512720	9.521303	6.675424	4.030341	1.331851	-0.045114	2.745677	6.234267	6.677552	2.212341	-20.209224	0.476883	0.675016	-14.287963	3.196058	8.560617	10.857609	11.895983	11.090255	7.286320	-1.605480	-6.839118	0.591631	5.272455	7.423100	7.455686	4.790887	-1.053589	6.732944	10.479204	10.261429	6.878750	1.078760	-1.697473	-4.547697	-9.040853	-0.912000	0.736283	4.294036	8.130363	8.444432	4.388749	-5.967803	-2.599543	-2.274820	4.203314	8.209194	8.873114	8.180100	7.196727	4.158472	-1.098828	1.890628	3.309098	1.197166	-3.738692	-18.802268	-8.046549	-4.850516	-6.566373	-3.818274	-1.677763	-2.709619	-8.813656	-3.641460	3.402466	7.640628	9.937280	9.543966	5.015141	-4.883025	0.876204	-1.731409	-2.222620	4.500358	5.452203	2.791334	-1.430845	-2.187003	-0.400508	1.337915	2.341738	3.111368	3.205628	-0.910397	-3.453939	6.599271	8.281060	3.361281	-5.322910	6.611222	8.823220	8.433168	6.930084	4.999495	4.154476	4.504405	3.306675	-0.953922	2.026724	5.348179	7.324563	8.886524	8.210224	6.315604	7.087009	7.382968	4.432718	-4.538835	-11.704682	-3.092794	1.814183	4.962455	5.324240	2.462572	-10.093947	-2.903955	1.016842	-0.294648	-2.460089	7.006144	13.375765	15.864628	15.689091	13.856119	11.509332	8.930799	6.864852	7.172755	7.699792	6.982653	5.010972	2.385649	-1.084788	-7.075022	-12.689951	-9.476043	-6.142400	-5.112640	-6.635138	-11.207884	-21.771650	-16.635635	-12.986718	-13.819962	-15.575024	-14.423134	-13.333301	-13.769256	-15.737705	-18.108965	-19.987843	-21.722311	-24.287561	-24.180128	-23.026788	-23.717958	-22.389602	-21.180380	-20.134118	-19.591703	-20.441370	-20.952888	-19.967297	-20.931160	-27.528857	-29.831118	-23.163336	-23.439024	-26.757398	-23.410319	-20.789139	-22.161529	-24.757168	-21.232574	
19.661146	17.942806	12.385633	1.683762	-7.844274	-0.910856	5.319188	9.546286	12.655102	14.387334	15.050897	15.473902	15.905033	16.021404	15.943041	15.710157	14.753805	12.618541	9.874683	7.499540	3.226582	0.233748	3.804702	1.261681	-5.114768	-0.653301	0.013819	1.643453	2.160449	4.814834	6.232755	2.252072	-16.704985	0.033895	1.281977	-0.381070	-2.695400	-8.324046	-3.308918	2.228570	3.026727	0.847425	-2.201045	-5.901112	-2.154443	3.508509	5.446661	4.599583	3.143289	4.553842	5.936592	5.479085	2.941087	-1.931261	-1.393276	1.737016	1.461236	-2.047482	-7.537213	-7.632223	-6.980479	-6.952105	-6.721076	-9.923600	-12.184523	-3.304071	0.863634	3.088525	4.461704	5.016242	4.787776	4.265675	3.450632	1.072514	-5.212046	-9.497682	-4.220078	-0.401926	1.996521	1.605903	-1.667976	-9.859052	-8.862489	-5.969421	-7.426774	-6.498949	-4.903893	-2.345691	0.216050	0.621818	-2.046016	-5.353949	-4.034600	-3.129536	-2.838697	-3.068397	-8.085706	-13.879868	-2.618040	0.431323	0.717168	-1.186554	-3.737498	-3.294042	-2.337772	-4.203344	-16.569104	-4.945727	2.078015	4.327632	3.741338	1.240243	-0.664502	-0.834852	-2.017934	-5.292985	-6.993866	-1.876281	3.393791	5.792686	5.301857	2.712247	1.318219	2.521665	3.564546	3.600059	2.209689	-0.272709	-3.755919	-13.213084	-2.937181	1.522329	2.455037	2.108166	0.186493	-5.403665	-14.753331	-5.840245	-2.711689	-2.012846	-1.780860	-0.374882	0.642319	-0.513324	-4.481203	-11.187300	-13.689170	-4.936806	-1.316445	-0.608463	0.338380	1.986123	2.938011	2.790850	0.266043	-3.629902	-1.436837	-1.345633	-4.701307	-8.866163	-13.328307	-12.506037	-14.549306	-8.563055	-12.769141	-4.850772	3.998698	6.490773	5.882824	4.371269	4.471622	5.204068	5.096122	4.483844	2.489262	-3.886723	-10.879217	-3.117815	0.481371	1.834313	0.436267	-1.519516	-0.168565	-0.264592	-3.203351	-5.546517	-2.739163	0.145558	-0.150452	-5.318103	-25.797405	-16.939956	-11.541503	-4.570813	-3.909576	-11.619639	-7.034952	0.966563	3.481731	4.277767	5.981844	7.412864	6.705046	3.749988	1.717606	0.189345	-16.921621	2.393187	7.227263	7.420218	4.833872	0.154307	-8.654463	-14.638701	-7.868089	-9.155392	-15.517826	-20.024368	-10.303504	-7.944417	-9.978124	-16.670528	-19.896519	-16.524962	-16.235840	-16.869767	-16.637782	-14.294964	-13.910270	-17.950906	-25.583710	-24.085610	-26.573741	-30.070793	-29.918371	-23.287817	-21.055606	-21.389944	-22.105375	-22.651771	-21.616682	-21.604036	-24.498882	-27.027800	-26.425616	-25.031767	-22.514535	-20.853769	-20.836601	-22.991202	-27.891100	-23.906053	-18.920642	-17.128269	-17.774046	-20.991183	
19.727520	17.996825	12.286217	0.392000	-12.742080	-3.651544	-6.635646	0.136433	8.206931	8.626146	1.928165	2.895220	7.112941	3.467333	-6.295762	6.974718	8.961670	6.067443	-2.436882	1.028687	6.078604	7.021689	4.519187	-0.383673	-0.480352	4.138279	6.834222	6.746891	5.334800	5.087164	4.695648	3.399599	1.910796	-0.652591	-5.764638	-13.427030	-8.893219	-4.244899	-1.493516	-0.372574	-1.631452	-6.832851	-8.503929	-4.439274	-2.795931	0.038266	0.614980	-2.772543	-7.642254	-7.578495	-0.847144	3.064080	3.156054	0.690475	-2.316351	-5.806235	-10.987182	-5.096963	-1.570047	-2.396915	-8.353134	-17.061240	-8.240980	-5.863166	-5.158873	-5.786671	-9.356547	-19.002503	-5.909502	-2.630297	-5.602522	-24.253202	-3.819361	-0.722400	-0.637559	-0.274365	1.704364	2.849020	1.065569	-5.575942	-9.418348	-3.304888	-0.850174	0.867140	1.697244	-0.023435	-6.902566	-4.441114	0.131841	-0.200077	-3.979824	-10.072310	-14.813421	-13.356812	-12.533648	-6.235771	-2.236831	-3.086720	-10.753343	-10.699450	-5.391073	-4.812189	-5.590800	-5.632656	-7.078673	-20.878006	-6.425452	-0.826700	-0.538311	-3.638687	-6.398102	-7.605665	-10.218842	-13.091807	-11.281608	-6.298938	-3.801930	-0.047191	1.436844	-0.528874	-3.974151	-7.106565	-10.155410	-12.325177	-7.106200	-3.668995	-6.484808	-19.309477	-14.215171	-5.893789	-2.075688	-3.122802	-10.436947	-6.368363	-2.357772	-2.770434	-6.152641	-11.949513	-9.980914	-3.366160	0.172312	0.861396	-1.418026	-7.396770	-15.796381	-20.261144	-18.889972	-10.337755	-10.454907	-16.408943	-11.771716	-5.821807	-0.974349	1.119014	0.380586	-1.755821	-2.585583	-2.438559	-2.852421	-4.782241	-7.417466	-5.777579	-1.905087	0.781399	3.089386	5.000714	5.289406	3.550434	-0.306904	-5.860085	-3.529953	-1.604648	-4.529344	-5.083342	0.595449	1.513518	-2.283222	-10.124231	-3.258592	1.435450	3.880182	4.364417	2.872675	-0.461320	-5.741161	-8.544197	-7.009628	-8.191452	-3.252631	-0.159843	-0.337393	-2.135277	-5.707062	-11.406099	-6.925440	-3.780124	-3.258644	-3.673688	-0.068697	2.961720	2.458379	-1.506571	-3.819199	-4.621207	-7.815192	-6.951388	-2.415981	2.138915	3.206579	0.036508	-11.889827	-8.343238	-4.988518	-7.904037	-16.683197	-23.166877	-22.186775	-19.828153	-12.444764	-10.318694	-11.966131	-16.804529	-23.810003	-25.784731	-25.754362	-37.699538	-16.842984	-11.320110	-9.772005	-10.615319	-12.885870	-15.783897	-19.078068	-22.557098	-24.079975	-23.733544	-21.126453	-17.460896	-15.199588	-14.617739	-15.818957	-19.601039	-28.808581	-31.279554	-29.300839	-32.038743	-27.107289	-25.229385	-26.939917	-29.444177	-26.395198	-22.037584	-19.570348	-20.412927	-23.865533	-25.199585	
19.712774	17.994390	12.457685	1.829204	-8.276938	-0.493888	4.541967	6.863755	8.018336	8.040817	6.519186	4.320962	3.813476	3.639705	2.378566	2.036397	3.047718	3.108871	0.996306	-10.885343	0.005940	6.253295	6.919587	4.483504	3.553028	6.415992	9.633040	11.383296	10.564079	5.931901	-6.335637	-0.858645	-1.515040	-13.408484	-6.101578	-4.412468	-9.232469	-14.533947	-10.657625	-7.378046	-3.846057	-2.805922	-4.443610	-8.360283	-9.529167	-5.084052	-2.575759	-2.098392	-3.057134	-3.189611	0.049572	2.645183	2.595345	-0.881832	-10.542540	-15.228105	-7.331045	-3.560243	-0.962137	-0.430198	-2.204180	-5.621959	-8.708127	-8.770686	-10.153159	-22.123902	-12.179110	-6.773086	-6.356132	-9.475129	-13.203704	-6.692474	-2.930098	-3.102695	-10.645343	-7.412898	0.307817	1.871195	0.773822	-0.723913	-2.394992	-7.428626	-8.351242	-0.930511	1.283614	1.250320	1.418826	2.013749	1.424039	-1.708133	-9.230704	-10.517746	-7.612099	-5.492547	-0.443307	2.675185	3.105866	0.617456	-6.581999	-12.883731	-5.618856	-7.247419	-16.729699	-4.364234	-0.524314	0.591590	0.601224	-0.378971	-2.663963	-6.841698	-9.067720	-9.764420	-11.704062	-4.379607	0.037410	2.358738	2.835767	2.019799	1.384166	0.001323	-1.204441	0.650607	1.037807	-0.312140	-1.481086	-2.469149	-4.114085	-7.445591	-8.530896	-5.652635	-4.897122	-4.883647	-3.559309	-2.879825	-5.018738	-11.746901	-14.061856	-11.373501	-19.656761	-10.333475	-2.888831	-1.735421	-5.177754	-14.672646	-21.376520	-20.630088	-13.520186	-7.826145	-5.095735	-5.193019	-7.571259	-5.664966	-3.464558	-4.790286	-5.939582	-4.397489	-5.493782	-12.945451	-9.814172	-3.567307	-3.979031	-12.308757	-1.842304	3.749385	5.099112	2.951846	-5.120460	-8.662998	-2.694598	-5.850038	-10.906346	-1.944484	-0.198087	-4.177546	-5.080160	2.627194	4.573423	1.989616	-5.235023	-0.088554	1.960717	0.596275	-2.606976	-12.918490	-2.558076	1.214819	0.310418	-1.635605	-3.197640	-4.305766	0.837671	3.351997	2.798803	1.187965	-0.732372	-5.905208	-17.021171	-12.513107	-5.365518	-0.177542	1.594963	0.855684	-0.407944	-1.492316	-4.595411	-8.451305	-5.601196	-0.677513	1.314199	-0.242990	-5.612081	-8.539142	-5.813708	-5.850762	-8.415285	-12.608751	-14.861080	-13.683189	-12.008754	-11.800503	-14.601012	-24.135600	-26.239385	-21.003305	-19.571188	-14.752768	-11.270909	-10.319054	-11.992908	-17.009188	-23.691328	-19.325448	-18.120448	-20.754786	-27.269861	-36.526002	-28.242993	-21.998595	-20.352303	-20.978392	-19.345153	-17.795452	-18.537556	-20.146359	-21.170649	-23.407473	-29.461714	-35.131123	-27.855605	-25.729450	-22.216512	-18.338993	-17.171509	-18.943087	-22.343836	-23.223339	
19.841271	18.163499	12.696457	1.925651	-3.842866	2.800014	4.810265	-1.083525	-3.825037	4.281053	4.053744	0.770821	-0.035391	0.870617	0.408519	0.009765	0.344373	-1.956172	-3.161702	3.864255	8.052952	9.567694	8.258347	2.907550	-2.851029	-6.590773	0.520819	8.983558	11.251002	10.138753	6.798519	3.101420	1.335479	1.127253	1.079110	0.666862	-0.277511	-1.848649	-2.526256	-1.498589	-2.248731	-7.884428	-11.347535	-6.728944	-9.827683	-12.683459	-13.827392	-14.265836	-4.797086	-5.772034	-12.985105	-1.776120	0.700516	-0.771691	-4.577480	-10.376527	-21.603027	-7.889652	-2.284564	-0.198855	-0.507124	-3.340775	-6.798449	-6.167838	-6.776128	-9.572154	-11.145752	-11.353735	-9.511445	-6.184463	-4.080060	-3.612550	-6.830422	-17.985023	-4.037986	0.189832	0.534254	-2.053924	-7.650908	-11.285863	-5.098794	-1.214825	0.742478	1.017516	-1.075593	-5.065804	-2.019763	0.169715	-3.907443	-15.782558	-2.449823	-0.180322	1.330429	1.472140	0.364251	2.041130	3.440523	2.809984	1.542950	1.081510	1.301463	1.044349	-0.053287	-1.840748	-2.260928	-0.417633	-1.343125	-9.538211	-9.487436	-1.966265	-0.585078	-1.545327	-1.901618	-0.835981	-0.261140	1.578236	2.437327	-0.380653	-0.023856	4.894373	6.831011	6.851799	5.534908	2.026723	-7.504196	-7.648423	-3.523395	-5.951996	-6.250646	-5.100629	-8.230488	-8.095657	-7.249870	-13.994115	-5.377082	-0.200860	1.510290	2.333931	2.902790	2.667668	1.493020	-0.277807	-3.767603	-9.228756	-8.733614	-7.442703	-4.799595	-5.071249	-8.838230	-7.516239	-5.610187	-3.816784	-1.690030	-1.353892	-1.421843	-1.402392	-4.385391	-6.914098	-0.878053	0.829373	-1.122769	-1.024992	3.955084	4.766948	-1.826668	-1.138607	5.887426	6.690380	4.714318	0.756884	-7.691349	-12.884493	-5.482506	-0.768835	4.193410	8.548462	11.284282	12.024055	10.828461	7.680320	2.696409	0.845756	2.606228	2.394016	1.390150	2.188920	3.253663	3.011000	1.731875	1.446854	3.513440	4.628355	4.486973	4.612665	4.058377	1.447927	-3.060617	-7.827734	-5.671509	-1.698992	1.034066	2.331522	0.824771	-4.430233	-5.729980	-5.750583	-4.756373	1.474095	3.108822	0.691733	-5.379584	-12.171766	-9.378219	-6.139496	-7.331544	-13.462028	-27.142669	-22.791726	-19.838783	-17.886926	-15.095656	-13.209262	-12.781106	-12.960411	-14.000953	-15.205190	-14.290377	-14.517431	-17.950725	-22.797756	-24.130852	-26.296370	-27.093330	-23.696856	-23.925063	-26.095964	-24.010804	-24.902993	-29.614564	-31.958336	-26.477147	-21.328551	-18.996134	-19.515704	-23.856923	-31.988108	-26.576333	-24.751671	-25.835259	-25.763314	-21.018239	-17.964547	-17.569523	-19.346289	-22.722589	-27.726525	
19.724115	17.988081	12.247623	-0.254584	-13.548251	0.169338	6.247068	8.623991	9.538127	9.358019	7.334578	1.605366	-7.690841	2.007678	4.657030	4.364034	1.791684	-4.742508	-1.203564	5.910305	8.449477	7.984008	6.116625	5.213215	4.612034	6.232633	9.509963	10.914410	9.957805	6.329146	-2.698859	-5.272533	-0.940220	-7.555487	-5.590527	1.932095	3.001940	0.540215	-1.748967	1.570398	3.205360	1.911450	-1.943850	-4.280410	-1.662827	0.427915	2.391266	3.979450	4.222970	3.136231	0.937200	-1.917073	-2.761058	-4.457597	-10.799347	-3.990860	-0.101458	-0.087211	-4.793957	-7.343592	-0.522875	-0.021302	-4.205644	-6.701273	-3.593433	-3.117918	-2.334827	-1.387928	-0.931950	1.383029	2.815663	2.040221	0.656820	0.756634	1.311217	-0.314154	-7.237126	-15.928916	-6.646105	-5.309878	-8.274652	-14.225536	-1.037367	3.442339	3.990624	0.332749	-7.823423	2.737248	7.066147	9.071357	10.432492	10.990329	10.098674	7.871043	6.530642	6.757634	5.107961	1.444101	4.218610	6.412549	4.085894	-8.026920	-1.566734	2.575223	2.936738	4.930436	7.720042	8.893193	8.003800	5.143767	4.753025	7.363150	7.197783	4.441575	2.394206	4.901810	7.441494	6.454450	-2.316303	1.489498	6.984950	5.861990	-2.376879	1.007419	7.537373	9.796341	10.196364	9.813085	9.355437	8.134515	4.056311	-8.643042	-4.429970	-0.466920	-3.702688	-2.047667	8.047316	11.896973	12.145600	9.211507	4.364299	4.525582	6.828261	8.474945	9.495088	9.746718	8.894853	7.152292	5.794018	5.382579	5.358057	6.524546	8.299908	8.272967	4.739857	-2.569625	3.950025	8.326270	10.180380	10.342857	9.666241	10.021139	11.954773	13.416814	13.732758	13.603927	13.779284	14.041966	13.416129	11.380643	8.771682	7.013784	5.904160	7.570959	11.350709	13.166060	11.977481	8.805713	8.667020	8.079814	4.686303	6.684151	9.112474	8.339406	6.996619	7.375282	5.067020	-1.922463	1.682686	5.809018	6.892437	4.204321	0.188744	2.619097	0.405922	-0.887311	3.049525	4.152315	4.934802	4.774361	5.603413	8.252574	8.734108	6.737932	4.025501	-1.891765	-3.524117	7.107128	9.713391	8.613195	4.847035	0.924439	-2.203271	-9.031511	-25.418775	-18.305117	-19.967943	-19.362041	-18.961342	-16.394179	-14.455611	-18.519929	-22.978800	-14.046428	-13.358065	-15.349386	-14.985115	-14.043492	-15.009493	-17.046665	-17.699200	-17.844860	-18.048983	-17.391110	-17.214251	-18.629002	-21.663390	-26.649171	-32.558940	-30.254996	-31.539353	-32.679778	-26.844725	-24.345263	-23.958080	-24.606202	-25.444183	-25.919774	-25.616149	-23.704848	-21.449559	-22.164826	-28.416199	-35.174398	-30.459699	-34.020237	
19.639214	17.932902	12.322440	0.564688	-9.648911	0.992025	6.069760	6.395689	3.251500	3.646804	8.178246	9.486306	6.989038	-2.879337	3.127487	7.361635	5.869754	-0.899884	0.887837	7.992023	9.769054	7.270829	2.234581	3.854538	3.859315	5.842492	10.373748	10.814637	5.231437	1.483658	8.450662	8.730030	5.849003	0.502053	-17.590480	-1.345336	3.118878	3.251438	2.387393	3.796655	6.161464	7.138221	6.011314	5.109428	6.989827	8.709847	8.360349	4.727238	2.676403	6.409006	5.877487	2.145965	0.787060	-0.939990	-1.080970	3.105923	5.605163	7.140819	8.235218	8.034209	5.244149	-0.909663	1.409936	4.905048	7.920323	10.658958	11.387834	9.088636	0.499015	6.181481	11.502302	11.703194	9.622494	9.961749	10.949348	10.526960	9.349103	8.484352	8.849055	9.769029	10.346786	9.829717	6.820475	3.941981	9.284926	11.957425	11.665014	7.581242	-3.424217	11.229379	14.736988	13.713210	7.369219	-2.133245	10.934679	14.334400	14.418632	11.071905	4.265979	10.390907	13.783109	14.189486	13.230326	11.455634	7.553623	-1.018752	10.076562	14.896658	16.442644	16.512182	16.362566	16.177309	14.930992	12.235433	12.576616	15.313262	15.934089	14.471954	11.974518	9.948275	9.014899	7.423712	1.233922	-1.412130	10.535140	15.091432	16.552202	15.469585	12.816441	12.910620	14.842155	15.767035	16.087398	15.777483	14.863821	14.597368	15.269059	15.864727	15.737785	14.590219	12.018866	6.334071	4.863318	12.242583	14.656039	13.515084	8.909768	2.184017	2.844970	6.760960	9.760996	10.170342	7.366813	6.638254	11.370396	14.249940	15.557574	15.112863	11.568637	-0.455790	6.020979	10.072751	11.625291	14.104363	14.698062	10.536876	2.691224	13.757519	15.900333	13.370043	5.192486	5.934517	9.281186	7.669055	8.697617	12.609328	13.263038	11.762562	11.142386	11.075351	10.403404	11.471951	14.573098	16.990263	17.472937	15.792408	11.681374	3.383596	-11.396803	-0.479064	5.420479	10.358125	12.570098	12.547283	11.349038	10.795221	10.631579	9.139264	7.386913	8.879823	10.846143	11.904552	13.305437	15.017840	15.803401	15.701339	15.539268	15.050994	13.396225	10.477344	6.796965	3.250533	0.605590	-1.971686	-4.870993	-7.377878	-8.856681	-8.465961	-7.286799	-7.232446	-8.980830	-11.471950	-12.229170	-11.775364	-13.121039	-17.992623	-18.826532	-15.426228	-15.121727	-17.308976	-19.249692	-17.213632	-16.743840	-20.039842	-25.006911	-22.831227	-23.975499	-34.609120	-27.636890	-22.499863	-21.287197	-21.003994	-22.046646	-24.930288	-23.062255	-20.055467	-20.722379	-23.607606	-20.990392	-18.856974	-19.575678	-22.137689	-25.405170	-28.671941	-31.511596	-35.563097	
19.906635	18.151458	12.519924	2.136664	-2.555426	1.583733	-3.343099	-1.908343	6.654484	10.286769	11.240782	6.036641	5.595928	15.386661	19.264169	21.029551	21.302042	20.291422	18.026034	13.323158	-1.373160	7.568510	9.771838	3.828538	-4.899812	7.769228	14.879813	18.621998	18.996518	15.542338	-2.438928	13.726483	18.528170	19.128062	18.289911	17.606764	18.215401	19.381218	18.951056	16.787112	15.779916	16.969718	17.342019	15.983360	12.976405	12.399875	16.369345	19.020727	20.437807	21.837175	22.820747	22.515840	20.971258	19.196565	18.116125	17.004123	15.114218	13.993550	16.535526	19.791278	21.845474	22.780856	22.971537	22.226496	20.092746	19.759702	23.287655	25.704484	26.651734	26.737805	25.920382	23.559318	18.707618	8.942824	2.782949	11.595543	16.209492	18.117923	17.243808	13.963603	13.851716	16.501543	16.577450	14.161509	13.179635	17.013742	18.708735	17.758864	15.404460	13.209228	14.624741	16.627969	16.541088	14.148143	7.365361	14.211918	20.964100	23.572898	23.772839	22.128691	18.166752	12.967870	11.839391	4.807944	11.777657	18.972766	22.150550	22.428242	18.749026	13.128125	17.897907	17.325836	10.857975	15.723818	19.299204	19.121994	16.980535	14.824085	10.647040	4.780158	10.820971	10.396651	5.413326	8.253100	13.710365	14.912700	12.372786	11.977181	13.194778	14.688609	19.223899	21.728841	21.455701	17.967899	8.293907	11.209560	13.676139	6.454460	7.029225	13.389033	10.756246	-6.426093	13.823595	18.258130	19.037333	16.970743	12.183901	6.664794	5.280032	6.516201	8.771678	10.916247	11.668469	12.676687	14.126590	13.188307	10.133767	12.760365	15.666543	16.236186	15.274777	13.523020	13.521724	15.435988	15.870609	13.235468	6.769182	12.282605	16.747134	18.057483	17.785059	17.034264	16.131265	15.120143	14.415012	12.348490	5.085072	8.571898	14.525354	15.829147	13.095389	5.765571	14.424812	18.417729	19.038920	17.589735	13.956740	6.212362	-14.654320	-2.284194	-0.569666	10.718217	15.124468	15.499286	12.244760	7.033907	9.272813	10.190309	9.009178	10.543498	10.332350	2.698929	2.115984	8.036324	15.134942	19.343695	19.339072	14.258540	6.911851	12.924164	12.361842	9.572615	8.991461	6.650672	0.012726	-3.043848	-0.922000	-2.112593	-5.464385	-9.513449	-16.725509	-16.925504	-10.755615	-12.589301	-24.607444	-20.646407	-16.015525	-15.230826	-17.093779	-21.508233	-25.412600	-24.288583	-22.027485	-21.680112	-23.026104	-24.154768	-23.921543	-23.225391	-22.175792	-20.741124	-19.294994	-18.530378	-18.983316	-20.440350	-20.969035	-19.140003	-17.086153	-16.163238	-16.909029	-20.263538	-29.898509	-33.157239	-28.153460	-32.959029	-37.068806	-31.005393	
19.977641	18.310129	12.874392	1.948907	-3.142267	5.257182	10.296794	13.862738	17.187778	19.224932	20.019022	21.237346	23.785973	26.271247	26.698599	22.308924	12.707326	26.275818	28.716909	27.450505	24.295157	20.276129	18.634510	21.536463	22.871112	23.665276	23.439604	21.614219	23.935093	27.310556	29.029794	30.200997	30.919934	30.617775	29.189047	26.990011	24.895380	24.151225	24.226456	23.181931	18.824522	4.919975	19.341471	22.548753	20.639973	15.415360	23.216341	27.761386	28.585363	25.434769	18.198567	25.700899	28.856870	28.058706	23.547675	18.566847	23.193622	24.957469	23.208276	14.801983	17.477304	26.373758	29.852650	30.927399	30.318235	28.311711	25.541267	26.171188	29.310965	30.904879	30.569824	28.299009	23.828040	16.855561	12.698284	15.557874	17.212070	18.609046	19.866692	19.912161	20.757240	23.533153	25.138403	24.917297	24.714477	26.076222	26.766990	25.399227	22.065320	19.899957	19.775051	16.541589	1.114235	14.396495	20.217049	23.697138	26.337099	27.830318	27.737182	25.734683	21.835117	18.295343	18.755233	20.404502	21.984536	23.341880	24.477676	25.548965	26.234052	26.093943	24.996956	23.256462	22.010475	21.991164	21.787982	19.729786	15.642358	16.394919	19.201525	19.841201	18.935484	17.228991	15.980263	16.579769	17.676341	17.537364	16.083924	16.193971	18.461902	19.432956	18.541562	17.401284	17.904126	18.312432	17.639839	16.769108	16.672873	16.905924	16.820234	16.479426	16.433631	17.142205	18.227903	18.904321	18.790883	17.817997	15.773097	12.077821	5.473970	-5.736315	-3.741501	3.521025	11.944947	15.480779	15.261995	11.691846	6.179005	0.984307	10.470659	16.287048	18.172568	16.926619	11.911992	9.680884	14.609712	15.885870	15.591568	15.778975	16.267801	15.791315	12.891853	13.011898	17.871144	19.622410	18.583750	15.362248	10.325778	-0.375134	6.674908	14.484074	17.652206	18.463988	17.551046	14.646126	6.428519	6.710292	14.047823	15.237469	13.949926	13.351715	14.893480	16.408206	16.597367	14.818729	10.580331	4.208757	-4.819436	5.066695	12.513768	15.787497	16.816956	16.174667	14.080862	13.404038	16.583427	19.536696	21.464524	22.283367	21.906037	20.470193	17.942780	14.240898	10.904997	9.450096	7.682148	4.602921	0.473696	-4.107091	-10.239500	-11.205982	-6.670842	-5.128485	-5.288123	-6.366035	-7.836260	-9.195636	-10.416037	-12.100841	-15.445643	-22.108789	-24.712701	-25.053866	-39.274797	-24.974847	-23.240908	-28.299812	-37.833931	-55.204288	-30.523330	-29.154919	-51.189048	-25.793395	-23.109427	-25.456783	-26.863092	-24.967468	-26.510711	-29.918804	-22.369290	-19.254399	-19.859223	-23.230550	-28.691858	-37.556892	-36.977587	-30.369117	
19.742338	18.091972	12.441046	-1.697191	-18.033456	5.650545	14.258008	17.093926	14.873470	16.900820	22.763321	22.105992	23.273929	31.506203	34.735863	34.686692	32.343750	28.522142	33.688675	39.094424	41.303471	41.450084	40.157309	36.894280	28.836020	30.685405	35.659605	36.492797	37.346902	38.294957	36.383376	27.050054	28.800485	34.839633	34.326096	30.146869	29.313583	30.263350	27.915059	29.151226	32.435986	33.734363	33.823135	32.063875	25.676338	22.577109	33.144727	36.907157	37.231569	34.862631	30.711723	23.887678	26.485626	32.050123	33.284336	32.078068	29.135815	24.573523	20.482304	21.126031	23.078817	25.164307	27.573155	29.044295	28.389171	25.204810	20.497837	20.570190	23.775241	24.938863	23.736574	23.246041	24.801973	24.730477	22.138806	16.511573	10.193336	14.637678	15.401912	15.783203	20.055876	23.415515	25.212209	25.968888	26.000665	25.566544	25.066866	24.695218	24.066747	22.782277	20.973649	19.249846	18.190047	17.540094	17.087794	18.366569	20.138009	20.984325	21.653276	22.095068	21.189472	17.983155	12.264152	14.338621	17.380906	15.807901	2.308085	15.641521	21.052737	21.888635	20.226651	18.165464	17.190176	16.541691	17.292951	18.805840	19.354809	18.559855	16.559440	14.249887	13.591318	14.019516	13.514178	11.916900	12.258235	14.719990	15.772946	14.575057	11.896533	10.844915	9.863741	7.669380	10.267309	10.961881	7.206832	9.883840	12.787042	10.103765	6.469321	10.744586	7.933581	5.969698	12.268483	9.774021	-4.850975	10.475225	9.315550	-11.429423	7.955902	9.756728	8.603546	11.127732	13.167362	12.623064	11.229425	11.859348	12.281933	12.476327	13.453917	13.028752	10.904816	10.610113	11.841439	13.019981	14.409603	14.572210	12.266500	6.021585	-3.967505	6.387750	10.649582	13.867030	16.673294	17.577503	15.609833	10.099848	7.337341	10.864162	13.374820	14.675395	13.889832	10.627645	5.435762	5.662518	9.892970	12.782175	14.376762	14.178676	10.900849	4.867240	9.345122	10.894157	9.229472	9.942492	11.003307	8.802670	3.512974	1.710080	11.239370	15.109139	13.624534	5.363494	14.796539	17.768865	14.221536	-1.304481	15.751049	17.969010	17.870186	18.002629	16.159925	9.948878	3.774517	6.355770	3.534128	-4.239315	-11.815085	-10.253954	-7.845778	-7.239106	-8.647492	-10.529567	-11.142051	-11.691376	-12.305837	-13.877108	-19.829868	-21.215542	-15.567020	-14.902223	-16.621129	-18.735933	-19.698122	-20.013980	-21.042013	-23.062482	-24.617618	-23.310131	-21.044404	-19.914706	-20.088985	-22.009733	-27.078019	-34.043169	-28.798686	-27.232927	-29.151213	-32.346912	-26.858013	-21.476354	-19.798088	-21.433228	-26.057988	-31.426202	-31.585169	-28.534559	
19.740867	18.006132	12.219145	0.151792	-4.197078	4.473065	9.336623	16.869661	22.066911	25.907657	29.428090	31.806582	32.953732	35.112603	38.743705	40.577794	39.601355	37.131591	38.469955	43.649993	47.766018	49.411977	48.733150	46.638009	45.512724	46.639658	48.079921	48.167312	45.974149	40.824111	36.938061	39.325940	40.107071	38.536704	34.312759	34.834382	38.383469	39.203885	37.470407	32.165556	33.134708	39.154957	40.909520	39.762758	37.832562	39.148496	42.349678	44.124910	43.329100	39.498012	33.186716	30.883237	33.585628	35.292290	33.261998	26.058069	23.723004	24.784716	21.992911	20.007181	15.455855	14.754584	16.306142	16.461773	20.523048	19.539599	8.142637	11.821887	14.108881	11.286298	13.129614	15.811949	19.191519	20.427715	19.651055	19.047150	17.983130	14.295450	9.049530	7.343139	10.972308	13.246405	9.652611	7.505610	11.160281	5.661351	0.029351	6.381463	5.071203	8.409418	7.297206	-3.711526	7.568729	10.319152	8.555963	5.235916	1.030582	-3.740067	2.336831	7.360093	7.232279	5.057642	9.844652	11.911079	10.956563	7.444542	10.040606	14.167769	14.229328	10.526194	3.942708	-1.209788	-9.461325	0.854096	4.732147	4.606077	6.161781	7.478362	4.123033	-9.029736	-2.437970	0.022933	0.985801	-0.521114	-2.752415	3.289114	5.954433	4.615311	-0.025598	-3.693342	2.662711	8.297445	9.791115	7.759945	4.080962	5.169796	8.535529	9.859499	8.768104	6.985269	8.866048	12.778069	15.329214	16.044567	14.950351	12.571887	11.599141	13.122691	14.489365	14.351102	12.117465	10.034994	10.435036	8.368170	4.660411	6.158261	7.006124	9.405827	10.335570	7.190170	-0.020814	-1.797298	5.037468	8.643997	7.188453	2.938212	5.937288	5.911109	-2.656995	1.556616	9.134336	10.424081	9.824588	11.362764	11.755174	9.305116	5.741429	5.759859	8.955113	9.102603	4.085465	-2.777315	1.838611	-0.531644	-1.236071	6.311372	8.193413	6.913871	7.188664	8.410509	7.319803	3.426461	-2.721073	-0.097799	7.930770	10.867621	10.482000	9.367758	11.073579	15.030019	17.421690	18.072418	18.010599	18.310157	19.182763	19.092310	16.520266	10.620624	7.676749	9.948708	11.918344	11.918340	8.440836	2.195081	-1.372028	-5.605998	-12.208092	-12.110648	-12.469532	-17.036485	-22.551976	-27.487651	-26.034361	-25.311294	-24.713163	-21.194696	-19.744424	-19.220389	-19.679519	-20.534335	-21.018022	-25.894983	-26.409820	-19.595510	-19.716279	-26.411408	-27.719210	-19.675744	-17.528787	-18.370589	-21.297862	-24.503095	-27.393872	-32.955914	-41.795737	-28.635691	-23.712271	-21.609246	-19.740349	-19.234860	-22.479423	-32.337501	-30.701366	-32.313970	-31.828618	-30.742177	
19.731375	18.029722	12.650238	2.141549	-15.437117	4.584441	9.982560	12.736938	24.338171	31.053174	34.193082	34.943108	33.444083	31.979678	38.071660	42.062817	43.160677	41.723602	37.102631	42.738813	49.345470	52.351680	52.554680	49.917739	48.532869	52.263241	53.479816	51.528922	46.951653	41.905902	40.875763	43.123697	43.139870	40.399385	37.165531	37.642462	39.733482	40.138590	39.894761	39.833861	40.793903	42.538397	43.528219	43.484031	41.996918	43.759774	47.667138	48.743434	46.783934	41.870239	36.073456	36.060061	36.576837	35.459992	33.194372	30.252197	27.953188	26.598281	24.646838	24.310065	24.142622	21.691472	17.736902	14.992078	15.907602	18.318639	18.566021	16.322177	13.074011	12.738767	15.990181	17.539438	15.972405	12.451910	7.838139	8.926132	13.838351	13.766938	10.882435	8.396077	9.434293	10.788561	9.456435	7.659477	9.106555	10.695689	9.818994	6.159849	0.651381	-2.655703	2.160051	4.112926	3.123928	5.184135	8.356410	8.458984	4.889035	-0.326703	3.398826	6.181430	7.178201	8.192198	9.323968	9.791229	9.914286	9.991592	10.373955	10.233889	9.024001	6.973177	2.712972	0.304864	2.679272	3.500012	3.961851	3.894202	5.534714	6.859575	6.140749	4.793769	4.818514	5.299213	4.184839	1.125283	-0.728371	1.487376	3.457003	2.456965	-0.153681	0.149758	4.224164	7.116560	6.813826	4.496128	2.683782	5.290454	9.097048	10.031689	8.917414	6.371031	8.182799	14.284495	17.277435	17.860702	16.429223	12.650324	12.116578	15.014524	14.641087	11.693958	7.835348	5.390396	7.947352	8.809883	7.851971	5.965974	3.967515	6.192474	7.199829	6.098407	4.236686	3.172997	4.573977	5.301975	5.160076	5.198894	5.731774	6.346850	6.520777	7.045678	7.382051	5.934729	4.584676	6.338064	7.982524	7.973286	5.875673	4.410954	5.986696	7.430395	7.520463	5.975013	3.933277	3.302826	4.589929	6.038249	5.472657	2.980403	3.547650	7.337603	9.913309	9.922023	8.094511	8.281824	11.274785	13.665672	13.905305	11.560892	10.380168	16.037448	19.972393	20.710886	17.677873	13.392396	18.909834	21.427122	20.568959	16.388909	8.318620	8.087870	9.532024	7.752167	3.707505	-2.893693	-5.336659	-3.339521	-2.975473	-5.186301	-10.220834	-16.011798	-19.083090	-17.556068	-15.333597	-16.118469	-21.230646	-30.427430	-24.372374	-21.620671	-22.841576	-25.950341	-23.196076	-19.661227	-17.679066	-17.103144	-17.843247	-20.368415	-25.085173	-23.386031	-20.793081	-22.273662	-27.631103	-34.505897	-28.731559	-23.779636	-21.477261	-20.003332	-19.167937	-19.374082	-19.374168	-18.705370	-19.097884	-20.612207	-21.322783	-20.401091	-19.503538	-19.638010	
19.800834	17.897777	12.130579	3.711045	-1.104615	0.602702	4.089960	16.554632	26.566372	32.315970	34.927703	33.886456	22.728549	34.922999	41.654322	43.798190	42.659061	35.505507	39.198941	48.015268	51.193636	50.333525	43.168437	49.251707	55.253330	56.881666	55.569039	51.269751	43.309071	42.942964	46.161499	45.870449	42.150962	32.973680	35.938138	40.356966	40.277695	35.746217	34.063229	40.627745	43.306711	42.978393	37.896080	39.728997	47.622876	50.694535	50.789456	48.133603	42.274037	36.573814	37.692422	36.016255	29.817736	-7.672759	26.681720	29.700646	29.026881	25.379852	19.190854	21.518727	24.418307	24.196691	21.327802	16.558255	16.849870	19.395568	19.133549	15.270364	10.323806	15.718158	17.946812	16.907751	12.951255	8.849601	13.028104	15.826615	15.697018	12.475656	6.731406	10.374507	13.908088	14.342295	12.100640	9.418824	11.551508	13.433321	13.148212	10.696182	6.469122	3.528054	1.546907	-2.221739	-3.359621	1.042354	5.981519	8.082537	7.318671	3.309646	-9.934937	0.990366	7.053681	8.345081	5.145989	-8.447564	4.547221	8.452320	8.236501	4.334087	-7.792311	1.450429	5.640784	5.601273	2.438317	-1.670399	4.406185	8.730755	9.920630	8.200301	2.581063	-4.640232	3.019840	5.517313	4.763098	0.932659	-3.988730	0.125884	2.301485	1.126974	-1.895040	1.794165	5.831613	6.852028	4.828969	-0.445156	3.493465	8.312999	9.699493	8.013529	1.431689	6.825188	13.655580	16.098319	14.763544	5.373744	10.383932	17.365860	18.798536	16.950863	11.486934	4.206171	8.521990	9.826002	8.041070	2.496538	-0.368957	6.569323	8.461334	6.857531	1.221663	-11.409605	1.305880	5.157937	4.944379	-0.305377	-6.408546	3.368205	5.844339	4.661370	-0.872160	-0.305304	5.447889	6.732109	4.364624	-5.224931	-2.585096	4.932004	6.506659	4.138055	-7.044585	-0.565811	5.823594	7.185938	5.260273	-1.147158	0.595377	6.259792	7.761543	5.831501	-2.069177	2.576553	8.890125	10.771917	9.469360	2.504133	3.479408	11.780139	14.325462	13.207304	3.794638	11.019702	19.173833	21.912467	21.333021	16.824142	12.774193	19.108325	21.032624	19.524350	14.526348	2.029592	1.935638	6.108024	4.279379	-1.885731	-11.380659	-4.138364	-2.444748	-4.858660	-12.358318	-25.465927	-16.816349	-17.288559	-18.708328	-19.349031	-20.358552	-19.618269	-18.911042	-21.136013	-34.552039	-23.564887	-19.046167	-21.114508	-29.773321	-20.270362	-16.700148	-16.917987	-19.034397	-21.372359	-26.729715	-36.940640	-26.124275	-27.970718	-29.091343	-21.076234	-19.391370	-23.119307	-35.354808	-29.571907	-34.601611	-25.426507	-21.208040	-21.856276	-26.226195	-33.058995	-22.439945	-17.287599	
19.326377	17.844579	12.428232	-1.612369	-1.868345	6.753164	7.577062	17.134357	27.670524	32.240451	32.850407	29.351589	32.048934	39.801333	43.284939	43.402125	39.170967	35.676365	45.766963	49.119473	48.229089	45.105645	48.783325	54.009024	56.933002	56.863741	52.858042	41.812927	46.013938	47.616630	43.960250	34.681134	38.124620	41.824667	41.156029	35.774993	27.036572	39.025178	42.229150	41.196913	32.592281	37.789943	45.894205	48.792443	48.546520	45.899839	44.870520	45.294018	42.900697	37.454566	31.300004	18.758408	25.473001	29.716626	27.821160	19.751056	14.273116	22.748582	23.507932	19.819940	11.424474	17.975888	20.507905	18.939069	13.276996	10.669430	16.729664	18.706136	17.525543	12.467708	5.221414	13.239536	15.270865	12.501114	-0.087765	10.495619	15.223035	15.586144	12.087483	-2.902664	9.620864	14.504956	14.946261	11.656311	1.062826	7.231321	11.031481	10.063364	5.833384	0.815965	-1.353296	-7.135223	-7.387829	-0.033964	3.886768	5.697931	4.851744	-0.443077	-12.788432	2.763297	6.951035	7.881964	5.620373	-3.028236	-0.264880	5.297880	5.316550	0.262545	-13.654067	2.584022	5.859113	5.137361	-1.298761	-3.176464	6.845742	9.633649	8.788642	3.631250	-10.577819	2.625799	5.227944	3.405445	-5.337040	-4.711652	2.744640	3.737456	0.373396	-18.332497	-1.032198	4.143721	5.032057	2.142999	-10.242154	1.710184	6.879883	7.689652	4.555430	-6.412941	6.193320	11.366320	12.519441	10.305189	8.308787	13.904072	17.537328	18.240897	15.676496	9.460264	11.134846	13.137304	10.741884	2.404477	-0.688060	6.999548	8.408964	6.248108	-1.037928	-2.412976	2.857609	2.242792	-5.278547	-5.621918	2.915201	5.131127	4.197336	-0.655462	-13.602798	0.500654	4.290557	4.246557	0.273909	-9.696972	0.176452	3.673408	2.908464	-3.748416	-6.307094	3.531452	5.995367	4.638251	-3.237495	-3.010992	5.537473	7.302571	4.919021	-6.775625	1.210318	7.530217	8.791256	6.104568	-7.204447	3.654266	9.358447	10.036845	5.645720	1.452189	10.962114	13.975714	13.074604	7.554935	15.648330	20.762893	21.708754	19.925479	16.757310	14.649330	16.251087	17.165368	15.086610	9.991864	4.154203	2.697787	2.399520	-0.924634	-10.865793	-6.362979	-3.428114	-4.114590	-6.992952	-13.006327	-26.100645	-30.754559	-26.117759	-21.425033	-20.156888	-17.531054	-14.797773	-13.645795	-14.545502	-17.131933	-19.793947	-19.832593	-18.590775	-18.925220	-20.551263	-19.744964	-17.696465	-17.435028	-18.905097	-20.696287	-21.364545	-21.207590	-19.724171	-17.553361	-16.729236	-18.258304	-21.944615	-26.494333	-28.465996	-22.663888	-20.409405	-21.889268	-27.490572	-25.907728	-20.639439	-19.375396	
19.720747	17.855254	11.913067	0.871558	-7.924137	4.017467	6.567288	18.747725	27.352243	30.629466	30.938936	32.222969	36.751259	40.886942	42.193518	41.159716	41.323214	44.093223	46.628820	47.446694	47.477192	48.256033	52.160735	55.937824	57.077185	55.829280	53.185268	50.109839	46.814444	42.775568	38.853033	40.321318	40.922219	38.896394	35.222427	37.969251	41.042905	41.149610	37.941442	35.565382	41.808910	45.517916	46.801223	46.645591	45.584425	43.327409	42.265570	42.727632	41.000774	38.048978	35.877642	32.496002	27.494221	21.569461	24.065146	25.658965	23.695702	19.386315	14.792157	15.676120	16.425614	14.976561	13.411837	13.793414	13.649903	11.079252	7.611030	11.808199	14.854892	14.661082	11.916542	8.951740	10.472169	12.305743	11.801466	9.796068	10.780313	13.044503	13.056837	10.756178	8.825347	10.957458	12.313381	10.965012	7.327585	5.736143	7.401941	7.090673	3.186189	-4.355079	-9.593365	-12.544228	-6.138956	-11.125768	-8.138189	0.556866	3.013715	2.864862	1.649468	2.073069	4.064919	4.738762	3.987885	3.640431	4.483002	5.035495	3.827271	-0.385837	-2.297403	2.775223	4.765862	4.120617	2.639571	4.035771	6.040901	6.160931	4.950973	4.242275	4.031154	3.004177	0.738607	-0.833480	1.391373	3.240598	3.149705	1.291132	-1.400171	-1.621910	-0.277221	-0.349982	-1.214240	-0.518765	1.037979	1.493567	1.162812	2.498503	4.846698	6.115179	5.255474	3.403555	5.781699	7.947178	9.776118	12.138880	14.384430	16.210868	16.487076	15.078554	13.267122	11.206445	8.195536	6.292370	5.607763	5.176314	5.443021	4.915659	2.204954	-2.528108	-2.495085	1.634069	3.813564	3.538312	0.247766	-4.196589	-0.115282	1.847456	0.592765	-2.682170	-3.125659	-1.636918	-1.914849	-1.576300	0.865865	2.564609	2.247625	0.269352	0.412594	3.671171	5.451155	4.828847	2.741246	3.181355	5.435057	5.804486	3.937584	2.628041	5.107463	6.932574	6.197477	4.065826	5.741949	8.399873	8.364838	5.053055	4.872562	10.161932	13.275624	13.602548	12.599443	14.259206	18.283472	21.148373	21.486746	19.140457	14.280826	9.673039	11.172745	11.313277	8.990338	5.937720	1.149253	0.016255	0.645390	-2.616493	-5.470754	-5.855571	-7.195247	-11.434068	-12.409227	-10.624995	-12.245684	-14.202011	-13.419818	-12.268437	-11.551452	-11.406812	-12.317279	-14.910288	-19.980218	-24.923926	-26.257410	-27.074202	-22.452010	-21.758904	-23.693466	-23.410707	-21.601760	-22.421169	-29.894315	-28.223976	-22.104503	-23.010288	-24.489236	-17.992432	-15.289113	-16.150044	-20.092212	-26.075740	-28.072963	-23.477874	-19.215130	-16.883067	-16.321261	-17.626496	-21.594034	-30.331234	
20.038283	18.161952	12.059760	1.790768	1.606093	7.079045	9.411751	18.695447	26.284132	30.107037	29.320504	25.090799	35.613086	40.331034	41.101086	38.538154	38.010932	43.084870	45.690390	44.674544	38.553046	48.645387	54.309250	55.790165	53.627171	45.494030	39.965925	47.508448	47.282748	43.878179	40.193630	41.112010	42.005108	40.777693	39.022712	40.070778	41.346665	41.177928	40.455332	41.110199	43.100913	43.702648	40.910463	29.306155	40.558859	45.067785	45.006510	41.369553	33.288019	27.219366	30.771323	31.233503	29.499154	25.905609	23.421263	21.582862	20.121084	18.593268	14.873528	12.891270	11.592731	8.327697	4.184576	7.721950	9.492241	9.579986	9.369106	10.268577	11.524205	12.346026	11.410236	9.364364	10.449346	11.462188	9.699323	6.327316	7.001194	9.675235	10.240051	8.009286	5.477124	6.667543	8.183771	8.080665	5.967679	4.587681	6.558240	7.337161	5.927519	2.798929	-1.086489	-3.439591	-4.794224	-8.225469	-8.756265	-2.924041	-1.186177	-2.940407	-6.837641	-6.660252	-4.087287	-3.782677	-7.108437	-9.811224	-0.686485	1.920158	1.460935	0.409107	0.938033	2.852747	3.473883	1.560325	-1.455853	-1.198531	-1.304099	-2.747312	-7.112317	-6.129361	-1.425423	-2.052661	-5.809074	-7.985039	-4.608452	-1.989518	-2.013366	-4.474145	-9.032312	-10.810126	-8.806847	-9.048283	-12.136524	-10.803825	-11.384825	-10.946924	-11.442275	-6.317014	-0.198755	2.134117	1.366249	0.015159	2.678060	6.099413	7.288186	3.701935	-7.051977	8.749135	13.675419	15.186084	13.619680	8.049486	-1.966137	-1.208915	-5.920039	-8.801770	-4.113379	0.502538	1.282332	-1.625945	-3.698211	-1.695825	2.088447	3.320021	1.582544	-1.110372	-1.829956	-1.013538	-1.279792	-3.339383	-4.619520	-5.608436	-9.653389	-10.339675	-4.640219	-0.583919	0.303996	-1.834528	-2.184883	0.617449	2.195830	1.882352	-0.323505	0.350714	2.932209	3.013011	0.754021	-0.600480	2.715543	5.030473	4.419292	2.093880	3.509183	6.614154	8.400305	8.442822	9.317189	12.576280	14.815691	14.643418	11.769382	14.344612	18.659592	19.409752	16.649423	8.872819	4.458668	10.455964	10.557548	6.553978	-0.853201	2.772369	4.760478	3.621740	0.014872	-5.896375	-7.306455	-6.555285	-8.731280	-12.008222	-13.119019	-12.315492	-13.630144	-19.767974	-20.571247	-16.123967	-16.580917	-20.110742	-24.508503	-24.720054	-22.004228	-21.380935	-19.897369	-17.796257	-17.962753	-21.435526	-32.088631	-29.252864	-23.400221	-22.240762	-23.396982	-27.009549	-33.271499	-23.681658	-17.806834	-15.417809	-15.828843	-19.551873	-29.489608	-38.007919	-47.124640	-30.499863	-24.761136	-21.701898	-19.325069	-19.424113	-23.034317	-31.872261	
19.819974	18.111464	12.727042	3.013085	-1.662831	6.887832	15.186106	21.294404	24.747416	24.842015	23.557646	31.758773	37.577676	39.708561	37.523137	25.990497	38.968935	43.363100	42.425177	29.778445	45.464575	51.573827	52.950455	50.629449	46.590194	48.589167	49.597984	47.110081	39.239638	34.040428	42.117777	42.306781	36.284995	30.581510	40.682722	42.005932	38.405713	29.942163	38.733158	41.406334	38.693863	22.132133	39.399983	43.548430	43.349226	39.581223	35.995609	38.477640	37.880847	32.633419	22.465138	28.712348	30.437298	28.704269	23.848687	17.109722	18.368364	18.160928	13.055364	-18.846718	8.932456	10.745864	7.790990	-2.757830	2.657244	7.822533	7.419862	1.068446	-2.409685	6.739088	8.517520	7.128644	6.075937	7.662940	7.776618	3.686050	-15.077634	4.659755	8.050862	7.114754	1.262214	-11.539844	2.177340	3.230526	-1.395296	-0.479166	3.917620	3.199024	-3.681505	-9.112447	-2.356397	-2.547084	-3.946339	-3.899590	-2.410643	-1.049818	-2.691826	-9.600502	-5.618659	-2.379807	-4.542642	-9.874339	-4.380849	-0.773457	-0.062493	-2.418688	-10.238341	-4.502085	-0.764287	-2.795128	-8.309148	-1.389509	1.458733	0.351430	-4.249902	-4.751925	-0.552773	0.789784	-0.550363	-5.110639	-10.067508	-7.011131	-7.931390	-16.068813	-17.743304	-10.362699	-9.574670	-13.696814	-14.400452	-6.842700	-3.709728	-3.259768	-4.168967	-3.502126	-2.068750	-3.756747	-16.337254	-5.622655	-0.124878	-0.059746	-5.412476	-3.927464	3.995814	7.082240	6.410263	-3.104202	4.295669	11.564976	12.920902	10.178170	1.682999	-2.805274	2.222211	2.120107	1.561375	3.678427	5.242142	4.593808	2.149323	1.768318	4.145489	4.550989	1.591405	-5.974265	-4.354768	-2.556103	-7.810477	-13.572933	-3.248374	-1.172199	-2.668725	-6.808185	-4.968194	-1.014117	-0.284136	-3.412096	-16.259996	-6.822730	-4.089069	-9.652532	-5.320752	0.898263	1.710062	-2.373863	-22.190207	-1.608694	1.893903	0.605055	-5.908148	-0.307176	3.621861	0.611828	-2.570035	9.399316	12.727858	10.857797	-11.189433	12.282278	17.250637	17.688053	14.804267	10.307478	10.654534	10.883034	7.946095	0.140945	-0.907628	5.983703	7.128495	3.867938	-9.242320	-3.603124	0.423146	-1.100517	-6.863391	-22.547680	-15.072661	-14.700404	-24.564981	-20.434680	-14.085163	-12.909608	-13.904308	-16.535797	-20.773921	-23.666396	-22.350254	-21.818211	-23.668936	-24.796543	-21.402258	-20.309122	-21.303055	-21.161545	-21.318819	-25.021352	-42.149102	-25.510554	-21.921709	-22.285831	-23.773180	-24.592300	-24.037478	-22.955160	-20.979835	-19.441188	-20.177518	-22.484878	-24.630029	-29.631364	-39.734014	-36.205152	-26.849082	-22.611468	-23.730974	-30.679381	
19.640441	18.061584	12.203191	-4.047486	-0.325992	2.735199	7.423561	15.541643	15.828458	17.131413	25.450074	31.948549	34.598421	34.936016	36.577087	39.410081	40.894946	41.177832	42.439642	45.207315	47.610835	49.076908	50.094740	50.175749	49.286511	48.629217	47.077170	44.060285	43.103800	42.514893	40.582257	39.621197	39.713906	38.688004	38.468485	40.410496	40.670803	37.284327	33.427773	38.238543	40.408400	40.867116	41.284636	41.974440	41.521629	39.186834	36.242143	35.089319	34.814726	32.467761	26.354437	27.429972	29.344001	26.957674	19.916648	16.773092	19.649545	17.667046	12.619877	7.920562	5.907802	2.352519	5.918413	9.687488	9.722163	5.451667	-7.988369	5.990713	7.847552	4.901589	-2.821083	-10.341041	-8.688764	-8.030993	-1.409094	5.003729	6.970995	4.386114	-6.811683	0.499498	4.629583	3.554472	-1.783974	-7.773114	-4.155813	-1.005367	1.166365	2.481036	2.398142	0.144664	-5.652447	-10.002187	-7.997324	-18.521454	-6.739625	0.243362	2.397936	2.078482	0.267953	-2.091633	-3.865312	-4.797568	-5.758357	-6.507958	-7.536343	-8.303410	-4.400777	-1.495018	-1.427055	-3.509790	-6.260297	-6.206734	-3.989267	-3.099190	-2.098478	-0.723946	-1.966498	-9.107310	-6.785989	-1.564740	-1.431664	-4.853187	-12.862396	-28.919613	-16.086864	-14.499246	-13.670669	-11.210777	-11.365500	-15.134207	-6.382070	-1.357999	-0.543292	-3.525895	-7.659018	-3.983884	-1.911754	-2.552894	-5.562215	-6.435069	-3.197444	-1.851533	0.396353	3.054681	3.632614	3.242972	6.589054	10.587635	12.230595	11.533862	9.168076	6.689400	5.515247	4.626380	4.325068	5.191823	4.030658	-3.196084	-1.110547	4.601562	4.045687	-1.790690	-1.648973	1.900000	1.084993	-2.650422	-5.554132	-4.326047	-4.813313	-10.316980	-3.925003	0.556659	-0.496651	-11.528449	-5.043199	0.119971	-0.733531	-6.532103	-19.837008	-5.069218	-1.379505	-2.370537	-4.665243	-0.072618	0.704147	-6.332329	-4.056780	3.307073	4.786709	2.950400	-3.572254	-0.083461	7.064045	9.785459	11.420250	13.241563	14.542137	14.719340	14.059026	12.992163	10.608103	6.303845	2.341619	2.617905	5.340415	5.971415	4.855165	3.778866	3.599516	3.264776	2.018746	0.272241	-1.743766	-4.926991	-10.606611	-13.968057	-13.427124	-14.719374	-16.376692	-17.244728	-15.444390	-14.721632	-15.516021	-16.433560	-17.122230	-17.971719	-18.714513	-19.872352	-22.191196	-24.685570	-26.188192	-26.660419	-26.899740	-24.574728	-20.322043	-18.794388	-19.178971	-20.060817	-21.084613	-23.555540	-29.810781	-35.987248	-34.116277	-33.571815	-30.946743	-29.448523	-23.238107	-19.141850	-18.027302	-19.146550	-21.223994	-21.505906	-20.068084	-19.556944	-21.101410	-24.761896	
19.867302	18.197101	12.779846	2.444437	-5.383823	2.267141	11.100907	18.051757	20.546614	19.637860	26.958206	32.509888	34.058386	31.992708	32.805269	38.034132	39.776185	37.369132	35.581153	42.546413	45.047462	41.957132	41.629608	49.833179	52.458428	51.396550	47.031135	41.739350	40.828842	38.466277	33.525798	34.130938	36.099608	34.914476	34.549113	37.471149	39.081689	38.907909	38.588587	39.337331	39.428142	36.374053	32.106982	38.803994	40.910739	38.422918	29.264487	30.496084	33.923279	32.424609	29.224414	27.370984	26.944524	25.513784	22.411800	19.100106	17.257049	15.137333	9.790098	1.846389	4.148377	7.358422	9.426977	11.108249	11.929334	11.915839	11.312978	10.178232	8.349571	5.912769	3.152531	1.064667	0.399241	0.088990	2.375148	5.455501	7.367479	7.618650	6.504768	4.903056	3.645990	2.693050	0.660627	-2.270918	-5.141473	-12.563962	-12.061183	-2.234509	1.256471	1.635975	0.119966	-1.891991	-3.276316	-3.386759	-2.530951	-1.365088	-1.077344	-3.187833	-8.032092	-13.156021	-23.441563	-17.304872	-14.810850	-17.215944	-15.520262	-11.375026	-7.364206	-4.793482	-4.343749	-6.096564	-9.376061	-10.375475	-8.778762	-9.331912	-9.093333	-4.474034	-1.370723	-0.208931	-0.232666	-1.402275	-4.229818	-8.109639	-11.218305	-14.295476	-16.433670	-16.231002	-14.681566	-11.426036	-8.561866	-5.916653	-3.550472	-2.382270	-2.564701	-3.770275	-4.609842	-3.876493	-3.360053	-4.275441	-6.199063	-7.677540	-8.888698	-9.700009	-5.200740	-1.791665	-1.465245	-1.570518	2.878159	7.204267	9.014485	7.704065	0.756494	-4.350186	4.035236	3.825546	1.784323	3.948612	5.408655	5.431363	5.252440	5.044486	4.239375	3.026301	2.544590	2.675310	1.724313	-1.232855	-3.897878	-2.577019	-1.046354	-0.091259	1.386240	2.979477	3.968818	4.536324	5.062129	5.366775	4.963318	3.974221	3.456824	3.908192	4.062082	3.331885	3.153133	5.039521	7.202877	8.630579	9.847298	11.114328	11.895858	11.790779	11.426271	11.566714	10.488951	5.889789	6.595745	10.997654	10.797409	5.475686	-6.096543	5.351320	7.658413	6.180307	1.770389	0.341863	2.680405	2.001664	-3.702319	-14.510365	-4.699329	-5.504940	-16.182891	-12.191971	-6.757890	-6.946050	-10.075213	-13.508664	-13.782501	-14.620987	-18.045513	-21.187316	-20.362304	-21.706138	-26.340641	-27.740386	-23.028023	-24.583290	-25.316379	-19.068899	-17.193471	-18.605855	-22.198624	-21.907669	-19.329246	-19.276781	-22.198168	-26.035190	-24.768172	-26.705799	-60.674884	-26.168216	-22.832193	-23.733495	-27.237586	-32.829435	-37.853115	-34.830541	-27.718569	-22.580147	-20.197968	-20.773614	-24.035859	-24.113481	-21.244943	-20.758219	-22.804670	-28.155269	
19.690052	18.087465	12.674906	0.644967	-7.097182	7.862691	14.436670	16.960036	19.682826	25.949387	30.577180	31.717371	28.100546	28.960523	35.567243	36.728355	32.605078	34.838974	39.721478	39.792003	39.859932	45.154269	48.499618	49.105872	48.630613	49.249410	48.925123	45.185193	33.869012	34.211254	37.567860	34.141242	29.031823	33.607656	33.136640	27.631708	33.578129	36.037051	31.925845	24.852573	36.331744	38.614285	37.484404	36.441463	37.778335	38.030461	36.248089	33.967898	32.640704	29.428737	19.882286	25.253817	27.400133	23.165114	12.725473	19.104634	19.063666	13.549124	-3.831860	3.393082	1.042993	0.726187	8.654146	9.398608	2.659196	1.380019	9.364214	9.230802	2.608334	-0.424317	4.641658	2.727265	-2.078846	1.163193	1.126774	-15.110583	2.351186	7.422822	7.037151	1.764319	-1.687645	2.550664	1.867009	-3.265950	-13.248875	-11.282053	-10.281916	-9.610298	-4.449855	-2.352659	-5.454306	-8.606106	-2.825700	-3.126861	-7.687812	-5.539332	-4.473955	-7.985841	-16.216054	-19.088842	-18.556931	-17.384950	-10.993361	-7.492187	-7.237855	-12.523565	-12.107379	-5.815013	-6.533456	-15.255330	-11.359065	-8.437153	-12.509105	-12.793878	-7.458795	-6.617780	-6.244260	-3.733071	-2.660675	-4.128097	-8.372206	-14.913230	-12.600335	-11.556898	-12.261969	-10.005872	-9.858386	-13.402664	-8.532772	-4.445824	-5.547800	-17.484178	-8.808830	-5.125637	-9.869608	-16.741679	-6.372292	-6.855425	-17.276946	-12.926912	-7.891267	-9.193004	-11.914762	-5.018773	-2.090745	-6.706562	-6.405632	2.895724	3.617555	-2.465560	0.153219	5.388920	6.264508	4.031579	1.645498	4.633505	4.224157	-5.601039	-0.722296	4.124891	1.396161	-17.862764	-0.329054	1.718618	-2.223760	-8.801116	-4.074064	-4.983054	-10.879972	-3.262325	-0.183165	-2.665937	-9.892047	-0.360391	1.935059	-1.066111	-3.262707	0.388424	-1.139083	-3.629778	2.293473	3.202900	-4.777804	1.023616	7.826013	7.825712	0.670057	4.521889	8.446591	7.355327	8.979882	11.596655	10.916387	7.660109	8.199143	10.395766	9.467256	3.854864	-8.337499	2.896228	3.782611	-0.974452	-7.656749	-1.555571	-1.617545	-4.636002	-4.634167	-4.593932	-7.235711	-10.549622	-10.374006	-10.864592	-16.112824	-19.590585	-13.284595	-13.500216	-20.985580	-23.879726	-16.225678	-16.623710	-21.659292	-32.267355	-31.820779	-21.502801	-16.413508	-14.445512	-15.409302	-21.437494	-28.627678	-17.132259	-15.184946	-17.275814	-23.459896	-30.486899	-27.798757	-27.332901	-26.151019	-23.055104	-20.672856	-20.172901	-22.041248	-27.358401	-36.612444	-39.341562	-47.425682	-43.367568	-36.783440	-27.825963	-26.687370	-29.503058	-28.985589	-26.304121	-25.454730	-28.665079	-42.081830	-31.895314	
19.550387	17.991701	12.586786	-0.693416	-2.745935	6.519205	12.193211	11.854739	11.373685	22.042238	27.669095	30.483977	32.312716	34.162159	35.547885	36.287929	37.149960	38.217131	38.381998	37.916245	40.063493	43.991132	46.267903	45.797308	43.888875	45.980498	47.772382	46.723627	43.311736	39.004214	36.172882	34.898777	33.399983	32.035106	32.136685	32.852158	33.100602	33.209537	33.924725	34.887172	34.943522	33.521102	31.078960	30.407084	33.102001	34.489180	32.797518	29.376801	31.724972	33.461383	32.044666	28.457099	25.509380	24.754986	23.257074	20.073811	17.066449	14.609539	10.638427	5.037424	3.826527	7.255859	8.958506	8.444016	8.143935	8.981778	9.354530	8.817955	7.975599	7.026686	5.511801	3.160646	1.057640	1.206727	2.895096	4.628260	5.725044	6.010658	5.586186	4.533965	3.258651	2.230548	0.340916	-4.232495	-13.501272	-16.647877	-12.298828	-8.483589	-5.348662	-4.448393	-3.842994	-1.428319	0.259704	0.356353	-0.638168	-2.168594	-4.942450	-11.640956	-28.226645	-14.946028	-15.428939	-15.338257	-10.754532	-6.138703	-3.532156	-2.810514	-3.169002	-3.433492	-3.275706	-3.634888	-5.002287	-6.501497	-6.766536	-6.359419	-7.143629	-9.220080	-10.260922	-12.107415	-16.411390	-16.210132	-12.588289	-11.071045	-12.137179	-10.888685	-6.924668	-5.047766	-5.391092	-6.470262	-6.184847	-4.831846	-4.012978	-4.600013	-5.651752	-4.913351	-3.440462	-3.280581	-4.917317	-7.465500	-7.699289	-7.613167	-10.466967	-16.431387	-12.906393	-7.870606	-5.353843	-2.739329	0.745226	3.302933	4.560535	5.751946	7.793305	9.567743	9.620414	7.702374	5.562184	5.493176	6.252137	6.112605	4.482247	2.652673	2.968060	3.554365	2.524691	0.376230	-1.415145	-3.133505	-5.783659	-8.952781	-7.079429	-3.663330	-3.107044	-4.873160	-4.691202	-2.395513	-1.927369	-2.576434	-2.185024	-0.989825	-0.119688	-0.011386	0.293607	2.365772	4.761133	6.133469	6.993486	8.273023	9.480458	9.720559	8.839601	8.248657	9.278672	10.101140	9.262813	7.299125	6.656518	7.417057	7.559842	6.216174	4.016186	2.520404	1.680948	0.002214	-2.903935	-5.262661	-6.338306	-7.042630	-7.339360	-7.595400	-8.772978	-11.145556	-12.307745	-12.780332	-14.243180	-15.937157	-18.218889	-18.766421	-15.368157	-13.644409	-14.659769	-17.441224	-20.475791	-24.394278	-24.112186	-17.278684	-13.900858	-12.810145	-13.164371	-14.217976	-15.163885	-15.824802	-16.756709	-18.266251	-20.613774	-23.688343	-26.489242	-30.672465	-24.225229	-21.106831	-22.682390	-26.224688	-24.988987	-25.095979	-28.015030	-29.979542	-28.511047	-25.810137	-22.651765	-20.300758	-20.080232	-21.269881	-21.479171	-21.376272	-22.183342	-23.536535	-25.676540	-28.854551	
19.759502	17.998470	12.249921	0.300492	-10.414496	2.038270	6.771497	-1.330376	16.265364	22.919640	22.458033	19.777189	29.884904	32.275131	26.337436	27.977239	35.670653	34.874266	23.522149	35.070261	36.397991	32.098276	41.933269	45.888247	46.014846	44.986193	45.136533	43.541596	36.116309	26.798614	33.801537	25.213055	28.144060	31.429067	22.865651	27.166005	32.056303	29.412412	24.845368	31.208983	31.523140	24.283108	24.013650	30.305030	30.097927	28.826568	30.949308	31.613556	30.234708	30.923775	31.728682	29.564085	28.024209	28.832900	26.452509	22.308003	21.743181	18.608313	10.140291	4.866417	4.241182	1.583127	0.509648	-0.789436	-13.712910	0.952433	1.998913	-5.365466	-8.039307	-4.319942	-3.153196	-0.479128	-2.320716	-26.112599	-2.495754	0.951276	-1.404709	-17.421957	-4.576709	-2.231048	-6.854069	-4.252706	-1.132879	-2.199031	-5.512996	-7.179681	-4.420771	-1.942236	-1.908613	-4.433600	-5.106002	-2.399646	-2.383283	-7.436552	-23.131796	-7.884205	-7.582746	-11.039219	-9.848520	-6.993606	-5.659427	-6.818893	-6.417680	-2.273416	-0.935368	-3.616811	-10.579794	-5.924550	-4.760219	-11.783240	-13.638263	-7.795689	-14.466919	-9.504320	-2.254523	-0.860698	-2.587953	-6.086759	-8.358572	-8.024071	-7.249150	-7.556728	-8.611741	-8.787080	-10.480655	-12.714797	-6.444226	-4.417708	-7.951674	-10.445202	-3.925827	-2.833390	-4.816984	-3.387591	-0.799047	-1.564380	-6.887720	-15.093455	-16.026112	-18.702548	-6.290837	-2.480526	0.330812	3.080418	3.740856	3.338894	6.100998	7.266192	2.678253	-0.711514	7.082252	8.206602	8.330176	9.256239	7.299300	0.271726	6.017538	9.170629	8.073935	5.916183	6.755478	6.175158	1.375781	-2.656659	-0.022860	-3.186702	-13.306262	-6.832045	-2.563993	2.624635	5.197111	5.462085	5.872159	6.843458	6.030707	3.659048	4.277975	5.246529	2.977962	-3.835699	-12.396626	-2.333534	3.478026	4.445836	-0.541502	4.261632	10.122681	10.995937	6.718868	-7.323710	7.718316	9.487886	5.743616	0.546314	1.726198	-13.083258	2.966240	6.655216	4.668462	5.330589	7.411318	5.660569	2.004301	1.726033	-0.234691	-8.378761	-14.630483	-9.972082	-8.822053	-5.996801	-5.961255	-8.783286	-8.780568	-7.334712	-8.085165	-8.984720	-9.437694	-12.152934	-20.195255	-23.441407	-20.243835	-25.796768	-24.231548	-18.533713	-17.402355	-18.603059	-23.548323	-30.291152	-22.326608	-23.536262	-34.130503	-29.894287	-27.370805	-23.030403	-19.823527	-18.842064	-19.454211	-21.289922	-23.717178	-25.381876	-24.857441	-25.090422	-29.442449	-48.579634	-33.671214	-28.365836	-22.056072	-17.748533	-15.873534	-16.275167	-19.328854	-27.492444	-32.857146	-24.384530	-23.327498	-25.200524	
19.729085	17.909396	12.185374	2.189719	-3.445616	0.837388	6.550159	12.408455	17.671398	21.940793	25.400634	28.396587	31.051825	33.251600	34.812314	35.712971	36.178092	36.442630	36.543426	36.646256	37.731740	40.384346	42.962979	43.996632	42.848547	41.063903	42.929999	44.376457	43.323082	40.272445	36.744587	34.707781	33.993822	33.476079	33.127590	33.129234	33.099559	32.717109	32.136929	31.577107	30.891976	29.813555	28.308343	26.468018	24.481986	23.921509	25.251761	25.796191	25.108018	27.134112	31.649711	34.809223	36.107741	35.685284	33.676833	29.953755	23.649991	12.006870	9.752689	10.291674	5.568270	-1.788928	-3.520301	0.514641	2.521805	2.178049	0.585819	-1.491567	-3.734545	-5.381044	-4.193412	-2.192803	-2.183892	-4.274504	-6.887329	-6.643190	-4.062570	-1.662114	-0.288747	0.008781	-0.853107	-2.849085	-5.722574	-9.500355	-14.869209	-20.764397	-9.666091	-4.981062	-4.269796	-5.313460	-4.790855	-4.667351	-7.213507	-8.458080	-5.662366	-4.810155	-6.375210	-8.838131	-8.862603	-6.607940	-3.789073	-2.053251	-1.733783	-2.297252	-3.029762	-3.435716	-3.198886	-2.692704	-2.627410	-3.138316	-3.723676	-3.634620	-2.765815	-1.878118	-1.526450	-1.160290	-0.470703	-0.610457	-2.433077	-5.833310	-8.008216	-6.935863	-6.780469	-7.747159	-8.225008	-7.403924	-5.662985	-4.814333	-4.626454	-3.579991	-2.411401	-2.398195	-3.321619	-3.174532	-1.813985	-1.254856	-2.045161	-3.929540	-5.759124	-5.258987	-2.557987	0.467519	2.674209	4.023646	5.780300	8.652733	11.247268	12.733708	13.049927	12.088930	9.459779	5.212664	4.423822	7.306739	8.903812	9.372204	9.452501	9.530621	9.506274	9.176578	8.475279	7.376300	5.921299	4.340508	2.786765	1.104164	-0.144473	0.669602	2.885759	5.335821	7.504817	8.958989	9.605195	9.637617	9.276320	8.568091	7.403311	5.575384	2.612783	-2.707728	-9.570689	-3.133072	1.102475	3.800291	5.936528	7.487012	8.322068	8.572902	8.552814	8.586421	8.764713	8.762612	8.155554	7.248754	7.553877	9.142305	10.631782	11.607012	12.077593	12.008294	11.358660	10.145525	8.388613	6.063334	3.190405	-0.031940	-3.354445	-6.258714	-5.794357	-2.890063	-1.213339	-1.265374	-2.753882	-5.129082	-7.153876	-7.773283	-8.262916	-9.804792	-12.323878	-15.095412	-17.319716	-18.575907	-19.504552	-21.906802	-28.612863	-26.513041	-21.204403	-20.009783	-20.758277	-22.449253	-25.360036	-30.185137	-31.239051	-27.278278	-23.105058	-21.544144	-24.311741	-37.429777	-31.115980	-27.885208	-27.004595	-25.544308	-25.931663	-29.386919	-36.700539	-33.204015	-27.085748	-22.069244	-19.667656	-20.341754	-24.238539	-26.840359	-23.993503	-23.593620	-26.692137	-34.870469	
19.678928	17.895223	12.254474	2.500691	-2.339807	2.164084	4.852190	5.269573	7.350597	20.230219	24.901979	23.251762	22.440491	29.119816	28.460781	25.128775	30.914821	28.878667	21.820146	31.065931	29.755294	32.817561	36.503858	37.588870	40.477959	42.648586	42.891648	41.904700	39.065696	31.531440	28.331577	29.149153	19.099397	27.229701	23.010104	21.939228	27.292519	19.297109	22.318785	24.460041	12.361576	21.986241	21.663959	14.616467	22.289953	21.651926	13.101698	20.205835	24.093389	24.971239	24.360303	27.372247	31.893501	33.012821	30.169333	25.840694	27.244992	26.682199	25.401777	24.395246	22.240175	21.530870	20.462225	19.299607	18.821029	16.770045	14.396686	13.377160	10.890975	7.963578	7.855010	6.621116	3.978795	2.326850	3.064061	4.247960	5.638134	5.547756	3.139533	4.052918	6.337845	5.802495	4.620861	4.934486	4.332056	3.353604	3.817237	3.704209	2.131353	0.484302	-0.803911	-3.519893	-7.088418	-8.833742	-6.917605	-1.101992	1.460395	0.287193	-3.237803	-2.726895	-3.430139	-11.686578	-14.127427	-11.445550	-24.457601	-19.925086	-22.537753	-9.011244	-7.043064	-14.045298	-14.226693	-7.820049	-10.677182	-15.926264	-9.787946	-13.143644	-11.560412	-3.633499	-1.603789	-2.633966	-3.750079	-3.694036	-5.549350	-5.063022	-3.675499	-8.589600	-9.419031	-3.499054	-4.261121	-4.266154	-1.886737	-2.553340	-5.082076	-5.504887	-6.864619	-13.059492	-5.150001	-1.085401	-2.382803	-3.076440	0.909607	-0.633590	-2.689490	2.237753	0.069524	4.548031	9.573977	9.483358	6.442088	7.148159	8.246645	6.195268	0.962491	-1.974069	0.528209	-1.206760	-16.973632	-3.809401	-1.040821	-6.791470	-10.191101	-1.328213	-2.216516	-14.779671	-1.576461	0.887748	-5.391582	-5.882324	0.589767	-4.242691	-1.785426	4.762026	3.117660	-7.381775	3.056807	3.886888	-3.810872	-0.158413	3.480829	0.143522	-6.638199	1.359276	1.885578	-2.635641	1.406834	3.475794	-1.296901	0.679623	4.589873	-0.405596	1.195904	6.959003	4.023912	-2.939376	7.384162	7.872627	2.074426	2.570330	5.366121	3.777152	0.126254	-1.986415	1.591510	0.042803	-16.912943	-3.207210	-3.548656	-31.731160	-3.281339	-0.820699	-4.304946	-15.620457	-10.166550	-10.465571	-16.419451	-16.001694	-14.130106	-17.958037	-35.991651	-19.025244	-19.660732	-32.021252	-24.868043	-20.073167	-19.437766	-19.881823	-20.643919	-23.548468	-35.158791	-26.349156	-22.729503	-24.580570	-30.145817	-30.560988	-25.377581	-23.458780	-24.920930	-28.476931	-30.105557	-31.338746	-29.857622	-26.002899	-25.132479	-28.716027	-48.189593	-35.638043	-41.260301	-28.053580	-23.057951	-23.209547	-26.936790	-32.787690	-34.149753	-27.486427	-23.842585	-23.107199	
19.684929	17.950299	12.299792	1.431639	-4.379219	4.804537	9.025745	8.099021	10.966184	19.745973	24.779412	27.765609	29.963232	31.785806	32.982906	33.757268	34.735872	35.658206	35.891900	35.819991	36.449293	37.265209	37.433970	38.505228	40.625178	40.667549	37.396479	37.420228	40.757718	41.009407	39.229937	37.489454	36.487651	35.395071	34.360887	33.691530	32.957599	31.971967	30.996974	30.155009	29.362256	28.583219	27.712805	26.569333	25.127951	23.348177	20.663475	15.705983	7.247800	9.446038	16.553946	22.478846	26.319522	28.147365	28.216610	27.691860	29.138087	31.964701	34.203555	35.471199	35.988416	36.004800	35.449166	34.101854	31.861757	28.624226	24.262459	19.219405	15.363249	13.046679	9.539222	3.117203	0.609787	5.360991	8.569781	10.579293	11.616597	11.938468	11.901305	11.840252	11.843068	11.706657	11.208668	10.378039	9.459998	8.593598	7.657306	6.506436	5.108332	3.451306	1.652073	0.058086	-1.007861	-1.119525	0.038564	1.818784	3.199586	3.744959	3.491108	2.526568	0.924719	-1.008804	-2.784167	-4.241893	-5.473564	-6.270055	-6.730794	-7.271546	-7.924596	-8.786416	-9.626930	-9.775475	-9.697788	-10.078722	-10.627959	-9.714833	-6.662509	-4.557638	-4.477279	-4.451086	-2.192446	0.103488	1.413516	1.934693	1.933064	1.697849	1.558615	1.631478	1.621898	1.007828	-0.577942	-2.923828	-5.169286	-6.990876	-7.573893	-5.267837	-2.357629	-0.345714	1.116275	2.848227	4.892752	6.677155	8.097663	9.406176	10.440088	10.627837	9.500515	6.944297	3.794678	1.801701	-0.362575	-5.883111	-10.524151	-5.494875	-3.994286	-3.951664	-4.713591	-5.821857	-6.537541	-6.839858	-6.643085	-5.557814	-3.667884	-1.798660	-0.558450	0.154585	0.847803	1.819643	2.980805	4.166798	5.246878	6.083728	6.484065	6.330679	5.781949	5.235383	4.891342	4.517766	4.039842	3.883748	4.235783	4.647238	4.796949	4.803231	4.875440	5.013003	5.284202	5.961168	7.080954	8.342082	9.437850	10.233009	10.764441	11.070950	10.910859	9.876354	7.751726	4.573754	0.325309	-3.982056	-2.812801	0.014360	1.741538	2.783628	3.364588	3.517642	3.465697	3.422786	3.031158	1.647256	-1.063573	-4.852895	-9.146891	-15.179765	-37.037077	-17.415793	-13.370689	-13.078726	-15.080060	-19.143756	-26.805503	-28.447443	-21.460261	-19.633128	-21.461154	-27.254747	-25.881402	-21.000743	-18.793378	-17.865737	-17.890664	-19.631326	-23.374768	-21.914884	-18.789483	-18.702678	-21.286050	-24.442403	-24.578886	-25.313790	-29.061442	-31.630861	-27.426733	-25.154145	-24.846000	-24.922180	-23.814024	-21.991681	-20.978356	-22.083095	-26.226950	-33.591194	-41.592294	-38.795393	-28.089604	-22.710501	
19.788214	18.034734	12.386810	1.981529	-1.876932	7.073812	12.633547	16.479838	19.407908	21.246610	22.767664	24.686050	26.898234	29.476662	31.128651	31.102260	30.929933	31.671326	31.669829	32.016871	33.422616	34.084100	35.406472	38.449257	41.128070	42.694590	43.149049	42.559402	41.180245	39.549065	37.733982	35.302135	33.167101	31.932287	30.584429	29.795220	28.097129	23.936103	23.374184	23.748819	22.501820	22.128545	19.152041	17.368882	18.065847	15.205781	16.697505	17.446659	15.034395	14.191864	14.917233	12.634276	18.053097	21.448194	20.969816	21.960826	23.760614	25.153886	28.138345	30.662169	32.762922	34.509209	35.132732	34.405268	32.292053	28.208012	20.310398	-6.013441	9.575128	7.541273	4.863151	-0.124559	-7.731281	0.572700	3.100697	1.122366	4.792514	5.384707	0.522744	0.761269	2.373619	3.441873	2.246410	-3.400514	-1.720275	-1.997455	-5.975439	-7.635929	-8.172906	-7.081803	-14.160155	-13.926457	-10.146156	-24.083430	-13.350016	-9.297464	-5.769449	-5.736585	-10.459349	-6.501872	-3.550213	-6.337937	-22.655245	-6.015697	-4.086999	-8.325687	-20.932999	-17.260429	-18.436734	-18.244854	-27.967701	-20.047168	-15.266615	-12.503409	-11.843287	-11.877290	-8.616234	-8.903999	-13.122319	-14.280175	-10.317568	-8.872442	-9.265434	-5.403335	-4.561974	-7.806237	-6.900548	-6.966934	-9.609825	-6.857917	-8.171191	-17.732754	-25.216152	-21.524979	-17.215912	-11.178562	-9.945093	-13.046161	-11.577879	-15.957355	-2.491046	0.472375	0.460593	3.232167	3.156099	1.647125	3.467587	1.732616	-2.292315	-1.580825	-5.000276	-7.212129	-4.027617	-3.472539	-8.846419	-17.135893	-9.960381	-14.512512	-12.847899	-14.756073	-13.412520	-15.744588	-10.044328	-17.905015	-9.047983	-6.549244	-17.459508	-3.619803	-4.617460	-8.398752	-4.546073	-5.190883	-1.814104	-4.305427	-6.009222	-5.360599	-15.746247	-1.738764	-4.453992	-10.184577	-3.598794	-4.850543	-6.084057	-19.299832	-4.190328	-7.569476	-9.762060	-5.175218	-6.406236	1.007175	-0.151115	2.038959	6.344444	6.926586	6.700155	6.434845	5.748217	4.942014	2.282286	-3.396013	-2.810203	-0.813736	-3.745101	-4.950891	-1.579289	-1.333172	-0.957698	-1.108530	-2.581161	-2.732794	-3.393866	-6.467460	-12.083328	-20.571179	-17.281814	-13.739251	-13.800492	-19.008511	-25.463481	-18.689787	-18.283656	-19.431011	-19.971535	-21.031561	-24.446167	-27.140939	-23.548057	-21.860569	-22.223972	-23.209718	-21.631212	-18.134711	-16.180277	-16.342582	-18.534126	-21.438078	-21.377405	-20.945547	-22.668176	-26.299677	-30.167643	-32.150527	-36.256605	-37.339015	-25.522761	-22.709733	-25.656647	-31.440067	-22.048562	-19.100023	-19.786837	-22.889094	-26.154856	-27.543100	-24.962532	-22.404889	
19.651144	18.083481	12.739293	0.444732	-2.611134	8.741864	13.924603	12.073025	-1.260302	14.350886	17.342974	20.158729	20.143013	20.199236	24.826177	26.547574	26.403337	26.042344	26.680558	28.637020	29.755110	30.396112	32.918731	32.238591	14.020939	33.389024	36.962632	34.532228	24.745954	20.036077	27.234536	27.635318	24.746650	25.150647	26.070104	25.718839	26.105528	24.890240	21.375475	18.150282	17.562742	18.177424	19.469921	20.497620	20.774499	21.154734	21.454368	20.596763	18.584869	16.920887	17.438962	19.067100	20.319859	20.962988	20.826339	19.494222	19.218753	19.858400	16.186345	6.383181	16.680860	21.058235	23.747922	21.179302	12.245664	25.078392	26.767966	23.592904	19.484866	18.502219	15.774272	11.980880	6.727154	5.376631	8.503781	10.687386	11.278740	10.622132	8.882645	6.813124	6.731725	6.260017	3.619594	0.491635	1.539659	4.113306	5.136832	5.437984	5.840163	6.479221	6.890222	6.166322	4.122680	1.311908	-0.988534	-2.975736	-6.701581	-6.883890	-3.797897	-2.558764	-3.388877	-8.311318	-17.807261	-3.218270	1.002683	1.985684	1.035093	-0.420433	-1.306400	-1.669368	-1.716110	-2.000566	-2.423583	-1.592107	-0.280332	-0.428465	-3.109028	-9.893716	-14.479541	-11.198090	-14.197074	-16.392406	-10.444466	-6.032740	-3.318730	-2.264487	-2.340510	-2.851668	-3.501713	-4.892399	-7.971671	-12.071014	-13.332294	-12.524210	-8.317889	-4.195166	-2.202009	-1.796642	-0.831926	0.530975	-0.428388	-5.428054	-12.252285	-1.228865	5.010186	8.650180	11.089505	12.555163	13.048762	12.908773	12.371917	11.723639	11.234135	10.614369	9.683812	8.817178	8.315428	7.795115	7.117937	6.663136	6.493987	6.213099	5.485279	4.178125	2.239384	0.290886	1.600062	4.741394	6.667486	7.328561	7.224246	6.804874	6.204188	5.839985	6.769350	8.829773	10.902210	12.177607	12.335024	11.382226	9.808267	8.689835	8.262146	7.470244	5.509383	2.944882	3.859109	7.199567	9.875208	11.510729	12.503963	12.737793	11.785753	10.566462	10.250016	9.462161	8.472034	8.642664	8.280691	6.526858	4.192731	1.667963	-2.806403	-12.111463	-15.070209	-9.945405	-6.000478	-3.958072	-3.518475	-3.607144	-5.037606	-9.050900	-10.410899	-7.998051	-7.514721	-8.099525	-9.395752	-11.989023	-15.879144	-20.185290	-24.340713	-35.337344	-25.540453	-19.669011	-19.351074	-20.929763	-23.887905	-27.425297	-25.746229	-24.838230	-24.475883	-27.529185	-23.699599	-19.428509	-20.059389	-23.567814	-25.737103	-29.708911	-36.631358	-31.710503	-37.329467	-37.396923	-29.276497	-26.359127	-23.922454	-21.491023	-19.897052	-20.010504	-23.128742	-27.784579	-20.174788	-16.499153	-16.178464	-18.862834	-27.304254	-31.527048	
19.828721	18.104524	12.370626	0.201140	-7.264226	2.733712	8.893991	13.006748	17.214166	21.384442	24.877418	27.389368	29.098198	30.239272	30.763314	30.372157	28.596426	24.376535	17.444797	25.794706	31.374894	34.478356	36.149689	36.853676	36.886808	36.178849	34.337492	31.015683	25.419638	9.647430	20.945541	26.330146	28.283241	29.033885	29.090131	28.175730	25.960318	22.712579	19.487382	16.047928	10.565327	12.506160	17.586004	20.107443	21.313762	22.102567	22.469155	21.645534	18.803481	12.971737	9.668272	15.091685	18.520416	20.261122	20.701937	20.670702	20.892150	20.766282	19.299267	15.790163	9.893243	11.235272	17.620217	21.940636	24.983801	27.131605	28.359886	28.554723	27.666147	25.705290	22.694926	18.690045	14.831403	14.104272	14.376301	13.823311	12.997239	12.257714	12.009088	12.388382	12.502798	11.731280	10.312400	9.251668	9.476933	10.560984	11.562149	11.973024	11.703159	11.028464	10.536568	10.456576	10.191493	9.125922	7.099291	4.426120	2.122902	1.071503	-0.233292	-4.818274	-10.165048	-1.735251	2.506007	5.288790	6.712106	6.303808	3.906544	0.783171	0.214651	-0.836870	-6.968783	-3.284835	2.980637	4.553812	2.690127	-2.965675	-7.831830	-4.680912	-3.625476	-3.364387	-3.113669	-3.255437	-4.135931	-4.236379	-1.669674	0.335860	0.041184	-2.780405	-5.562277	-3.851227	-3.256021	-4.289452	-2.603693	-0.467625	-1.830281	-15.913634	-1.115162	5.295588	6.754508	4.149994	-5.317391	-0.554488	4.271743	8.317475	12.328204	14.879276	16.544021	17.892687	18.364187	17.296425	14.965490	13.116370	11.346651	6.315357	5.068845	9.915478	10.921435	9.911816	6.806011	-8.527560	6.893237	12.759309	13.959435	11.879971	7.404323	6.761602	6.753341	0.765606	3.532730	13.081161	17.629947	19.493787	19.217522	17.991700	19.260501	21.513995	21.523274	17.476057	6.662651	17.281173	19.322871	15.468635	1.480678	15.191739	17.135963	15.408648	14.619889	12.984624	7.896581	15.276452	18.539209	17.764557	13.194831	6.062052	13.913601	18.160769	19.182507	17.215845	12.675520	14.460085	17.321781	17.259324	15.352773	13.248871	11.411390	8.388678	5.625214	7.299113	8.032430	5.958299	1.710209	-1.975951	-5.826432	-21.011292	-6.848183	-3.543575	-5.223768	-10.800046	-19.683831	-16.988416	-16.217539	-20.207402	-31.836505	-20.871888	-15.183914	-13.116157	-13.444282	-15.315614	-17.314785	-18.658473	-20.614681	-22.698241	-22.234904	-20.563128	-20.148781	-20.633194	-21.344995	-23.591835	-27.193354	-30.582533	-30.259186	-27.604554	-27.884557	-35.523096	-33.645708	-27.091174	-28.643003	-26.602377	-21.787816	-19.522145	-18.034892	-17.409924	-17.231140	-17.324465	-17.853305	-18.502643	
19.722157	17.991937	12.258297	-0.160580	-12.707854	0.644458	4.818127	-3.047830	11.686793	19.139514	22.005783	22.443342	22.623290	23.048422	22.719485	22.331976	21.741718	20.402820	19.910094	21.573201	24.093670	26.342108	27.915663	29.663138	31.329378	30.938194	26.905450	17.202017	20.538305	22.825303	22.048252	19.663126	14.847743	14.259605	18.282406	18.713127	16.221741	9.720372	-8.920015	6.911493	7.861172	7.372816	7.474731	6.672038	3.843588	-2.427655	9.924109	14.084329	13.888052	10.312644	3.404333	1.500674	7.217057	8.771416	5.389901	-6.953968	7.791645	11.492563	10.675270	9.094283	9.061674	5.393915	13.104193	17.865626	18.391116	17.879198	20.146887	21.407285	19.927183	18.342594	19.835573	19.733308	16.631977	11.413916	6.313301	-5.784170	0.732457	2.043399	-4.272472	4.890481	7.196835	5.325665	-1.103890	-9.097814	-0.702937	2.897451	2.679666	2.587876	5.184311	2.123843	-4.637527	4.774648	3.558704	-3.228421	3.539822	3.980165	-1.366449	-1.613560	2.785592	3.967822	4.305094	4.611786	2.529442	-2.745833	2.331064	4.991933	3.684942	0.433509	0.024379	0.089615	-1.330377	-1.047901	2.285642	4.850849	5.259764	3.812171	1.957093	0.281250	-3.250479	-1.625716	1.224933	0.706800	-1.529186	-1.460331	0.294090	-1.924649	-9.286204	-2.291685	-0.053205	1.176663	2.166993	0.477991	-1.255702	1.394918	2.813461	3.361038	5.155514	8.306423	10.646753	11.042319	9.890768	9.151971	9.868604	11.844858	13.452635	11.798341	-0.914646	10.033156	15.688467	16.128504	13.122157	10.870424	13.433807	14.870676	14.997291	14.235586	12.066044	9.941177	12.992213	17.031530	19.456940	19.715812	16.399225	-0.045066	14.262046	18.457019	18.719174	16.937141	12.073118	-0.975459	12.401302	19.539186	25.112198	28.474806	29.515794	27.955278	22.433180	8.758761	22.138052	27.267116	30.405207	32.428905	33.706898	34.594943	34.969853	34.444140	33.004924	31.356196	30.457795	29.804682	28.107529	25.979377	26.254923	27.253619	28.076892	28.604437	27.666796	24.527926	18.387220	12.552810	19.477119	23.314154	24.816475	24.719945	23.453858	21.345684	18.427327	14.117692	6.862566	-4.160971	-4.431804	-31.228373	-1.169054	2.820172	3.555448	2.312669	-1.605080	-10.231066	-10.236342	-6.181643	-5.953449	-8.044803	-13.284517	-30.056751	-13.270390	-9.757440	-11.365148	-19.258884	-19.433071	-17.211711	-23.030457	-38.713182	-26.487875	-26.340110	-30.462149	-36.147955	-24.426650	-21.186059	-22.163125	-26.902185	-29.947205	-29.019025	-26.279497	-23.785805	-23.543431	-25.342392	-26.803633	-24.495094	-20.928372	-19.094886	-20.613724	-29.455986	-26.828259	-24.514249	-34.105038	-22.705285	
19.566391	17.847779	12.389093	2.445461	-5.426864	-0.683900	4.003035	6.302393	10.094279	12.861536	12.423136	8.945353	4.851049	4.403826	6.164805	8.344328	10.589565	11.273552	8.352305	1.034838	5.661886	3.735379	-2.377545	9.919537	18.258130	22.735751	23.874092	22.069400	17.293671	7.719994	1.158788	11.392079	13.978241	12.513545	4.264061	1.119557	7.253410	4.292557	-0.568516	2.121322	-1.425866	-10.232999	-10.213048	-3.834093	-7.033717	0.443715	9.033797	11.777781	11.267099	7.835722	2.476129	6.740635	10.203383	10.220188	6.185660	2.817112	8.699293	9.988343	7.686882	3.902561	4.615734	8.129308	10.729247	11.363377	10.365105	8.621326	6.306022	4.877374	7.285334	10.682843	13.471099	14.602408	13.184845	9.010725	7.053979	9.369048	10.092314	9.106749	6.120813	-3.353279	-1.172886	3.618054	0.146737	-9.423059	-5.513721	-8.207359	-0.245938	4.818428	8.929308	11.530579	11.655285	9.061272	3.612960	-3.646293	0.105080	3.998575	4.624899	2.796412	-0.421928	-3.940376	1.369249	6.748970	8.638816	8.611034	7.351814	2.250681	-2.263545	6.623368	8.292996	5.903092	1.397196	0.738616	-6.080724	-0.986183	5.921740	5.074090	-5.599254	1.946697	7.228744	8.741964	8.613079	6.979403	6.084162	9.939951	12.690935	13.019466	11.224394	6.484021	-16.301355	4.889932	8.345398	7.567493	6.330174	6.587875	5.293040	-0.368950	-0.097566	4.272118	5.749052	9.443724	11.641857	10.447418	5.817884	7.342309	11.723583	12.732611	9.769506	3.947065	12.783764	16.039732	14.301183	6.743203	13.216413	15.838917	12.502496	8.158972	15.018302	16.780334	14.522467	10.610825	15.824832	21.393950	25.272448	27.777136	29.398577	29.782112	28.014816	23.873484	21.166581	22.767645	24.341361	22.887509	13.665048	26.632434	32.552218	34.770643	35.038314	34.730801	34.238825	31.044052	25.849161	35.654615	39.443895	39.656487	37.240439	33.614237	32.138715	31.565835	30.030523	30.180770	32.727334	34.315751	34.019459	31.663552	29.025261	30.035215	29.760351	25.456199	15.194134	7.058585	16.661551	21.360353	24.420889	24.618151	19.354564	14.316633	20.978555	20.350905	15.599652	9.720700	4.349900	-0.574015	3.253401	2.198845	-1.469789	5.569142	7.535311	5.331583	-1.016393	-4.310840	1.984913	3.073317	0.702386	-4.125671	-8.922385	-7.373637	-7.431239	-11.506293	-15.042745	-12.994709	-13.405596	-17.634558	-25.847841	-24.337062	-25.305255	-23.304793	-17.111576	-16.007184	-20.427467	-37.263391	-24.484356	-25.125228	-23.324902	-20.142683	-21.359703	-26.438326	-34.966290	-31.579670	-24.631521	-24.221804	-23.567811	-20.837131	-20.702470	-22.491508	-22.902649	-20.675945	
19.669965	17.968528	12.414594	1.527730	-5.319602	-2.204883	1.544649	1.226838	6.444823	10.918809	11.547918	8.704299	2.901554	-7.045396	6.417251	12.776607	15.001945	14.165035	10.435730	6.982696	10.168722	12.345389	10.929078	11.916135	17.793389	20.058902	18.829169	14.161027	9.758140	10.594017	8.674115	5.658993	9.825338	13.255028	14.176547	13.245963	11.396821	9.770726	9.226797	9.701556	10.172250	9.901969	9.557154	10.145240	10.529750	8.415892	2.045069	8.534012	11.469702	8.220286	-4.989044	10.633999	14.630503	15.604169	15.261516	14.205594	11.598934	3.837630	1.362124	8.195746	6.194576	4.368315	10.237918	11.073671	7.188317	-2.723931	-6.349781	-9.728889	-3.516581	5.726142	11.367719	12.736738	10.522034	7.198624	7.014345	6.438506	5.465611	5.603793	7.462860	9.539622	10.348103	9.750287	7.808201	6.272580	7.504916	9.795260	11.962797	13.495923	14.371397	14.699962	13.811681	10.810646	5.893067	2.679527	4.063748	4.425999	-1.037786	-6.464555	1.511023	2.385262	-2.095315	2.149251	11.495403	15.556173	16.822385	16.212350	14.073470	9.122045	-26.774692	8.064903	11.777273	12.042092	11.564639	11.983846	13.048949	13.590238	13.309089	12.069628	7.845457	-12.295548	6.049846	9.212620	10.710929	14.649121	18.154415	19.756004	19.430063	17.587172	15.306738	13.482049	11.679021	9.280623	4.221500	-4.124883	6.975623	10.429306	10.271217	8.105593	7.383842	6.139325	-6.305356	7.754468	12.661459	11.400115	-1.015952	7.828980	12.992077	14.886753	16.261274	17.318772	17.993095	18.400479	18.754699	18.648166	17.801446	16.851903	16.688367	17.481166	18.096857	17.829987	14.469334	13.661384	24.531032	29.033450	30.772175	31.607403	32.606554	33.201004	32.601340	30.192812	24.930909	20.295741	24.890480	27.248178	30.967979	35.372082	36.457679	32.362676	28.748630	37.716037	41.780364	43.460415	42.822665	39.310270	32.053865	28.186337	29.287175	28.177143	29.077398	29.789378	33.125232	36.596004	37.247485	35.313314	33.069714	33.578787	33.854745	32.170280	29.039915	26.419754	24.201525	23.733237	26.649298	28.704614	29.075170	28.341461	26.764188	23.322663	18.051702	16.595230	16.235909	16.466287	17.069378	16.485187	15.694038	15.546520	15.508817	14.961473	13.784388	12.488522	11.410085	9.939378	7.235725	3.342345	1.242104	1.089617	-0.279341	-2.812153	-4.160266	-3.723113	-3.924719	-5.177739	-6.598801	-7.470545	-7.954305	-8.341363	-8.579485	-8.517532	-8.543373	-8.761537	-8.729599	-8.817007	-9.781222	-11.903125	-14.914464	-16.910587	-15.853439	-14.906377	-15.868801	-17.973631	-18.641253	-18.605150	-19.689508	-22.647527	-23.531864	-19.161228	
19.742427	18.011742	12.315869	0.023722	-20.600465	-9.479604	-5.197708	0.715833	8.817058	12.114088	11.745670	7.633070	-0.471253	4.112995	9.570275	12.946001	14.197134	13.011626	9.030751	3.697969	4.557055	11.516478	16.047890	17.097804	15.312502	13.930728	13.983320	11.177728	3.936609	-0.612337	5.652349	9.619553	11.521474	10.222042	7.171843	10.925308	11.079728	2.347184	4.759320	11.212560	11.973357	10.948297	10.471926	11.459053	13.016517	14.019633	14.696893	15.730509	16.205252	15.670760	15.069241	15.081561	14.658292	11.587066	-2.617937	8.588335	14.139043	15.452004	15.283536	14.825794	13.718732	11.455514	8.029941	4.172972	5.548659	7.804276	8.667322	8.725872	8.561989	10.419573	11.510222	11.110220	10.846018	10.957752	11.826741	12.752507	13.280879	13.134834	13.311632	15.330928	16.089555	14.294619	10.335390	8.445715	12.441961	14.338925	12.205088	1.927659	3.951316	8.506128	7.176732	6.232034	6.113012	3.677238	8.849582	12.726154	13.635662	12.888687	11.065547	8.880116	7.927050	8.159470	10.053947	14.366602	17.200682	17.526777	16.012989	13.867069	11.958719	10.746163	11.481778	13.448798	12.413907	5.008659	12.781741	17.413930	17.845287	15.538549	11.008739	4.365241	4.298143	8.442356	8.676886	14.253084	19.046401	19.698929	16.289896	11.887340	13.521643	12.297567	6.083199	-5.572513	5.662638	9.845057	12.491501	13.983317	13.642988	10.917484	4.901229	1.148733	8.732441	14.530726	18.405993	20.218769	20.434770	19.409002	15.662173	-2.745780	13.120851	15.521942	7.727129	13.146811	19.598208	19.111534	10.334883	9.437915	12.312199	-1.843400	13.374086	17.680519	22.361615	27.067065	29.043653	26.265579	18.208132	25.963814	22.921943	22.731601	32.009387	33.905067	32.828124	31.352115	30.712976	30.194939	32.680562	37.417699	40.056163	40.451145	39.849958	38.493160	39.192058	42.506895	42.990706	39.630529	31.819921	29.624637	32.092003	33.225139	34.646153	35.309619	34.287892	33.669906	35.217039	34.989966	31.583882	29.611185	30.797524	28.981432	28.738013	31.448879	31.270755	26.167091	17.214597	29.604442	32.028856	30.579711	26.871983	23.389215	20.721208	22.098867	24.333104	24.139752	21.655825	16.967552	11.036337	10.439052	11.887506	12.237639	10.947750	6.136026	3.156465	8.072608	8.314001	4.565969	-1.742676	-0.425937	0.687292	-1.979442	-8.689832	-6.510249	-4.861240	-9.238259	-14.504976	-8.247336	-7.855916	-11.247016	-18.866991	-19.746829	-9.922750	-6.104762	-5.504182	-7.917554	-14.594041	-19.815455	-14.157107	-12.444327	-12.011231	-12.329902	-14.271875	-19.234002	-25.660456	-22.017424	-22.430936	-30.781152	-24.246605	-18.308799	
19.687548	17.983061	12.431286	1.477972	-8.913053	-0.906526	3.252395	7.371659	11.435051	13.086744	12.494019	9.679881	2.481402	-5.127013	4.867851	6.449741	6.883967	6.782401	5.209649	5.017909	6.186913	12.024952	15.731171	16.043468	13.838359	12.450090	14.365726	15.598890	14.986416	14.311494	15.323690	15.607228	14.018206	11.178968	9.454588	10.942310	13.544853	15.043248	14.497915	10.897074	2.075825	1.200823	0.992814	1.650877	7.626227	10.091425	11.790659	14.565384	15.954309	14.084710	5.484344	6.231404	13.003053	13.722727	10.639110	0.573139	9.565932	15.381947	16.870770	14.982706	7.931744	-2.538682	6.071673	4.872415	3.200895	6.651942	12.261976	15.437213	16.380097	15.554412	12.363000	9.193639	14.092028	15.054241	9.896712	14.767464	20.981144	23.212901	22.685953	19.278239	12.412589	5.945287	2.273637	10.339953	14.615444	14.630656	10.828124	2.796815	7.859443	11.092589	11.522765	12.113188	11.995542	5.515187	7.500987	16.733733	19.694501	19.781844	17.609573	15.515247	16.828331	17.077739	16.917474	17.092473	14.011617	3.613085	0.945112	1.367701	6.815893	8.334364	7.882433	12.617020	15.932091	17.098353	17.421357	17.472018	15.788150	8.775278	2.439722	10.853610	12.017963	13.972847	15.404241	16.926298	19.464058	20.364850	19.005114	16.599241	14.501092	10.617733	5.294994	11.654394	13.805183	10.749964	-3.083070	10.233310	11.496607	5.978771	4.174550	8.394789	9.746322	6.014523	17.291748	23.023762	24.602888	23.418880	20.401789	16.701811	13.085824	11.280899	14.966562	18.972897	21.180012	21.986304	22.334791	22.770921	23.477996	24.186847	23.422575	20.897198	23.335809	28.325887	31.283669	32.341170	32.170963	31.920870	32.543833	33.640844	33.590328	31.045608	26.861196	27.313523	27.980234	28.428628	31.605987	34.838514	38.189661	41.775634	43.735616	43.754102	44.375665	45.784919	44.784171	39.913511	29.085013	19.195291	25.715679	21.109298	22.780700	29.658064	30.224279	30.292760	33.294653	35.509858	35.014518	32.737168	29.706747	25.609756	24.655552	29.632709	33.338789	34.688663	34.546083	33.658161	31.844399	27.703053	19.944670	22.333171	22.713074	21.176432	23.457741	23.246972	18.333651	2.319868	8.267402	8.367057	4.259473	2.019893	5.963233	8.347776	8.502830	7.024455	3.717053	-2.839353	-7.781302	-2.765078	0.077706	1.116495	-0.294167	-3.465643	-6.582208	-8.429521	-8.760636	-9.124343	-10.101198	-13.668166	-18.516950	-11.445407	-9.859920	-12.321823	-13.561245	-11.400925	-11.476585	-13.859415	-17.810184	-25.137425	-26.517792	-17.385885	-15.270350	-16.927224	-20.767701	-24.099653	-27.863891	-40.656383	-24.257502	-18.497143	
19.779094	18.084183	12.552189	1.157047	-7.953953	0.810314	7.103286	10.261845	11.501092	10.474996	4.823823	-5.877718	7.229440	9.532750	8.562970	6.472088	6.662820	7.113698	6.107473	7.636113	10.431962	12.270685	13.212870	12.854739	11.217011	8.546115	7.948291	12.391270	14.887392	14.732174	12.861185	10.177287	7.199818	6.013821	-1.347245	4.647523	11.609846	11.460403	10.899625	14.603335	15.906858	14.720392	11.097128	5.277878	7.891122	8.515165	7.162264	9.438516	11.983358	13.494516	12.580930	5.614659	6.240211	14.275919	16.507790	16.326357	13.988823	7.172347	6.964968	11.933289	12.801889	13.216284	13.709804	12.939956	10.742212	11.073663	12.993493	13.960336	12.164600	2.893116	11.732313	16.730571	18.541796	19.950237	21.771554	24.632447	27.356682	28.193606	26.525078	21.976069	15.606745	14.499588	12.938395	7.021636	9.965340	13.484156	11.942729	5.977267	4.919741	13.846821	19.408022	22.114627	22.983517	23.048192	22.846956	21.613630	17.624202	2.146321	17.046113	23.237237	25.872060	26.400361	24.863756	20.696017	12.534841	-2.229077	-2.303953	0.011686	-3.303334	5.227959	15.124902	18.717626	17.817156	11.494100	11.807068	14.751594	11.636868	8.452980	13.728617	17.336229	19.240240	19.098632	16.977392	16.649748	20.506171	22.171867	20.430099	13.871528	5.916298	16.276463	19.945062	21.340202	20.785179	18.132900	13.467522	8.561279	11.098545	13.278714	14.751108	16.850410	18.563451	20.727800	23.784874	25.660877	25.062059	21.022414	10.793412	14.996822	17.920413	17.898305	19.771325	20.980397	18.115587	2.959111	16.218900	18.979787	20.667673	25.644763	28.392661	27.825908	21.067509	20.234437	29.261743	30.632053	26.848944	8.683358	29.037293	33.455690	33.938229	31.526100	26.963952	23.539893	21.767725	11.344101	20.414509	21.245962	21.973483	33.981793	38.924270	43.569405	47.474740	49.125642	48.322533	45.230430	40.541220	36.481790	35.219473	35.140257	34.381357	31.952255	25.909129	28.614744	36.688465	40.417861	41.172639	39.223320	34.239177	26.621063	24.763620	26.430956	30.448956	31.982868	29.282952	19.485130	26.488537	29.217323	27.562389	24.682614	23.433092	24.094661	26.016609	26.338023	24.221514	20.144007	15.838606	12.494001	7.868674	4.106020	7.933053	8.877939	5.424028	-8.051748	1.392819	3.949910	3.500838	3.888904	3.752667	1.910506	-1.703648	-7.879491	-15.842672	-24.635814	-18.504922	-12.435462	-13.148185	-12.756339	-8.862177	-6.971435	-7.699738	-10.317486	-12.366532	-14.809521	-20.676436	-23.409623	-21.542659	-23.596163	-22.919381	-17.994961	-16.440556	-18.513726	-26.499373	-31.544775	-22.977609	-21.071617	-19.767301	-18.882321	
19.693968	17.995917	12.358101	0.034562	-21.140968	-1.033563	4.434706	1.889011	-7.646673	6.907356	10.506351	10.699216	8.139328	2.492039	5.079864	9.046783	10.234975	10.287386	9.525462	6.320349	-5.059005	-1.721931	2.940949	1.765038	-5.775557	-5.986605	3.255675	6.137827	7.611692	8.860954	7.849280	7.303881	10.403379	11.701192	13.906332	16.494733	17.139136	16.305107	16.386399	18.054332	19.005121	18.564796	17.109117	15.002063	12.491849	10.610672	10.492790	8.477444	-3.226513	7.055977	11.517204	13.325821	15.939369	18.960043	20.559856	19.632635	15.151313	2.797380	7.853798	14.596119	16.183955	14.355973	17.170024	21.126503	22.043416	20.453460	18.014976	18.985302	21.102816	22.072665	21.902283	19.778312	14.333859	17.899660	23.722579	26.221891	26.483701	25.476739	24.422310	23.384710	21.717829	19.816862	18.473678	18.130499	18.978716	19.384714	17.755092	14.327450	13.184737	16.209840	18.880072	19.338903	20.118122	22.103534	22.208226	19.944107	15.704284	8.897269	15.977806	23.068011	25.924401	25.471209	22.981280	21.724535	20.913322	18.865637	18.086502	19.032153	20.597583	22.993434	24.747366	24.540313	21.496930	13.416503	11.343741	16.327920	16.405433	15.880898	17.230148	19.489394	20.584328	17.861953	6.775489	20.738396	24.926110	25.016079	21.848572	14.622464	9.405534	18.224397	22.675374	24.231103	23.406789	20.570298	16.220257	12.926409	14.082616	15.045919	14.260059	12.439299	15.249939	20.091772	22.580924	22.811552	21.390377	19.530810	18.205242	16.563553	15.858315	18.952466	20.900185	19.713057	16.126346	16.138661	17.008339	15.165159	16.945813	22.235164	26.812336	29.345334	29.976132	29.423933	28.310008	26.557347	23.109177	20.135742	26.877173	31.365485	32.348663	29.388869	25.198311	29.859010	32.127916	31.899784	30.773205	30.577141	30.150535	26.956595	13.571891	31.154039	40.879512	46.071218	47.707268	45.762693	38.768653	35.956038	40.146732	38.846891	33.274748	23.313940	26.356507	30.924813	36.196713	39.604685	40.460310	39.212473	36.485599	31.972230	25.463363	24.853599	17.550220	23.024472	30.005400	30.985452	28.839512	25.679872	25.362506	25.129555	28.734380	31.094473	29.220472	22.198818	18.880632	19.496237	13.727628	8.143892	8.358239	6.130020	6.880604	8.977320	8.702771	6.043190	4.001184	4.234248	3.001400	-1.157036	-3.435397	-6.039089	-12.084142	-11.189759	-12.363267	-13.191546	-9.843030	-10.071754	-12.884908	-12.583389	-9.712468	-8.021206	-8.308837	-9.990713	-12.528070	-16.265977	-21.013971	-24.599654	-26.384270	-28.131470	-25.777393	-21.524235	-18.868284	-18.272053	-19.763970	-23.046239	-25.421607	-23.301356	-24.890058	-33.446124	
19.557850	17.801658	12.103751	1.145814	-7.217060	-0.204113	2.052685	1.659600	5.299923	9.797656	11.700541	10.654282	7.080316	3.053534	2.380248	3.535457	2.474516	-6.262051	0.437193	7.351498	8.591243	5.984055	0.098335	1.088375	4.808342	5.129596	1.548569	-2.964652	-6.113915	0.504771	10.999403	16.074717	18.590913	19.240229	18.078518	15.340669	13.233100	13.703026	14.957003	15.486612	13.834565	9.128728	1.762818	7.609476	11.181383	10.429473	11.295703	14.698976	15.910073	14.727305	10.148458	2.834953	12.790096	17.276628	18.902226	18.327769	16.275072	15.850563	18.423999	21.602851	23.970367	25.044770	24.619248	22.311934	17.880401	17.310942	21.457010	23.830304	24.438299	23.375992	20.763719	18.740278	18.998259	17.196307	15.420655	19.353290	18.506520	10.569853	12.689451	8.128334	8.105517	12.412485	1.277524	18.880876	22.750968	21.864419	15.418409	5.716433	13.206499	13.286318	19.614260	22.279480	23.536976	25.399361	25.444295	23.043989	21.540067	23.398710	25.604384	26.436777	24.706033	19.533402	11.231590	12.764887	18.979565	21.414250	19.943073	16.654400	21.527213	25.726358	27.279345	26.704700	24.203544	20.331283	17.303546	16.602536	16.094391	13.201110	6.757244	2.118573	15.969294	21.922652	24.877802	25.978275	25.419312	23.113861	19.434655	18.977651	21.884277	23.504670	22.427948	16.612783	12.860751	17.175979	13.590555	-5.737891	12.630750	14.046096	12.212242	8.675960	7.748071	16.533366	19.852332	18.679981	15.096258	16.547341	17.074106	16.277752	16.886298	19.558449	23.474576	25.115088	24.604377	24.366288	25.222123	24.236665	19.308473	19.570567	25.112343	28.163958	28.742805	25.241990	22.547957	28.611094	30.489281	29.467734	25.456750	29.125925	33.997006	35.069444	34.820016	35.431167	35.905673	34.071207	26.875390	22.040188	24.208665	20.074521	31.680666	28.962403	34.237194	43.307550	46.253977	45.883419	42.687000	37.292807	38.166438	40.845750	41.028481	39.322558	37.310345	38.075558	38.729984	35.793251	22.705859	28.686470	31.071494	25.762049	25.668918	30.290141	32.635792	35.411189	37.903947	38.762762	37.815647	36.413634	37.116391	38.414734	38.286742	36.258369	32.187897	26.625384	22.110523	18.158291	12.145667	6.724596	5.015492	2.233854	7.500455	10.380459	8.814730	2.603112	-0.085855	3.006752	2.139244	-1.056249	-3.772540	-4.192817	-4.931802	-6.886527	-9.422685	-13.470698	-14.742167	-9.932154	-9.808170	-16.098988	-17.424450	-11.549507	-12.054686	-18.353064	-23.433568	-19.953415	-24.943577	-31.984164	-38.228692	-28.491317	-24.357988	-26.189894	-20.381497	-16.403767	-16.559562	-20.020327	-23.812803	-25.320297	-27.216659	-30.876965	
19.635311	17.929988	12.373820	1.541323	-4.793162	3.004836	6.262510	6.293248	9.261597	12.436747	12.717014	9.312189	-0.158605	0.750857	0.698662	-0.676629	4.438055	4.780198	0.387853	3.234740	8.539964	10.445088	10.531879	10.077172	9.630229	8.456908	5.537837	1.695592	1.538453	5.132695	11.569028	14.884177	15.155964	14.726112	14.808108	13.124199	10.376373	9.826844	10.869677	13.535650	14.671525	13.141362	11.180683	13.818084	17.020600	18.571502	17.855767	13.694836	4.632413	12.846508	16.153886	14.854916	5.702180	10.338012	15.038812	13.023566	5.622602	6.717351	12.241179	18.045106	21.873026	22.890045	20.435206	13.323552	10.749765	15.597614	18.252359	17.530104	12.624159	11.910092	14.875581	14.975530	16.325742	19.499963	21.842466	23.686016	24.637261	23.866632	21.347426	18.329894	17.728376	19.847121	21.952699	22.388660	20.717376	18.801950	18.647615	18.534972	20.001653	24.115938	28.362855	31.050514	31.573158	29.220735	21.972928	23.607278	29.495324	31.194419	29.916452	24.572529	-0.023097	20.519904	21.273664	19.648077	22.704047	23.821280	22.283658	20.145729	18.718456	19.031707	19.962627	18.871012	18.105824	19.104353	17.092197	13.461970	17.895349	19.608610	18.219063	17.610713	21.650857	24.456286	24.579264	21.058951	4.604904	16.864728	20.551768	21.705326	23.390917	23.406816	20.801239	15.909302	12.444067	15.041401	18.578246	20.298553	19.688981	16.349061	8.438830	11.184124	18.745472	23.508185	26.346331	26.897503	24.304588	14.847965	20.414848	27.151116	29.965877	30.621452	29.087225	24.919669	20.276930	22.478045	25.844065	27.327105	25.474762	17.576882	15.636571	4.874779	25.290589	32.520914	34.761313	33.414018	28.232504	31.203731	36.604634	39.150214	39.528685	37.631561	33.900622	28.699120	19.731425	35.787303	40.314562	42.029632	43.362184	44.568090	45.328688	45.992550	45.843813	43.046863	34.562574	38.148412	41.066907	39.466936	37.237323	38.366667	42.224678	44.096454	43.126175	39.707337	36.483534	36.775867	36.908819	35.759748	33.944419	31.940164	28.472283	13.511239	30.086317	35.572899	37.243885	37.911292	38.706337	38.711466	37.383584	35.865197	35.844429	35.506497	32.882369	27.307628	21.397178	18.896401	12.505781	2.711589	12.616512	13.138673	7.527576	0.548643	8.658232	8.754277	3.663619	-6.190568	0.152118	1.043666	-2.939232	-10.703650	-6.064046	-5.532731	-10.004187	-22.527838	-17.627404	-9.894207	-6.205279	-5.627601	-7.668304	-11.567446	-15.369550	-17.622037	-18.040558	-18.034199	-19.605532	-21.719360	-21.451880	-18.647231	-15.674569	-13.795464	-13.482492	-14.894697	-17.110255	-18.838679	-22.292029	-32.895595	-32.017557	-30.592865	
19.794052	18.053703	12.341610	0.518002	-7.673465	2.809464	8.099818	9.951190	10.516305	10.737490	9.806288	8.213947	8.794148	10.098898	10.788659	10.651374	9.252689	6.972831	5.523425	6.015431	6.164288	4.314771	0.816203	-2.146042	-0.161919	6.298372	9.146106	7.952743	3.460307	3.511732	9.820826	13.952679	14.379941	14.148866	16.460186	16.555911	12.658730	8.959529	13.630395	16.149508	16.895342	16.408812	14.738970	14.078866	16.625907	18.277655	17.536810	14.356599	9.107515	7.552322	13.325372	17.018057	18.569003	18.922942	18.556455	17.087556	14.108055	13.111353	13.339672	9.649899	16.891032	21.291179	21.361887	18.366405	13.676884	10.565130	14.068840	15.626009	14.226543	11.341403	7.787484	9.668727	15.220145	19.304998	22.907190	24.891618	24.222967	20.740883	17.506022	14.261783	11.459305	19.449905	20.994650	19.645928	18.074554	16.966876	20.229317	21.598639	16.970215	21.582061	28.713793	31.769215	32.392973	31.133724	29.014192	28.178420	29.102221	30.095643	29.708497	27.681564	25.112703	24.055168	24.826677	25.843204	26.086660	24.831553	21.031071	13.390724	6.682060	6.447319	11.661208	12.095261	9.786122	9.374200	16.296628	20.988964	22.311777	21.776763	21.469261	21.767393	20.762182	18.601596	17.939552	17.845983	19.310160	22.261683	24.094129	23.656802	20.969044	18.329318	14.550288	-0.580209	7.523996	14.674521	20.957253	22.520341	20.170959	16.904190	18.371520	19.263231	16.414459	13.718173	23.317193	28.713535	31.557462	32.897818	33.534624	33.133431	30.774973	27.408918	26.551993	25.508058	22.904631	19.286332	13.570007	23.328403	29.051631	31.458307	32.118205	33.198174	35.952760	38.382717	39.501333	39.563995	39.574551	40.775976	41.223335	37.454484	19.425324	38.280216	40.522532	39.617378	41.525334	45.093152	47.113259	47.217038	46.121463	45.446258	44.611549	42.368518	42.250009	44.012373	44.469671	44.482572	44.064125	41.851785	37.410645	36.608455	39.177995	40.608435	40.374629	37.499446	33.727084	34.072875	33.061727	29.088037	28.565966	32.479938	34.466384	35.231396	34.880136	32.215316	24.954424	26.174209	29.035595	25.732665	17.322059	18.739091	22.321523	29.149406	31.699434	30.290963	26.727702	25.778263	24.415078	20.475488	16.116562	14.249906	13.406152	12.112405	11.683053	11.532955	9.717099	6.088305	2.089795	-3.976428	-10.677956	-10.278191	-9.448599	-6.188577	-3.324099	-2.214375	-1.793436	-2.332877	-4.938789	-9.531266	-13.381947	-17.771742	-34.388917	-22.579596	-22.394856	-17.062584	-15.227273	-18.871008	-26.958491	-19.584816	-15.941909	-14.223483	-14.513443	-18.466498	-24.276163	-20.453860	-19.181206	-20.148265	-22.475362	-26.357941	
19.881458	18.219610	12.757901	1.715617	-5.274926	3.854309	7.497110	5.216039	1.043368	5.692237	5.388477	1.908541	2.719040	6.558769	9.743778	9.231706	2.488556	-7.110850	2.169347	2.662014	1.150771	-4.805096	-5.233312	-0.510269	-2.511789	-8.846331	6.172630	11.665247	12.924369	11.652451	13.893522	17.437853	19.370105	20.481527	20.589538	18.946834	15.943524	13.667598	11.619382	2.687959	9.627685	14.912295	14.433906	12.668274	10.410933	5.489997	11.020591	13.492792	12.239022	9.993620	7.918824	11.790508	15.280420	12.185049	5.774821	14.952097	16.076705	15.257439	16.621829	18.434821	19.762088	21.484953	22.735423	21.876021	18.606238	15.523955	14.835831	13.887814	10.461631	-1.161891	8.190900	14.678295	17.679063	16.438797	17.872911	24.085406	26.183239	25.028983	23.294906	23.535879	22.683075	20.112508	17.130138	13.116190	18.247135	22.427802	23.069195	22.092452	22.937246	24.643174	23.743047	21.952138	24.963477	25.738198	22.899048	15.777305	12.412487	23.183906	24.370126	18.932562	0.396488	15.250657	15.754072	9.912512	14.953921	21.020382	20.808414	16.263698	11.022596	13.270039	17.516617	19.588268	19.719563	20.260799	22.920208	24.362073	22.532186	17.340928	16.773201	17.209946	14.727883	11.249253	9.159296	7.081490	11.328818	18.118388	22.420446	23.566964	21.701899	20.278250	21.693257	21.746605	21.315682	22.204634	24.281359	25.551571	24.830800	23.793984	23.731904	21.770729	15.178741	9.891974	22.438998	25.030628	24.653255	30.404145	33.991165	33.635884	29.459823	23.674382	21.673638	17.436865	21.488661	22.846013	20.668242	23.493392	28.809197	32.055968	33.982674	34.848577	34.848397	35.465398	35.158807	28.488908	36.453662	42.550020	43.972691	42.803937	41.224796	42.551178	45.792277	48.456946	49.833664	49.568148	47.143245	41.455022	29.652183	33.598605	36.961017	37.727236	39.149644	41.123222	40.738022	40.115050	41.001780	38.996774	33.772064	35.787582	34.383773	29.275386	38.460148	40.776531	38.509903	30.924560	27.284327	31.903969	33.288242	33.041102	28.646090	19.148669	29.619908	31.251397	29.701346	27.750425	25.597330	21.741843	17.506716	18.554101	23.698537	28.098024	30.828544	31.791527	30.913909	28.023450	22.439097	10.567456	6.060065	8.853442	2.545807	5.074992	6.531460	7.341133	8.855946	7.989895	4.277248	-2.009597	-7.656805	-9.331695	-13.015820	-10.837099	-2.989174	0.498651	0.280634	-4.262394	-20.817850	-14.255763	-15.189583	-14.985288	-11.249798	-10.739756	-11.478695	-13.366002	-17.210966	-20.365429	-17.770384	-17.139093	-22.578552	-22.553286	-15.611528	-14.823681	-17.527022	-23.937523	-37.213512	-20.439889	-16.789144	-17.082691	
19.729625	17.945498	11.991525	-0.956586	-12.712007	2.789465	8.702876	10.511896	10.542538	9.851256	8.483486	5.569953	1.132964	3.464408	7.163105	8.783634	8.899346	7.332830	3.708631	1.197619	3.490680	3.836467	3.162331	5.875800	8.697820	9.404308	5.187084	1.195858	14.859340	20.110153	22.206040	21.375276	16.968691	18.209957	22.709481	23.206419	20.093559	15.769817	18.780093	21.417285	22.620751	22.880120	21.829439	18.973723	14.580857	10.871513	9.229883	14.318373	17.435628	17.590111	16.666918	16.987985	18.289166	19.276748	19.532833	18.658245	16.384976	15.296984	16.849720	16.146925	11.396596	15.141633	19.835213	20.980718	19.474456	15.163487	5.089530	5.863350	13.530688	16.760065	18.419801	18.794260	18.049869	19.384463	23.764465	27.129451	28.564174	28.143071	26.248468	23.451469	19.192841	9.646379	13.169311	19.140097	21.967177	23.067350	21.704190	18.286482	17.678638	17.252291	16.542703	19.606371	22.697434	23.747392	21.598288	19.456768	23.242211	24.945050	24.370747	22.504114	19.411305	15.503041	16.140338	19.352706	21.459923	22.090062	21.617289	20.279007	17.873277	19.464770	22.337540	21.310424	11.177301	17.483207	24.491997	26.613252	26.555249	24.795261	20.922701	13.529235	11.899200	17.075726	18.456821	16.508359	10.713538	16.104557	21.409699	23.842575	24.251123	22.502571	20.124482	21.943762	22.743811	19.152649	21.401469	27.201242	28.935326	27.764320	25.420075	25.091762	25.933129	26.069905	24.241707	20.445257	21.466558	28.440309	33.603111	35.568032	34.156343	28.348800	14.141305	18.940762	24.442702	27.778922	29.090111	30.872490	31.238582	27.640058	22.879320	27.265326	28.378041	28.183570	32.003524	37.797700	42.166111	44.328663	43.792322	39.790623	33.067264	37.778217	41.095019	43.124864	44.635496	44.269422	41.316884	37.787243	36.490724	31.308506	24.359002	36.614628	39.598393	39.488213	37.483867	36.021114	37.467069	38.447950	38.205306	38.485877	40.055987	41.295913	41.237832	39.903800	37.827003	35.714801	34.240119	34.000611	34.429805	34.230057	32.857062	30.624884	28.120987	25.032079	19.812274	20.353207	23.320181	21.402678	16.696771	13.811331	7.724842	21.002872	23.368635	21.788652	21.581953	21.820744	19.522272	16.301969	13.316787	10.077510	8.580027	6.202920	3.134062	4.584487	5.342299	2.778170	-4.889534	-9.057771	-2.923348	-3.548706	-10.446656	-7.472120	-1.339207	0.708354	0.449012	-1.398856	-4.003269	-6.023867	-6.449852	-6.866413	-8.456369	-11.712210	-18.418552	-23.451743	-18.759852	-18.889387	-18.114849	-15.765597	-13.897884	-12.790168	-12.867626	-14.896522	-20.390097	-28.469470	-19.840114	-15.524598	-13.577150	-13.308344	
19.780367	18.116514	12.755897	3.030921	-1.116348	5.829535	8.905455	6.910715	-3.668952	0.042783	2.273325	-0.779926	2.357547	3.215290	-1.542778	-1.477490	3.233898	4.780406	6.359200	8.534944	9.835889	9.374483	8.097667	10.571868	13.853733	15.616296	16.541178	17.009653	15.761322	13.290552	18.407506	22.462733	23.639226	22.853145	21.580623	21.617347	22.094618	21.922542	21.480195	21.200505	20.471000	18.787906	17.636841	18.352873	19.018018	18.976370	18.715761	18.376663	17.660925	16.178631	12.629226	8.687475	15.044472	17.937796	17.060055	13.663490	14.484789	16.861633	16.705771	14.557021	13.657427	15.268288	14.833824	10.455413	8.201747	11.640147	10.381274	0.287147	10.107470	16.323887	17.622341	15.063134	9.619621	11.829497	17.866404	21.687055	23.026814	21.735916	15.578748	7.883116	18.440808	19.129068	14.061796	-4.618672	13.574024	17.119785	19.839473	21.892242	21.686030	18.651209	16.384199	19.993203	23.380751	25.783730	26.972156	26.570980	24.038279	17.896672	9.596995	16.977872	18.847808	18.590983	19.367646	21.185128	21.566076	18.695815	6.051288	16.497744	22.186065	24.100353	24.414917	24.045762	23.531745	22.601440	20.156835	16.710034	18.404191	20.402407	20.250543	18.435057	14.428365	11.797810	17.250419	20.410500	20.162948	14.771314	9.100843	17.047005	17.399761	15.092721	15.095871	18.849831	23.580292	26.267302	26.714723	25.553254	23.984882	22.171644	18.519143	20.237752	25.833869	28.078688	27.077893	23.286843	24.249602	27.513250	29.976266	33.100570	35.154006	35.235888	33.747507	31.932791	30.346143	29.450460	31.029770	32.596913	32.456085	30.981410	29.655756	28.933447	26.456384	19.668918	32.216025	38.889688	42.316490	43.391121	41.639341	34.057233	29.880547	37.097038	35.606154	35.477229	37.723975	35.455791	27.697290	25.028221	28.957124	34.648276	37.539855	37.266535	32.972364	24.352089	33.729258	36.524975	35.451208	32.103260	31.813102	33.546071	33.971078	33.934085	32.876372	28.764377	19.697430	20.619530	16.877794	15.198366	24.651223	27.772822	27.868951	23.953937	6.554712	21.228386	24.672789	24.122225	21.509306	19.997615	21.623799	23.045965	23.277890	22.124463	19.547005	16.429890	14.734362	13.309218	9.369111	6.431966	8.521375	7.791412	5.254767	4.453056	4.446603	2.930603	-0.527967	-3.506101	-2.800261	-3.003519	-4.746822	-5.501915	-3.522064	-1.876661	-2.369116	-4.911640	-8.700449	-13.068484	-15.043550	-11.490316	-10.707832	-14.048958	-22.248405	-18.753050	-15.381396	-14.298852	-13.660628	-14.254557	-18.358828	-23.996901	-16.398838	-15.552919	-19.981838	-20.830136	-17.996210	-18.624823	-20.461925	-17.886204	-15.983120	-18.300506	
19.849808	18.106989	12.311450	-0.157253	-7.860670	1.561667	7.534145	9.088195	8.077250	5.482882	2.302740	0.296946	1.340392	3.499364	4.543719	3.455934	-0.360507	-0.208294	1.448330	-7.305328	2.395361	10.128715	12.590659	11.997126	8.714864	7.776502	13.048529	15.679661	15.619195	15.173997	15.685856	16.854737	17.809954	15.777442	10.646713	12.013173	11.642720	5.772859	-8.655484	6.125969	7.228452	3.418695	1.816530	6.407097	9.043040	7.793992	7.766047	9.335471	6.059403	-7.174402	7.681081	11.535427	12.465124	11.974891	10.969869	10.165616	9.803645	9.182268	7.989789	6.936104	6.630339	7.912828	8.711888	8.457562	8.417595	8.949316	9.655635	9.858225	9.377439	10.153943	12.913778	14.107153	11.785236	10.959277	14.630861	13.212867	-1.905213	13.014228	17.670112	18.637948	17.805270	15.617032	12.611186	11.430734	10.803104	5.645596	11.062168	16.829276	18.389206	17.670881	15.876245	11.132057	10.174272	18.102287	20.463382	19.797242	17.875001	16.234651	14.449699	11.714594	7.513337	2.671442	6.534654	10.951678	15.088305	18.209505	19.264231	17.791537	13.462838	12.879658	15.932117	15.487104	12.274933	12.842424	15.036250	15.105516	14.085269	11.669615	4.191181	7.086368	13.512965	16.412237	18.427164	19.387755	18.914255	17.451575	16.132159	15.548528	14.361932	11.889116	15.854643	19.902478	20.627604	19.129208	17.630617	14.697043	8.639317	17.014552	17.869011	12.612089	21.537940	25.662686	25.300521	21.836128	20.994188	19.560439	17.364963	25.912337	29.490697	30.664210	30.727317	29.383749	25.657793	20.834940	24.370667	26.551955	25.498493	20.764827	16.555355	23.417933	25.700935	26.397206	30.151176	33.328772	33.369826	33.921075	36.995825	38.464701	38.803354	39.691349	41.141033	41.724767	40.376706	36.624384	31.328961	28.450656	28.215826	30.835545	33.203496	34.030608	33.512553	31.796051	28.978745	26.443453	26.825259	27.102887	24.887173	19.668716	17.398611	18.864475	16.554133	16.490931	20.043389	21.381138	20.818955	17.668339	7.288754	17.045518	21.448102	21.350786	18.728607	16.712948	17.128201	17.561985	16.812315	16.705775	18.979167	19.073554	16.438464	16.324805	16.138923	11.056538	8.762743	13.024767	12.750216	8.852844	0.138113	-10.400755	-5.726678	-6.049101	-5.619656	-5.874314	-7.109453	-8.182135	-7.218179	-6.228546	-7.576438	-10.124639	-8.283734	-7.704060	-11.060678	-19.998818	-25.831065	-20.684197	-22.877345	-24.886739	-21.586073	-20.141169	-20.543490	-21.166401	-20.562165	-19.033484	-16.994716	-15.558616	-15.301428	-15.655324	-15.849177	-16.158217	-17.040523	-18.178985	-19.787340	-22.402427	-23.903540	-21.731094	-19.090548	-18.363192	
19.835206	18.124298	12.403728	-0.561182	-12.174935	0.160626	6.497347	7.341437	5.315751	3.849437	2.263612	-3.519212	-0.608804	4.008078	6.082550	7.090859	6.075780	1.322437	-6.472544	3.541395	8.878553	10.509995	8.998577	4.757978	-2.248945	-4.291779	6.714969	12.362059	14.434939	13.076917	7.243544	6.137019	11.429226	14.101844	15.287971	14.091316	9.111624	1.862491	7.633096	9.087764	7.149821	3.849244	2.968376	4.044661	4.310575	2.936180	0.856929	-0.319831	1.052645	4.438794	7.215508	8.277391	6.401920	-2.833232	-1.521254	4.677705	4.114895	-1.325356	-22.844715	-1.883620	2.249213	4.049160	2.954235	-5.681951	-1.855452	5.042492	6.664511	4.946311	0.501562	-0.642418	-16.202256	8.805939	14.745626	16.492958	15.921923	14.398554	12.898554	10.964315	7.944939	7.611724	9.077278	8.038033	4.028201	1.343958	7.098535	11.334647	13.347089	13.119600	10.075589	1.243710	1.383864	8.812482	10.999306	10.958078	9.661405	6.679294	0.018177	1.025067	3.190418	-2.576842	-4.541086	3.990161	3.145902	-0.947162	7.072041	10.485263	11.268253	10.816690	9.388641	7.052033	4.422152	2.874453	3.831767	6.573671	8.988416	9.690076	8.492416	8.166679	10.616145	12.494901	13.053054	13.113166	13.252608	12.170259	8.944554	4.671100	0.890062	4.959942	9.675958	12.789271	14.749144	14.677216	11.567433	3.659773	2.735612	9.230564	14.291944	17.276886	18.706046	20.134370	21.918317	22.980623	22.155006	19.275493	17.834202	19.496079	22.165895	22.244473	15.033271	12.577314	17.339843	8.284107	19.415019	21.148882	12.161077	18.600110	23.484361	20.180094	14.045429	26.238456	28.863190	29.588312	31.356732	31.997334	31.355703	31.767876	32.003711	29.580030	19.626785	27.921353	34.485378	36.724005	36.716382	34.942444	30.898095	23.135821	14.955035	14.963204	19.957486	23.171584	22.967760	21.830236	20.941059	18.716269	20.041483	24.034563	25.749617	25.096784	22.223554	17.449587	12.664832	10.357991	9.692751	12.909231	16.426736	18.051014	18.252638	17.907751	17.224655	15.335982	11.480139	7.175022	1.432949	2.104035	13.205710	17.238423	18.094446	16.497599	13.404098	11.898394	12.214456	11.780648	10.335841	8.440474	6.804449	5.464619	2.980364	-1.592492	-7.334879	-12.302277	-15.776091	-19.983695	-18.825550	-13.115941	-13.588106	-15.723273	-9.835357	-6.949363	-7.371946	-11.095257	-21.072213	-25.161436	-19.054102	-19.433355	-20.591036	-21.080136	-22.830720	-26.690805	-32.054155	-34.313348	-33.135188	-29.263552	-24.789566	-25.707666	-42.010405	-26.495517	-27.698864	-28.444693	-18.018447	-15.863429	-18.330925	-25.752116	-24.909282	-23.064882	-25.581073	-31.053140	
19.788331	18.052137	12.360604	1.065305	-3.476188	3.817906	7.162737	6.330133	2.547250	1.055402	3.411807	4.252796	2.914594	-2.141102	-8.686153	3.236758	6.703969	6.944649	6.587881	7.499521	8.864775	9.246510	7.411786	1.995399	-5.049868	3.918820	8.654415	10.113164	7.987374	3.357330	7.506308	9.373501	5.751283	1.080716	10.626016	13.859031	13.986213	12.060951	8.771466	5.844043	5.496289	4.515798	-1.990799	-5.084273	3.293406	4.237332	2.073600	-0.441423	0.506199	-0.775956	-3.307023	4.808751	7.276197	5.071085	-3.491056	-6.135326	-1.785449	-4.618198	-12.147629	-16.260554	-16.500917	-8.884740	-5.403598	-1.053870	1.616616	0.217253	-13.572985	0.733505	6.016486	7.809956	9.255342	10.858932	12.175273	11.912823	7.822282	-10.646959	3.677031	5.173686	1.925925	-2.128344	-2.966995	-4.704985	-11.864865	-2.426745	-3.272579	-4.368405	4.269729	5.939997	4.061298	2.477810	1.322554	-0.605443	0.857129	-1.331080	-10.666362	1.130707	2.947959	0.033992	-3.635553	-2.827543	-1.724296	0.465676	3.227434	4.236572	2.190038	-5.191625	-6.858771	-2.050464	-5.214456	-7.326387	-4.269207	-7.123418	-5.166370	-9.194749	-5.567865	0.378062	1.072433	1.657863	3.439234	3.772289	0.404683	-6.026018	-1.078917	0.000881	-2.858960	-11.209733	-5.442075	-1.672220	-5.953807	-6.571383	4.427041	7.808932	7.142783	0.665830	-9.700888	-3.911222	2.952367	12.271883	14.989425	12.961301	7.663797	14.296814	19.219452	20.798261	18.844645	15.548707	19.173094	21.216585	21.437711	21.798876	22.595594	23.409605	23.610844	22.613591	20.372065	19.020139	21.994507	25.686465	28.518791	30.585680	31.851205	32.241363	31.872520	31.032961	29.854692	27.906846	24.271504	19.633072	22.490850	25.338160	24.954359	21.039638	17.913029	21.704802	22.831381	21.440640	18.190261	13.756273	11.298017	11.176085	9.205520	7.503680	11.673710	14.183933	14.541165	14.831755	16.674294	17.673939	16.120311	10.973425	3.042486	5.302991	6.267442	7.715181	7.732581	3.131060	-2.667015	0.498535	1.165092	6.794429	9.710748	9.997212	8.727652	6.446008	5.455771	9.008800	11.512117	11.214127	8.243932	5.690930	6.879670	6.557539	3.075431	-5.311090	-17.278279	-6.676526	-5.375979	-6.600307	-9.874249	-17.267134	-31.879689	-21.549696	-20.830487	-20.886492	-19.599178	-16.667849	-13.875305	-11.848031	-11.166654	-12.510788	-16.752267	-24.794324	-22.627951	-18.689741	-18.091138	-21.099669	-30.540259	-35.594947	-28.149053	-27.168788	-29.602434	-37.659873	-25.271388	-20.122350	-18.478050	-18.633848	-19.596530	-20.672440	-20.815692	-19.807840	-18.886213	-18.370093	-18.867172	-21.228622	-24.897443	-24.245267	
19.848457	18.143348	12.629511	2.310116	-3.173898	4.402642	7.738120	6.541226	0.116718	-6.442087	0.550960	0.458981	-6.400867	-8.028408	1.127149	3.739284	3.828816	3.587169	2.926984	-2.992985	-4.094090	5.516718	7.836226	6.121162	-3.176360	2.261205	9.330565	11.019011	9.523657	5.364808	-2.750758	-0.162328	6.941119	9.612065	10.270381	9.268940	5.670783	1.305937	2.004465	0.220014	-0.241580	1.876653	2.144066	2.629944	2.961187	0.773363	-8.852143	-4.286914	3.011314	5.936370	7.590102	8.689482	9.080414	8.373240	6.492820	4.092681	1.610884	-2.090401	-6.627841	-7.561479	-8.383148	-10.881825	-8.560272	-5.088223	-4.789171	-5.132981	-0.970438	3.944645	6.734241	6.645544	2.301550	-17.466660	1.497202	5.380561	6.615171	6.533156	4.869029	1.076828	-5.647177	-13.349045	-15.857742	-5.967265	-1.967151	-0.566227	0.716076	1.862808	1.684030	-0.192038	-3.104363	-4.802623	-3.232058	-1.198560	0.827875	2.804273	3.724831	3.029415	0.214310	-5.223455	-13.471352	-21.130800	-19.324117	-15.675833	-4.988086	-1.699001	-2.513849	-7.465650	-18.092395	-9.364364	-4.893032	-1.492133	1.413798	2.895829	2.819844	1.809664	0.174709	-2.855199	-5.727942	-7.982894	-8.404404	-1.550502	0.663218	-0.777162	-5.237918	-14.857930	-13.815551	-6.787383	-6.685304	-10.167308	-5.442789	-1.449849	-0.736486	-0.322105	0.767838	0.566512	0.619688	3.186383	6.704781	8.716937	9.165285	9.065676	8.359183	4.478589	6.409533	15.287089	19.593667	21.049235	19.959664	15.313076	-5.711098	14.928637	20.120238	22.085395	22.079495	20.037822	15.262807	11.418523	17.344308	21.698971	23.681821	23.360546	21.032567	18.099785	15.788093	11.286563	7.603483	14.275374	16.287087	15.411959	13.923986	14.037140	14.841851	14.647266	12.769080	9.376144	5.775103	3.444149	2.330806	0.750866	-2.540096	0.527157	3.143318	2.473421	0.083473	-3.064198	-3.813555	-0.538980	3.002372	4.583073	4.529099	4.295999	3.931055	3.232271	2.769552	2.434057	1.664924	0.502763	-1.374668	-2.473201	-0.004714	0.661491	-2.263007	-5.672253	-2.513198	-0.485950	0.129711	0.056179	-0.685349	-1.289198	-1.514235	-2.430578	-3.995208	-5.602763	-7.849231	-12.455217	-13.915814	-13.302171	-21.820330	-21.617568	-17.966044	-24.043279	-25.045745	-23.984185	-28.508819	-23.596423	-22.086871	-29.335999	-26.947607	-20.448951	-20.744236	-21.580237	-19.852985	-19.257632	-19.212141	-19.401014	-21.203959	-23.840492	-25.089462	-28.974183	-37.259035	-26.670480	-23.011569	-21.413889	-20.073809	-18.703798	-17.526547	-18.172972	-22.521011	-34.016836	-41.598519	-31.730329	-29.757848	-36.684326	-21.471095	-17.168711	-17.268003	-21.479715	
19.966254	18.221496	12.491180	0.913647	-7.601013	2.599503	6.756250	6.569771	4.206605	1.766682	-0.404990	-5.529160	-12.646776	1.290202	5.294735	5.393987	2.980272	2.448244	2.555834	-3.025281	-4.695621	4.542762	7.020032	6.687501	5.253060	5.562623	8.897241	11.743962	12.413558	10.889108	8.031850	4.747515	-1.009158	-9.448455	-2.686182	-1.447667	-0.075098	1.702799	3.661497	5.031497	3.195605	-4.733133	-11.801902	-11.553604	-8.653371	-0.407887	2.241413	2.307775	-0.448380	-5.320395	-1.266709	0.798228	0.026106	1.431542	3.885884	4.233845	2.474720	-1.062200	-6.697890	-14.638796	-11.020950	-9.020993	-11.539867	-11.147209	-9.262624	-8.215631	-3.444780	-0.660345	0.486102	1.206447	0.645425	-2.013877	-4.059408	-4.762393	-13.776579	-3.617445	2.061866	2.445649	-0.868406	-4.592411	-3.141816	-1.813930	-2.328897	-7.278924	-9.019025	-1.264393	-0.421625	-5.575708	-15.371790	-3.804470	-0.994667	-0.480360	-1.475947	-4.029638	-5.132043	-3.589966	-3.009402	-3.316745	-4.646171	-6.416240	-5.417945	-4.554392	-5.708188	-6.305343	-6.468576	-10.551413	-24.596921	-8.583842	-2.759835	-0.894884	-1.306273	-0.104976	1.829439	1.698560	-0.667594	-4.991893	-9.245184	-6.760091	-3.613625	-2.501532	-3.750438	-8.419399	-22.878448	-14.887211	-10.148110	-8.282824	-7.341102	-6.095186	-4.335681	-3.358406	-3.613037	-2.458622	-0.295941	-1.866839	-1.714403	3.382078	4.026511	0.915831	-5.955051	-13.926113	0.017842	5.083751	8.044578	10.545516	12.611316	13.191021	12.140671	10.848752	10.369639	9.601508	9.007850	9.241903	8.966182	8.435365	7.325395	1.763056	-1.364963	7.456153	9.353752	8.015909	4.320506	-1.379918	-5.849625	-1.011467	2.895311	4.583942	3.982828	0.474950	-4.231668	-0.084667	3.545329	4.053039	0.610156	-9.628950	-7.774589	-8.815629	-17.115685	-13.310098	-7.654418	-4.324948	-5.338712	-10.274927	-15.249287	-12.160913	-6.746985	-3.314922	-3.181063	-7.103273	-15.437885	-10.997671	-8.457107	-12.366065	-21.277429	-9.600586	-11.660146	-13.420192	-6.317843	-5.105042	-5.400084	-5.489254	-6.751368	-8.851657	-10.948536	-11.482738	-9.240707	-8.902423	-13.065794	-16.907470	-13.539802	-14.043498	-15.646398	-23.813621	-20.051797	-13.714904	-13.130166	-13.288030	-12.713023	-12.542120	-13.557532	-15.184203	-16.488584	-18.760678	-23.677023	-31.118101	-26.144959	-21.400236	-19.126075	-19.094248	-20.530188	-21.503847	-23.935638	-38.795209	-25.407996	-20.350138	-20.246060	-22.443526	-21.747892	-19.387389	-17.850413	-16.777600	-16.803376	-19.628709	-29.083100	-26.405718	-23.307318	-24.374604	-23.579845	-23.381876	-24.726537	-23.694874	-21.265401	-19.385616	-18.404673	-18.144461	-18.454779	-19.321101	
19.987011	18.291796	12.770992	1.912431	-6.692016	2.266314	6.506118	5.928448	0.580233	-2.519978	3.202284	5.057713	5.400381	5.794976	7.120932	8.878816	9.500970	8.148358	4.732692	0.721884	1.315594	4.404706	4.748745	0.171967	-18.643945	-18.150769	0.376947	7.997681	10.054768	8.566632	4.470283	-0.515006	-1.940535	-1.493841	-2.985382	-5.709133	-3.517563	-0.877036	3.007510	6.243975	6.474380	3.305780	-3.678482	-14.259274	-5.345697	1.171357	2.961837	1.099376	-5.080326	-18.266336	-9.784587	-7.096366	-5.027554	-3.114255	-3.922749	-11.360741	-12.059587	-7.419845	-11.268343	-15.357412	-12.015958	-12.167260	-13.778186	-12.441000	-7.247711	-3.528268	-3.461352	-8.236562	-10.558188	-7.258891	-10.395181	-18.993216	-14.313723	-10.135649	-4.144561	-0.263399	1.492026	1.230214	-1.367489	-5.869721	-8.864247	-14.832708	-12.707230	-4.369571	-0.789849	0.896820	0.859957	-1.519257	-7.632144	-14.185135	-10.575436	-12.803038	-18.842020	-14.618439	-12.386611	-13.225052	-20.546111	-18.602837	-9.491925	-5.543815	-3.372656	-3.398941	-5.733029	-6.153086	-3.949202	-3.002867	-2.614843	-2.369795	-3.230418	-6.244225	-10.484773	-10.173651	-6.770854	-4.913563	-7.796419	-21.339932	-7.042571	-4.469786	-6.492559	-11.291066	-10.026193	-7.411426	-7.901770	-12.085617	-16.304170	-9.454012	-7.776254	-11.696286	-14.199559	-8.155806	-5.943158	-3.089331	0.800592	3.579845	4.703921	4.085806	1.378972	-5.093297	-7.646254	-0.388550	1.397467	-1.156775	-9.805569	-3.545351	0.041325	-0.321484	-3.474274	-9.900234	-14.698252	-10.346418	-8.598750	-9.739719	-12.370906	-9.458406	-5.651600	-3.624563	-2.924517	-3.438922	-5.092915	-8.624051	-14.964906	-20.915007	-27.500005	-17.694962	-17.193722	-15.156575	-9.129974	-7.738251	-12.919638	-15.473244	-7.113682	-4.896195	-4.425976	-4.925838	-5.964777	-5.980699	-4.486986	-2.939408	-2.474443	-3.486318	-6.006590	-10.321199	-20.894094	-13.549777	-7.256193	-5.944355	-8.055283	-12.990720	-17.759997	-18.925558	-15.285998	-12.716423	-11.286795	-9.412256	-7.511642	-7.149502	-9.551306	-15.490895	-17.615478	-15.947286	-15.624362	-16.839853	-22.247954	-29.337465	-20.636454	-14.353030	-11.901830	-12.459536	-15.854793	-21.674111	-20.324330	-16.584222	-14.109814	-12.638065	-13.172191	-18.033797	-32.025743	-15.659388	-12.553517	-13.064504	-16.413496	-22.223847	-25.043610	-24.531411	-25.445324	-37.288121	-23.354357	-16.734145	-15.277174	-16.982526	-20.963710	-25.837010	-30.538134	-28.533669	-20.771337	-17.086375	-17.331114	-23.722561	-27.937923	-18.223954	-16.576967	-17.844635	-20.203827	-22.771008	-26.551657	-30.117175	-28.697429	-26.713276	-22.826480	-19.970226	-20.192229	-24.632207	-37.771600	-30.445090	-27.984110	-29.881888	
19.936682	18.200505	12.525966	1.142816	-9.070877	-0.179497	3.592540	3.696277	4.271467	5.096975	3.895490	0.407102	-0.700906	-2.677927	-17.902624	1.563103	5.956520	6.647043	4.512765	0.234541	-0.289981	0.551004	-0.322970	-1.082203	-0.779033	2.030663	6.456397	8.897012	8.197436	3.463282	-4.479934	-0.996671	0.397048	1.967698	3.914603	4.226674	2.373371	0.256099	3.514831	6.658397	7.032424	4.472197	-0.559301	-3.732924	-0.785832	2.756780	3.932270	2.822451	-0.080497	-3.928193	-8.676821	-34.066696	-7.856711	-2.850514	-1.413791	-1.260379	-1.440116	-1.920461	-3.088195	-4.548853	-6.085246	-8.704232	-12.566242	-12.983859	-6.638374	-3.519016	-3.596352	-5.817551	-7.303343	-6.640090	-6.435876	-6.423595	-4.777791	-3.455726	-5.433477	-13.592648	-6.595611	-3.342615	-4.783080	-9.247621	-12.310674	-8.768283	-5.317342	-3.908046	-3.844605	-3.002231	-1.991006	-2.712246	-5.398310	-9.290792	-12.592944	-15.947874	-24.774778	-21.225403	-13.165468	-9.550091	-9.040545	-12.704174	-26.327495	-13.906615	-11.402962	-9.203123	-5.179935	-3.378400	-4.069906	-6.700961	-10.045793	-10.559314	-8.877868	-8.884279	-11.294006	-16.212652	-12.583865	-7.136035	-5.204151	-5.808565	-8.187221	-10.272898	-11.229762	-13.730138	-19.283170	-15.898638	-8.681459	-5.952072	-6.067179	-7.390151	-8.332896	-9.213648	-11.913893	-20.013514	-25.390052	-15.027932	-7.458449	-3.411055	-2.079951	-2.522112	-3.446907	-3.700471	-3.475429	-3.401321	-3.931131	-5.016626	-5.550442	-5.625026	-7.505646	-14.391057	-17.930027	-10.573182	-11.372779	-19.625639	-10.489550	-6.725554	-8.014335	-15.453464	-25.624197	-16.983788	-18.556728	-26.471394	-22.912850	-17.734691	-19.679402	-29.096155	-31.789374	-21.277387	-17.418632	-18.815598	-31.047094	-16.929025	-10.954941	-9.620588	-12.504706	-20.798032	-13.137864	-10.909214	-16.361928	-19.744417	-10.302836	-8.807472	-8.606142	-8.781704	-12.763756	-47.634752	-13.311478	-9.460971	-8.664752	-9.371326	-11.807906	-17.583155	-20.753264	-17.060346	-18.325523	-26.024979	-31.471648	-21.371336	-15.917425	-13.045648	-12.419594	-13.527194	-16.199133	-21.148607	-21.003622	-16.630612	-15.418400	-15.514534	-16.592044	-20.894106	-23.102598	-18.900251	-19.191750	-21.088010	-21.312641	-25.656916	-26.575229	-19.480002	-17.640708	-16.682169	-15.560813	-16.439962	-21.590219	-24.321201	-19.677044	-20.031982	-21.743518	-20.999923	-19.518049	-18.206299	-17.105530	-16.640910	-17.219609	-19.290088	-23.844750	-33.220237	-33.400388	-26.020805	-20.990368	-17.796100	-16.397700	-16.390037	-17.180080	-18.601860	-21.897111	-32.732570	-30.081359	-27.230188	-38.431748	-27.308608	-24.549737	-25.473607	-22.796669	-21.309453	-22.993882	-26.819961	-30.960235	-38.120333	-35.789539	-30.045744	
19.962241	18.261909	12.660973	0.876721	-14.819277	-2.148209	2.557465	1.461231	2.678729	5.342348	4.650615	1.211697	-1.568232	-2.264927	-2.687474	-4.056761	-4.784811	-0.194157	1.585172	-0.990312	-6.786312	-4.413108	-5.398359	-3.179634	-1.180621	-17.705317	3.004964	8.965685	10.069026	8.032292	3.295562	-2.916357	-2.478272	0.614352	1.833132	0.716957	-2.344257	-2.436790	1.233700	4.193076	5.045509	2.990167	-2.544656	-4.537197	-2.060861	-2.217039	-3.434500	-3.474403	-4.146173	-6.741854	-6.456603	-4.070772	-3.061726	-4.965982	-14.250329	-9.388905	-3.633712	-1.502529	-0.743828	-1.839368	-5.926739	-16.034985	-12.114413	-7.438671	-6.213387	-7.008442	-10.426463	-17.294002	-21.416604	-13.291300	-8.801075	-9.233076	-12.351964	-8.067823	-4.912324	-3.931636	-3.864496	-4.945816	-8.623399	-20.014006	-16.575826	-10.765937	-9.520544	-10.493126	-13.482291	-11.349370	-8.142688	-9.349806	-19.573366	-13.988940	-8.895138	-9.405454	-12.311009	-15.559866	-16.293853	-11.247224	-8.847972	-9.231792	-10.959774	-12.261843	-12.813865	-10.388410	-8.325485	-9.392832	-14.742831	-40.801182	-18.228814	-14.464316	-14.097854	-17.730312	-23.483152	-13.280143	-11.161008	-11.426871	-8.891997	-7.612034	-9.820475	-12.707399	-10.060465	-8.425756	-8.048717	-6.932185	-5.835289	-6.995227	-12.641909	-21.527030	-13.034186	-10.943390	-11.067319	-13.867343	-16.584290	-15.136021	-18.985114	-20.355724	-15.088161	-15.617477	-18.856212	-21.949737	-28.124342	-18.473700	-15.807248	-18.469228	-21.955689	-19.857178	-16.056561	-15.224326	-17.108311	-14.048146	-9.553424	-7.075962	-6.711114	-8.101958	-10.150143	-12.198940	-15.143403	-19.747912	-27.301848	-25.732039	-16.884538	-12.940444	-12.141307	-13.338492	-14.679609	-15.440788	-15.042346	-13.613447	-12.421189	-11.950579	-13.031828	-15.142675	-14.696167	-13.011060	-12.558917	-13.229039	-14.197197	-14.666628	-15.594288	-18.639547	-20.089108	-14.522183	-10.625898	-9.044273	-9.776239	-13.741371	-25.616668	-19.491058	-14.674907	-12.924340	-12.710243	-14.110261	-17.362064	-23.671538	-25.863931	-22.640379	-28.456407	-26.932862	-20.099452	-22.559591	-27.669146	-18.161017	-16.546477	-19.040770	-16.979283	-13.097300	-12.471989	-14.474446	-18.213578	-24.144409	-34.484262	-29.486345	-27.792097	-22.850831	-18.748860	-17.311501	-18.509574	-18.932892	-15.591017	-14.073405	-14.851173	-16.557760	-18.027733	-19.972225	-25.186120	-36.265459	-21.654272	-19.877362	-25.783505	-28.135626	-20.705594	-22.388386	-32.537306	-23.288887	-20.472402	-23.048487	-45.237504	-23.476406	-19.359901	-20.315863	-27.856232	-29.933537	-21.571746	-20.232904	-21.438806	-23.242403	-23.769115	-22.229326	-19.904831	-18.587294	-19.491905	-24.060747	-39.332639	-32.263591	-32.843834	-31.136321	-23.531824	-20.001425	
19.918429	18.192180	12.540019	0.864781	-13.872082	-2.922207	3.609347	6.670013	8.764202	9.446785	7.527226	0.999620	-20.420066	-5.004083	-7.617622	-16.854509	-9.364909	-4.133825	-1.828729	-1.011792	-0.521607	0.823054	2.132207	1.829154	0.702847	2.571531	6.924670	9.861346	10.145080	7.255717	-0.117178	-8.921118	-3.802906	-1.953094	-1.850832	-3.997863	-8.891598	-22.856218	-9.452398	-2.497436	0.111522	-0.224189	-2.990976	-7.584568	-11.956053	-14.155864	-17.370221	-17.922826	-16.709392	-14.265810	-9.333995	-4.294787	-1.618346	-1.449026	-3.615990	-8.898955	-21.890705	-10.657605	-6.774318	-6.769708	-8.477903	-8.828740	-9.373107	-13.245630	-27.030563	-18.075199	-12.648015	-11.690476	-11.260583	-8.221190	-7.288952	-9.448751	-13.526867	-16.233564	-10.065401	-7.146064	-7.501931	-9.941901	-14.451332	-16.716626	-14.105607	-15.671324	-24.884652	-14.611247	-10.990645	-12.362941	-15.851199	-12.821769	-9.843905	-8.862221	-9.879927	-12.949966	-13.458280	-11.915953	-10.710487	-8.815726	-9.309300	-14.568470	-26.946524	-19.274043	-12.908210	-9.131776	-8.986935	-12.604632	-20.948157	-20.178262	-16.765374	-15.490999	-13.703820	-11.804097	-11.282346	-12.653061	-15.280510	-15.983141	-12.504333	-9.601504	-8.997947	-10.416212	-13.039711	-14.290550	-11.381117	-9.242602	-9.652440	-11.135055	-10.752299	-10.726040	-13.645752	-20.515423	-14.540277	-9.798709	-8.714576	-10.533445	-14.999842	-24.045166	-23.833966	-15.359379	-14.144927	-16.976901	-20.700103	-16.915585	-14.258642	-14.850401	-18.229272	-19.907889	-16.945478	-15.333194	-14.603440	-12.302624	-10.874004	-11.494392	-13.610465	-18.271564	-37.690732	-20.386631	-16.732442	-18.177705	-26.869401	-21.134084	-13.924210	-10.645858	-9.497189	-10.357817	-13.902236	-21.805155	-20.111440	-14.226799	-12.160920	-13.993722	-21.915557	-33.220272	-24.007703	-18.480440	-18.626663	-27.435241	-33.878531	-35.395882	-24.924139	-21.155749	-19.663525	-19.098832	-18.401324	-13.368347	-10.904388	-11.946143	-16.663549	-28.353853	-30.018475	-21.871358	-17.586070	-17.167640	-21.954303	-24.257358	-18.926294	-17.230511	-16.434144	-15.553094	-15.129864	-16.214210	-20.213116	-22.115062	-17.970498	-16.550248	-14.742159	-12.757061	-11.792676	-11.535673	-12.107408	-13.539273	-14.986892	-15.763954	-17.482225	-24.328426	-25.298777	-16.171738	-13.314228	-12.860290	-13.858238	-16.582454	-20.978646	-20.074220	-19.382468	-24.788204	-27.211818	-19.032940	-16.390656	-16.232665	-18.399910	-23.533668	-23.358410	-17.701459	-14.600040	-13.430205	-13.914315	-16.168172	-21.394673	-40.336845	-22.836565	-19.130115	-19.935335	-25.121074	-27.836609	-22.817610	-23.546391	-32.230746	-35.534074	-32.874269	-27.914173	-21.995905	-20.618923	-22.464534	-26.310058	-28.162262	-25.149207	-21.274702	-18.815798	-17.870482	
19.882387	18.177152	12.605147	1.512873	-7.998381	0.506976	2.604307	-6.342392	4.666003	9.954437	10.575742	8.160793	3.439364	-1.704571	-3.401375	-3.051969	-4.601939	-7.151597	-6.604414	-12.873937	-5.709440	1.839372	2.205315	-4.427898	-22.308190	-16.687346	2.259924	7.983850	9.076366	6.852278	2.202763	-0.546038	0.480870	0.823090	-1.230332	-8.094308	-20.948488	-8.895354	-7.785816	-6.459435	-5.006135	-7.977853	-19.214676	-10.111929	-8.890169	-10.263778	-12.988727	-21.652416	-18.869766	-28.450957	-11.155794	-5.002077	-3.201756	-3.263439	-4.170333	-7.340717	-20.276217	-11.866677	-7.066663	-7.809929	-10.985766	-13.344910	-18.133214	-18.279014	-16.315751	-21.679561	-20.629213	-12.752075	-8.490533	-5.441506	-4.088611	-4.924937	-7.345810	-9.253598	-10.254465	-12.878970	-21.290849	-19.025125	-14.580184	-14.500557	-14.195266	-11.720806	-9.430333	-9.526777	-13.159977	-22.832835	-25.518034	-15.160762	-10.702812	-10.427257	-14.480363	-22.105848	-19.704540	-11.534666	-7.201333	-6.502555	-8.560057	-11.634879	-14.187606	-14.995227	-10.945502	-9.384651	-11.675635	-17.846742	-21.367910	-19.134851	-18.795097	-21.817434	-20.509115	-14.130126	-12.891034	-17.627391	-37.387536	-20.280191	-16.496674	-13.400435	-14.321001	-21.657604	-25.263965	-18.587606	-17.151389	-17.149019	-17.447844	-18.341119	-16.807955	-15.266977	-14.425140	-13.622298	-15.021976	-15.382680	-10.594762	-8.191035	-8.355079	-9.722801	-10.540218	-10.917936	-12.712410	-16.775594	-20.303751	-18.702965	-16.400602	-17.169186	-19.985624	-21.033894	-28.463459	-17.502326	-11.488338	-10.747653	-14.470531	-23.010874	-18.650192	-16.686112	-20.149865	-29.155635	-18.255803	-14.926933	-14.718057	-16.213551	-17.406345	-18.525716	-18.376511	-15.309094	-15.153395	-19.830217	-31.307450	-21.410839	-16.430111	-13.594966	-12.387774	-11.866470	-10.947545	-9.984949	-10.216571	-12.086294	-14.563827	-16.751398	-19.355820	-20.823781	-19.622350	-17.699745	-14.801677	-11.905389	-11.147490	-13.102644	-17.623422	-22.336711	-26.707701	-24.717348	-17.637996	-14.890986	-14.626175	-15.564643	-17.801490	-23.476391	-32.068380	-20.972692	-16.985791	-15.890988	-16.051032	-15.254903	-12.456578	-10.829293	-12.469316	-20.247212	-21.012201	-15.590609	-16.968095	-26.923569	-20.056033	-14.335073	-13.054523	-13.727089	-15.447918	-17.974408	-19.390541	-20.855587	-31.577616	-23.825915	-18.089689	-16.186601	-14.900307	-15.110574	-17.464775	-19.571535	-17.696457	-16.516198	-17.478101	-19.586609	-19.942396	-18.483741	-16.679217	-14.595181	-13.990214	-15.616899	-18.199699	-18.531945	-17.190384	-16.617728	-17.588044	-19.396956	-20.354384	-20.145446	-20.903662	-24.366599	-30.859001	-35.078501	-30.007783	-25.226943	-24.443769	-27.462819	-32.985466	-34.607166	-26.397422	-22.900887	-24.522425	-31.352196	
19.899455	18.164239	12.521244	1.427717	-8.180895	0.828601	5.600995	7.552253	9.077580	10.311480	9.790984	6.400555	0.216098	-6.829799	-7.022458	-1.671059	-1.991200	-5.238109	-5.456634	-0.637630	4.167399	6.997083	7.321706	4.953840	1.136521	-0.162962	3.436931	6.738666	6.603536	2.301079	-8.363379	-21.538107	-7.165866	-1.535901	-0.915158	-2.882135	-4.322954	-4.683120	-5.046129	-3.727867	-1.666975	-1.453225	-3.176035	-4.882210	-4.194110	-2.880511	-2.782291	-4.083308	-5.727646	-7.248167	-11.768381	-17.227536	-10.600285	-12.238411	-21.725025	-8.382120	-4.213377	-2.508999	-1.656337	-1.518025	-2.280254	-3.909134	-5.482126	-5.964741	-6.674773	-8.576883	-13.118458	-23.440043	-15.570405	-13.007538	-9.007681	-6.626857	-8.108344	-15.117821	-21.256946	-13.303443	-11.273466	-11.040012	-11.758624	-13.632706	-17.776851	-13.691848	-7.820702	-6.090827	-7.640558	-11.762483	-17.639650	-20.357052	-11.854185	-8.880075	-9.754515	-12.423543	-12.298906	-11.009826	-9.369802	-8.794140	-11.388637	-17.514183	-13.353434	-8.923906	-7.024463	-7.195307	-9.551697	-13.638464	-16.757905	-19.671071	-32.486641	-19.542077	-13.399155	-11.334795	-11.402146	-12.783133	-15.342853	-18.564912	-17.072807	-14.556923	-13.405716	-12.270848	-11.445515	-11.934464	-14.410337	-16.670215	-13.154113	-10.849347	-11.890876	-15.926646	-17.263815	-17.221678	-18.187093	-15.684494	-11.834736	-10.538815	-13.041334	-18.443799	-18.510648	-15.473548	-12.839276	-13.416358	-17.010678	-16.718437	-14.101526	-13.051830	-12.987432	-12.328037	-10.152469	-8.233091	-7.906119	-9.630588	-13.804316	-22.150942	-24.407582	-17.826610	-15.012101	-13.273524	-12.260330	-12.688115	-15.481488	-20.715627	-22.722977	-21.260451	-19.633140	-17.709381	-16.875358	-18.322213	-23.024261	-36.214580	-22.928708	-16.708110	-15.275462	-18.430916	-19.552080	-12.614895	-9.095403	-8.048807	-9.235462	-13.038091	-20.267845	-19.228398	-14.107514	-11.821782	-11.838547	-13.934382	-15.989128	-17.106241	-21.283301	-29.959305	-26.018910	-19.079799	-14.024522	-11.713213	-11.923224	-14.719915	-21.372105	-44.839683	-23.464342	-20.537945	-22.565346	-34.262475	-22.918279	-18.039565	-15.466846	-12.863621	-11.205822	-11.479787	-14.291475	-21.454193	-32.159531	-19.559782	-16.159961	-15.740852	-17.361791	-20.579442	-24.969391	-27.636651	-30.196924	-25.683189	-19.613559	-15.761278	-13.004367	-11.484244	-11.669811	-13.947339	-18.375166	-21.371394	-22.711398	-35.417925	-24.085872	-20.639190	-25.467330	-41.233200	-33.931286	-29.117391	-19.622265	-17.968798	-19.958818	-18.985983	-16.261748	-17.280904	-25.607197	-26.183761	-20.564551	-22.382441	-24.859029	-22.697362	-23.031707	-24.733732	-24.085230	-25.036666	-31.783723	-37.353970	-34.519667	-30.902070	-24.373404	-22.401613	-23.442784	-26.436679	
19.888019	18.177916	12.505013	0.477418	-9.466983	2.993321	7.549968	5.788447	1.694871	8.360514	10.328952	8.303832	3.813114	3.282073	4.853623	4.375408	1.667362	-3.379537	-7.694890	0.957978	7.220136	9.975577	9.721709	6.599259	1.247651	-2.652101	1.921145	6.000269	6.534577	3.777742	-1.818253	-6.593922	-4.896602	-2.475923	-3.283525	-8.214258	-10.774592	-3.839410	0.376402	2.039582	1.094564	-3.111414	-12.843699	-24.670970	-12.441103	-6.858524	-5.132409	-5.258069	-5.233344	-5.230790	-5.998601	-6.965944	-7.515369	-8.126218	-8.671925	-8.486872	-7.892154	-6.307767	-5.103776	-7.232424	-13.362258	-7.078651	-3.298830	-2.203139	-2.435612	-3.835264	-6.683431	-11.192915	-16.359588	-16.922530	-12.154827	-9.196272	-8.923751	-11.239245	-17.361149	-32.532574	-16.922188	-14.284884	-16.123374	-24.956083	-19.914840	-10.032958	-5.570495	-4.082892	-5.297010	-9.585152	-17.919480	-23.981636	-13.735242	-8.072572	-6.272656	-7.863906	-13.357470	-19.135455	-14.563516	-12.255947	-12.891513	-16.811256	-16.366705	-14.363873	-16.546602	-13.136645	-9.179240	-9.054008	-12.522994	-21.464242	-24.192484	-14.307186	-10.807153	-11.057315	-15.957212	-32.148967	-16.836582	-12.927936	-11.967658	-14.106778	-19.595918	-14.357949	-10.869949	-10.903418	-13.256593	-16.439375	-16.047321	-12.445946	-9.600422	-8.335075	-9.009607	-12.057802	-14.500531	-12.062125	-11.564873	-13.569598	-15.832319	-17.749061	-20.268047	-17.702183	-12.748736	-10.010198	-9.866519	-13.031881	-25.413107	-16.498896	-9.798235	-6.995496	-6.285662	-7.666958	-11.603861	-17.744614	-20.010664	-19.455280	-18.965324	-19.274095	-23.321208	-23.767548	-18.994730	-18.703393	-15.333164	-12.794585	-14.078779	-19.556885	-18.412020	-14.792752	-14.740998	-16.946638	-22.012949	-22.887422	-16.743728	-15.347741	-17.303859	-21.935851	-24.570910	-19.219903	-16.375066	-15.627024	-14.087241	-11.903858	-11.953135	-16.111182	-35.518420	-16.685130	-13.271795	-13.902817	-15.459974	-14.196877	-13.694457	-16.042214	-18.073254	-15.142738	-13.447642	-15.100429	-22.828487	-21.154397	-16.209979	-16.384433	-19.325807	-23.759306	-25.839411	-24.749228	-25.762596	-31.492384	-32.359106	-22.137109	-18.638738	-17.004979	-15.294812	-14.504660	-15.054400	-16.784423	-20.764949	-28.069646	-31.776436	-34.745911	-30.911606	-28.419046	-23.583712	-20.464806	-21.894467	-24.764960	-17.875854	-15.277913	-17.027890	-22.142835	-20.734490	-18.491618	-18.519712	-19.045546	-19.285949	-20.014961	-21.683130	-22.961737	-22.112727	-19.693621	-17.975686	-18.056914	-19.983037	-22.475970	-20.253040	-16.610576	-14.938477	-15.158776	-16.997000	-19.742880	-21.364632	-22.142410	-25.798295	-30.614124	-21.748559	-18.508313	-18.142955	-18.537837	-18.537874	-19.397228	-22.958139	-31.755357	-30.568120	-28.116093	
19.908390	18.164274	12.485986	1.524391	-5.286504	3.713528	8.694654	10.753292	11.741462	12.100942	11.321022	8.661791	2.512350	-5.012169	4.134049	6.410589	4.492656	-2.818385	-2.940408	2.079580	5.618867	8.623593	8.581145	3.862571	-7.401958	-2.689884	-2.114937	3.912965	6.190786	4.071058	-3.069326	-10.296632	-13.217898	-10.683583	-4.431185	-4.780781	-11.829798	-14.291036	-4.104274	-0.361612	0.306201	-2.187089	-8.765624	-13.737058	-12.848465	-15.812662	-17.926547	-23.709093	-15.237880	-12.170768	-16.314841	-11.035061	-6.872441	-7.878263	-11.341606	-10.737764	-10.183719	-9.313486	-6.749605	-5.319423	-5.732128	-8.593107	-17.439411	-15.928522	-8.594637	-6.710223	-8.297212	-14.922028	-20.821968	-14.266384	-15.360306	-15.714392	-12.355787	-12.651311	-16.978057	-18.094449	-14.646753	-13.998077	-16.756370	-27.381893	-22.025537	-13.037536	-7.919217	-6.019222	-7.534290	-12.693060	-17.955722	-16.155856	-11.702299	-8.513732	-7.764663	-9.266706	-12.710202	-19.078010	-32.786131	-18.630832	-15.936699	-16.102006	-16.597529	-15.978983	-13.876208	-11.364781	-10.348544	-11.734324	-15.458728	-16.878394	-13.520879	-10.943890	-10.211747	-11.714324	-15.120136	-17.656802	-19.736151	-28.565919	-19.181388	-12.654573	-10.191518	-10.269916	-13.117245	-21.439562	-27.811485	-19.100464	-16.919774	-18.310918	-26.106067	-14.056413	-9.672545	-9.362857	-10.938238	-11.618873	-12.492351	-16.237397	-18.463095	-14.531697	-12.835605	-12.922713	-14.468118	-16.350023	-13.810908	-11.088812	-10.613367	-12.863925	-19.547485	-15.966913	-11.500482	-11.614150	-15.485717	-24.214377	-38.622180	-30.304042	-26.973347	-25.862710	-22.284968	-18.045661	-16.045294	-15.044471	-12.501680	-9.713519	-8.120232	-7.528928	-8.015395	-10.317137	-15.329106	-16.193356	-11.914089	-10.153651	-10.279933	-12.066476	-15.911094	-22.232694	-28.966295	-24.815197	-21.141214	-20.490567	-18.463462	-14.702749	-13.217170	-13.750352	-14.545636	-14.837438	-16.047763	-18.219201	-15.235171	-11.978687	-11.513938	-14.131171	-22.172733	-22.283760	-16.704051	-15.794168	-15.797333	-14.921303	-14.041470	-14.974367	-19.136100	-27.709119	-33.199221	-42.245202	-34.409487	-35.750250	-32.318851	-24.706639	-24.601125	-27.081956	-20.644252	-18.234825	-18.942795	-19.587945	-20.639499	-24.253276	-27.676336	-26.889020	-25.169770	-23.850762	-24.360427	-26.708168	-25.151388	-21.192892	-18.766405	-18.657424	-20.777942	-23.751685	-25.533310	-27.359261	-30.773316	-27.776219	-25.244213	-24.609220	-26.181606	-33.011681	-22.866587	-19.496767	-21.612966	-31.169185	-35.313118	-29.857991	-26.637753	-21.648339	-17.591273	-16.400488	-18.252960	-22.152097	-25.154539	-26.966413	-25.474770	-22.043911	-18.585034	-16.530667	-16.348804	-17.465570	-19.123242	-21.097849	-22.862805	-24.034964	-24.999163	-25.793971	
19.932638	18.224019	12.644289	2.077565	-2.012085	5.697110	8.078565	2.776486	-0.681468	8.361476	8.611086	3.127654	-16.456578	2.653796	6.721357	8.639289	8.917862	7.340858	3.797662	-0.579314	3.019472	7.079746	8.210886	7.293407	5.744009	4.515335	5.377843	7.534711	7.711216	4.901310	-0.967629	-4.240584	-3.151368	-1.486067	-0.678684	-2.264486	-7.240648	-25.394071	-9.370545	-4.259594	-2.730635	-3.747777	-7.506431	-12.325327	-13.713298	-16.031835	-15.134721	-12.754433	-12.669439	-12.589716	-10.959635	-8.642774	-6.958366	-6.217218	-6.239155	-7.518015	-10.285739	-9.904039	-6.444058	-5.105353	-6.260837	-10.258501	-20.137839	-17.747694	-12.489881	-12.775321	-15.872527	-14.514518	-13.794421	-16.248390	-18.241414	-16.036185	-12.589230	-10.967902	-10.775129	-10.064878	-8.371769	-7.588236	-8.703839	-11.974170	-16.205083	-12.729382	-8.361048	-6.799328	-8.346556	-13.120876	-18.097938	-28.068976	-18.306389	-11.530814	-10.864240	-15.268484	-24.639369	-16.953801	-15.373494	-16.909665	-20.089131	-23.706291	-27.721474	-23.133708	-14.950730	-11.649647	-12.302857	-17.441733	-31.109094	-28.106141	-17.725921	-13.003602	-12.252215	-14.964389	-21.167112	-25.826325	-21.635342	-18.173673	-16.702022	-16.752878	-16.915144	-17.737327	-19.217109	-16.338527	-13.522678	-12.598515	-13.303336	-15.106045	-16.255681	-14.973917	-13.745808	-15.015044	-19.282881	-19.568892	-13.594889	-10.190952	-9.944700	-13.599411	-22.758625	-17.967173	-15.896492	-16.099072	-15.766721	-15.459133	-16.068869	-17.755983	-18.090540	-16.101382	-14.432930	-14.548683	-17.288447	-25.306291	-30.397917	-20.936296	-18.693858	-18.694371	-17.578604	-14.810507	-13.289208	-11.572158	-9.356945	-9.479212	-15.265226	-19.942917	-9.095646	-6.236010	-6.153502	-8.199299	-13.558666	-22.228411	-14.172293	-12.632481	-14.591940	-16.976146	-18.222766	-20.348985	-27.472416	-23.072258	-14.812974	-12.060416	-12.902435	-17.424843	-18.061071	-14.585997	-14.493864	-16.012523	-18.265577	-23.972665	-19.614558	-15.364026	-14.699593	-15.607137	-17.754245	-23.982700	-24.763429	-18.077884	-17.157393	-16.969547	-16.429794	-18.148156	-22.292231	-26.686079	-31.019503	-39.781417	-36.222198	-25.456505	-20.171440	-18.309529	-19.566660	-23.185676	-26.866454	-25.201311	-19.973049	-18.353614	-20.636696	-28.720463	-29.107827	-24.306967	-24.888158	-27.119064	-25.202779	-21.282346	-19.493828	-20.840774	-25.817388	-36.146510	-33.457907	-27.024157	-25.239550	-25.848031	-28.098735	-27.978087	-25.010937	-24.411199	-23.009006	-20.117855	-19.048443	-19.766189	-21.532308	-24.386311	-25.507248	-21.979246	-20.948879	-24.125006	-29.635570	-28.847578	-29.298734	-28.901473	-24.818678	-19.650536	-17.767910	-19.488382	-26.103559	-33.475050	-25.642028	-26.595857	-28.632231	-24.706947	-24.191207	-25.910564	
20.011282	18.263403	12.546071	1.130075	-5.931045	3.478306	8.739274	10.923568	11.551444	10.826261	8.271708	3.387800	-1.607701	1.825568	5.400083	6.783625	5.750128	1.463815	-7.658000	-0.594831	4.638124	6.017138	3.422949	-8.014339	-5.210544	0.804501	5.564463	8.541787	8.381838	4.895647	-1.723052	-5.798132	-2.984095	0.189468	0.373284	-2.288907	-6.227597	-9.240580	-12.728588	-13.441018	-10.919069	-12.109369	-13.235143	-12.104803	-9.952884	-6.736058	-6.181833	-9.423972	-16.578690	-14.472649	-13.222518	-13.072465	-13.346624	-21.391770	-17.911584	-10.921258	-9.393465	-8.365972	-7.440761	-9.449460	-21.116294	-13.534264	-7.979804	-6.679445	-6.985425	-8.602174	-11.161049	-14.234321	-20.678330	-26.899458	-24.583639	-14.602994	-9.957859	-10.385186	-18.186925	-15.761588	-8.294399	-5.971872	-6.083392	-8.485202	-15.568570	-20.346519	-9.512211	-6.787648	-7.459860	-10.634649	-14.937734	-17.342686	-16.398211	-14.005216	-12.305998	-12.082030	-13.033345	-14.932750	-18.886651	-29.565824	-30.152054	-25.759613	-31.087542	-27.129235	-17.592105	-13.354738	-12.540374	-14.747647	-18.940405	-21.188155	-19.335900	-17.983596	-17.331960	-16.487581	-18.306728	-25.325500	-20.708910	-17.973263	-20.126675	-25.161753	-25.701145	-21.717323	-18.654966	-15.113319	-12.953758	-13.423470	-16.079476	-21.130159	-31.808404	-25.493300	-20.641060	-17.371290	-18.634726	-37.051148	-16.807363	-11.994395	-11.110580	-11.920219	-12.769595	-12.856327	-13.269157	-16.129027	-25.655260	-22.255575	-19.848009	-23.619211	-26.224735	-23.452473	-18.775904	-18.151017	-24.088781	-28.307286	-18.571558	-14.873586	-12.705485	-12.017235	-13.173644	-15.649518	-18.880312	-19.026337	-12.307084	-8.970025	-8.433473	-10.015227	-13.439082	-14.692454	-11.343891	-9.476336	-9.897006	-12.043286	-15.029201	-18.130517	-21.258679	-23.039306	-18.385801	-16.655259	-18.162941	-21.038343	-18.524304	-14.721951	-14.212519	-15.560914	-14.559338	-13.310033	-14.623575	-17.723708	-18.022266	-16.723424	-15.566322	-15.721877	-19.098368	-30.890411	-22.590721	-16.974639	-15.374234	-16.249752	-18.996843	-19.295462	-16.122965	-14.355752	-14.890308	-18.040285	-22.401091	-23.573670	-23.327783	-19.571494	-16.699879	-16.099364	-17.472943	-20.209384	-18.914737	-15.414818	-14.474577	-16.945588	-26.656327	-23.954896	-17.243512	-15.894933	-17.864044	-22.232721	-21.425187	-20.528461	-22.914600	-27.299876	-34.810986	-39.401404	-31.036099	-28.344439	-25.672615	-22.652689	-20.534192	-20.059608	-21.710649	-24.814906	-24.147208	-21.167190	-20.135409	-22.578254	-30.471530	-24.244012	-20.259600	-20.033674	-22.228385	-26.255896	-30.171596	-29.007486	-24.352868	-20.576504	-18.529849	-18.250894	-20.053640	-25.197204	-35.240487	-26.598210	-22.592869	-20.945125	-21.053709	-23.624528	-29.801369	-37.638922	
20.015994	18.341614	12.917258	2.544821	-2.914308	3.406626	5.119545	2.425054	6.417291	9.357273	8.220715	3.624003	-3.604802	-15.295382	-3.932206	2.126414	3.140791	-0.355034	-13.880896	-3.349528	1.900702	3.482145	2.345579	-1.294685	-4.110860	-5.601396	2.380557	7.433555	8.254769	5.176677	-2.969574	-20.112008	-11.019462	-2.926493	-1.047926	-3.352488	-7.884247	-7.369486	-6.047018	-6.444058	-7.838493	-10.313581	-11.880560	-9.893429	-6.003959	-3.651046	-4.295003	-8.713775	-14.755045	-11.632800	-11.278564	-11.552338	-9.477469	-8.304759	-9.302535	-13.648590	-18.082635	-10.710525	-8.014367	-8.086862	-8.392304	-7.141508	-5.796694	-6.171155	-8.831862	-10.534393	-8.291070	-7.143020	-7.650943	-7.921923	-6.534228	-5.711279	-6.849517	-10.214718	-16.149285	-17.982429	-12.564900	-10.598362	-11.616036	-14.562124	-15.482511	-12.415759	-9.381322	-8.061904	-9.424686	-14.704670	-19.894202	-17.875969	-18.352392	-15.594780	-14.371349	-18.279170	-25.174930	-17.099209	-16.655035	-20.321610	-22.359973	-20.241894	-19.356829	-24.185582	-21.566741	-13.136368	-10.532103	-11.337004	-14.530739	-16.375188	-16.367842	-17.994587	-18.231946	-17.050316	-19.569048	-25.482445	-17.950388	-14.825491	-15.108172	-18.074746	-20.538911	-15.618665	-11.873986	-10.780906	-12.523716	-18.182117	-21.212700	-16.986384	-17.242435	-20.087308	-19.848358	-17.613387	-16.731188	-16.262502	-15.139355	-15.531910	-21.622514	-28.935281	-21.709609	-34.025937	-18.188571	-13.497377	-13.114754	-14.927133	-17.896294	-20.647941	-21.911605	-20.587926	-16.665970	-14.461430	-14.115322	-14.826323	-17.784999	-26.846650	-16.778564	-13.214080	-14.987579	-21.497737	-17.626473	-13.899985	-12.223385	-11.205476	-11.506034	-13.860084	-18.392159	-24.818809	-28.277305	-17.293690	-12.571801	-11.767231	-14.869378	-19.399561	-15.513175	-14.702684	-18.677936	-23.242680	-18.055258	-16.333520	-14.580435	-13.098209	-13.792341	-15.504387	-14.987641	-14.312206	-15.966031	-19.027463	-18.523499	-17.059910	-17.732576	-20.155506	-22.128025	-23.101751	-23.421083	-21.773103	-20.128785	-20.011254	-19.764172	-19.125869	-20.238198	-21.455969	-18.473324	-15.677832	-14.385656	-14.127693	-14.780335	-17.000192	-22.139484	-27.208000	-21.065430	-17.117968	-15.789907	-17.269557	-19.354755	-16.167704	-13.341788	-11.919442	-11.280842	-11.444144	-12.554802	-14.852829	-18.717887	-24.186443	-30.615072	-36.210725	-27.256413	-23.834120	-24.278574	-24.345834	-22.264788	-24.179855	-34.405543	-22.142796	-18.913834	-20.165058	-26.119345	-27.229759	-19.691492	-17.182884	-17.198644	-19.347175	-26.448325	-30.591296	-23.057544	-24.205455	-30.593355	-29.763859	-26.825862	-24.591710	-25.543125	-32.538677	-26.044950	-22.397036	-22.865620	-26.782633	-40.586181	-28.258395	-23.578562	-22.245297	-23.024668	-26.087171	
19.899712	18.164282	12.405814	-0.191793	-5.693328	-0.727840	3.184159	5.051139	7.310210	8.890411	8.563378	5.477438	-3.132142	-3.634355	3.813182	6.289320	5.673574	1.345269	-8.164724	-4.240107	-2.504678	-2.087987	-0.513922	-1.382152	-2.581114	2.513177	6.984139	9.047488	8.460335	4.740853	-3.149693	-14.278471	-9.193974	-2.923843	-1.193207	-2.686830	-6.248741	-8.366143	-5.933321	-3.502440	-3.135601	-5.639563	-12.328935	-15.864218	-9.284071	-4.803045	-3.414995	-5.051462	-8.226397	-9.559480	-7.795643	-5.303142	-4.779460	-7.018455	-13.078706	-33.792757	-15.628627	-9.830523	-8.046034	-10.073808	-13.212623	-9.531494	-7.475213	-8.554026	-12.682238	-17.379737	-28.848018	-12.484728	-6.260187	-4.351027	-4.891845	-7.263478	-11.597359	-16.845737	-15.606041	-12.910346	-11.301014	-12.162972	-16.714923	-19.639719	-16.287064	-13.170078	-12.977101	-17.093752	-15.398934	-10.813793	-9.426501	-10.169987	-13.218732	-22.724427	-20.398773	-12.807216	-10.472088	-10.297664	-11.756773	-14.260971	-15.170787	-14.863892	-15.395408	-15.077210	-13.734495	-13.928392	-15.572509	-12.687050	-10.068552	-10.860709	-16.307616	-28.749790	-15.369511	-12.434475	-12.212173	-12.357377	-12.047591	-12.734004	-16.760748	-28.703647	-16.407379	-12.731397	-12.799609	-14.600037	-16.320302	-17.395201	-15.928908	-13.708459	-13.430239	-16.637827	-32.898030	-19.325487	-15.748967	-17.470063	-17.516991	-13.376037	-11.449953	-11.271384	-11.552941	-11.827110	-13.361530	-18.216088	-26.271570	-20.090840	-18.417156	-20.529733	-19.564681	-13.860491	-11.351750	-12.349703	-18.535685	-28.152681	-15.996088	-12.604444	-10.590078	-9.331029	-9.677639	-12.864665	-22.018969	-20.045642	-16.986782	-21.793880	-20.299498	-13.681896	-12.594406	-14.986305	-20.054096	-18.156209	-12.299292	-10.426299	-12.118864	-16.438805	-16.718239	-15.234964	-15.673612	-15.955206	-14.130688	-11.854622	-10.896262	-11.990578	-16.533611	-28.612523	-15.357066	-11.905083	-13.291556	-20.965586	-19.670248	-15.717930	-17.370407	-21.733024	-24.257603	-25.765387	-26.064556	-24.185406	-23.183429	-23.882886	-24.167572	-25.227884	-29.364258	-45.728264	-26.149382	-20.218593	-19.205262	-22.963146	-24.704575	-18.758388	-17.499230	-19.695600	-24.664535	-20.803288	-16.880279	-16.664757	-17.338974	-16.146822	-14.756382	-14.798899	-17.527455	-22.651918	-19.725761	-17.682306	-20.320442	-28.960350	-25.872385	-25.699433	-32.487617	-23.020302	-17.416782	-15.226859	-14.970655	-15.638957	-16.623726	-18.160085	-21.064297	-26.971919	-32.247637	-21.360187	-16.219933	-14.010173	-14.088319	-15.951448	-18.326454	-19.578718	-20.006652	-21.204270	-24.497965	-31.082413	-33.816935	-30.866207	-30.366809	-27.707718	-23.404957	-20.410907	-19.545359	-20.800318	-24.164446	-31.332557	-41.823016	-28.742582	-25.003326	-23.234295	
19.922529	18.218536	12.540193	-0.774181	-9.985853	-8.122562	0.658573	2.992195	3.317483	3.570084	2.521345	1.700223	4.214373	6.863599	8.461693	8.659039	7.372146	5.346000	3.662268	2.851441	2.202941	2.160489	3.210243	2.268930	-2.954480	-13.890079	2.416983	7.499071	8.345438	5.343324	-2.703170	-11.305052	-11.663748	-6.872070	-3.375224	-3.927325	-6.993799	-10.174875	-12.444609	-5.975707	-1.693564	-1.362407	-4.498810	-10.337656	-8.458497	-3.799260	-2.045096	-3.602959	-9.856869	-24.852897	-17.842496	-10.774102	-6.992154	-7.365002	-11.534204	-18.746331	-14.553290	-8.838516	-6.186333	-6.159418	-8.822842	-16.225095	-18.088305	-9.934882	-7.719090	-7.980389	-8.723969	-9.283716	-10.795015	-15.740108	-18.986513	-13.089496	-13.613846	-18.741877	-31.911211	-16.986766	-9.349571	-6.594800	-6.191572	-6.872573	-8.309198	-11.317638	-17.219913	-22.829685	-17.140867	-13.084125	-13.105421	-16.129173	-14.262659	-11.693660	-10.985646	-11.545680	-13.507215	-16.578917	-16.144450	-12.045461	-10.481810	-12.201534	-16.936056	-16.875564	-14.370862	-14.484518	-15.254342	-13.828110	-11.612870	-10.192864	-10.121935	-11.265047	-13.490171	-17.498810	-16.989024	-14.318433	-15.033570	-17.015026	-16.585446	-14.823576	-13.054695	-12.353777	-13.799654	-16.454389	-16.154890	-15.403536	-14.306262	-13.560158	-14.842525	-16.774199	-16.665805	-15.348955	-13.733948	-12.487408	-12.469480	-14.014587	-15.616513	-15.323086	-15.058191	-14.665117	-14.209748	-15.478315	-18.874789	-24.967609	-35.757128	-19.957764	-15.312694	-13.256621	-12.746317	-13.856167	-15.920255	-16.178393	-13.933032	-12.280265	-13.080952	-15.973613	-13.928012	-10.918095	-10.662675	-12.806015	-17.460751	-23.809119	-16.659798	-12.016327	-9.862373	-8.893104	-8.603114	-9.134386	-11.011109	-13.804831	-14.961890	-15.475473	-15.115847	-14.555033	-18.173516	-33.068255	-17.773075	-15.086862	-16.329945	-20.777734	-24.273831	-17.614784	-12.974972	-10.278028	-9.296214	-9.908499	-11.846678	-14.721784	-17.531694	-18.519765	-19.272081	-22.702777	-25.286303	-19.302308	-16.192146	-15.938746	-18.188184	-22.343206	-25.007648	-24.033642	-23.857225	-27.079269	-27.776358	-22.364778	-19.121176	-17.674528	-18.636835	-20.086276	-16.276190	-12.888645	-11.928574	-14.015597	-21.964825	-25.075994	-19.222027	-21.953922	-42.352343	-24.290565	-20.536504	-20.688883	-24.429718	-22.542469	-17.664805	-15.879057	-14.812232	-13.369620	-13.454196	-17.481051	-34.066001	-19.730088	-18.535825	-24.480167	-32.819767	-26.244489	-28.011498	-27.188631	-18.692724	-15.477623	-16.604442	-23.363295	-32.672410	-25.199849	-25.690321	-27.392694	-29.279724	-31.332753	-30.935123	-30.957237	-33.887018	-30.819584	-23.850957	-20.516926	-20.364957	-23.707096	-29.887443	-26.845311	-24.719099	-26.444031	-31.865135	-27.468704	
19.934902	18.236694	12.726186	1.979544	-9.362340	-3.668975	-1.207449	-6.442065	-14.720521	-11.302803	-6.651317	-2.305445	2.054190	2.931338	0.618675	1.387712	1.938367	-4.273395	-5.229594	4.963836	8.393655	8.951664	7.150043	2.699691	-6.268241	-4.092804	3.410182	7.278510	8.404989	6.692055	1.843575	-6.060990	-11.130034	-8.466378	-7.420154	-7.925329	-6.556585	-4.135292	-1.857475	-0.146909	0.252883	-1.308488	-5.286305	-13.361188	-15.305672	-5.594101	-2.361123	-2.517527	-5.442978	-10.367705	-12.098548	-8.986898	-8.080771	-10.546631	-15.989312	-19.225659	-15.405908	-10.556334	-7.606936	-7.505071	-11.519969	-23.077963	-11.664096	-6.843529	-5.825025	-8.820545	-21.012982	-18.195417	-15.416355	-17.107216	-15.170410	-12.658509	-12.162709	-13.159958	-12.217354	-8.850464	-6.503409	-7.257896	-13.760560	-17.030122	-10.037130	-9.980298	-13.184586	-16.190421	-15.597457	-14.099452	-14.042995	-14.950949	-14.250770	-13.301518	-12.855797	-13.595944	-17.125427	-18.513831	-14.373068	-10.352042	-8.208979	-8.996274	-14.179173	-33.491598	-14.108044	-11.443045	-14.017416	-25.457275	-16.427659	-14.221965	-16.524016	-16.044403	-14.993447	-16.137387	-17.101069	-17.181209	-18.425171	-20.139435	-20.523510	-23.417176	-26.365699	-18.367701	-11.888091	-8.770899	-8.322883	-10.418304	-15.528243	-19.377372	-19.466526	-22.510591	-20.605285	-20.888300	-32.703919	-22.422181	-17.021124	-16.812037	-18.545338	-19.381108	-20.072730	-18.511696	-16.171296	-17.166537	-23.721905	-23.204989	-17.276582	-15.588492	-18.082551	-24.441578	-17.103132	-14.742756	-16.116472	-16.134429	-15.039689	-18.298618	-36.125729	-22.908782	-16.432513	-12.495446	-11.264421	-12.681969	-16.338331	-20.600229	-21.952684	-18.131482	-15.261289	-16.257534	-19.667650	-14.822217	-12.895728	-14.846868	-14.641884	-11.612686	-11.007459	-13.393335	-20.615034	-24.613244	-16.669298	-15.402222	-17.919103	-23.028810	-21.882985	-15.401653	-11.900876	-11.937333	-16.419400	-20.689324	-15.804438	-16.385870	-21.079934	-21.205653	-21.856773	-25.080747	-19.606792	-16.412938	-15.539921	-15.570828	-16.954961	-20.637027	-21.762944	-22.176125	-29.261629	-35.173342	-27.096359	-20.532415	-16.857135	-16.312739	-18.193541	-19.485252	-16.784157	-13.719148	-12.487045	-13.760704	-17.484365	-20.081036	-18.215053	-16.591655	-15.938802	-16.180018	-17.786187	-20.905082	-22.898643	-20.364922	-16.450675	-14.535296	-14.266226	-13.859145	-13.733334	-15.098652	-17.372650	-18.391078	-17.690695	-17.295418	-18.102537	-19.780643	-21.117187	-21.279640	-20.226648	-18.565919	-18.201677	-19.868109	-23.170578	-27.901843	-33.005622	-32.048366	-31.951068	-33.559767	-36.120938	-44.324124	-38.599468	-28.567705	-24.540007	-24.976385	-30.699055	-29.761983	-25.033178	-22.489689	-20.602667	-20.351165	-22.180272	-25.922175	
19.904796	18.191367	12.638225	1.966399	-5.025151	2.065069	5.359347	4.864981	2.368796	0.682370	1.534690	2.336815	3.273065	3.495771	2.430423	1.596973	0.517133	-2.946777	-6.541565	0.310320	5.628689	7.718252	6.765373	3.132558	-1.454237	-8.208719	-3.020765	5.084849	7.545465	6.104542	0.329178	-12.264738	-8.484535	-7.064575	-8.853696	-9.128435	-8.329413	-15.219002	-8.178505	-2.386318	-2.153806	-6.354977	-16.959583	-18.251704	-12.279100	-6.781257	-3.900725	-4.272594	-8.621117	-21.452022	-16.378917	-8.341194	-5.628327	-6.507286	-9.057876	-10.441437	-13.173266	-11.304359	-8.263771	-8.050203	-8.463473	-8.584867	-9.069831	-8.335450	-5.639521	-4.241454	-5.206318	-8.452558	-13.427122	-17.295247	-21.710193	-15.991936	-11.978712	-13.650591	-13.936965	-9.134127	-7.079346	-6.964655	-8.079300	-10.217947	-13.956168	-18.563618	-16.382614	-17.661917	-25.107736	-16.279921	-15.733664	-21.218381	-17.634943	-17.614202	-24.248844	-15.515753	-10.834731	-8.195992	-6.561198	-6.656810	-9.762550	-16.136926	-12.414751	-9.410843	-9.136101	-10.779476	-14.115331	-15.610094	-13.761956	-13.260315	-13.845904	-13.663918	-14.359182	-18.991386	-33.977586	-19.297964	-14.990921	-14.221290	-15.923601	-19.220142	-24.044169	-20.602490	-12.768416	-8.529493	-7.581414	-9.915323	-15.507328	-21.049799	-20.301777	-17.752960	-18.427192	-23.823957	-30.159738	-21.078487	-17.191371	-16.116246	-17.049510	-19.919974	-21.658672	-17.764724	-15.344104	-15.401299	-16.897425	-17.913153	-17.136504	-14.983226	-13.362852	-13.371566	-15.314575	-18.695480	-17.843989	-14.289619	-12.291447	-11.649741	-11.626079	-11.937515	-14.493215	-26.236807	-17.422016	-13.087984	-14.272056	-18.811038	-21.836793	-21.991977	-18.533454	-15.534156	-14.408566	-14.278014	-15.081888	-15.574104	-14.816969	-14.914813	-15.882341	-16.286111	-16.018679	-15.128871	-13.697511	-12.765167	-13.082332	-14.848337	-18.115150	-18.776533	-14.457166	-12.197967	-12.539420	-14.821502	-19.914040	-30.590147	-15.873427	-12.642652	-12.875319	-13.822410	-15.055085	-19.026727	-28.711920	-22.935100	-17.124126	-14.544801	-14.200624	-15.600992	-17.853042	-19.421240	-19.506669	-19.789813	-23.970122	-24.128694	-17.809162	-18.894541	-27.870401	-17.541385	-15.284616	-17.373725	-20.911467	-22.024881	-19.770905	-19.692595	-21.357794	-19.737302	-18.911197	-21.389723	-24.336388	-18.781657	-15.955954	-16.991721	-20.757594	-18.512048	-16.149373	-18.039155	-24.997634	-23.124676	-21.112848	-23.301660	-21.321730	-17.825373	-17.734988	-21.202132	-21.756043	-19.295836	-21.506251	-32.288904	-30.407101	-28.179929	-28.829185	-26.837227	-26.344231	-27.858636	-31.075828	-37.184271	-37.199370	-29.480136	-25.857506	-24.578342	-24.381746	-23.701553	-22.988891	-23.621342	-23.186215	-21.845993	-23.698779	-30.616334	
19.886281	18.148852	12.410113	0.353169	-10.360907	2.989873	8.528271	9.835408	8.446783	4.805139	-0.735026	-10.216832	-2.585031	4.254490	6.382659	5.500202	2.350861	-2.095955	-7.785057	-4.021452	3.671530	6.666842	6.085719	2.362768	-2.111143	0.893902	5.076475	7.092348	6.439939	2.769014	-1.948406	-4.233324	-12.031969	-14.117122	-6.571824	-5.458426	-5.597678	-4.420451	-2.887409	-2.776883	-4.956982	-9.951139	-14.002642	-15.859358	-15.218858	-7.325557	-4.205005	-4.471761	-7.338375	-12.752401	-15.714657	-7.566410	-3.067436	-1.178174	-1.120018	-2.296701	-4.178243	-6.766840	-11.152467	-21.355964	-19.139811	-14.532771	-15.572398	-16.043470	-9.869893	-5.538420	-3.518519	-3.618617	-5.819520	-9.633159	-12.561873	-11.612989	-8.793396	-7.111167	-8.256780	-15.507423	-18.600501	-10.471072	-11.059617	-19.036210	-20.738778	-14.842487	-12.447408	-9.576207	-8.363769	-9.432059	-12.135760	-14.612618	-14.513290	-12.592767	-11.199082	-11.645650	-15.943542	-26.366361	-10.233122	-6.251730	-5.996950	-7.369950	-8.468717	-9.959612	-13.172960	-17.746840	-21.259406	-22.841033	-18.107758	-14.234225	-11.880006	-10.971488	-12.039676	-15.591104	-24.036662	-28.590983	-18.323981	-14.761805	-13.656821	-14.875549	-20.112492	-30.728576	-14.759081	-9.700558	-7.863170	-8.682487	-12.511606	-18.873891	-18.336233	-17.462276	-19.696349	-22.834401	-22.262948	-19.389693	-18.380107	-21.421443	-32.329512	-23.059592	-18.547219	-15.833634	-15.737352	-21.841104	-26.473662	-20.175983	-24.825473	-19.599234	-16.276739	-18.111606	-22.053812	-22.745555	-20.903332	-20.243646	-24.711272	-18.783783	-12.902998	-11.288151	-12.204400	-14.133388	-15.022703	-14.069358	-12.908481	-12.890078	-13.978305	-15.304871	-15.920773	-15.364103	-14.532275	-15.201873	-18.305027	-20.527520	-20.194296	-22.651608	-24.335773	-23.786220	-32.432613	-23.245823	-16.495194	-15.569261	-19.237760	-33.909560	-23.468577	-18.202193	-13.867237	-11.924524	-13.834306	-18.294885	-15.205541	-11.805803	-9.433844	-8.428152	-9.477506	-12.865263	-18.014676	-20.152793	-21.522075	-33.107853	-22.843490	-17.177196	-17.587125	-22.545233	-24.207397	-23.997841	-32.774260	-28.812335	-21.250906	-17.387700	-13.933534	-11.111090	-9.682109	-10.209418	-13.411042	-18.913080	-18.485550	-18.547897	-22.620641	-27.528786	-29.008899	-27.037837	-25.956567	-26.562009	-25.038953	-20.576685	-17.465497	-16.900556	-19.473115	-23.303770	-18.410253	-15.730233	-16.800922	-22.133369	-36.459932	-31.897624	-25.740366	-22.071189	-19.766442	-17.586919	-16.316269	-16.381320	-17.516232	-19.631547	-23.096868	-27.457670	-28.867087	-28.918561	-29.358725	-30.750680	-34.937612	-34.033904	-30.577553	-30.662148	-32.055735	-30.752170	-30.299789	-28.090185	-26.496075	-28.499778	-29.308312	-25.390071	-21.877889	-19.913764	
19.977981	18.289599	12.771887	1.753724	-4.593110	3.146712	8.080379	9.533023	8.348382	3.961009	-0.959462	3.119424	2.924395	-3.421885	-0.746693	3.550461	3.018881	-2.365194	-14.792230	1.623048	6.490768	8.172098	7.268377	3.214095	-10.292135	-0.661817	5.865134	7.823359	6.744814	2.861332	-1.656502	-1.609293	-0.526045	-0.648256	-2.669589	-7.086762	-7.801737	-6.404291	-12.653159	-12.426220	-4.676742	-4.321660	-6.292017	-5.748289	-3.869144	-2.560665	-2.999324	-7.029208	-20.653340	-10.403473	-7.399839	-7.519216	-6.710942	-6.045198	-7.113081	-8.368686	-10.195385	-17.400155	-18.007214	-11.414110	-11.117337	-15.556610	-18.116428	-10.093841	-8.804823	-15.905105	-13.419858	-5.567804	-4.545071	-8.191497	-15.102134	-10.418893	-10.916823	-17.935949	-11.199579	-7.259095	-6.623332	-7.845068	-10.456507	-13.809308	-16.272934	-15.152350	-11.181701	-8.251011	-7.444597	-8.600724	-11.844975	-18.046546	-13.993738	-10.457403	-11.734921	-19.407827	-21.343858	-12.082148	-7.806346	-5.470021	-5.406922	-8.894356	-21.789188	-15.693187	-12.995694	-15.317439	-16.150116	-17.221322	-25.311494	-23.076862	-19.339778	-19.353152	-17.774057	-16.998980	-17.700326	-19.273352	-24.283200	-30.585807	-17.533834	-14.268298	-15.187332	-21.216830	-21.704714	-15.020968	-13.050015	-12.665773	-13.281332	-16.606646	-23.758228	-21.105311	-20.071452	-22.510445	-21.799649	-20.136316	-20.364174	-21.319855	-20.843436	-18.675201	-16.430815	-14.262007	-12.152550	-10.976976	-10.772646	-11.185289	-13.314939	-19.345997	-22.741542	-20.052068	-21.045832	-20.215010	-20.205015	-23.596737	-27.310640	-20.043498	-15.206132	-14.464746	-18.941164	-44.909327	-24.404311	-36.360198	-21.449123	-16.914655	-18.800189	-28.077666	-27.491378	-27.890402	-31.955791	-19.417746	-15.829406	-15.550504	-17.483023	-22.118482	-36.025717	-24.627049	-18.888732	-17.432821	-19.264500	-23.233236	-24.395806	-24.387123	-22.344931	-16.624260	-12.155950	-10.341962	-11.010892	-12.486665	-12.321870	-12.070175	-11.915644	-12.370502	-15.242155	-19.932705	-22.312530	-23.663512	-20.707325	-17.714202	-16.277205	-16.019884	-17.081600	-19.563186	-22.680549	-26.636335	-41.138579	-25.568922	-20.480979	-19.297594	-17.181301	-13.933818	-12.061208	-10.815190	-9.796680	-9.883533	-11.694683	-15.538574	-20.304830	-21.450393	-23.081958	-28.357413	-32.617088	-30.882699	-26.916441	-23.068219	-22.239748	-26.508724	-32.921194	-23.302721	-17.999097	-14.838880	-14.039794	-15.491726	-18.302242	-20.933197	-24.836291	-34.855494	-30.286264	-25.723030	-24.693953	-26.440171	-27.219097	-22.908581	-21.735829	-24.509887	-31.093132	-38.220898	-42.240969	-33.156148	-29.432376	-27.911212	-27.329175	-27.412657	-27.594521	-27.411971	-26.757764	-24.884825	-23.052982	-23.516999	-28.392071	-32.382271	-24.241804	-21.458885	
20.125776	18.405036	12.746289	0.955977	-8.306096	-0.270536	1.962511	-1.433013	3.756056	7.663550	8.098089	6.453982	3.958586	2.034520	1.316335	0.948378	0.270689	-0.888798	-1.913930	0.344591	4.083730	5.731460	4.586184	0.515991	-4.966889	-3.164272	2.587145	6.186383	6.652854	3.220827	-7.902411	-7.462841	-3.848835	-2.952894	-1.795956	-2.316095	-4.385252	-5.338175	-4.064175	-2.261308	-0.803332	-0.273985	-1.327784	-5.535341	-11.783818	-3.431768	-0.552383	-1.312037	-4.895217	-10.265236	-13.963297	-16.130714	-14.181256	-14.005940	-18.590814	-23.253718	-19.273398	-14.177427	-12.228027	-13.077682	-13.442597	-9.873076	-6.986281	-6.126589	-6.866406	-8.347420	-8.663721	-7.109724	-6.132641	-6.898879	-8.346615	-8.139379	-7.506438	-7.029799	-6.336877	-6.629001	-8.753436	-13.453919	-22.333251	-19.761389	-18.906914	-18.088359	-15.496414	-17.627426	-18.374617	-13.714806	-16.355760	-22.624902	-9.087281	-5.513088	-5.250125	-7.435913	-13.737421	-20.591428	-10.585926	-8.822659	-10.665020	-12.572091	-10.788441	-9.194578	-8.870268	-10.631029	-16.464642	-21.045442	-14.935426	-13.734455	-14.988326	-16.054411	-16.592970	-19.400585	-22.706802	-19.392378	-17.781781	-18.842307	-19.436051	-15.729256	-12.835908	-11.914858	-12.771212	-16.131080	-19.725924	-16.686354	-17.967209	-29.234824	-19.187625	-14.386125	-11.977480	-11.620562	-14.317208	-19.021852	-18.058960	-17.815735	-18.901734	-17.230442	-17.418205	-23.692664	-18.698918	-10.795206	-7.413217	-6.795520	-8.395837	-11.315478	-13.203345	-13.909251	-16.435288	-23.663203	-24.884023	-20.346798	-18.634309	-16.661895	-16.111530	-17.441066	-18.320564	-17.569601	-16.989035	-16.905429	-18.856320	-25.784138	-21.384685	-16.895588	-16.318305	-18.138608	-23.510544	-18.576901	-12.798029	-11.740056	-13.865161	-13.726316	-10.611667	-8.685346	-8.456700	-10.714785	-15.064547	-16.638133	-16.859753	-16.531853	-16.330075	-12.579043	-9.927693	-12.740112	-26.584187	-10.925894	-8.884195	-11.103348	-11.210524	-10.159368	-12.439877	-16.127768	-19.173462	-24.444104	-16.647973	-16.324670	-27.687866	-17.591438	-14.099867	-17.415606	-40.111943	-20.950354	-16.923553	-16.066682	-17.788635	-20.297512	-20.464052	-20.712834	-25.589486	-21.970569	-15.882125	-15.180637	-15.805719	-14.712388	-14.608294	-16.346374	-19.221216	-23.078170	-30.093196	-45.055044	-31.499646	-26.153553	-21.603447	-19.429898	-18.398607	-17.912428	-19.253083	-20.263042	-18.174847	-17.414979	-18.475828	-21.108635	-27.242830	-40.018598	-29.653296	-29.642810	-34.431122	-33.538252	-27.742377	-24.124890	-22.799068	-23.962805	-27.663718	-30.818432	-28.438312	-24.969630	-23.151668	-24.235259	-31.157081	-34.280447	-25.016967	-23.124771	-23.854164	-25.118768	-25.341228	-24.916320	-24.869093	-26.056189	-29.160831	-34.444738	
19.951169	18.234023	12.649058	1.667095	-8.663394	0.574851	4.882152	6.533996	7.829948	7.313913	2.694706	-17.834555	0.573430	1.473866	-4.835802	-5.672966	-1.569727	-2.878058	-5.647647	-12.079109	-8.487654	0.396927	2.738868	2.455810	0.600096	-1.258314	3.335166	7.767324	8.981832	6.969943	1.425745	-7.723651	-10.091409	-9.441507	-9.531498	-12.509756	-23.172729	-24.681218	-14.336135	-7.981473	-5.289250	-6.323058	-11.531098	-7.144790	-1.727186	0.642388	0.725094	-1.741307	-7.656087	-17.834176	-16.163230	-10.774606	-8.856880	-10.048951	-13.610268	-17.928001	-17.021559	-12.281189	-10.354880	-11.226507	-11.492329	-8.867389	-8.162535	-11.295772	-16.924708	-18.411694	-23.124070	-16.308642	-13.009339	-12.846946	-15.376185	-12.346713	-8.164746	-7.192909	-8.991206	-15.222310	-26.709911	-15.236599	-13.731153	-14.519859	-17.088137	-27.341781	-20.036977	-13.697910	-11.156714	-9.662830	-8.899776	-8.461112	-7.086187	-4.931744	-3.866287	-4.467677	-6.484639	-9.936405	-16.012786	-18.504544	-14.815216	-13.636928	-10.904010	-9.555384	-10.958599	-12.761704	-12.687495	-12.064707	-10.621142	-9.814812	-10.902290	-14.451836	-19.707247	-17.058647	-13.580537	-12.918067	-15.295532	-20.539499	-23.828744	-36.284140	-15.876457	-10.209001	-8.943450	-10.726635	-14.262683	-13.977878	-11.056934	-9.035691	-7.764929	-7.510330	-8.834575	-11.363715	-12.732845	-13.041705	-14.590548	-16.780541	-15.562527	-13.581454	-14.008614	-19.323017	-24.296059	-12.218141	-9.288351	-10.418148	-13.944223	-14.261437	-13.925097	-15.935312	-18.546654	-19.649081	-18.551429	-15.997702	-14.779317	-16.795783	-25.138802	-34.453410	-33.856508	-25.099516	-17.545073	-15.042222	-14.883351	-15.683745	-15.900365	-15.739714	-15.062901	-13.889237	-13.148019	-12.470481	-10.805653	-8.387916	-6.281721	-4.787474	-3.920426	-3.829797	-4.514140	-5.392581	-5.724324	-5.615159	-5.436914	-5.310091	-5.388713	-5.866679	-6.756741	-7.702034	-7.953467	-7.199219	-6.149032	-5.466918	-5.276983	-5.577292	-6.439716	-7.737858	-8.913654	-9.380321	-9.284813	-9.167607	-9.135305	-8.998071	-8.907957	-9.318555	-10.234449	-11.209473	-12.401716	-13.748758	-15.027886	-17.964549	-25.079173	-21.127488	-15.576636	-13.729186	-14.813900	-18.541445	-21.441878	-24.156910	-25.375869	-23.293666	-30.104288	-26.823054	-22.084492	-23.334465	-27.548290	-27.178120	-21.489506	-17.102865	-15.400203	-16.792276	-20.950110	-25.273301	-32.246341	-34.974717	-29.017998	-36.788770	-29.112645	-23.085944	-21.379395	-21.150488	-22.378661	-26.339161	-32.468488	-28.290655	-26.210805	-25.734881	-24.448472	-25.490333	-29.466488	-23.238723	-19.808339	-20.037211	-22.405639	-23.966772	-23.981579	-26.913460	-35.665513	-33.058331	-34.653827	-33.914636	-33.055861	-35.141939	-40.213444	-46.051669	
19.768173	18.027953	12.330690	0.914865	-5.350625	4.153884	8.214001	7.890406	4.518126	3.703777	4.791459	2.986875	-0.094709	1.474120	3.651736	2.980966	-2.042884	-17.259590	-2.496190	2.009329	4.313448	4.872499	2.666527	-6.084590	-1.720071	6.264491	10.100009	11.815813	11.465526	8.679621	2.809594	-7.590479	-25.306942	-13.670976	-11.110936	-13.865988	-19.987493	-20.729567	-25.885639	-17.046628	-13.348543	-10.230820	-7.856370	-7.219596	-8.805655	-7.314956	-3.589931	-2.600722	-4.561501	-9.697258	-10.928326	-7.184675	-6.384785	-8.289166	-13.196738	-14.686119	-10.188431	-8.710485	-9.911803	-15.231951	-21.492350	-9.647864	-6.637179	-7.297778	-9.506089	-10.706053	-12.396479	-17.314089	-21.921609	-14.005624	-11.040451	-11.413643	-14.774717	-23.344221	-18.400849	-12.870236	-11.198069	-11.598090	-14.230892	-22.091935	-23.176343	-15.538962	-11.937857	-8.795380	-6.552074	-5.870348	-7.579213	-12.652116	-11.685679	-7.665532	-7.944600	-15.192281	-16.651985	-9.068608	-9.002688	-10.965866	-12.298080	-12.620931	-12.112508	-13.686594	-17.712247	-21.030592	-15.622278	-12.435379	-12.706965	-16.046226	-23.242852	-18.588295	-15.156971	-13.135125	-11.688924	-12.490380	-16.187088	-21.175465	-18.423056	-13.992524	-10.046327	-8.292307	-9.395627	-13.449823	-19.256509	-18.800932	-14.051382	-10.233908	-9.131774	-11.264365	-14.868245	-16.992405	-16.824324	-12.942475	-12.967192	-15.582568	-17.185354	-20.135630	-17.567172	-13.596929	-11.609329	-10.846648	-11.667243	-14.786866	-19.767190	-22.431065	-21.632336	-22.971112	-23.879115	-23.166265	-37.443913	-20.933225	-15.506217	-14.737439	-16.569407	-19.320932	-20.273079	-19.205000	-18.930819	-24.507497	-24.311322	-14.701449	-12.929050	-15.389056	-15.288377	-12.545918	-14.555852	-20.084866	-15.626314	-17.240800	-15.731638	-10.963312	-11.616625	-12.783130	-12.040670	-19.138716	-15.775789	-8.458617	-7.963399	-11.502680	-14.094003	-12.903779	-15.203234	-18.207867	-18.705396	-16.972637	-13.564984	-15.756603	-21.161752	-12.963567	-12.054741	-17.348740	-19.711891	-15.502001	-16.033870	-14.825913	-14.007431	-17.910986	-17.554449	-11.697173	-10.152733	-12.345901	-20.653706	-25.523391	-20.771990	-21.108345	-17.059663	-15.515742	-18.270741	-21.763674	-15.705364	-13.294723	-13.669913	-15.109384	-15.489632	-14.551129	-13.814097	-13.710237	-14.549369	-17.368831	-24.646372	-27.639342	-22.175140	-21.977618	-19.990581	-16.971855	-16.633823	-19.262614	-24.764190	-31.945934	-29.237248	-24.068447	-20.799733	-19.598906	-21.065175	-22.896136	-21.336658	-21.007905	-22.410109	-24.645346	-28.385772	-30.000673	-29.998131	-28.562597	-22.857261	-18.691282	-16.425370	-16.115434	-17.816996	-18.925598	-17.096945	-16.292191	-17.155599	-18.610522	-19.877641	-21.344543	-23.101844	-23.466747	-22.769136	-22.527114	
19.882159	18.165978	12.467988	0.440058	-6.555762	4.576158	9.498002	10.002207	8.225962	6.999837	5.923304	2.993788	-0.247362	0.935633	3.874916	5.121215	4.362774	2.624652	0.636175	-2.164317	-0.324576	3.313359	5.122848	5.732699	4.670161	-1.398614	1.691962	8.982832	10.593454	8.315121	1.609187	-10.540513	-5.413925	-4.397051	-4.992947	-6.245152	-8.852472	-11.707623	-12.762540	-14.747661	-18.450670	-12.168245	-9.371499	-8.689497	-7.933099	-6.350228	-5.997145	-11.054096	-16.785732	-5.694688	-3.929433	-6.208652	-13.462970	-18.354210	-8.857896	-6.018227	-6.573646	-10.996608	-20.639911	-12.756187	-8.440746	-6.349464	-5.378688	-5.346992	-6.865200	-11.589251	-26.592756	-15.007135	-11.556274	-12.784132	-19.848366	-25.867249	-17.402674	-17.930570	-26.143066	-17.567993	-11.878947	-11.450968	-15.976716	-35.937158	-17.487875	-11.003392	-8.622423	-10.881255	-29.078789	-12.109980	-8.318571	-8.944528	-10.849833	-12.989040	-17.487346	-13.049233	-6.867922	-3.445010	-2.268263	-3.374803	-5.984444	-6.555517	-6.260680	-8.055733	-9.493005	-8.085265	-8.365828	-11.915797	-16.731956	-14.923989	-12.660919	-10.582585	-8.681918	-8.460948	-11.410906	-19.718067	-17.919303	-14.393827	-11.762430	-8.432305	-7.250986	-9.432105	-17.106344	-24.993310	-20.532699	-26.912905	-27.302846	-18.409066	-13.992197	-13.027451	-14.225389	-12.326970	-8.746528	-6.942733	-6.856126	-8.166601	-10.525649	-12.315185	-12.613396	-15.384775	-28.592593	-15.450138	-11.672030	-12.498707	-16.467112	-18.887161	-15.555862	-13.081865	-12.548545	-13.760990	-17.378973	-34.584500	-18.708487	-14.434626	-16.336467	-26.577391	-29.790174	-32.422991	-25.444004	-17.534596	-14.615604	-13.986896	-14.147057	-12.407660	-10.229568	-9.740217	-11.324310	-14.444014	-15.634958	-13.790136	-11.663535	-10.454531	-10.692120	-11.222031	-10.706038	-10.762364	-12.766159	-16.346457	-17.863015	-16.960271	-16.158623	-15.050131	-13.944740	-13.738004	-13.447424	-12.140657	-11.574930	-13.000444	-17.731704	-28.704090	-17.934049	-14.559348	-14.949360	-17.453994	-20.113315	-21.089374	-19.720280	-17.205057	-15.602154	-16.499823	-22.877450	-19.558224	-12.913612	-11.219805	-11.819583	-11.825873	-10.730732	-10.562207	-11.532816	-12.969414	-15.985122	-29.561303	-18.500458	-13.710169	-14.935625	-18.725908	-14.721626	-12.272242	-12.817025	-15.140191	-17.961406	-21.328992	-27.075956	-34.451979	-30.741353	-22.508708	-18.203358	-17.460818	-19.762791	-23.591137	-24.092191	-22.818494	-21.516918	-20.876752	-21.844011	-22.895066	-20.407131	-18.010488	-17.631144	-19.165357	-22.390907	-27.175116	-31.862486	-30.998499	-28.749345	-26.391715	-22.906399	-19.404703	-16.768453	-15.160413	-14.675328	-15.704817	-19.391912	-30.761180	-23.244715	-18.034407	-17.133872	-18.860405	-22.817806	-25.769842	
19.935481	18.229565	12.644558	1.500975	-6.175414	4.556380	10.054455	11.882144	11.477119	9.070258	3.460056	-11.710036	-3.088454	-4.237207	-9.731824	1.011648	3.351831	1.038694	-6.361803	-14.408010	-5.995247	-1.017510	-0.520786	-6.372597	-4.518186	3.683978	7.699069	9.548127	9.106643	5.983705	-0.125825	-5.989871	-5.908111	-5.841088	-6.362297	-7.923631	-12.350820	-24.611519	-14.985633	-11.417173	-10.125473	-9.090809	-10.051764	-15.908453	-8.658217	-3.123125	-1.433139	-1.819444	-3.319078	-5.550159	-8.372430	-11.946669	-14.013313	-11.665818	-9.885433	-9.433845	-8.305977	-6.916699	-7.196314	-9.545165	-12.268391	-12.675414	-16.181819	-19.235038	-12.704622	-10.279095	-9.419214	-9.400480	-10.947954	-16.434274	-22.971830	-14.593706	-11.977239	-11.786190	-12.564694	-12.642410	-10.987540	-9.695630	-10.381636	-12.691458	-15.511024	-13.603886	-9.161931	-6.818185	-6.364010	-7.757727	-11.867617	-20.995481	-29.436147	-24.891768	-16.890053	-10.473954	-6.273937	-4.375393	-3.794214	-3.157896	-2.677440	-3.179772	-4.629064	-6.240445	-7.037750	-7.095118	-7.214643	-8.017570	-10.082396	-14.434236	-21.482391	-15.703616	-10.694997	-8.307277	-8.246213	-10.683690	-15.745694	-15.142764	-9.966208	-8.204208	-9.253973	-12.028030	-14.441432	-15.421511	-15.582527	-16.265731	-17.895808	-14.973574	-12.382016	-13.923533	-20.322861	-13.856491	-9.799599	-9.651335	-12.915008	-18.779731	-13.715723	-10.235146	-9.905571	-11.922582	-16.071736	-17.844615	-13.741155	-12.298890	-14.747658	-24.418909	-22.107824	-15.121957	-11.817321	-10.123041	-9.880460	-10.434724	-11.063715	-11.926497	-13.573385	-16.151476	-18.785261	-18.968338	-16.605702	-15.142475	-15.850374	-18.335271	-20.990116	-16.844327	-13.195874	-13.810986	-19.807857	-30.022904	-29.250095	-17.220175	-10.539157	-8.164162	-8.992863	-13.190601	-17.987642	-15.805609	-15.982022	-18.636912	-19.975781	-20.239750	-28.831102	-18.521974	-10.860759	-8.292654	-8.786166	-11.775252	-13.824492	-12.162112	-11.670160	-12.273459	-12.723480	-13.396568	-14.425048	-16.128817	-21.244222	-26.166734	-20.059953	-22.730814	-31.362755	-17.413185	-13.772658	-12.222241	-11.892581	-12.480290	-11.916209	-10.851364	-11.299624	-12.912218	-13.734818	-13.415149	-13.047985	-12.816667	-12.776939	-13.372356	-14.625965	-15.420388	-15.275697	-16.113182	-20.401834	-33.333674	-30.874247	-27.630816	-23.547000	-23.407307	-22.583927	-20.973302	-23.479553	-23.877404	-20.447831	-21.562516	-29.088200	-30.911635	-28.184933	-46.485402	-25.218738	-20.602675	-21.938654	-27.503018	-23.413929	-22.070598	-26.754210	-49.940338	-31.674435	-31.654569	-33.644739	-33.508723	-40.753805	-31.211946	-24.805080	-25.915838	-33.694756	-23.522081	-20.134757	-20.223969	-22.312437	-24.841553	-23.360262	-21.269743	-21.529448	-23.212108	
19.877927	18.166995	12.527420	1.189714	-4.928195	4.270525	7.957609	5.614117	-3.927877	4.618604	6.453243	3.186540	-5.548688	-14.306870	-0.016239	4.503736	4.623011	0.328013	-13.680629	-7.744027	-1.124207	1.088695	0.036505	-3.144642	-4.107086	1.127529	5.548451	7.653556	6.907546	2.075495	-12.771536	-7.534374	-6.114168	-7.287294	-10.304886	-14.418869	-8.862217	-6.364137	-8.070274	-13.388128	-14.014819	-10.463984	-8.533770	-8.551467	-8.581314	-4.593126	-2.171014	-3.308172	-8.306200	-17.757400	-23.808900	-12.766711	-9.818055	-8.158928	-8.643993	-11.841210	-11.658896	-9.240995	-7.966695	-8.895304	-11.231995	-11.348590	-11.956375	-15.999038	-25.114596	-22.592461	-19.359236	-12.513527	-8.346922	-7.177407	-7.220142	-7.144616	-8.151797	-11.000879	-14.944396	-20.937875	-14.069647	-9.432493	-9.123725	-12.170331	-16.750975	-17.387987	-15.370041	-11.834617	-9.426748	-8.956068	-10.369517	-13.688700	-18.772585	-19.177593	-13.010924	-9.488189	-9.470476	-13.950481	-24.369960	-15.469471	-13.531051	-16.322796	-18.295682	-19.588245	-23.763244	-17.676760	-21.520192	-21.514972	-14.322533	-13.890632	-16.485121	-21.656399	-32.467510	-15.251516	-9.912270	-8.722085	-9.999263	-12.022388	-15.526405	-17.845980	-15.792128	-18.901679	-21.193074	-18.231104	-23.466017	-16.682329	-10.440011	-8.534560	-9.265430	-11.865948	-15.438449	-18.094758	-18.049680	-18.854424	-20.951211	-18.496357	-15.553640	-15.617951	-19.156980	-18.831960	-15.928847	-14.930765	-13.801658	-13.343082	-13.863706	-15.356383	-19.914439	-25.040270	-15.247497	-12.812689	-15.291341	-18.541847	-15.778418	-17.037657	-23.295974	-23.442283	-25.564941	-28.829094	-20.493755	-19.042603	-21.424666	-30.438491	-24.495337	-16.003170	-12.948545	-12.792266	-14.759126	-16.847577	-18.028889	-26.435949	-15.511559	-9.696618	-8.987885	-11.776320	-17.043269	-25.233959	-22.411383	-16.723987	-16.717093	-22.394048	-27.411033	-13.854903	-8.691986	-6.989351	-8.341374	-12.375440	-15.689986	-21.255643	-21.321730	-12.532474	-11.517791	-15.296359	-19.219903	-15.159269	-14.345765	-16.391726	-19.655017	-21.172396	-19.110519	-15.024874	-11.511594	-10.211550	-11.777833	-14.716806	-14.390050	-15.665241	-21.665168	-21.492788	-20.487073	-18.106142	-16.734100	-24.300016	-21.170677	-15.375109	-17.862699	-32.814563	-21.419069	-18.736800	-19.134878	-20.809273	-23.407056	-23.286891	-20.625913	-18.217080	-16.215675	-15.470512	-16.071965	-16.630453	-17.714256	-22.267821	-38.856847	-27.419103	-24.004533	-22.343713	-20.360828	-18.786090	-18.633940	-19.862127	-22.406423	-28.234830	-31.144851	-25.867802	-25.757274	-29.420886	-39.200529	-38.571751	-30.585377	-26.830128	-24.438444	-22.852445	-21.850266	-22.213546	-25.841848	-40.019672	-29.345037	-26.015566	-24.344018	-23.252257	-24.310886	-24.026677	
19.799457	18.038851	12.231784	0.116280	-10.826704	1.384072	6.770204	8.501268	9.113188	9.482136	8.737832	5.889605	2.290478	3.260375	6.834784	9.136606	9.106744	6.849696	3.403665	1.333675	2.407788	4.187884	4.236799	2.761310	1.716538	-1.441142	-5.556318	3.757912	6.708740	6.327337	4.050134	0.935067	-2.821624	-10.545439	-13.345772	-4.576779	-2.720776	-3.620394	-5.946670	-8.241084	-11.647980	-21.237323	-11.549830	-7.487161	-5.636196	-2.804315	-1.155493	-2.182428	-6.121043	-10.418393	-7.803755	-4.275651	-2.077497	-1.583949	-3.480394	-9.276328	-32.748522	-16.723348	-13.707000	-9.256917	-6.281132	-5.932975	-7.856511	-11.681878	-16.798718	-20.034522	-18.642477	-17.155813	-13.774524	-9.151797	-6.012283	-5.250859	-7.506146	-13.017452	-12.143946	-9.851474	-11.419483	-15.505761	-15.334921	-14.304636	-15.950484	-19.258560	-19.546883	-18.222243	-24.528509	-21.524279	-13.904904	-14.527001	-23.836264	-17.085323	-14.528627	-17.272971	-15.544428	-13.116939	-15.497888	-27.291654	-19.415043	-15.292788	-13.882396	-11.965669	-10.793969	-11.262913	-12.986052	-15.590907	-19.287035	-23.817392	-24.415403	-22.372767	-23.326863	-19.785040	-12.477016	-8.689363	-7.809552	-9.403208	-12.950536	-15.734522	-16.059140	-16.623677	-16.575688	-15.833516	-14.442965	-11.711142	-9.454992	-9.144677	-11.658520	-18.079680	-23.216163	-24.044158	-23.237367	-20.255864	-20.183864	-19.892137	-18.841755	-17.412924	-16.760587	-15.745392	-14.601364	-15.347282	-17.789475	-21.444568	-30.815745	-22.081253	-15.824924	-13.148575	-12.305741	-12.896125	-14.783809	-17.425723	-20.475121	-25.022024	-26.628873	-24.111771	-21.651632	-19.327782	-18.695975	-20.633053	-26.974694	-24.938409	-19.006888	-17.314380	-16.834058	-17.232515	-22.265770	-19.557289	-13.344191	-10.612479	-8.862950	-8.515558	-9.770096	-11.180136	-12.064957	-13.366155	-14.944976	-16.184850	-16.793977	-16.878803	-15.995802	-13.819274	-11.217515	-9.531086	-9.318419	-10.287737	-11.454671	-11.874936	-11.381477	-11.229026	-13.122668	-16.761556	-15.194411	-12.966995	-13.835456	-18.121568	-23.303829	-22.489567	-26.637595	-21.587376	-15.275748	-12.925517	-11.952581	-11.507424	-11.963822	-13.360659	-14.770869	-14.705776	-13.284125	-12.045901	-11.777966	-12.454560	-13.759641	-15.320936	-16.703922	-18.028936	-20.504075	-26.992432	-27.912408	-20.498001	-18.886928	-20.728565	-25.231777	-40.371491	-22.770298	-15.736281	-13.063149	-12.923579	-14.518553	-17.250190	-20.431229	-24.253016	-34.229850	-29.924900	-26.440624	-27.758321	-20.426223	-16.332504	-15.657651	-16.926180	-18.207956	-19.416460	-22.599585	-30.058734	-46.318744	-32.379140	-31.229110	-35.700676	-32.671885	-28.158242	-26.040253	-24.493559	-24.916435	-27.432952	-28.354476	-23.908704	-20.491555	-20.021899	-21.485392	-21.902319	
19.858240	18.165199	12.622498	1.545258	-7.273865	2.263686	5.910016	2.183461	-0.179649	8.701930	10.235231	7.316433	2.031303	2.628469	5.726978	8.509183	8.090861	2.693839	-11.698990	-5.563102	-12.067306	0.629578	4.778991	5.124082	3.316021	2.357718	4.870889	7.003559	6.368823	0.758879	-13.260194	0.693582	1.930846	-0.053448	-3.206024	-6.037848	-6.140262	-5.706412	-8.855143	-11.798587	-7.125417	-5.835342	-7.170562	-8.685853	-5.184229	-1.607283	-0.446212	-1.772732	-6.216575	-16.030283	-10.848465	-6.820737	-4.657268	-2.653690	-2.171291	-4.130786	-8.904570	-15.047482	-14.993231	-13.519366	-12.169568	-11.027353	-10.727553	-11.750631	-14.686774	-19.895559	-26.250201	-28.663202	-21.998460	-18.075594	-15.427447	-11.466587	-8.086522	-6.304579	-6.220908	-8.150242	-12.579967	-18.853820	-24.407565	-19.670296	-15.976487	-19.142961	-22.668962	-14.421448	-12.173294	-12.550869	-13.865324	-13.193293	-11.125435	-10.687571	-12.335036	-14.890474	-16.517999	-16.222492	-13.863433	-12.660087	-13.686282	-16.197814	-14.034036	-10.630248	-10.431728	-13.168426	-16.227720	-18.751855	-26.115680	-26.739603	-21.714173	-20.497393	-19.311440	-16.181026	-13.558183	-12.429193	-13.490092	-18.235180	-17.054895	-13.055366	-14.268311	-17.688103	-15.728094	-18.813030	-24.718502	-13.582557	-12.446427	-16.884241	-22.289659	-17.511267	-16.247963	-14.504465	-12.442780	-12.355030	-14.850120	-20.498021	-22.104665	-17.789393	-16.776889	-18.151823	-19.786155	-22.197953	-30.985516	-27.554392	-23.249709	-24.403168	-22.088718	-18.655838	-19.289024	-20.653588	-18.152298	-17.515588	-18.849549	-20.828277	-20.544395	-18.737944	-20.848989	-28.391052	-21.184840	-18.978081	-20.939529	-21.235596	-19.111811	-20.495810	-23.399704	-20.348504	-17.061018	-13.457242	-9.877417	-7.895385	-8.324477	-12.059173	-21.251558	-18.324953	-18.322677	-33.231138	-21.574958	-22.254376	-28.054388	-21.905449	-26.097503	-27.720303	-22.636454	-20.079553	-20.809827	-40.071242	-21.392843	-20.901980	-21.664271	-14.112505	-12.184391	-12.907424	-13.103856	-13.669492	-17.407063	-26.421305	-21.028960	-16.739581	-15.084463	-15.649477	-20.518073	-30.001983	-21.530503	-25.180023	-26.485989	-21.781395	-29.454275	-26.711130	-24.211779	-18.327689	-13.540015	-13.922840	-20.963018	-28.227098	-20.199595	-23.270128	-36.962496	-20.209210	-16.575899	-16.509502	-19.580445	-27.863772	-32.664974	-27.487628	-23.327982	-18.716942	-17.468201	-20.204911	-27.844262	-23.710101	-20.122542	-20.446299	-23.626330	-28.778294	-31.030268	-25.709935	-20.181158	-17.323074	-17.059000	-17.658977	-17.542842	-18.648243	-22.540586	-28.645800	-29.709649	-27.799275	-27.102789	-27.836984	-30.445210	-35.834810	-36.300014	-29.872932	-26.828313	-26.718198	-26.828202	-23.277852	-20.287315	-19.877165	-21.717086	-23.333977	
19.955084	18.225122	12.579010	1.154373	-11.167139	-0.577566	5.059639	7.540095	9.491119	11.092398	11.229234	9.343781	5.760946	1.237004	3.320408	7.954822	8.985688	6.727546	1.866085	-2.248857	-0.253029	2.176719	0.097252	-10.612280	-5.267765	-2.969039	2.193786	6.696314	8.076093	6.983114	3.870102	-1.376560	-8.443139	-6.876815	-5.910584	-8.812370	-10.777607	-7.587940	-4.544153	-3.391148	-4.964722	-10.081855	-17.703933	-15.848978	-9.661162	-5.666177	-4.896137	-7.670234	-14.830282	-11.902706	-8.707990	-9.884493	-11.510108	-6.037464	-3.291929	-4.169350	-8.917764	-19.985592	-19.806586	-20.718708	-28.233899	-22.701568	-23.705234	-27.905140	-29.452397	-30.301819	-28.632983	-26.085769	-23.323908	-23.635146	-21.512666	-18.514582	-19.272880	-19.004458	-13.004138	-9.947800	-9.638061	-10.832380	-11.213204	-9.639160	-7.860863	-7.190115	-7.849053	-9.971872	-12.896853	-15.502018	-20.791238	-20.080603	-16.109823	-12.565346	-10.378116	-11.801223	-17.795457	-20.455714	-18.902837	-16.183557	-13.537837	-13.063173	-12.170086	-11.892310	-13.949275	-16.962905	-18.173442	-14.637806	-12.505548	-13.394483	-16.775935	-20.184649	-18.844067	-21.884764	-25.932627	-19.584500	-23.003598	-29.409441	-15.942434	-10.499664	-8.084898	-8.421336	-10.992252	-13.155297	-11.759593	-10.419291	-11.514889	-15.625248	-23.391898	-25.035248	-15.756944	-12.484459	-11.974723	-12.633799	-14.958315	-23.257393	-23.565339	-16.647754	-16.991937	-21.255101	-22.948996	-23.952410	-25.648769	-22.137138	-21.383624	-22.282108	-22.510155	-22.161389	-20.931013	-19.104063	-17.652100	-18.729622	-22.446313	-18.267582	-15.564547	-15.840518	-16.187404	-15.107684	-13.696174	-13.635765	-15.219799	-16.399485	-16.505644	-16.187222	-15.656936	-17.978783	-37.837509	-14.973133	-10.797578	-12.016641	-17.607258	-15.998733	-13.936749	-14.448942	-14.541962	-13.807675	-13.325106	-13.755748	-15.078326	-16.552137	-17.950885	-20.546956	-23.693064	-22.074319	-20.015913	-19.090336	-18.351815	-17.241055	-15.069946	-13.156960	-13.146131	-14.651256	-15.067578	-15.583035	-18.739645	-23.568246	-22.496903	-19.524296	-20.026639	-21.857936	-17.730345	-15.195532	-15.284527	-16.907695	-19.303245	-21.404272	-19.312252	-16.841516	-15.162115	-12.964638	-12.052729	-13.943696	-19.431858	-22.574648	-19.367466	-18.329823	-19.062212	-20.839817	-18.928327	-16.022515	-15.496560	-17.352565	-21.157526	-23.586697	-22.736863	-24.133711	-27.040163	-24.658508	-23.659307	-26.554236	-33.143179	-25.879003	-22.405892	-22.803158	-23.616459	-20.430189	-18.645752	-20.268197	-25.813407	-30.792674	-25.818353	-23.196308	-23.843125	-27.002360	-28.162734	-25.683049	-24.596430	-26.510164	-31.694516	-38.817258	-50.951648	-31.394630	-26.341116	-27.111391	-37.759736	-27.767777	-23.489049	-23.383394	-25.318409	-27.228424	
19.972431	18.269396	12.673227	1.164609	-10.386514	-0.178806	2.632506	-4.371435	4.717643	9.653056	9.255331	3.313524	-7.129748	2.849892	4.852122	6.274530	7.423064	7.048020	4.809162	1.683542	2.476920	4.754167	5.100324	3.903986	2.392486	-1.116015	-2.107343	5.050373	7.128632	5.026974	-2.467465	-13.637712	-5.550922	-4.517334	-3.816625	-4.978700	-10.451642	-13.758808	-7.295674	-4.924947	-5.419938	-8.814510	-13.383061	-18.212836	-20.847056	-10.021945	-7.336403	-8.007314	-10.640412	-14.299675	-16.009868	-8.316102	-3.485150	-2.153957	-4.179150	-10.778855	-18.752144	-14.110382	-14.702400	-16.467326	-16.637769	-15.367380	-15.165347	-15.342521	-15.022695	-14.796110	-14.134714	-13.593566	-14.614727	-17.318793	-14.915176	-11.740553	-10.848312	-11.871469	-17.459355	-20.983046	-14.311798	-15.801207	-26.067212	-16.027094	-8.088992	-4.585414	-4.419695	-7.347886	-10.370156	-8.972180	-9.167669	-12.181594	-14.858802	-12.559476	-10.888008	-11.323721	-13.320795	-16.484958	-20.391386	-17.530791	-13.997747	-12.346314	-11.027404	-10.596874	-12.649243	-15.271768	-10.761131	-7.705937	-7.276016	-8.733199	-11.285817	-13.007339	-12.848816	-13.225556	-14.976562	-17.405124	-17.649306	-14.209881	-10.038877	-7.047034	-5.837164	-6.827209	-10.545450	-13.366204	-12.006984	-13.738588	-14.317526	-11.459567	-10.747574	-10.913875	-12.432502	-18.910587	-34.701890	-25.559180	-22.324526	-14.248264	-11.055221	-10.148154	-11.190185	-14.527413	-18.842630	-20.863992	-20.171849	-18.411561	-19.415509	-23.340981	-25.649864	-33.941337	-23.148561	-17.714856	-16.689426	-15.626054	-13.388900	-12.751646	-15.264594	-22.944109	-25.773433	-16.641240	-11.220779	-9.024837	-10.081651	-15.218824	-29.571304	-28.323106	-21.624540	-15.231656	-12.253700	-11.991487	-13.191708	-13.163537	-12.178714	-11.641223	-12.546546	-15.627516	-14.530774	-10.931046	-9.812243	-11.534239	-17.091385	-17.242767	-13.356959	-13.764857	-18.508120	-34.385227	-23.433335	-21.770251	-27.548818	-27.793249	-17.707268	-14.254704	-14.629908	-17.386538	-17.542413	-18.011135	-22.164757	-26.977669	-25.330944	-22.234438	-21.749379	-21.582421	-18.457012	-14.966038	-13.653193	-15.115618	-19.133756	-23.571098	-19.799146	-14.601587	-11.886353	-10.809930	-10.956048	-12.894630	-17.070455	-21.544678	-25.131442	-19.963514	-16.658932	-16.550170	-15.521945	-14.726493	-17.551578	-29.258260	-23.957876	-19.258171	-18.921788	-20.334780	-21.486466	-21.312193	-21.960808	-23.953861	-25.761890	-26.590519	-28.084892	-27.310601	-23.123062	-21.061309	-21.061241	-23.012524	-28.795747	-44.741850	-31.806684	-30.156044	-27.626958	-27.053756	-33.231494	-31.737001	-24.607817	-23.186636	-24.740578	-26.738742	-25.067276	-23.149753	-22.833056	-23.552499	-24.388966	-25.264864	-27.930401	-40.574608	-29.391778	-22.850759	
19.965527	18.224688	12.508262	0.773563	-9.546784	0.374238	5.706423	7.834525	8.866868	8.749229	7.556440	6.218203	4.315967	-0.697827	-5.424921	-1.620953	-5.089319	-4.020448	0.741237	-0.639745	-1.264920	2.718501	3.069261	0.457141	1.053755	3.845957	6.061353	7.564713	6.778805	2.210839	-8.020066	-4.428055	-1.477754	-1.067830	-3.334632	-9.472478	-12.402003	-9.383077	-11.845128	-17.067811	-9.556633	-7.456785	-8.708537	-10.164677	-9.121146	-7.510471	-8.524355	-16.318254	-15.371404	-9.153227	-7.003578	-4.608428	-3.545378	-4.412787	-6.547155	-9.221004	-11.450553	-11.968766	-12.266480	-14.961401	-18.961448	-14.228600	-9.742936	-7.435058	-6.988958	-8.657062	-13.893514	-28.553666	-13.106208	-7.799236	-4.677847	-2.827775	-2.443411	-3.869620	-7.441668	-13.500045	-17.709444	-16.125835	-21.133796	-20.984001	-11.131588	-7.908701	-6.098306	-4.691650	-4.415307	-5.931268	-10.224781	-21.430353	-14.881999	-11.082402	-12.767984	-22.182244	-23.312229	-19.970574	-24.125651	-17.189514	-16.725731	-22.971515	-16.345506	-14.829717	-16.717537	-10.419247	-6.759743	-6.943301	-11.799782	-23.261350	-11.922313	-9.960160	-11.687357	-13.572657	-13.057958	-14.367250	-14.043040	-10.275943	-10.897087	-20.929060	-13.318449	-8.493061	-8.094175	-9.399895	-11.927163	-15.788333	-16.584172	-13.241718	-9.913117	-8.228998	-8.329457	-9.805869	-12.028196	-13.412484	-12.475359	-10.747734	-9.189021	-8.594569	-10.322863	-15.839697	-23.904706	-20.816804	-17.241928	-14.439587	-13.756305	-14.481603	-14.147952	-11.866355	-10.316504	-10.979462	-13.466052	-13.507372	-12.584802	-14.167345	-16.739468	-18.097132	-23.595780	-19.260950	-12.085058	-9.706296	-9.824704	-11.320099	-13.984333	-16.924087	-15.081538	-12.665486	-12.134901	-13.406239	-16.814120	-14.986841	-10.836277	-9.581454	-10.178620	-11.812608	-14.675005	-17.766846	-16.077377	-13.660402	-12.061411	-10.754354	-10.389431	-11.765216	-15.674870	-23.380620	-25.788652	-22.163271	-21.792035	-25.370600	-30.521462	-19.477050	-14.013123	-11.675418	-12.127044	-15.767096	-23.402934	-28.996639	-27.871728	-22.273017	-21.085518	-27.972617	-25.368479	-18.426780	-16.722572	-17.244313	-20.804061	-23.987113	-16.174231	-14.106030	-18.019265	-27.673813	-15.665066	-13.616513	-14.978377	-17.627934	-19.329310	-17.135672	-14.353151	-13.250381	-13.554411	-14.567644	-16.102497	-18.697751	-23.289117	-30.570818	-26.328681	-23.230883	-21.349888	-20.377121	-22.564890	-30.371654	-33.443343	-27.151948	-24.682659	-22.968510	-22.581358	-26.068120	-28.953721	-24.093546	-23.988100	-27.102381	-30.804114	-31.163481	-28.301340	-26.513624	-25.527948	-24.664226	-25.227052	-27.473556	-25.100370	-21.860554	-21.691828	-24.440239	-28.226037	-31.781104	-37.318781	-31.673676	-29.376192	-28.703118	-26.761103	-24.805610	
19.906846	18.191677	12.614623	2.024893	-3.772551	4.487386	8.248374	7.604346	3.937512	0.306429	-4.900294	-14.768305	-1.005807	2.479275	2.960664	1.521209	-0.276435	-0.839378	-0.400302	0.360479	1.547509	2.260453	1.279665	-0.641863	-1.509327	-4.706536	3.603776	8.858521	9.824632	7.719140	3.899547	0.049345	-5.171453	-9.573321	-8.453870	-8.294928	-7.478003	-5.419558	-3.308906	-2.235690	-2.838784	-6.070018	-9.652371	-8.155629	-11.128900	-19.750971	-7.303677	-3.755496	-2.663862	-2.765796	-4.214275	-7.170991	-12.636590	-23.531689	-14.692807	-14.942027	-22.010061	-12.853032	-9.720836	-11.127453	-18.844912	-19.657853	-10.653619	-7.850833	-8.160626	-12.141815	-20.133831	-12.009797	-7.495267	-6.697116	-11.372206	-11.531073	-2.869616	-0.175519	-0.661916	-3.030493	-4.761806	-5.418170	-7.673320	-14.388226	-26.068376	-16.883269	-20.889112	-19.823230	-13.570539	-10.574742	-9.744396	-10.654544	-12.101712	-13.543963	-16.434989	-18.653119	-14.575008	-11.928075	-10.156005	-8.480311	-7.483676	-7.803101	-9.534460	-11.762071	-12.381943	-11.955966	-11.160358	-8.965820	-7.664197	-8.360846	-11.266662	-17.634043	-25.926783	-25.572051	-17.884804	-11.733210	-8.679853	-6.982606	-6.159473	-6.164702	-7.461581	-11.752253	-20.909032	-14.913718	-13.386136	-16.768744	-27.666134	-19.558977	-16.319066	-15.355373	-14.844568	-17.333564	-14.941061	-11.046076	-12.104890	-21.509728	-17.860173	-12.442577	-11.339102	-11.813334	-14.428740	-18.669376	-16.043476	-13.364723	-13.333060	-15.368775	-16.541619	-12.638460	-8.953481	-7.138936	-7.324854	-9.915244	-16.002518	-28.104890	-33.281638	-28.972817	-17.902864	-13.397674	-11.807628	-13.099501	-19.461640	-28.430322	-15.947627	-12.219371	-11.627104	-15.275762	-27.208403	-14.677041	-11.892720	-13.164636	-15.160626	-17.055951	-26.347227	-23.456973	-17.508330	-17.274165	-19.907318	-28.455685	-22.767752	-18.052835	-17.212742	-16.183503	-15.175381	-15.886004	-17.038651	-17.482734	-19.238383	-22.712173	-27.395259	-32.301096	-19.896725	-14.106164	-12.350025	-13.355822	-15.881820	-18.511198	-18.577797	-16.641138	-16.420932	-18.907938	-24.311679	-26.436181	-27.506816	-29.847800	-21.996822	-18.171366	-16.220498	-14.720790	-13.674676	-13.483865	-14.626480	-18.279613	-29.513800	-23.126975	-20.043203	-24.775676	-23.699151	-20.186200	-23.650229	-35.320511	-27.910791	-20.197359	-17.416568	-17.910974	-20.157649	-22.557240	-22.676257	-22.598086	-22.332168	-22.339140	-26.093651	-33.057569	-23.302935	-18.807947	-16.599881	-15.765034	-16.298329	-18.478563	-22.931643	-29.156980	-26.315011	-23.327940	-23.911065	-28.837326	-34.071294	-28.846368	-26.064368	-24.204904	-21.746277	-19.899139	-20.559507	-24.216957	-27.957783	-27.835025	-28.960519	-31.196552	-33.023508	-31.419026	-28.173312	-29.504893	
19.905377	18.150636	12.457811	1.935014	-1.803956	5.714805	8.723566	7.501241	3.290817	1.298609	1.644675	-1.286799	-11.839945	-3.717287	1.622422	2.722823	-0.144760	-2.458355	2.616144	2.691626	-6.203093	-2.739822	2.581497	1.039925	-1.194208	2.785765	7.940399	11.101916	11.118074	7.367210	-1.551280	-2.517533	-2.001250	-4.861830	-7.446581	-13.103648	-11.543819	-6.564160	-2.296432	1.322670	2.887437	2.224888	-0.816855	-7.278140	-15.427461	-6.016683	-1.774109	-1.055208	-4.135601	-12.813291	-13.644487	-15.525146	-25.384938	-13.098013	-11.108109	-11.946842	-14.991965	-14.394029	-11.084729	-10.259799	-11.175776	-13.402458	-19.419418	-18.750676	-10.943101	-8.643950	-8.898830	-11.247841	-14.356460	-9.952514	-6.163510	-4.029232	-3.227811	-3.918339	-4.021215	-1.585670	-0.042492	-0.680633	-3.415534	-7.870619	-12.700636	-15.178128	-15.854821	-18.620657	-20.034431	-13.299691	-11.777634	-16.272392	-24.100884	-15.580414	-15.165660	-16.305464	-13.685726	-9.568097	-6.872872	-6.046027	-7.140917	-11.001111	-21.074383	-16.929621	-13.373795	-14.503338	-16.538324	-11.425555	-7.840795	-7.853376	-11.391831	-17.873006	-21.334826	-17.103688	-14.153544	-16.137401	-22.986818	-16.460925	-10.941451	-7.464401	-6.349069	-7.515739	-10.272608	-13.897285	-20.436739	-27.160043	-15.509593	-13.221509	-14.318444	-15.264235	-14.536512	-13.973396	-13.370272	-12.417617	-11.392916	-11.114923	-12.654609	-17.904501	-25.698495	-15.528777	-12.642867	-13.401652	-16.934201	-21.717047	-24.541916	-23.123416	-19.433302	-16.333466	-16.624220	-17.568086	-12.680893	-10.541315	-11.758851	-15.119048	-16.430636	-16.429722	-20.989520	-32.819669	-17.703263	-14.053337	-13.256446	-15.204270	-22.139738	-17.235308	-11.454452	-9.394851	-9.278260	-10.498361	-13.261628	-18.005381	-20.404997	-18.632802	-18.269507	-18.554059	-18.031254	-16.676463	-15.748248	-16.515065	-20.341422	-30.929772	-33.238503	-59.511186	-23.240177	-17.216721	-15.871283	-17.152226	-20.063569	-24.984062	-34.270842	-27.248807	-19.422672	-14.928787	-13.175577	-14.976335	-20.056132	-14.623422	-11.752093	-13.053378	-18.074964	-24.281628	-24.952208	-25.730851	-24.068575	-21.667215	-21.829950	-27.608578	-29.464663	-22.169305	-22.540821	-23.006992	-21.577261	-22.662116	-21.003760	-18.964946	-19.188886	-20.514519	-21.473526	-21.302617	-21.008304	-22.144394	-23.880224	-18.669133	-13.326167	-10.482042	-9.781386	-11.084298	-14.313720	-17.560946	-17.107935	-16.394667	-17.117716	-19.377800	-25.278543	-31.944798	-19.516254	-16.375844	-17.262685	-21.507488	-25.246354	-24.930463	-26.135750	-26.958036	-25.725598	-25.076935	-25.604886	-28.482502	-34.848053	-22.972099	-17.638810	-16.200144	-18.072957	-24.182700	-30.042433	-25.623502	-26.472960	-31.909204	-30.961701	-25.887039	-22.826770	-21.018492	
19.937786	18.200748	12.569759	2.215536	-0.703931	6.850726	9.972901	8.892598	3.705332	-1.977629	1.413422	2.569751	1.536196	-3.038474	-14.138874	1.666903	5.626163	5.991910	5.053463	5.594894	6.975549	7.708912	7.009425	4.371489	2.638230	5.875280	9.829245	12.048641	11.782487	8.727800	2.859674	-4.721690	-11.196308	-2.320460	0.602600	-0.171013	-3.953283	-8.201648	-4.814727	-1.527851	0.295403	0.076683	-2.033126	-3.821243	-3.455880	-1.497760	-0.457786	-1.779317	-5.293111	-8.574024	-8.888173	-7.021098	-5.224794	-5.069830	-7.189459	-11.920129	-17.465322	-18.072781	-16.690909	-17.863610	-18.932465	-21.548120	-33.029615	-15.462887	-8.915411	-5.747740	-5.311252	-7.066162	-8.679746	-8.661125	-9.624965	-10.167933	-10.999326	-15.618490	-18.598932	-10.495725	-4.244116	-2.317670	-4.555781	-12.336425	-26.027473	-17.209822	-14.571789	-14.177742	-15.946348	-13.947119	-9.782450	-7.945973	-8.082123	-9.854549	-14.173262	-20.908493	-14.793092	-12.970301	-15.708738	-18.559542	-17.618040	-14.121804	-11.609990	-11.953096	-16.128495	-23.490682	-12.799693	-10.358130	-10.986690	-10.687738	-11.069537	-14.042415	-14.469483	-13.473612	-15.335360	-17.734348	-17.397878	-19.837617	-19.797758	-11.173761	-8.495110	-10.244686	-17.669468	-16.737930	-11.968961	-11.117226	-11.805948	-12.697084	-12.520587	-11.767397	-12.049823	-14.528661	-22.085222	-27.316408	-18.330557	-17.488184	-19.008676	-18.388054	-15.971586	-14.721108	-15.724677	-20.079508	-30.329912	-34.807177	-37.067433	-32.606692	-21.937543	-17.687531	-16.451297	-15.557742	-13.872992	-13.120009	-15.330706	-23.454343	-18.924280	-14.506265	-13.576432	-14.013998	-16.051420	-23.419930	-21.519440	-12.762287	-9.314439	-8.447796	-10.343995	-17.691446	-20.776693	-13.978245	-14.216385	-16.983898	-19.673265	-26.224108	-31.822522	-27.978564	-33.122877	-23.857316	-21.824898	-20.627708	-19.533391	-21.734249	-26.190953	-24.481327	-19.352164	-17.775933	-21.270891	-38.689091	-28.182556	-26.767228	-23.293022	-20.884022	-24.392675	-27.457030	-16.682985	-12.526206	-10.570736	-9.989377	-11.110473	-14.392277	-19.229338	-22.359438	-20.264808	-18.264121	-20.231471	-29.704734	-28.837703	-21.641597	-19.076215	-18.109040	-17.989326	-17.714743	-17.410626	-17.175059	-16.235417	-16.284153	-19.703411	-30.938657	-28.411702	-25.224430	-25.555317	-26.020537	-22.324372	-17.066522	-13.794607	-12.112182	-11.268495	-11.248052	-12.424838	-14.669145	-17.151065	-19.519396	-22.339446	-24.095886	-23.343248	-22.441388	-21.903235	-20.918192	-19.908296	-20.189986	-21.453503	-22.070096	-22.541871	-23.270704	-24.899909	-28.752045	-27.190160	-24.036000	-23.421895	-22.680806	-19.959947	-17.676072	-17.192734	-18.554153	-20.637684	-21.725336	-22.440447	-24.341415	-30.347452	-37.656782	-25.593672	-23.040297	
19.936861	18.203349	12.510926	1.335902	-1.546366	6.888821	10.768951	10.881216	8.529073	5.360702	2.081620	-3.279756	-1.098333	4.994066	8.192547	9.365809	8.169691	3.613811	-2.905202	1.531289	6.445570	8.369953	6.601550	0.573739	-1.200469	-5.229434	-0.135013	8.211244	10.358768	9.019634	4.518510	-3.871403	-10.806029	-2.851660	2.702093	4.442899	2.724000	-3.443855	-8.678623	-4.072397	-6.166678	-21.309656	-12.791292	-14.582917	-6.887635	-0.950829	-0.533804	-5.342496	-18.107440	-12.584636	-28.734063	-6.993647	-1.545603	-0.547113	-2.552725	-7.150630	-10.469966	-9.843630	-10.947901	-13.532931	-14.813834	-15.012100	-14.808438	-12.942031	-9.626718	-7.472351	-8.088334	-12.475463	-12.527680	-9.404617	-10.530263	-11.151418	-10.012542	-11.866200	-13.880091	-10.562159	-6.556588	-4.416623	-4.628495	-7.255545	-12.525950	-15.684594	-12.308144	-10.973775	-10.825058	-9.067916	-7.305935	-8.413788	-14.167648	-15.165018	-12.159532	-15.163585	-19.047252	-13.996433	-12.336682	-13.012262	-14.230819	-12.153975	-8.725478	-6.523998	-5.614915	-5.980087	-7.986062	-12.358067	-17.054835	-16.117691	-14.849817	-11.653507	-9.739151	-10.891275	-15.352220	-20.417768	-20.229280	-16.736125	-11.145697	-8.071017	-7.955247	-11.106377	-16.581496	-13.154999	-11.110906	-13.319286	-20.348909	-31.811776	-26.390615	-18.853621	-19.771996	-39.459498	-18.195539	-15.401232	-17.378527	-22.120113	-27.062031	-35.565457	-28.850884	-19.900116	-16.193705	-16.335529	-19.790790	-24.389030	-26.135322	-26.630571	-24.471775	-19.012596	-15.456094	-16.237712	-26.800840	-18.283125	-13.217814	-12.339035	-13.081484	-15.666891	-24.235006	-23.122238	-14.951168	-12.891581	-13.431958	-14.893016	-14.293136	-12.624817	-11.350305	-10.886208	-11.676142	-13.881794	-17.844095	-22.330577	-21.145564	-18.288537	-17.230779	-16.970830	-16.800350	-17.425637	-18.806508	-17.860474	-15.954324	-16.318173	-18.194649	-18.059054	-16.772111	-16.882163	-18.051630	-18.685662	-18.999531	-18.658811	-16.823541	-15.457942	-14.850393	-14.679320	-15.922918	-22.171172	-24.595675	-14.408998	-12.387551	-14.583672	-20.341156	-18.930987	-15.792518	-15.057992	-15.613238	-17.047130	-19.873538	-26.855983	-22.159436	-16.274233	-14.661523	-15.973663	-19.436236	-18.481672	-14.823854	-13.563248	-14.713276	-18.202618	-23.561904	-26.104712	-24.992026	-22.665730	-19.801859	-20.605157	-31.001333	-26.967662	-23.524083	-26.451758	-27.111398	-26.285823	-28.832799	-31.690940	-25.081792	-23.099136	-22.883247	-24.521178	-26.346547	-24.541638	-27.663705	-31.750348	-19.974004	-16.100211	-15.342423	-16.800008	-20.438210	-25.560937	-24.974028	-24.352807	-27.670846	-29.104378	-28.796932	-29.098862	-24.308600	-21.281061	-21.364961	-25.616796	-39.303110	-30.413684	-26.077288	-23.236673	-21.746075	-22.688551	
19.966852	18.250880	12.607414	1.150156	-2.899352	5.447705	9.699739	10.174015	7.904719	4.041707	1.226443	0.625120	1.821062	5.370557	8.609196	9.741071	8.342790	4.389308	-2.467371	-7.494440	3.519375	7.304798	7.417291	4.967755	2.387382	3.606001	6.242669	7.184335	4.970130	-1.313569	-1.232861	0.299812	-0.905698	-0.057023	2.729434	5.105772	5.304727	2.584048	-3.987912	-9.056143	-4.386263	-3.309511	-3.738065	-3.975493	-3.082085	-1.315119	-0.603984	-1.814050	-4.542633	-6.312730	-4.625012	-2.082303	-1.420803	-3.260526	-5.539894	-5.258635	-5.847105	-8.536527	-12.052789	-13.751836	-13.075656	-13.220841	-16.353278	-15.430727	-13.735703	-18.658991	-21.307990	-13.424657	-9.751047	-6.578695	-4.611167	-4.821685	-7.684547	-13.235035	-21.797995	-20.867913	-10.998742	-9.271403	-12.694857	-15.649025	-12.405364	-11.937291	-12.719698	-13.953116	-14.147933	-10.156746	-7.217375	-6.705415	-7.830509	-9.146214	-10.118605	-11.236409	-11.525533	-9.978202	-8.046597	-7.127922	-7.716492	-10.373024	-15.692578	-12.549804	-7.918029	-6.796065	-8.598715	-13.445497	-18.872325	-17.919051	-18.324077	-13.836940	-9.387327	-8.251199	-10.303700	-16.210053	-24.800466	-23.002433	-17.408884	-10.930889	-8.198292	-8.442737	-10.197562	-11.438444	-12.195735	-13.765808	-17.424069	-20.848807	-18.285956	-16.014921	-15.130498	-14.948329	-14.643247	-13.461514	-12.402933	-13.075276	-15.868524	-19.552551	-18.652047	-15.361722	-13.747028	-13.866443	-15.409583	-18.501778	-22.728431	-22.160272	-21.791811	-20.255167	-14.759965	-11.680583	-10.453109	-10.103337	-10.577061	-12.883718	-19.412481	-27.152797	-17.270171	-13.573083	-11.949608	-12.429660	-15.469501	-19.342135	-21.109334	-25.931457	-21.988276	-13.762078	-11.227917	-12.849677	-19.120862	-47.517615	-21.525148	-16.154677	-14.805558	-17.294392	-25.165087	-25.009589	-18.958761	-14.420957	-12.035968	-12.480944	-17.251262	-28.029066	-15.973239	-13.828417	-15.968314	-16.752362	-13.395916	-12.014775	-12.449471	-14.530094	-20.758699	-27.445906	-17.272540	-15.076912	-15.696254	-17.766797	-18.800531	-16.861901	-15.679756	-17.587876	-24.837746	-26.136072	-20.625646	-18.022912	-16.379014	-16.237274	-17.520298	-18.725884	-19.426009	-22.551388	-28.103681	-24.089519	-18.002982	-15.706494	-17.401121	-21.993325	-22.667361	-24.466322	-31.378733	-20.615650	-15.624334	-14.184451	-15.324697	-18.655490	-23.580328	-28.421769	-31.201579	-30.635199	-25.332415	-20.752279	-18.437998	-17.628347	-17.610215	-18.590416	-21.435943	-25.970644	-26.251263	-22.672439	-20.417635	-19.700859	-18.962329	-18.521111	-19.764904	-22.323672	-22.700041	-21.601444	-22.239000	-24.605086	-27.317986	-29.131605	-34.253141	-30.141987	-23.412885	-21.959403	-24.154230	-30.462483	-41.846502	-29.324102	-21.551759	-17.293968	
19.974864	18.230337	12.477079	0.746483	-5.122334	4.221261	6.979546	3.603941	-8.688643	-3.288422	-2.984386	-5.490561	-4.301620	0.035295	1.875380	3.373641	3.651900	0.327901	-10.748847	-0.213671	5.933640	8.229833	7.191636	1.145011	-8.093701	-3.892108	-3.522398	4.168840	6.033261	4.412546	1.198768	-4.597754	-6.589079	-6.342571	-10.268819	1.106135	4.132461	3.548153	1.203417	-0.420772	-0.003613	-0.599122	-5.415064	-15.740109	-10.348442	-15.286812	-9.724259	-6.751949	-9.437594	-16.305255	-9.353459	-3.214260	-1.750103	-3.699387	-6.328685	-7.090027	-10.187218	-19.401264	-19.471283	-17.999437	-18.208139	-16.342489	-13.198505	-9.168807	-7.707644	-8.263764	-9.631643	-13.964181	-19.641068	-9.635674	-6.161197	-5.325832	-6.563676	-10.011584	-10.341889	-7.182954	-6.456326	-8.294597	-12.523206	-20.019131	-29.144267	-26.590542	-30.700842	-22.764258	-16.944487	-13.565351	-12.750067	-12.031588	-10.965433	-12.059623	-15.082357	-16.345671	-17.651627	-20.609620	-14.367213	-10.825645	-11.540064	-17.309665	-27.727646	-15.056006	-10.744177	-9.934214	-12.814684	-22.048045	-23.098842	-17.548787	-11.881043	-8.527856	-8.238303	-10.734165	-15.052724	-17.967570	-21.144623	-26.296362	-21.804999	-14.113312	-9.803484	-8.613491	-10.273109	-16.067649	-25.109875	-14.299625	-12.255359	-14.658937	-21.518751	-16.051542	-11.854352	-11.995921	-15.532825	-14.013291	-10.898391	-10.853801	-12.684371	-14.999725	-16.735741	-17.182088	-18.146711	-22.827797	-25.962883	-22.085454	-21.949168	-19.167077	-14.909561	-11.769109	-10.364281	-11.538068	-17.345726	-26.166186	-16.181869	-14.086026	-14.117252	-15.048142	-17.993239	-34.000172	-17.133300	-11.933069	-11.314926	-13.821069	-20.162828	-23.283549	-15.488319	-12.071145	-11.007061	-11.581047	-14.066317	-18.709797	-16.534455	-12.186837	-10.523758	-10.849311	-12.695967	-15.100544	-14.137289	-11.356675	-10.563398	-12.458732	-17.798118	-21.120687	-14.231250	-10.054811	-8.054360	-8.294169	-11.499148	-20.496521	-22.127096	-15.794417	-14.017253	-13.638283	-14.641190	-18.596271	-31.259703	-25.600682	-22.167843	-20.010825	-18.177634	-18.664796	-21.938939	-28.760884	-38.503891	-34.722938	-23.494914	-18.883352	-18.638727	-20.093730	-17.940638	-16.473355	-16.592999	-15.896819	-15.216477	-16.520317	-20.620078	-27.761740	-33.783661	-28.140504	-21.050731	-15.890343	-12.942188	-12.649394	-15.152585	-18.589210	-19.389535	-21.405581	-24.166894	-19.999907	-16.125207	-15.341792	-18.519518	-28.173790	-20.857109	-18.138055	-19.824840	-23.304648	-23.978708	-23.415665	-26.162283	-31.465809	-27.987845	-29.674983	-29.772795	-25.721914	-24.648568	-25.361295	-28.311596	-34.320891	-34.490194	-28.080260	-23.320768	-20.166518	-18.780946	-19.538446	-22.752487	-28.666759	-38.976272	-33.204837	-22.692620	-18.010639	
20.004530	18.313521	12.815729	2.160172	-3.000348	4.510031	8.801743	9.892883	9.415478	8.763698	8.013510	6.113030	2.239708	-4.058801	-8.141782	-3.177440	-2.299074	-4.229738	-3.723456	-4.947245	-0.051500	5.754935	7.501989	6.307876	3.610944	2.664589	5.683286	9.240502	10.803770	9.763147	5.830262	-0.710370	-5.140787	-2.448489	0.590003	0.965786	-0.013428	-1.505096	-9.137141	-7.535147	-0.416446	-0.552986	-3.571711	-3.925773	-2.933075	-2.532730	-2.849455	-5.329723	-11.955337	-13.084069	-7.902908	-4.443542	-2.322356	-2.334583	-4.478601	-7.939473	-11.165486	-13.287765	-13.817062	-12.984114	-12.297060	-12.870589	-11.479326	-6.686576	-4.260803	-4.874246	-7.541324	-9.340498	-9.510124	-11.763829	-29.576905	-11.332318	-7.560231	-8.784907	-9.605244	-7.206966	-6.557673	-7.841695	-9.754470	-11.695061	-13.257600	-12.937694	-11.801904	-11.201040	-11.564492	-13.142328	-15.602815	-15.334124	-13.764963	-15.035078	-19.141019	-20.528012	-22.818586	-21.697224	-15.911400	-13.882149	-12.511912	-11.089589	-10.843131	-13.044585	-21.804761	-14.729254	-9.923664	-9.449412	-10.921627	-13.228511	-14.227066	-12.380112	-11.818746	-14.269153	-20.019951	-23.319118	-25.841468	-35.195252	-28.392106	-17.298087	-12.489686	-12.393086	-18.284145	-23.778713	-13.941067	-11.095010	-10.573114	-12.059338	-16.895880	-20.579032	-13.291795	-9.747483	-8.230125	-8.313212	-10.929249	-18.909675	-22.465643	-18.142105	-20.039741	-21.309288	-18.982268	-17.445242	-18.176489	-20.935664	-21.815346	-20.332553	-19.743366	-18.930112	-16.763290	-15.091558	-15.167244	-16.555073	-18.806885	-24.319788	-31.301679	-17.769210	-13.549671	-11.944435	-12.010394	-14.417730	-20.009311	-17.988868	-14.503221	-13.992110	-15.167822	-17.599413	-21.979093	-20.739225	-15.152217	-12.352166	-11.589298	-12.221564	-12.951896	-12.552007	-12.287332	-12.378920	-11.364811	-10.397091	-11.570004	-16.239793	-26.530539	-22.281320	-14.855072	-11.034577	-10.025770	-11.242190	-13.647569	-15.068930	-15.681375	-18.356406	-28.846291	-20.220726	-14.751327	-13.666981	-14.644733	-16.418981	-19.068732	-23.733893	-23.021539	-20.594054	-22.696813	-30.803875	-47.724664	-36.293945	-23.571325	-18.189316	-16.381647	-16.849355	-17.548162	-16.678285	-16.379538	-18.164911	-21.008536	-21.374003	-21.546055	-23.652181	-26.130560	-22.612021	-18.504626	-17.498950	-17.697975	-16.016674	-15.470300	-16.887838	-15.855528	-13.530811	-12.774210	-13.429405	-15.367484	-18.743919	-20.205360	-17.165442	-15.367627	-15.937814	-19.673318	-30.203551	-26.319361	-22.316832	-21.959988	-22.532739	-23.701348	-25.466641	-28.127255	-32.626535	-32.146108	-30.236828	-31.970608	-38.525771	-44.292672	-31.270593	-26.068587	-23.360626	-21.935503	-21.697755	-23.177544	-27.323800	-30.801686	-24.255534	-21.553549	-23.288167	
19.943459	18.214045	12.508436	0.379896	-6.869432	2.934014	7.130152	7.550003	8.045078	9.674525	9.461282	6.270749	-1.547797	-6.521396	0.832477	2.492189	1.581175	-0.356829	-1.767853	-0.946537	1.850657	4.508380	5.822966	5.107494	0.600401	-3.228883	6.941781	10.711917	11.308769	9.851054	7.116375	2.988012	-0.974594	1.347175	2.156958	-0.114897	-2.906217	-0.195795	2.482883	2.983287	1.358269	-2.260382	-5.993920	-4.083012	-0.160702	1.458676	0.368778	-3.242996	-7.988872	-11.272402	-18.995566	-11.436685	-5.954677	-5.736089	-10.084596	-17.004089	-13.936426	-15.115152	-16.141602	-15.917593	-19.184508	-21.395942	-10.793053	-5.094283	-3.149833	-4.389519	-8.453070	-9.922288	-6.066338	-3.457733	-2.546498	-3.320681	-6.178638	-10.867710	-15.634274	-21.508958	-15.008494	-14.484941	-24.234389	-14.425665	-10.340702	-11.122981	-14.974247	-18.271901	-19.392910	-19.734529	-16.063300	-13.321375	-12.612764	-13.484166	-14.660446	-13.851415	-11.622237	-9.870492	-9.883871	-12.476518	-12.751388	-8.430754	-6.610951	-7.055017	-8.299946	-9.116155	-10.368966	-13.833151	-19.293196	-18.759518	-17.793841	-14.939664	-13.658370	-17.635768	-35.036011	-16.687814	-14.373655	-15.195683	-14.151202	-12.235409	-12.751928	-15.347319	-15.952480	-14.097881	-13.841968	-17.732392	-25.213538	-15.243934	-11.982678	-10.864833	-10.932544	-14.158730	-36.239570	-13.687959	-8.979895	-8.154474	-9.395078	-11.954179	-16.098295	-21.536978	-16.639282	-12.100294	-10.652385	-12.062220	-16.193087	-17.774834	-16.508929	-16.608446	-15.717718	-15.917058	-20.069389	-26.783316	-21.409562	-19.512245	-19.109221	-18.951924	-19.452821	-17.097168	-13.843208	-13.151513	-14.423931	-16.290324	-19.028096	-24.874116	-38.264909	-22.989588	-20.411485	-23.318136	-30.365879	-20.759484	-18.679923	-20.857644	-24.209844	-22.061464	-21.008990	-22.974381	-19.339285	-15.776772	-15.204712	-16.397603	-17.712029	-17.758751	-17.525050	-18.053180	-19.200279	-22.823719	-31.872065	-40.394365	-26.494268	-19.150694	-16.278756	-16.121006	-18.542229	-21.281138	-20.202524	-22.190924	-24.960619	-21.721972	-19.634190	-17.919459	-18.134749	-20.965446	-24.280752	-23.221529	-20.792819	-19.044261	-19.002827	-21.900202	-24.417561	-24.479246	-35.063146	-27.650714	-23.355033	-22.743216	-23.408177	-30.363235	-29.148331	-24.118068	-22.260649	-21.570837	-21.983140	-18.292560	-14.988374	-14.338208	-15.564816	-16.894907	-18.756553	-23.276023	-23.572092	-22.386201	-22.773067	-21.492876	-18.991398	-17.022841	-17.708288	-21.340063	-25.254006	-27.059324	-36.148086	-30.451319	-24.197810	-23.418394	-23.913870	-23.864552	-24.231634	-25.962842	-30.156872	-38.765143	-32.057990	-28.688377	-30.977733	-40.898130	-31.826107	-30.107596	-31.813555	-31.028604	-29.880891	-25.957548	-22.411696	-21.130770	
19.846308	18.132182	12.443458	0.185931	-10.192003	1.248419	5.964577	5.856060	6.527596	8.831351	8.119624	2.054929	-10.679170	2.467491	4.251652	3.265099	1.387045	0.387959	-1.013921	-7.082317	-8.631956	-3.142099	-3.174540	-1.753538	-0.608789	-0.235695	5.517995	8.621467	7.319341	-1.191587	-1.347687	3.454017	2.360150	0.611132	-0.675630	-3.769724	-2.430997	1.477555	2.530645	0.906737	-3.198927	-9.300635	-13.394557	-11.730539	-4.458576	-0.504428	-0.113401	-3.168731	-8.183667	-7.787047	-7.787725	-9.887776	-11.524770	-10.905095	-8.081450	-6.146359	-6.313934	-8.715275	-13.393029	-20.107286	-32.110754	-22.393937	-12.585535	-7.717000	-5.402737	-5.097536	-7.437441	-15.975651	-11.245953	-4.413475	-2.102704	-2.406262	-4.884044	-8.566839	-11.145079	-11.853734	-10.896450	-10.769840	-12.857832	-14.575002	-13.591372	-14.810824	-20.082017	-29.157205	-28.927580	-20.831835	-17.007106	-18.815442	-29.499563	-18.383137	-17.649096	-17.298177	-12.179842	-10.262697	-10.290076	-10.584213	-10.930091	-10.210382	-8.217242	-8.106550	-12.538386	-31.263553	-14.284119	-12.815940	-14.395262	-14.458695	-13.350478	-14.179655	-17.895705	-16.828700	-12.370938	-9.563122	-8.244089	-8.807713	-11.573608	-15.020548	-15.853359	-17.572620	-17.668364	-15.386274	-15.869397	-17.566270	-16.377141	-13.913111	-13.103041	-14.543330	-15.125813	-12.855964	-11.578318	-12.245554	-14.450671	-14.113035	-12.138096	-12.033371	-13.867347	-19.027504	-23.062052	-12.608239	-8.656641	-8.103610	-10.119410	-13.471346	-14.631411	-13.751399	-13.540212	-14.084857	-15.392587	-18.454044	-25.011363	-33.145095	-37.587405	-35.546860	-27.132847	-20.791314	-15.838099	-14.197979	-15.514529	-19.036678	-24.958390	-43.433284	-22.744363	-17.793908	-15.744370	-15.155028	-15.374426	-16.610926	-20.486886	-27.657816	-20.950012	-18.299204	-19.668482	-24.885248	-26.936601	-21.206758	-20.106497	-24.656691	-25.530017	-19.568407	-19.275958	-21.724751	-20.199135	-19.005016	-20.856945	-22.527086	-24.489579	-25.499449	-20.350083	-18.518280	-19.064867	-19.739973	-18.532713	-16.614737	-14.967205	-12.972897	-11.786479	-13.055233	-18.712600	-27.447231	-19.104998	-19.027832	-23.855257	-22.027185	-19.147629	-19.224214	-19.407725	-19.205786	-19.151106	-18.310260	-16.722451	-15.423381	-15.216766	-16.430093	-19.234176	-22.833308	-21.512785	-18.455288	-17.773275	-20.810580	-29.227016	-21.531762	-19.585336	-20.870870	-19.197581	-17.265749	-16.262962	-15.557094	-16.116604	-17.853046	-16.644695	-15.135283	-16.853217	-22.197289	-27.443271	-27.194596	-24.908525	-23.642068	-25.433433	-31.888131	-37.193722	-30.031725	-26.863032	-25.880787	-27.085351	-30.945742	-34.154860	-28.585457	-25.140994	-24.926621	-27.857387	-33.596373	-39.059932	-39.210364	-36.073827	-28.894408	-24.762896	-23.161802	
19.879624	18.161036	12.537887	0.951352	-11.999095	-0.023865	6.050800	8.616649	9.979182	10.387446	9.362176	6.986707	3.978388	0.851154	-2.554577	-5.692734	-9.768452	-17.578287	-8.799416	-2.768630	-0.098688	0.303547	0.242062	-0.018664	-0.809382	0.331095	3.626269	7.059968	8.969135	8.753771	6.286238	1.487819	-4.685223	-5.996939	-4.360424	-3.384251	-2.966745	-3.689277	-6.119397	-9.515424	-12.523182	-15.586019	-22.833651	-17.880401	-8.631391	-4.377751	-2.673085	-2.851183	-4.105427	-5.816540	-9.079783	-13.086093	-12.945432	-12.430902	-8.842604	-6.491054	-6.529017	-8.069709	-11.434428	-16.948790	-13.538560	-10.420840	-11.783854	-22.340469	-17.171783	-11.515602	-10.648127	-11.121712	-11.359758	-10.766161	-10.049335	-9.680929	-10.510967	-14.898926	-14.873142	-10.295234	-9.992050	-11.817376	-14.249760	-15.322077	-12.590607	-10.954267	-11.762180	-14.051186	-14.121108	-13.233207	-14.140959	-14.496024	-12.022906	-9.626704	-8.728516	-10.568372	-17.332418	-22.993226	-21.885951	-27.308709	-21.238953	-19.244370	-13.807696	-10.094379	-8.839066	-9.323577	-11.272114	-15.274756	-22.692204	-25.234181	-19.366160	-15.147724	-13.769686	-11.958318	-9.770196	-9.767895	-11.788707	-14.278338	-17.007600	-20.808472	-19.068511	-14.781265	-13.548192	-15.152041	-18.980273	-22.403373	-18.606172	-16.584118	-18.442291	-22.770956	-23.742356	-20.931136	-19.076701	-17.620328	-16.545735	-15.411240	-14.688914	-17.133528	-22.043565	-15.742787	-11.418699	-9.505065	-9.664495	-11.365813	-13.655781	-17.082970	-17.512725	-17.068767	-23.327833	-20.423750	-16.470296	-18.830126	-29.192445	-33.858012	-27.729367	-21.386351	-16.389424	-14.623532	-16.877312	-24.669885	-23.110731	-23.644604	-30.389776	-21.048432	-17.527494	-17.199683	-17.914521	-18.035087	-18.781970	-18.357546	-16.297050	-15.716200	-17.256413	-20.625517	-23.845921	-26.589600	-34.877738	-28.115277	-19.417004	-15.656599	-15.105094	-18.076291	-30.762121	-20.980346	-14.639014	-12.664436	-13.268739	-16.078074	-20.147040	-24.143728	-34.638176	-28.673696	-23.120732	-23.259553	-24.624589	-19.248075	-13.544383	-10.515438	-10.102883	-12.318313	-16.835804	-18.634197	-16.021300	-14.187155	-13.718657	-14.750153	-17.720679	-21.571810	-19.153927	-17.741384	-22.007484	-30.114093	-19.143578	-17.596238	-18.906419	-19.537031	-19.688413	-19.760140	-19.943300	-23.473637	-36.886010	-22.304431	-18.215278	-16.617281	-16.215450	-16.560657	-16.048737	-15.385669	-16.912413	-22.104388	-19.136307	-13.432382	-11.197988	-11.619966	-14.976741	-23.378655	-34.005925	-30.503164	-29.357742	-21.739092	-19.871964	-21.906597	-26.671117	-26.160093	-24.748376	-27.169820	-32.762473	-30.459473	-27.093016	-23.622863	-20.578585	-19.593135	-20.900529	-24.076098	-26.354125	-25.130774	-24.400864	-26.468899	-33.633156	-31.959804	
19.873330	18.191479	12.683042	1.556643	-7.992074	0.717216	3.544999	-3.211955	0.216871	6.792608	6.499166	-0.014688	-6.150900	0.714337	-0.427157	-3.250682	-2.663156	-4.433048	-10.291084	-4.581904	1.933129	5.191286	6.097822	4.978180	1.561589	-7.356967	-0.869046	4.440661	4.357764	1.868770	2.708156	2.224240	-3.949220	-16.494036	-4.023552	-3.000186	-6.329023	-17.888379	-16.332653	-14.722192	-19.243115	-19.965087	-20.346392	-13.461086	-13.834265	-16.027091	-13.153656	-12.374249	-15.942765	-18.436042	-8.091299	-4.737756	-4.486724	-6.175022	-9.392437	-13.994998	-19.676264	-17.502609	-13.204574	-11.256569	-9.698242	-7.811797	-6.573646	-6.695736	-8.834950	-13.645774	-14.728014	-12.105712	-12.031731	-11.798550	-11.420187	-13.149341	-11.134848	-7.826351	-7.533617	-10.062287	-15.989247	-16.435902	-11.853422	-12.615085	-21.522659	-15.563094	-10.145488	-9.265705	-10.574402	-12.774811	-16.006675	-16.899779	-11.735200	-9.616007	-9.899994	-10.119591	-10.064413	-10.343486	-10.063676	-10.050123	-11.276186	-14.624516	-22.497140	-16.049661	-11.285989	-11.811263	-18.774475	-21.609998	-16.530159	-17.689818	-19.264708	-13.520501	-9.449860	-8.470712	-10.667212	-17.732538	-27.593608	-22.584157	-29.053808	-30.509269	-19.669768	-15.347780	-15.613099	-22.509866	-23.138823	-17.991877	-20.338682	-24.062589	-19.970361	-20.674502	-22.985805	-19.813850	-19.654538	-21.681003	-15.384477	-10.923692	-9.603335	-10.800650	-14.741219	-18.683349	-12.977578	-10.249945	-11.103227	-15.221060	-14.407152	-10.363282	-9.599241	-11.793859	-17.812391	-27.764102	-16.161317	-12.641252	-12.109126	-12.569899	-12.623635	-13.032697	-14.900947	-18.229182	-19.320033	-16.908025	-14.503909	-11.758899	-9.582175	-9.120504	-10.829443	-13.650574	-14.157144	-14.689957	-16.490362	-19.019991	-27.210793	-18.175081	-14.799050	-16.414634	-19.550953	-19.057273	-18.118055	-17.148047	-15.530850	-14.367704	-15.078498	-18.564516	-22.984345	-17.903300	-13.134518	-11.699649	-14.077160	-22.453210	-21.433742	-17.214692	-16.809820	-17.876922	-19.903866	-22.528756	-26.984249	-22.294099	-16.324984	-14.139659	-14.208394	-16.165409	-20.127989	-22.559356	-19.818066	-17.331557	-18.866318	-25.456864	-18.690179	-15.979998	-17.388559	-20.183826	-18.785112	-16.576687	-16.556711	-18.851018	-21.882054	-22.489875	-23.255721	-23.513818	-20.703188	-18.757023	-18.336728	-18.448941	-17.654121	-16.280345	-17.368520	-21.849261	-20.736267	-19.197533	-20.797634	-22.536433	-21.268238	-17.983475	-15.235774	-14.199323	-14.683580	-15.957542	-17.254605	-16.918895	-16.078863	-16.823022	-19.244895	-21.427495	-21.097898	-20.614454	-21.799259	-25.628875	-33.327317	-26.962953	-21.918110	-20.572463	-21.923077	-23.434452	-22.466259	-22.580234	-25.610727	-31.249709	-27.518500	-24.087107	-24.232906	-28.074678	
19.849819	18.096445	12.294236	-0.485459	-17.873676	-3.906646	3.629430	6.586243	7.971776	8.071336	6.199217	1.854079	-1.081470	1.645145	3.224859	2.922862	1.130308	-2.327349	-11.940605	-6.993078	1.520241	4.511537	4.625889	1.747851	-9.461987	-0.102983	5.839386	7.101657	5.673971	3.378618	2.217187	1.132846	-0.954181	-4.580385	-9.570268	-10.030706	-7.507429	-5.913262	-4.969981	-4.244773	-3.706051	-3.958424	-5.254831	-7.357241	-9.987351	-12.763827	-15.700245	-17.147616	-12.444349	-8.542621	-6.316801	-5.705774	-7.568973	-14.411051	-24.029287	-13.787081	-14.256238	-19.245190	-15.472944	-12.959790	-16.838231	-13.857464	-6.830219	-4.391939	-4.612027	-6.835693	-11.265392	-16.811214	-11.229232	-6.859901	-5.098844	-5.111687	-6.582069	-9.630475	-15.100083	-18.527055	-13.903601	-11.614302	-10.535695	-9.902469	-9.732715	-10.470707	-13.383387	-19.724699	-23.230790	-24.923243	-23.005324	-15.173267	-11.383202	-11.209274	-15.056187	-14.799550	-10.072515	-8.368439	-8.353429	-9.713480	-13.064144	-19.472744	-30.795891	-18.793760	-12.427494	-9.247814	-8.209366	-8.300382	-8.590571	-9.315603	-11.349720	-14.769896	-15.511950	-12.863807	-11.314283	-11.569940	-13.847448	-18.304914	-24.270551	-22.295419	-20.146140	-22.278610	-18.785043	-13.567290	-11.200109	-10.811278	-11.663905	-12.694212	-14.082895	-18.749680	-37.242544	-17.975285	-13.929995	-13.158502	-15.041933	-17.486756	-13.312716	-10.174763	-9.587405	-10.106971	-11.281107	-16.625554	-22.458955	-10.723045	-8.154836	-9.501096	-14.283696	-15.872083	-12.745951	-11.391768	-10.694829	-11.339680	-14.088669	-14.947265	-13.461541	-14.842966	-20.872714	-30.312438	-27.482404	-21.101600	-11.955802	-7.781319	-6.860837	-8.440552	-10.520548	-9.595285	-8.050130	-7.560757	-7.850603	-8.436321	-9.053615	-10.007630	-12.161464	-16.064697	-18.093345	-16.916639	-19.121451	-30.821769	-21.654822	-18.448992	-20.268528	-22.863669	-21.478303	-17.054269	-13.164453	-11.616904	-12.483450	-15.296513	-18.792779	-20.583407	-18.109630	-16.593336	-17.945976	-20.821019	-20.006609	-17.580184	-17.868375	-23.399382	-34.544877	-21.838561	-20.597175	-23.603370	-23.632214	-18.610903	-16.284162	-15.612358	-15.780382	-17.123531	-19.799096	-21.930539	-20.368870	-19.235147	-21.990538	-22.826278	-18.095479	-17.327365	-20.670608	-30.162503	-22.062919	-18.733674	-19.835822	-24.098799	-27.766571	-20.058371	-15.182483	-13.540628	-14.733538	-19.149944	-24.602389	-23.588042	-24.860579	-22.356219	-19.411614	-20.693942	-30.136179	-23.151098	-16.956636	-16.091242	-18.561555	-22.123101	-25.455096	-29.559036	-27.214656	-30.813036	-29.841224	-23.332951	-21.385170	-20.516655	-20.917314	-23.674061	-28.157450	-30.395915	-28.520291	-29.262991	-38.549472	-34.575666	-26.937474	-23.657573	-22.951160	-23.965375	
19.916941	18.227899	12.702802	1.608930	-8.766328	0.289846	3.563057	-2.531620	-0.712810	6.860485	7.484847	4.577335	0.760046	-5.192110	-9.916258	0.538709	1.129115	-5.384165	-8.360884	0.364104	2.073242	0.397189	-3.598344	-8.812195	-1.316427	4.893713	7.820680	8.338904	6.851077	3.534090	-3.264637	-15.751856	-3.556729	-2.625917	-4.850656	-7.286735	-11.853025	-11.214044	-4.628962	-2.031235	-2.394469	-6.600006	-14.465013	-7.556931	-5.950965	-8.318248	-12.948538	-14.164303	-15.224341	-21.877723	-15.710452	-13.052468	-13.880435	-12.579856	-10.042778	-8.577051	-8.137195	-9.096454	-11.464662	-12.526083	-10.144628	-7.966063	-7.606995	-9.239013	-13.037136	-16.668576	-13.830908	-11.203700	-8.898120	-7.966526	-9.952575	-13.928011	-15.017299	-17.930642	-20.635136	-16.721344	-15.921329	-20.974596	-22.088260	-13.080148	-11.079560	-12.366563	-15.322618	-18.342048	-19.943397	-17.738879	-17.676163	-24.249098	-16.209549	-9.689539	-7.583049	-8.838547	-14.909294	-25.041416	-14.701486	-14.359604	-19.457651	-30.786119	-22.744579	-17.564718	-13.199900	-9.950648	-8.534339	-9.196970	-11.817174	-15.035350	-16.535668	-18.128141	-20.234948	-25.218621	-26.377515	-16.916842	-14.379676	-14.299110	-14.897591	-15.800729	-17.023396	-17.304065	-15.365865	-13.839000	-14.724608	-14.756605	-10.610969	-8.403182	-8.749178	-10.821526	-13.495329	-16.553158	-19.619677	-19.742908	-18.970044	-18.403831	-17.041998	-15.350677	-12.137285	-9.639462	-9.049238	-9.570765	-10.080717	-10.581369	-11.536450	-12.368116	-13.102982	-13.175389	-12.970834	-15.534196	-15.924209	-12.672715	-12.632299	-13.181832	-13.303463	-17.004186	-35.776620	-20.296143	-15.207548	-12.142762	-10.905980	-11.489580	-12.559276	-13.608291	-15.044300	-12.617030	-11.282800	-15.512693	-18.719947	-11.843652	-11.670992	-15.045513	-16.227248	-16.688828	-17.854464	-16.745881	-16.974571	-19.613396	-21.904917	-21.384900	-22.059265	-22.241585	-19.261324	-19.529623	-23.701547	-17.270109	-13.819362	-14.763425	-19.702903	-25.551639	-29.439734	-24.563072	-20.581396	-20.859022	-20.677980	-19.364937	-19.282159	-21.096005	-25.913948	-27.666549	-23.315905	-23.226245	-26.131791	-20.237759	-16.612652	-17.023517	-21.645904	-27.456718	-23.668236	-25.876728	-35.342074	-21.882174	-18.159873	-16.214595	-14.692844	-14.669052	-16.420696	-19.164041	-21.956301	-25.261182	-28.878131	-30.148639	-33.390137	-22.316884	-17.278464	-16.430468	-17.958044	-18.350223	-17.670773	-18.597086	-20.974093	-21.504967	-20.081848	-21.225475	-28.846886	-25.738721	-19.105395	-17.670650	-19.195769	-21.235674	-19.641513	-18.935829	-21.225162	-25.416331	-26.813374	-23.251324	-21.336241	-22.591496	-24.164961	-24.665324	-28.751981	-27.905141	-23.774653	-23.140024	-23.392712	-22.574419	-21.780969	-23.604029	-33.506565	-30.301664	
19.884556	18.157198	12.528734	1.460483	-6.934770	2.206313	6.894833	8.420639	8.913955	8.567911	7.169696	6.011133	5.669685	4.777835	2.922834	-0.758673	-4.449013	1.903986	6.225180	7.973041	7.445066	4.971476	2.644164	3.582540	5.708731	6.475286	5.067002	-0.002029	-16.236870	-2.157065	-0.273590	-2.463514	-6.489017	-6.636228	-2.728087	-0.497990	-0.685766	-3.985585	-15.733410	-8.032921	-3.062614	-2.535538	-3.832506	-5.569028	-7.339817	-9.281414	-11.724860	-12.514367	-10.773570	-10.336790	-12.158836	-16.065982	-19.395443	-27.200233	-17.891022	-11.184703	-10.365074	-12.405681	-14.795168	-15.233914	-12.092760	-12.250132	-18.806403	-27.668799	-17.560495	-15.012538	-13.426456	-13.690486	-16.987636	-14.840492	-11.703772	-11.898134	-12.588602	-11.907678	-11.330666	-10.936433	-10.781920	-11.631714	-14.555597	-23.247767	-20.930941	-14.841169	-15.211754	-15.903896	-11.718635	-10.052216	-11.092866	-13.895083	-14.129255	-10.367051	-9.090807	-11.308297	-15.043955	-13.125935	-12.370331	-15.534226	-26.841075	-22.610369	-16.775690	-18.893379	-23.291898	-14.821680	-13.775850	-18.164791	-32.365354	-27.331179	-25.590715	-20.329618	-15.670189	-13.619687	-13.031844	-13.864312	-17.417640	-18.625140	-14.743545	-16.224984	-24.585547	-16.145742	-14.151174	-16.774230	-20.714239	-20.011400	-16.693856	-14.012849	-11.384751	-10.637679	-13.707819	-21.886457	-21.402232	-21.168074	-18.192094	-17.044145	-20.363426	-23.077855	-17.971952	-14.183815	-15.260802	-28.965187	-18.045537	-15.254208	-20.067450	-22.224327	-15.566408	-12.740166	-12.131308	-13.236955	-13.569753	-12.836113	-13.030346	-12.428091	-11.020383	-10.745087	-11.478448	-13.073930	-17.373712	-24.245303	-18.403110	-18.425452	-22.464819	-17.031285	-13.635036	-13.166561	-14.106531	-14.651635	-13.972291	-13.272578	-13.900180	-15.782803	-16.145334	-15.171856	-15.644322	-18.065897	-22.091798	-28.066419	-34.600733	-29.689195	-24.273359	-19.869036	-18.074934	-18.172112	-18.324859	-17.767281	-18.084026	-20.400612	-19.879530	-17.192501	-16.461342	-15.336396	-14.469182	-16.213806	-21.815063	-38.214272	-26.352311	-21.095210	-20.046741	-20.834433	-22.429510	-23.933788	-22.866393	-20.241742	-18.912409	-20.041273	-24.499409	-34.523124	-29.663843	-23.760201	-20.369637	-19.476677	-19.770472	-15.954958	-13.054823	-14.079730	-21.190569	-28.738810	-20.954353	-22.340049	-27.430032	-29.171596	-30.669642	-27.089848	-20.963712	-19.167551	-20.363158	-20.380583	-19.563975	-21.596348	-25.670991	-26.147015	-21.790538	-19.144808	-18.902377	-20.139651	-22.483892	-24.515908	-22.090970	-19.024739	-17.809828	-18.340467	-20.029956	-22.443190	-23.436464	-20.912179	-19.878524	-21.537919	-23.279294	-21.686102	-19.869464	-19.186324	-20.533415	-26.420153	-29.334923	-22.059457	-21.533282	-24.890989	-25.701495	-22.877442	
19.968692	18.302350	12.814769	1.427677	-7.367580	0.348766	6.646300	7.867095	5.297569	0.145868	-3.722909	-10.774442	-0.298086	3.533809	3.967521	2.605614	1.359510	0.704330	0.657593	7.688052	11.635644	12.393133	10.411826	4.989309	-3.052996	0.539041	-0.014381	-2.598652	-0.699586	0.278541	-1.785806	-8.053588	-16.161915	-11.065533	-4.460360	-0.670968	0.038418	-1.343193	-3.354374	-4.467773	-4.949591	-6.281038	-8.546468	-10.383600	-16.119030	-17.912232	-9.216565	-8.605901	-13.111350	-15.841144	-11.003708	-9.402308	-9.202809	-8.888972	-8.450064	-9.774379	-15.102871	-24.205713	-19.995208	-14.506531	-10.274162	-9.311493	-11.402920	-17.655401	-32.694698	-18.857558	-18.808259	-18.806512	-14.833136	-11.333889	-8.685563	-8.523985	-11.957558	-16.112689	-12.022685	-11.398792	-15.368516	-18.896195	-16.816548	-19.107743	-21.767040	-14.366502	-9.199719	-6.990724	-7.406717	-10.140227	-14.258819	-18.175237	-18.418438	-14.845248	-12.122561	-11.368093	-11.731110	-10.625177	-8.720883	-7.819371	-7.931911	-8.261525	-8.495563	-9.340704	-11.357222	-14.408629	-17.035897	-18.738776	-22.146595	-27.102201	-22.195967	-17.638123	-16.677621	-17.421169	-15.539487	-14.196626	-15.029268	-13.988880	-10.788612	-8.953469	-8.925318	-10.960843	-15.927358	-26.207624	-42.857888	-29.093372	-22.979288	-23.793426	-17.889532	-11.347229	-9.150300	-9.986832	-12.972490	-16.526114	-16.487684	-14.783167	-15.586339	-19.071340	-16.715531	-12.760106	-11.463111	-12.050578	-13.902319	-16.785794	-20.443431	-24.287786	-25.500196	-21.706468	-18.988644	-16.158489	-14.133217	-15.001027	-19.122996	-18.241902	-15.511022	-15.902752	-17.211174	-16.576008	-15.920583	-16.179888	-16.142838	-16.642903	-20.007122	-24.323002	-21.434428	-22.262301	-30.022971	-35.431703	-22.910638	-17.065758	-15.253394	-17.754073	-23.354521	-19.736158	-20.101082	-28.929830	-30.224873	-29.455910	-43.180402	-32.968452	-30.734728	-22.395827	-20.294772	-22.832037	-29.416641	-31.457898	-25.494022	-22.543665	-19.950234	-15.413643	-12.492426	-11.869187	-12.979138	-15.483050	-20.291192	-25.595616	-19.546113	-16.148430	-15.696674	-17.768567	-22.201445	-27.709340	-23.076662	-19.113036	-19.161147	-24.350510	-32.109933	-22.702644	-18.697033	-15.199287	-13.831004	-14.980442	-16.335497	-14.747058	-12.684800	-12.271909	-14.097705	-17.674936	-19.745003	-18.770256	-19.200162	-22.899177	-28.678026	-42.427676	-25.316292	-18.031199	-15.764911	-16.733792	-20.807445	-27.787750	-36.453055	-31.370731	-21.460488	-18.034237	-18.278846	-22.206951	-30.401218	-29.845934	-25.024374	-21.939458	-23.091489	-32.770189	-31.764320	-26.211499	-23.705975	-21.153988	-20.436356	-21.232875	-22.384187	-25.088329	-35.559845	-25.452212	-20.219715	-19.003645	-19.698814	-20.922207	-21.897838	-23.056866	-22.525874	-20.145855	
20.024835	18.280387	12.439140	-1.258687	-10.770698	-4.855205	2.705690	5.235357	5.528692	4.283112	4.333441	5.340252	3.562778	-4.074743	-4.406997	2.617255	4.762789	4.754824	5.707544	8.450840	10.447035	11.038186	9.925216	6.955855	2.920254	0.121369	-0.955935	-1.323418	-0.401807	-0.010714	-1.277675	-2.575727	-2.374128	-1.534348	-1.757074	-4.374169	-7.674809	-10.233649	-22.002283	-14.559691	-13.789315	-26.219648	-15.426408	-14.740673	-11.122166	-5.093906	-2.517082	-2.432514	-3.818873	-5.773746	-9.134378	-15.451868	-10.522868	-5.660450	-4.257745	-5.958027	-11.825508	-22.723895	-19.396272	-26.868666	-12.868475	-8.257556	-7.623577	-8.853990	-10.311405	-11.385572	-12.521250	-12.134383	-10.025381	-8.844545	-9.095678	-10.601958	-12.710031	-14.046037	-14.000834	-14.107693	-14.737088	-14.571582	-13.247145	-12.116796	-10.796708	-8.274109	-6.567996	-7.141648	-11.045673	-22.180846	-21.887919	-19.460802	-27.061206	-21.672858	-15.437636	-14.778954	-16.412080	-14.477151	-12.818303	-13.349989	-12.085229	-9.904135	-10.056630	-13.006488	-18.069953	-22.961259	-30.732609	-25.025912	-21.449797	-20.761792	-19.645552	-18.409502	-18.491977	-19.010148	-17.991138	-18.446178	-21.087847	-19.106503	-12.938990	-8.958991	-7.895180	-9.831943	-15.445538	-23.161953	-20.229076	-20.465573	-21.366178	-15.148402	-9.895993	-7.511691	-7.896381	-11.412631	-20.089314	-34.643879	-32.633500	-21.589104	-13.819897	-11.151428	-11.910889	-16.782466	-19.431791	-14.398093	-14.288972	-18.637015	-26.400734	-24.066275	-22.249924	-22.965677	-23.750334	-19.937216	-17.364162	-18.255014	-22.369094	-22.083317	-19.542323	-20.355622	-21.822604	-21.848191	-28.687252	-24.706246	-16.779744	-15.421248	-17.719604	-22.417763	-29.808243	-35.426014	-26.329073	-28.737254	-27.380083	-21.306583	-20.098017	-20.714738	-19.933215	-17.555249	-15.330729	-14.542837	-15.505750	-17.790579	-20.589589	-22.897088	-21.950543	-19.735539	-20.028763	-23.951342	-30.830740	-28.484120	-25.165385	-23.561441	-21.668320	-18.383401	-15.995684	-16.812034	-24.255252	-26.064683	-17.458220	-14.884502	-13.965648	-14.405611	-17.349432	-26.643473	-28.979622	-22.738032	-23.685347	-24.948496	-21.703320	-19.116172	-17.851184	-17.134674	-16.064124	-13.936776	-12.219722	-12.674495	-17.215866	-34.768022	-15.976290	-12.421164	-12.898923	-16.332864	-18.412466	-16.945377	-17.235892	-19.178875	-21.559590	-22.402501	-20.651989	-18.297965	-17.255090	-18.602014	-23.524088	-34.900204	-33.989347	-32.297713	-23.076741	-19.353096	-20.027396	-24.665998	-24.061131	-19.896108	-18.402806	-18.929243	-21.075190	-24.194444	-28.255604	-31.983214	-28.773240	-27.054535	-29.390266	-39.356451	-35.163312	-32.001644	-29.150917	-23.804030	-21.065856	-21.817617	-27.859996	-36.376344	-27.499596	-25.593536	-24.446009	-24.572364	
19.972168	18.298534	12.878185	2.324476	-6.197476	-0.629055	0.650445	-10.030980	0.087374	6.425611	8.536608	8.579230	6.592748	1.232959	-26.893797	0.062650	3.220754	1.900548	0.770018	0.894489	-3.412645	0.330400	4.240206	2.790090	-5.549696	-8.142256	-2.257547	-1.135206	-2.269175	-7.771676	-24.015757	-18.276853	-16.085181	-5.111711	-2.397281	-3.336245	-5.352304	-4.450273	-4.054367	-6.250864	-10.327206	-12.564853	-11.057784	-9.599284	-7.605701	-4.149526	-1.699048	-1.228346	-2.212834	-3.875663	-6.521761	-11.966087	-15.285835	-7.961279	-5.187336	-5.398453	-7.356909	-8.998297	-8.755014	-7.042471	-5.791064	-6.605782	-10.770960	-26.361247	-13.739406	-8.707591	-8.291857	-12.097397	-27.307896	-16.952227	-15.215083	-21.246878	-32.882631	-23.224836	-17.851389	-15.008534	-18.246628	-15.819084	-9.182051	-7.884444	-11.740440	-19.179518	-10.409413	-8.701604	-11.079448	-16.424098	-22.269922	-25.290799	-22.908635	-18.897455	-17.991922	-19.932263	-21.875972	-20.587504	-18.946744	-18.160507	-18.078149	-21.639949	-22.581372	-18.137178	-19.287777	-21.116007	-20.108135	-24.528309	-28.097703	-21.411327	-23.219186	-46.256377	-20.766167	-16.061766	-14.963327	-17.132483	-25.433972	-19.660920	-15.382144	-15.027448	-13.890640	-12.313839	-12.971507	-15.982352	-19.037860	-17.754101	-14.213280	-11.208272	-9.645144	-10.068800	-12.761449	-15.995087	-16.926577	-18.344492	-19.228082	-17.559725	-14.975292	-13.876219	-14.624764	-15.910376	-16.108280	-15.219332	-14.818121	-16.074922	-19.911095	-29.759331	-30.045467	-21.536980	-17.950700	-16.739208	-18.320775	-23.864189	-39.008657	-31.303944	-23.347431	-19.676361	-18.450726	-18.978871	-20.348867	-20.751056	-19.165605	-17.376168	-16.454316	-16.453878	-17.402516	-18.668077	-19.496847	-20.488052	-23.190200	-30.714731	-26.588204	-24.379941	-26.325244	-17.290500	-13.266892	-12.988919	-15.246212	-18.767205	-22.750572	-28.537243	-28.959430	-21.260243	-16.894484	-15.179767	-15.757359	-18.594141	-21.720403	-21.833875	-22.970561	-22.145185	-19.013272	-17.309916	-16.934286	-18.496290	-24.649365	-29.179307	-20.764507	-18.744173	-18.177400	-18.439711	-20.781219	-26.356374	-36.366054	-38.450269	-26.469886	-23.067822	-24.899128	-27.740224	-31.601016	-25.781446	-17.022338	-14.306666	-15.175364	-19.180896	-20.757646	-16.178619	-13.969982	-14.210428	-16.723867	-22.336463	-30.411457	-28.722358	-31.263339	-34.201252	-45.521785	-27.312604	-22.457456	-22.684609	-25.179045	-27.319431	-29.706283	-28.248650	-23.101906	-19.535796	-18.493160	-18.968505	-18.616669	-17.399669	-17.458847	-20.681771	-30.168618	-25.438881	-23.476563	-28.321753	-36.777832	-26.772776	-25.026289	-27.251110	-32.959760	-36.667244	-30.925898	-24.700176	-22.064311	-22.888474	-27.264247	-30.646253	-29.475059	-29.964289	-27.237315	-25.234025	
19.864832	18.121765	12.453140	1.128371	-10.923632	-1.840555	3.097898	4.812734	5.394445	4.059205	-3.968201	-0.953170	6.386346	7.846610	6.591743	3.663683	-0.525955	-5.820998	-10.140705	-9.394157	-5.843394	-1.553485	1.175122	1.760147	0.103077	-4.067281	-11.514537	-9.482961	-3.448003	-0.906170	-0.529629	-0.661250	-0.694845	-2.987969	-14.398489	-6.850924	-0.431410	1.172453	0.169965	-3.252064	-8.241738	-9.194636	-9.782844	-13.514289	-12.840696	-8.817970	-7.919189	-11.085038	-22.596611	-16.293801	-13.053854	-11.376406	-9.410607	-8.435139	-9.969459	-15.868524	-23.273345	-27.010074	-17.509002	-9.727187	-6.471641	-6.626549	-10.915133	-31.635786	-13.547739	-9.101522	-8.190046	-9.302726	-12.737090	-21.059872	-26.119386	-16.365156	-14.635407	-15.588974	-14.708042	-11.287497	-8.312026	-6.662853	-6.646549	-8.085575	-9.911244	-10.742748	-10.897122	-11.909812	-14.805157	-20.230199	-28.362491	-25.757644	-22.275234	-19.840287	-17.980807	-17.362534	-18.606264	-16.223147	-12.332750	-11.217658	-12.304410	-14.133598	-14.751557	-14.701339	-16.445571	-19.460615	-17.805953	-15.632231	-14.516272	-13.777491	-13.718840	-15.244824	-20.736233	-26.080228	-16.431140	-14.266190	-15.892377	-19.554026	-22.024500	-24.104171	-21.441841	-18.415588	-18.505588	-21.762589	-25.961683	-28.297582	-27.862288	-20.780219	-18.217691	-19.801302	-22.764766	-22.071997	-18.885003	-15.467096	-15.490607	-15.861687	-13.563333	-14.756862	-21.373417	-20.160254	-20.051093	-23.515538	-25.048948	-29.067968	-19.945986	-17.116756	-18.453121	-24.254084	-21.495371	-16.344640	-15.437943	-17.248929	-20.599219	-24.961940	-38.451376	-26.961650	-21.700722	-22.712452	-30.453281	-42.499260	-33.836021	-25.515673	-26.338232	-34.747990	-19.645941	-16.402548	-17.800611	-23.505961	-21.149839	-17.029497	-15.185712	-13.433007	-12.518025	-13.703398	-17.068042	-20.960444	-26.016984	-47.309133	-31.094413	-35.158675	-34.327223	-24.629925	-19.554402	-16.705420	-16.106157	-16.551638	-15.841258	-14.606891	-14.406582	-16.278903	-22.498661	-32.664439	-20.798913	-17.989053	-17.657390	-18.858900	-22.232575	-26.252168	-21.805112	-20.529075	-25.048490	-31.547210	-23.468107	-20.354891	-18.010681	-17.295317	-18.926129	-20.736321	-20.658605	-21.998485	-21.941453	-19.330805	-18.661491	-19.721951	-20.736106	-20.761741	-20.914939	-23.918771	-36.048166	-25.092264	-22.105978	-22.550645	-23.083858	-23.079656	-21.932879	-20.400812	-20.345979	-22.269051	-23.772186	-22.752925	-24.213056	-26.107917	-22.166266	-21.105836	-21.687464	-21.936599	-24.728919	-26.754190	-21.847935	-19.355089	-18.635341	-19.158953	-21.036265	-24.662700	-28.805361	-25.659407	-22.305554	-21.710864	-23.362637	-23.933654	-22.722449	-23.918587	-28.580633	-30.911603	-28.590180	-27.633558	-24.866219	-21.756408	-20.367464	-20.431726	
19.866529	18.150110	12.509949	0.964995	-9.873319	0.407018	3.680250	-1.320809	-5.186684	4.903798	7.487616	7.407232	4.748870	0.545421	2.765094	3.590818	-0.658429	-9.674933	-3.249874	-3.539619	-4.772937	-0.938248	0.604097	-0.688512	-5.029218	-15.721498	-9.070870	-4.776948	-4.709545	-5.622629	-1.467206	2.148026	3.035114	1.568229	-1.828534	-6.537097	-5.498732	-2.359125	-2.132334	-4.182409	-7.440879	-10.764498	-12.397385	-12.539444	-14.654152	-22.019853	-17.600857	-12.923836	-12.600466	-15.506217	-21.581426	-18.316673	-12.529263	-9.418197	-8.674296	-10.366419	-12.497664	-12.263169	-15.211830	-19.239076	-9.621975	-5.896711	-4.962233	-5.762694	-8.354217	-15.217154	-23.340633	-11.774528	-9.009140	-8.416821	-8.384605	-8.298597	-9.115896	-12.525751	-21.625181	-15.018811	-10.221427	-9.838392	-13.342492	-21.151511	-23.167767	-24.715716	-18.200399	-16.528726	-21.276614	-29.712954	-23.806596	-23.986389	-21.582034	-19.860654	-24.325222	-22.634032	-13.640817	-10.064505	-9.066176	-10.394132	-16.039215	-24.704006	-13.189711	-11.215363	-12.816125	-15.105790	-14.197298	-12.626412	-13.435518	-19.363229	-18.550570	-11.951872	-9.926168	-10.064202	-11.802465	-15.129834	-19.839013	-24.227260	-21.505648	-21.987100	-38.628178	-22.250679	-18.319099	-20.036324	-27.185461	-46.890127	-29.741998	-26.285650	-24.887613	-23.572854	-22.576765	-19.156775	-15.823863	-13.980064	-12.393613	-10.691918	-9.569221	-9.432201	-10.403029	-12.458252	-15.099953	-16.823130	-16.417402	-14.721406	-13.249470	-13.109438	-14.704430	-17.030150	-16.792811	-15.775865	-17.363416	-22.818524	-24.830133	-22.832422	-24.573014	-27.592234	-25.094098	-22.255849	-22.314848	-24.026901	-24.161933	-22.089582	-19.786464	-18.235899	-18.195161	-20.063938	-21.374666	-18.301046	-14.778182	-12.301789	-11.171431	-11.629972	-13.742537	-18.004323	-27.450538	-29.104179	-27.687699	-37.520151	-29.241944	-24.426707	-23.883224	-28.440278	-24.073840	-20.611637	-22.222147	-27.363950	-23.599362	-17.295227	-14.548780	-15.289508	-20.704363	-35.966241	-20.482601	-17.919401	-20.311722	-33.548452	-22.574959	-16.699887	-14.796677	-15.166493	-17.313698	-20.807841	-29.194347	-22.215904	-14.780160	-12.156283	-12.402374	-15.253501	-21.109676	-28.812304	-33.922982	-35.285214	-27.313117	-24.362597	-24.942342	-31.175355	-29.500603	-23.279219	-20.569767	-18.767577	-17.949993	-19.778361	-29.436161	-23.764422	-17.931059	-18.067683	-24.082466	-30.686721	-20.251061	-17.183479	-16.144056	-16.402963	-18.232451	-21.590029	-23.362968	-21.805890	-20.811080	-21.584997	-25.937977	-31.517197	-22.530733	-19.962069	-20.984432	-25.246297	-31.529787	-44.043540	-27.519684	-19.927167	-17.601683	-18.594454	-22.718489	-30.594502	-39.589222	-40.451415	-35.887132	-28.326022	-22.950242	-21.755552	-25.981916	-41.357994	
