0.000000	0.000000	0.000000	0.000000	0.000000	0.000000	0.000000	0.000000	0.000000	0.000000	0.000000	0.000000	0.000000	0.000000	0.000000	0.000000	0.000000	0.000000	0.000000	0.000000	0.000000	0.000000	0.000000	0.000000	0.000000	0.000000	0.000000	0.000000	0.000000	0.000000	0.000000	0.000000	0.000000	0.000000	0.000000	0.000000	0.000000	0.000000	0.000000	0.000000	0.000000	0.000000	0.000000	0.000000	0.000000	0.000000	0.000000	0.000000	-0.098595	0.052796	0.159135	-0.843219	3.602423	17.258471	57.716228	62.319572	36.809319	9.726953	4.997536	10.059786	-0.716915	-2.427407	-0.599861	-0.000000	
0.000000	0.000000	0.000000	0.000000	0.000000	0.000000	0.000000	0.000000	0.000000	0.000000	0.000000	0.000000	0.000000	0.000000	0.000000	0.000000	0.000000	0.000000	0.000000	0.000000	0.000000	0.000000	0.000000	0.000000	0.000000	0.000000	0.000000	0.000000	0.000000	0.000000	0.000000	0.000000	-0.212985	0.127068	0.429739	-2.577110	12.593282	69.919563	275.487030	357.906708	261.440613	88.656166	61.556873	180.801941	-21.276209	-149.668793	-135.725006	-107.565987	-86.406639	-42.761684	92.464500	173.262985	164.061844	83.877731	-27.907745	-47.555668	-25.115240	-12.560189	-4.711778	-3.916686	-3.988114	-1.668105	-0.218463	-0.000000	
0.000000	0.000000	0.000000	0.000000	0.000000	0.000000	0.000000	0.000000	0.000000	0.000000	0.000000	0.000000	0.000000	0.000000	0.000000	0.000000	-0.109215	0.071835	0.266808	-1.751765	9.349304	56.590874	242.776138	343.168365	272.669006	100.601418	76.055199	243.535721	-31.300514	-241.066956	-240.081512	-209.768570	-186.654617	-102.917122	249.698181	529.539429	573.524231	339.815399	-133.207275	-273.116333	-178.382660	-114.479660	-58.037071	-70.393585	-118.357040	-102.851822	-49.429520	-16.542709	-34.064220	55.404903	82.280876	-10.904679	17.993542	23.055199	6.011313	26.345028	23.494934	9.422154	5.753117	-4.044073	-6.593514	-3.037714	-0.568242	-0.000000	
-0.000000	0.000317	0.004327	-0.059027	0.520194	4.594365	26.636307	48.316078	47.477783	21.076611	18.772949	69.665604	-10.241393	-89.268333	-99.752968	-97.106628	-95.713516	-58.182037	155.027557	359.949158	425.786743	275.036774	-117.390457	-261.869598	-186.043854	-129.904282	-71.706383	-94.818413	-174.121078	-165.660294	-87.434982	-32.260574	-73.585129	133.346313	222.197540	-33.327705	62.901478	93.403954	28.692778	151.301788	166.874329	85.878090	70.863701	-72.683075	-195.678665	-187.299072	-128.570938	-77.109848	-43.873543	-6.902991	80.110184	180.542480	184.141983	135.254669	15.413007	-70.138573	-40.917931	-21.264166	-20.779272	-10.424752	-4.706959	-1.179422	0.269038	0.000000	
-0.000000	-0.257146	2.514318	12.128707	23.690716	22.329031	-12.879553	-36.869690	-32.394402	-27.215740	-17.699518	-27.123667	-56.971664	-61.344856	-36.328907	-14.934153	-37.733284	75.384544	137.953522	-22.654175	46.698315	75.598465	25.285841	145.071289	174.041260	97.449036	87.554031	-97.902298	-287.872864	-301.676880	-227.426788	-150.374893	-94.775116	-16.613844	216.335648	551.787537	643.719971	547.959717	73.568275	-402.811890	-290.622314	-193.811935	-255.947556	-187.361374	-139.690521	-72.720665	60.872635	68.096382	2.668342	44.458263	77.672852	6.531060	-44.871456	-17.330250	-21.213678	-0.418348	46.103416	38.217911	11.960819	-1.784611	-4.243237	-3.016959	-0.744764	-0.000000	
-0.000000	0.333176	2.237402	-0.763346	2.598288	6.137508	2.774249	20.425180	30.304483	20.416166	21.611244	-28.005842	-94.190758	-111.712502	-94.494980	-69.611946	-48.599171	-9.392287	134.314102	375.072083	477.900360	443.502777	64.832893	-386.224396	-303.104004	-219.925537	-316.230194	-252.371124	-205.505859	-117.128952	107.676498	132.797379	5.764122	107.000381	209.753677	19.960720	-156.860764	-70.210365	-101.255638	-2.402610	327.452576	348.336578	147.326736	-32.074345	-125.928444	-186.019363	-168.510849	-57.058346	-42.427887	-98.344612	-4.163807	174.388275	248.507034	183.361145	33.044682	-72.938614	-70.514870	-38.921890	-14.828050	-8.643695	-2.348143	2.057465	0.089114	0.000000	
-0.000000	-0.041511	2.178377	12.638284	26.590309	36.006046	7.113173	-54.378113	-52.777195	-46.075741	-78.056114	-72.193054	-67.240631	-43.373455	44.739182	61.474922	2.955750	60.490417	130.227631	13.568101	-116.454071	-56.826241	-89.232697	-2.303672	341.516052	395.270386	182.026215	-43.203346	-185.259750	-299.615723	-298.075775	-111.271675	-91.652229	-236.691895	-11.244262	532.978638	868.726074	742.854431	157.726532	-418.892792	-500.836517	-354.752991	-182.643692	-155.350906	-69.686897	126.858948	20.163050	36.062820	139.743317	2.942297	-91.318069	-70.095421	-62.416973	-26.069454	49.694077	26.659760	39.060966	51.488869	14.982807	-6.661983	-8.302090	-3.980186	-0.796481	-0.000000	
0.000000	0.267348	2.112100	0.457185	-6.479488	-4.613473	-9.790211	-0.324343	59.465595	82.811554	44.930115	-12.358709	-60.616192	-110.949242	-123.849373	-51.510181	-46.997803	-133.808792	-6.981110	362.286896	644.945801	601.244873	138.998337	-401.643066	-522.346497	-402.551300	-225.661270	-209.253799	-102.519943	204.327835	35.666054	70.327499	301.871887	7.081403	-246.602264	-214.230927	-218.196045	-105.615669	237.196259	153.109314	277.433105	469.294556	184.549911	-119.734108	-246.384827	-245.409882	-180.212402	-92.855927	-58.338444	-19.761311	17.456795	39.259434	91.569763	70.350487	-16.355371	-39.596554	-10.243937	3.930466	11.241159	5.152310	0.126936	-0.071117	-0.632323	-0.000000	
-0.000000	-0.591392	-0.113223	12.207479	35.884697	48.812439	15.250273	-56.548973	-90.952232	-84.336945	-55.700699	-59.858952	-33.544083	75.663651	14.819112	32.556194	154.795090	4.003322	-153.105438	-145.621323	-161.989639	-85.482269	209.031952	146.804382	289.348328	532.525818	228.016449	-161.278870	-362.469299	-395.274200	-318.774445	-181.081924	-126.022026	-47.560738	47.141659	119.987656	320.107788	285.012238	-78.066299	-227.406448	-72.758240	35.824173	138.462372	92.601135	3.767146	-4.384933	-143.069748	-50.960781	194.518234	60.550167	-61.065540	-7.602921	-3.673404	18.492542	15.122855	-1.470111	-9.252070	-17.077404	-6.970841	-4.837898	-3.943193	-1.651904	-0.422008	-0.000000	
0.000000	0.017693	-2.483144	-4.906800	-9.013081	-6.939931	22.934046	20.669189	50.382027	111.567406	56.282032	-46.135284	-118.598389	-146.372070	-132.449585	-83.826935	-64.622086	-26.887465	29.268360	81.560410	237.649338	230.680664	-68.796829	-218.042023	-75.883072	40.651009	171.074036	124.731422	5.542041	-7.062678	-253.073471	-99.380585	420.196014	145.729736	-164.906036	-23.236622	-12.841413	74.919182	72.183342	-8.442972	-65.713440	-155.651749	-85.862961	-86.950294	-117.023903	-101.852913	-95.483772	-41.949066	90.778564	241.024567	154.150650	153.443497	177.434082	-61.206192	-119.858803	-62.941792	-33.937119	-16.597246	-5.431086	-3.487619	2.591690	4.183046	0.497625	-0.000000	
-0.000000	-0.118834	0.474690	2.748228	13.222776	18.727953	-7.548079	-30.699028	-13.212942	8.516634	42.226753	35.680557	1.813332	-2.615346	-105.151077	-46.005524	215.469833	82.385246	-102.383530	-15.794862	-9.533518	60.637421	63.612408	-8.095297	-68.535713	-176.623779	-106.086029	-117.119888	-172.159821	-164.051376	-168.899506	-81.806488	196.098801	580.088318	416.280151	468.965607	620.270630	-247.965790	-572.101562	-361.480194	-241.040619	-151.275345	-66.897110	-62.682083	76.914764	257.917816	112.592880	-44.562119	-75.538170	17.274851	29.650970	-77.235901	-72.218300	-27.529650	-41.951317	11.950875	79.331642	55.434933	48.352345	19.536552	-10.141469	-5.564616	-1.122749	-0.000000	
0.000000	0.364116	-1.660510	-0.532218	-0.530444	4.922886	6.979267	-1.139770	-11.933603	-37.003757	-26.185556	-33.503208	-56.329952	-60.749065	-70.177116	-37.870079	100.556343	327.940765	258.451599	318.774689	460.491455	-200.696350	-504.171112	-346.594696	-251.392868	-171.657715	-82.653206	-84.431213	113.153221	415.420349	199.163498	-86.902306	-163.176682	41.576424	80.071747	-236.054199	-252.459335	-111.531380	-200.239059	68.634918	563.458252	505.260864	595.577332	351.125427	-300.972931	-343.102509	-254.034058	-208.672302	-144.654770	-11.643415	-3.753459	-34.983776	157.711807	156.165573	34.547508	-20.876549	-15.472017	12.050388	2.558779	-7.638705	-7.296047	-3.886069	-0.796971	-0.000000	
0.000000	1.449393	4.191704	10.741308	25.621679	-16.293657	-55.315388	-48.798485	-43.773129	-35.963337	-20.401556	-24.152315	37.023247	153.832291	82.751694	-40.229046	-83.674408	23.504358	49.713326	-160.455475	-187.426849	-90.270279	-176.462997	65.808578	587.657776	573.338135	735.852112	472.957214	-442.776642	-552.624756	-449.356232	-406.939911	-312.481567	-28.022909	-10.136128	-106.920059	551.325867	632.676453	164.899719	-119.895828	-109.891022	109.833092	31.517618	-137.288483	-216.528061	-239.606857	-180.323288	-110.292984	60.974472	225.328873	176.849594	-11.839420	-66.793198	-49.432076	-35.665062	24.713243	65.251945	15.596661	-25.106901	-16.918726	-6.599905	-1.758730	-0.047446	-0.000000	
-0.000000	0.103882	0.806277	-5.406646	-10.428404	-7.328648	-19.360725	9.265459	102.324379	120.117828	181.632736	135.293701	-144.874603	-204.639786	-186.705826	-188.381714	-160.235565	-15.842163	-6.293114	-72.677841	409.306580	512.070068	145.319794	-114.958603	-114.610641	124.631653	38.940880	-184.924164	-318.545471	-385.927429	-318.970581	-215.086594	131.716339	542.312561	477.578125	-36.184532	-233.494354	-200.265091	-170.233963	141.930313	463.456238	142.155533	-309.252899	-304.075897	-195.868347	-108.439583	-10.735271	-23.329630	21.435925	50.794518	-52.584549	132.508621	305.048950	167.509521	-2.657134	-76.889084	-56.258938	-19.628098	-17.111324	-11.774151	-5.342010	-2.417786	-0.093724	0.000000	
-0.000000	-0.070017	-0.102065	-2.448924	22.773762	41.572723	15.943834	-16.185492	-19.956280	26.111092	9.611902	-52.899239	-104.226700	-142.910919	-132.531082	-99.568466	67.542046	306.585022	296.509033	-24.596073	-173.347183	-162.088776	-150.020645	136.085724	483.360840	161.309128	-382.090393	-409.582703	-288.151917	-174.660324	-18.989426	-45.496010	46.305634	122.250221	-142.003326	404.982849	1066.384155	678.634460	-12.682842	-441.580688	-399.582825	-178.899994	-210.767807	-211.613770	-158.537247	-149.075638	-21.206028	442.786041	376.164795	-103.023964	-112.781815	-84.951714	-13.018967	290.432220	332.430115	35.302113	-90.296501	-55.756020	-24.716946	-21.938757	-12.737452	-4.209244	-0.345150	0.000000	
0.000000	1.355008	4.808939	-0.828780	-9.645013	-13.159277	-16.459591	19.160065	84.163948	33.795242	-94.312599	-117.164848	-94.282059	-64.677620	-7.890035	-21.061136	23.744793	69.111595	-88.164154	275.283051	791.688049	549.267090	-11.176902	-423.396729	-416.744171	-203.004425	-260.409393	-285.038483	-233.232239	-240.111572	-37.510960	863.494141	812.586853	-247.953964	-304.564606	-259.635864	-45.511448	1176.633423	1586.731934	202.743088	-641.336914	-508.187408	-304.449615	-394.299622	-378.015076	-259.533112	-78.093788	2.304775	-136.377197	-77.434128	259.807159	252.614365	-17.227337	-89.089691	29.601143	157.154282	25.871197	-62.140835	-30.332485	-17.978495	-3.194319	3.505546	0.428238	-0.000000	
0.000000	0.305451	-1.429892	9.275830	44.049412	44.592590	-1.226279	-59.611755	-72.564491	-42.530663	-64.277687	-81.537849	-76.312576	-88.914551	-15.585663	399.731018	416.681610	-140.175568	-189.091919	-176.484879	-33.787888	952.333130	1398.325928	194.394272	-668.881104	-576.658997	-376.155823	-531.111816	-556.117249	-418.022064	-138.138672	4.494630	-294.600433	-186.365372	701.603088	772.059082	-60.222992	-360.930725	141.290085	902.550720	183.751877	-566.381714	-373.618744	-323.122864	-94.799240	216.144608	96.893524	-51.504631	-7.089689	23.839106	-81.946716	-139.292496	-44.405552	70.378510	50.915321	-12.315751	24.966125	60.291786	12.907345	-21.994852	-11.040692	-0.806895	-0.125111	-0.000000	
0.000000	-0.619531	-3.066792	-5.946766	-1.879953	77.315750	153.418030	27.369564	-116.467186	-120.813576	-92.847748	-151.929352	-181.959152	-154.795715	-57.396103	2.080666	-151.066422	-105.357750	435.597137	524.799438	-44.709797	-292.126892	124.513519	865.384338	191.643692	-642.694214	-461.616150	-435.238464	-139.463989	348.137512	171.393188	-100.441162	-15.315063	57.375011	-221.295151	-425.716278	-155.232056	285.125763	243.025421	-70.730431	177.323563	549.528625	158.985504	-395.307800	-327.659576	-49.751461	-28.307615	-142.087158	-152.994431	-39.856659	134.580353	121.092422	32.933208	76.117226	100.618858	-38.074108	-69.094261	-10.868003	7.248122	-2.261341	-7.392246	-0.527514	0.308391	-0.000000	
-0.000000	-0.465647	7.064743	17.683439	-2.487647	-23.716503	13.661063	121.840996	33.369457	-134.648361	-113.942200	-124.503914	-45.632015	128.917114	71.213226	-46.496494	-7.853321	32.435760	-137.393265	-289.376373	-115.244919	230.772552	214.168961	-67.817795	184.939285	623.570374	196.430939	-532.469788	-482.036713	-80.133156	-50.072826	-277.089630	-330.496796	-95.925423	363.431061	370.091827	115.127274	308.375122	480.266815	-218.662903	-490.746582	-99.056252	89.278351	-40.642502	-219.382996	-32.525421	69.776848	-80.288177	-131.606857	-79.104019	37.382534	94.220474	41.349468	52.364239	88.901199	20.671375	-31.920786	19.047911	11.460565	-16.246693	-11.130943	0.505684	1.878196	-0.000000	
-0.000000	0.143356	-2.228316	-9.750714	-6.412211	18.735413	23.497656	-9.548346	32.202072	130.641785	48.485680	-152.317810	-157.720322	-29.673721	-20.805073	-128.271072	-169.473495	-54.229424	225.639725	251.566223	85.470963	249.589920	423.240692	-209.658524	-511.823242	-112.402779	110.305840	-54.744442	-322.745514	-52.387699	123.427002	-156.573074	-284.295593	-190.384399	100.950645	287.963745	144.548660	212.144226	424.336945	118.717499	-226.719482	173.611893	141.164871	-291.997620	-330.337982	31.179445	424.961884	-17.693575	-265.828918	-85.559502	37.771420	148.828598	123.893127	32.983494	24.965338	-61.836678	-40.522850	7.861924	-16.883614	-6.186407	7.212025	-0.265434	-1.042236	-0.000000	
-0.000000	-0.239677	3.659543	8.476678	4.755592	20.263113	46.436066	-29.518682	-89.119888	-23.549067	27.227146	-15.660145	-105.600937	-19.399435	51.283459	-72.481232	-145.782257	-107.629829	62.676197	195.740463	107.313530	171.703400	373.951843	113.828796	-236.456665	197.003815	174.413055	-393.313538	-485.977051	50.219780	751.707336	-34.504921	-574.240540	-205.921204	102.000816	454.861206	433.103180	133.626648	119.162788	-355.133392	-287.816223	71.657394	-207.962982	-111.186691	214.034500	-16.366081	-235.816971	-221.948700	115.663704	578.116516	169.740692	-135.369385	-68.158318	-96.384773	-38.752911	-1.791089	-10.260248	26.461889	34.768154	-6.182163	-10.749959	-2.193646	-0.879359	-0.000000	
-0.000000	-0.475689	1.016515	6.595595	5.970910	13.939847	41.028313	16.026423	-41.172401	41.273502	43.050934	-112.510910	-159.009598	18.596643	312.331573	-15.973111	-294.461395	-116.413231	63.328209	309.187347	321.537598	108.153549	105.013588	-340.509247	-300.177399	81.312286	-256.943939	-149.765717	314.877045	-26.360348	-417.132355	-432.830719	249.855392	1391.387817	458.380707	-413.726135	-238.266525	-390.485413	-184.972656	-10.286377	-72.874092	241.186493	428.254822	-111.110420	-319.031372	-135.255600	-198.964493	-56.193691	206.300949	-4.788336	-149.339584	85.169388	272.569733	169.790070	-52.070217	-55.135723	-4.261402	-42.111401	-33.181343	4.250171	1.871904	-4.140354	-0.124666	0.000000	
-0.000000	-0.514509	1.027090	10.418258	17.890306	8.780513	11.521619	-47.941692	-52.267609	17.035419	-63.422298	-42.841843	103.026413	-9.761373	-173.316925	-200.367157	128.121872	786.591919	284.590149	-281.226227	-176.890045	-316.047607	-163.009293	-9.862791	-76.003899	273.683197	529.120544	-149.662979	-469.343323	-217.852066	-351.944672	-109.585487	445.648926	-11.524378	-403.287994	260.301117	952.843933	687.873657	-248.537888	-316.649231	-30.266890	-383.823761	-408.709351	76.387230	55.553329	-255.285492	-28.207022	221.106171	-9.796907	-137.292587	77.409340	104.201347	14.644954	-48.961868	-74.385536	-3.569448	64.274979	44.926739	14.607919	-1.305597	-9.030721	-4.335698	-0.724317	-0.000000	
0.000000	3.476484	4.615632	-9.476089	-9.842137	-25.658522	-17.884645	-1.388623	-13.233982	57.338299	130.604523	-42.812454	-153.567108	-80.671738	-146.231689	-50.729607	228.521667	-6.515065	-250.385300	176.937088	707.395264	556.745056	-219.026886	-303.609833	-31.566795	-435.538971	-504.971588	102.891708	81.727333	-411.180542	-49.894886	431.187653	-21.163164	-330.430328	209.042084	318.468048	51.195545	-198.360123	-355.051788	-20.499651	456.517273	409.484100	179.932236	-23.465166	-268.008759	-267.330048	-163.884430	-102.186981	-69.010986	0.628968	59.188580	2.787037	214.985992	214.981186	154.637985	1401.627075	1294.242798	350.660889	-104.940598	-166.312378	-85.262512	-30.213482	-4.926505	-0.000000	
0.000000	-0.028795	-4.060880	5.962003	39.359375	45.199692	-24.030645	-42.746471	-5.496486	-91.248062	-124.643761	29.433107	26.740829	-152.262268	-20.731138	199.606552	-10.852134	-186.801849	129.785828	216.475479	38.007782	-160.546951	-312.893494	-19.655489	476.123840	464.656708	222.311188	-31.606997	-394.281342	-430.580322	-289.892181	-199.278763	-149.076736	1.513775	159.837357	8.517954	751.543823	870.957275	738.107117	8049.666016	9192.445312	3196.093506	-1292.600098	-2989.089355	-2530.374023	-1862.899780	-1114.674316	-1155.299072	58.029957	895.354980	-1304.318115	1634.773560	3440.394775	1309.964966	4319.044922	2487.962402	556.325623	-37.906857	-158.510834	-222.230179	-269.958862	-61.509453	-11.215908	-0.000000	
-0.000000	-0.825604	2.104934	7.294273	2.114748	-13.034104	-34.329266	-2.767377	82.903824	97.348412	54.873787	-9.041469	-129.007156	-159.446106	-120.449120	-92.250664	-76.444176	0.855781	99.236588	5.789994	557.949280	704.927612	650.465454	7718.186523	9587.244141	3626.725342	-1597.042725	-4026.229248	-3722.562012	-3000.515625	-1971.727173	-2252.993408	125.355637	2154.904785	-3522.280029	4996.318359	12026.865234	5307.085449	20615.359375	14288.583984	3951.339600	-345.501495	-1952.448486	-3994.085693	-8011.690430	-3792.543701	-2537.718994	-2110.131592	-2905.383057	3393.873535	-3713.313965	-12409.354492	64428.468750	276314.750000	289240.343750	224771.734375	376327.437500	116591.984375	81473.117188	25875.804688	-29074.466797	-10422.017578	-3598.283936	-0.000000	
-0.000000	0.003782	1.609471	0.195097	31.044218	57.229984	71.366142	1086.675049	1669.353882	759.821045	-394.203186	-1151.739380	-1218.006226	-1111.106445	-819.245239	-1042.961670	64.280373	1218.230103	-2186.842041	3396.197754	8928.793945	4295.401367	18167.523438	13700.190430	4121.042480	-392.053284	-2412.303467	-5379.934082	-11786.406250	-6108.534180	-4488.925293	-4115.048828	-6276.174805	8168.239746	-10027.715820	-37926.406250	225227.796875	1119439.125000	1380581.500000	1290883.500000	2672890.500000	1062676.000000	1003540.687500	465059.187500	-862856.000000	-642599.687500	-814150.187500	-595907.562500	-370709.718750	-337843.062500	-285689.187500	-194428.187500	-231641.468750	96767.031250	929391.437500	883140.375000	697499.812500	869853.437500	280060.437500	213507.093750	17236.939453	-38744.257812	-7654.883301	-0.000000	
0.000000	5.384187	-35.467350	114.436958	496.796875	348.724854	1993.259033	1928.905762	717.565796	-82.137550	-595.436584	-1538.979004	-3856.461182	-2262.021729	-1865.131592	-1904.949585	-3218.322510	4617.743164	-6225.805664	-25780.097656	167210.046875	906041.625000	1216653.500000	1237725.875000	2787686.000000	1205857.625000	1239901.875000	626423.187500	-1269391.500000	-1035015.750000	-1440135.500000	-1162102.375000	-800802.812500	-813107.250000	-771496.875000	-594226.125000	-809767.750000	392034.062500	4436105.500000	5071952.000000	4954038.500000	7928266.500000	3449629.250000	3837307.750000	511548.406250	-2388889.500000	-1731999.125000	-1513601.625000	-1389344.000000	-1192163.625000	-1383566.125000	-1165273.500000	-803637.375000	-608807.062500	-531203.937500	125165.031250	865549.000000	703500.250000	712450.812500	643582.312500	182208.250000	95229.554688	-748.353516	-0.000000	
-0.000000	20.408945	-100.973373	-868.676147	9303.542969	73557.546875	133485.750000	174264.484375	485398.593750	252634.515625	306048.968750	179194.031250	-415339.406250	-383271.656250	-598370.937500	-537963.562500	-410638.937500	-459673.125000	-478991.375000	-403919.250000	-601174.875000	317301.062500	3909369.500000	4863092.500000	5166805.000000	8996496.000000	4262111.000000	5168758.500000	752564.937500	-3847711.250000	-3063701.750000	-2951733.000000	-3001244.750000	-2869252.000000	-3736287.250000	-3561396.750000	-2809339.750000	-2466471.250000	-2535505.250000	718833.625000	6147619.000000	6412043.000000	8775574.000000	11566939.000000	5407476.000000	5871654.500000	-169322.984375	-3484082.000000	-2832274.000000	-2530492.000000	-1583634.125000	-1430788.250000	-2001994.875000	-1488489.875000	-935586.812500	-502459.468750	-532142.625000	-130196.078125	661758.875000	516006.062500	235302.171875	203556.937500	30175.500000	0.000000	
-0.000000	-2031.607910	-7768.533203	-13610.306641	-33449.289062	25760.281250	428918.437500	684694.687500	899656.500000	1884820.750000	1052030.625000	1478570.250000	246235.984375	-1424827.250000	-1272956.625000	-1366424.125000	-1538990.500000	-1622071.375000	-2319710.500000	-2420824.000000	-2085665.500000	-1996290.500000	-2234443.250000	689232.562500	6411648.000000	7275981.500000	10842461.000000	15580379.000000	7955214.000000	9457294.000000	-299512.343750	-6794442.500000	-6118245.500000	-6090287.500000	-4276566.000000	-4372883.500000	-6998535.000000	-6030346.500000	-4465677.000000	-2885668.250000	-3779578.000000	-1186670.250000	8151178.500000	9274044.000000	6983168.500000	12550893.000000	6827529.500000	4428401.000000	1415539.625000	-3616436.500000	-2863218.500000	-2569897.500000	-1785042.250000	-1316179.500000	-1646715.500000	-1380070.375000	-846358.875000	-477551.468750	-278527.718750	-152630.078125	50546.726562	85099.851562	22297.103516	0.000000	
-0.000000	-7169.035645	-37622.281250	-81571.148438	-116046.132812	-162070.078125	-245153.078125	97039.875000	1116411.500000	1524362.500000	2676279.500000	4456909.000000	2602911.500000	3502084.750000	-124446.265625	-3145301.750000	-3137338.750000	-3443016.250000	-2655148.000000	-2972423.750000	-5195741.000000	-4880788.000000	-3935429.500000	-2766838.500000	-3941904.000000	-1346558.500000	10071004.000000	12491907.000000	10273295.000000	20215340.000000	12077093.000000	8635996.000000	3057832.250000	-8703895.000000	-7732054.000000	-7854315.000000	-6240116.000000	-5332262.500000	-7859986.500000	-7925863.500000	-6011320.000000	-4352636.000000	-3430749.750000	-2743181.000000	1500097.875000	5247078.000000	5044958.000000	6450810.500000	2685158.500000	-1678461.500000	654512.375000	-1605556.625000	-2306124.250000	-1785881.625000	-1255032.875000	-747479.687500	-521067.500000	-280342.562500	-157320.296875	-87290.085938	-31965.712891	-11341.995117	-2557.777344	0.000000	
-0.000000	-15217.029297	-43062.582031	-100157.640625	-289090.312500	-396249.812500	-431777.625000	-389554.531250	-686373.750000	-282112.187500	2485858.250000	3573423.250000	3361377.750000	7485844.500000	5017987.000000	3997798.500000	1568007.625000	-4920564.500000	-4800521.500000	-5338892.000000	-4632688.000000	-4315779.000000	-6926704.000000	-7599482.000000	-6269495.000000	-4939096.500000	-4238785.000000	-3694996.750000	2206870.500000	8451309.000000	8923935.000000	12579974.000000	5800448.000000	-4039654.250000	1767495.125000	-4907023.500000	-8061704.500000	-7235175.500000	-5990434.500000	-4292840.500000	-3700916.250000	-2555178.250000	-1937784.250000	-1568842.250000	-948660.812500	-699323.625000	-578724.500000	36266.808594	644185.625000	-58259.589844	-278849.125000	330001.468750	-148786.671875	-224818.671875	176212.265625	-22486.951172	-80014.296875	63345.636719	-14589.536133	-42537.894531	-14332.763672	-4709.580078	-890.727234	-0.000000	
0.000000	-21747.318359	-77857.367188	-179897.234375	-257762.093750	-350379.187500	-759966.812500	-1069962.250000	-1091659.500000	-1034770.812500	-1046272.937500	-1056987.375000	722078.500000	3129563.000000	3707861.500000	5823555.500000	2974377.500000	-2283733.750000	1097366.625000	-3335500.500000	-5985042.500000	-5855942.000000	-5279139.500000	-4116064.750000	-3859863.750000	-2899455.000000	-2394185.250000	-2113191.500000	-1395623.250000	-1126379.250000	-1023695.187500	70725.304688	1391562.250000	-140216.859375	-753025.437500	1008575.437500	-520125.562500	-910812.062500	841083.937500	-129144.515625	-568306.875000	577362.875000	-179705.812500	-764522.562500	-425359.875000	-290382.812500	-201536.546875	-227806.687500	-74928.867188	471664.625000	745244.250000	-41621.421875	2762.429199	534726.062500	-94746.906250	-121552.203125	149071.140625	-7310.009766	-63507.082031	1914.907227	-4792.526855	-12330.160156	-1986.389282	-0.000000	
0.000000	-10093.371094	17797.667969	-112391.726562	-333006.937500	-475418.281250	-579203.437500	-579517.562500	-672088.750000	-607453.437500	-590964.437500	-604497.625000	-456641.906250	-417104.000000	-425341.531250	32740.345703	713571.000000	-79268.656250	-467523.218750	685569.062500	-386143.343750	-737184.937500	741214.937500	-123826.437500	-592714.562500	655154.937500	-222031.437500	-1029792.937500	-625768.625000	-467710.718750	-356494.343750	-444254.593750	-161860.468750	1135183.625000	2012514.500000	-127206.539062	9656.846680	2166345.750000	-452239.250000	-698084.875000	1058787.625000	-66626.976562	-782245.000000	34416.132812	-142229.968750	-760251.750000	-449441.812500	-267275.906250	-302145.687500	-284509.718750	15283.971680	646320.625000	518772.218750	-136691.640625	311215.937500	335530.812500	-151912.859375	-24891.982422	71794.757812	-25666.259766	-29573.871094	3031.881104	-1740.694214	-0.000000	
0.000000	-350.342072	-7582.536621	23100.669922	-21484.962891	-59848.816406	81322.773438	-17434.031250	-103204.882812	137258.953125	-54804.734375	-294581.625000	-204748.781250	-173195.687500	-148122.062500	-205655.531250	-82999.476562	641752.250000	1249489.250000	-86467.375000	7169.282715	1753377.500000	-398541.062500	-669338.187500	1104260.500000	-75604.085938	-966485.062500	46357.679688	-209241.765625	-1224514.375000	-795009.437500	-521225.000000	-652691.625000	-684746.687500	41274.003906	1975334.000000	1813513.875000	-553781.375000	1485474.000000	1926982.625000	-1078971.125000	-226877.609375	884328.000000	-461293.062500	-877677.062500	186939.421875	-393850.687500	-749845.625000	-359887.281250	-321235.687500	-284414.875000	-168526.734375	276757.312500	460551.625000	21445.777344	31835.560547	328165.437500	81857.812500	-68778.007812	33993.398438	17526.656250	-17328.714844	-1325.139771	-0.000000	
-0.000000	2836.339355	20264.871094	-2913.571289	398.897858	142349.046875	-43726.132812	-94238.867188	192276.500000	-15839.516602	-238560.625000	13261.035156	-68463.000000	-453443.937500	-330323.437500	-241286.875000	-334689.875000	-387107.156250	25625.369141	1342713.500000	1346360.250000	-448214.625000	1309091.125000	1847630.875000	-1125311.000000	-257446.390625	1092611.375000	-621350.312500	-1291195.375000	301097.625000	-696675.312500	-1462302.875000	-777424.312500	-773137.250000	-768055.625000	-515064.156250	967482.875000	1865841.375000	102363.476562	182834.390625	2330816.750000	746091.875000	-847169.375000	610954.562500	520146.437500	-1068452.125000	-299827.031250	-112967.085938	-719882.125000	-461536.625000	-295715.218750	-256165.046875	-202440.031250	162350.937500	371015.250000	72588.718750	-17181.482422	190536.218750	103381.843750	-39077.851562	857.971863	11306.096680	-3414.327393	-0.000000	
-0.000000	-1710.889648	415.605652	45243.554688	74911.289062	-36388.582031	143627.593750	260135.515625	-195941.843750	-53936.585938	269692.781250	-177742.890625	-422473.562500	111498.000000	-289466.000000	-676933.187500	-398650.812500	-437076.937500	-476854.843750	-350109.718750	718263.250000	1510158.125000	90208.992188	175305.406250	2430920.750000	846617.937500	-1046700.875000	822940.625000	765213.937500	-1720923.250000	-530358.562500	-220301.468750	-1555081.000000	-1110808.000000	-798571.937500	-782911.000000	-707685.937500	657735.375000	1770903.750000	416883.312500	-122032.617188	1736639.625000	1273400.250000	-702336.125000	25462.417969	697110.187500	-772528.062500	-531239.375000	-8365.897461	-505398.781250	-396331.843750	-227105.000000	-232960.546875	-149370.859375	179158.656250	260235.625000	34847.917969	573.291077	127257.804688	61034.660156	-22841.464844	98.300957	2193.289307	-0.000000	
-0.000000	-1931.739990	-7733.881348	-11797.161133	39964.066406	122603.117188	9897.325195	24681.964844	423277.781250	177371.609375	-258360.546875	235409.640625	250374.703125	-637266.750000	-220362.015625	-101982.546875	-797420.750000	-627972.000000	-495801.187500	-532175.937500	-525388.937500	532352.000000	1560629.500000	399716.343750	-127273.687500	1970629.000000	1573320.750000	-946029.312500	37459.058594	1122814.000000	-1366510.875000	-1035990.375000	-18071.914062	-1216373.625000	-1070284.750000	-694095.500000	-814378.937500	-605148.937500	855147.500000	1494555.750000	247509.640625	5225.252930	1567491.125000	1096960.250000	-677876.375000	6061.030273	496255.156250	-722433.812500	-463795.093750	-118905.593750	-419451.906250	-309576.875000	-175781.531250	-184271.578125	-31659.796875	198018.203125	133561.109375	-9857.348633	27597.207031	81737.085938	12328.901367	-9643.875000	1189.707397	0.000000	
-0.000000	-2775.435059	-8041.163574	-17931.994141	-29232.568359	43219.328125	171225.250000	56277.699219	-22161.199219	412858.781250	388347.812500	-270620.281250	12256.442383	415783.812500	-567780.125000	-479583.437500	-9266.990234	-687651.312500	-664496.750000	-471804.468750	-604598.312500	-489790.062500	753608.625000	1433011.000000	258139.718750	5929.287109	1936678.000000	1477578.125000	-997258.500000	9762.316406	877816.687500	-1408846.000000	-1001884.750000	-286177.250000	-1132719.875000	-946152.250000	-614493.687500	-746542.875000	-151116.312500	1137235.750000	948626.687500	-89844.664062	339927.093750	1469039.625000	365890.343750	-594621.062500	269184.031250	48404.421875	-653603.687500	-207540.218750	-174090.593750	-324822.218750	-187967.468750	-143069.718750	-96400.757812	90813.132812	117480.750000	20948.193359	-16784.029297	55597.433594	32886.136719	-6392.192871	4.611559	0.000000	
-0.000000	-3039.198486	-10777.156250	-15897.740234	-33639.765625	-39763.910156	82682.546875	201759.484375	44947.906250	1242.221802	478036.468750	422674.656250	-326298.687500	3615.035889	364729.562500	-652186.812500	-513750.562500	-161784.296875	-703260.187500	-643137.562500	-456202.656250	-604230.250000	-133173.000000	1090405.125000	989368.437500	-101950.046875	419989.187500	1978759.875000	538279.937500	-957738.000000	476154.718750	94395.328125	-1411907.125000	-499499.562500	-470127.531250	-992746.187500	-657093.000000	-579621.000000	-460133.312500	521547.687500	834414.812500	190932.015625	-206736.359375	999238.312500	975976.625000	-394129.187500	1043.414551	207630.562500	-465100.343750	-359120.968750	-92472.468750	-131824.515625	-29711.546875	-193378.312500	-32458.355469	872729.312500	1415020.500000	481337.187500	577604.750000	564283.500000	127973.460938	80028.289062	-163.179825	-0.000000	
-0.000000	-715.034790	-11405.842773	-21670.912109	-25383.050781	-49054.804688	-14611.142578	153522.609375	172271.203125	-21359.156250	103667.281250	566042.250000	176122.859375	-354655.312500	197840.500000	43697.738281	-724003.500000	-282381.593750	-291883.281250	-674809.312500	-487828.562500	-469128.468750	-405497.812500	500070.718750	870251.375000	216657.593750	-255428.406250	1345949.250000	1435809.000000	-634811.812500	1845.677124	404908.343750	-1004704.375000	-864318.000000	-249719.718750	-402892.062500	-103865.054688	-783437.187500	-154927.921875	5012160.500000	10050276.000000	4387140.500000	7114615.000000	10141721.000000	3797926.000000	4934376.000000	-36921.179688	-1964848.000000	-2837093.750000	-2723122.500000	-1697609.125000	-1104383.625000	-2556600.000000	-986929.187500	6642776.000000	7179051.500000	4857671.000000	2540295.500000	-135275.531250	-199736.062500	-395016.281250	-193812.531250	-23521.552734	-0.000000	
-0.000000	-1248.036133	-4733.916016	-22738.113281	-27142.712891	-38086.484375	-44489.394531	70407.000000	151530.250000	45391.085938	-63048.218750	385021.000000	469790.500000	-235074.093750	766.871948	187441.265625	-515196.406250	-488624.062500	-155040.921875	-273861.875000	-77109.843750	-634091.375000	-136532.031250	4805763.000000	10481917.000000	4978250.000000	8790301.000000	13660647.000000	5587322.500000	7947649.000000	-65309.203125	-3831726.000000	-6128657.000000	-6553903.000000	-4584353.000000	-3375300.500000	-8937313.000000	-3998364.500000	31706830.000000	41229916.000000	34501928.000000	23153486.000000	-1666249.000000	-3589804.750000	-11723076.000000	-11950074.000000	-5322003.000000	-6330106.000000	-6749577.000000	-7521251.500000	-4915609.000000	-6113414.500000	4642659.000000	15557884.000000	9670786.000000	5697904.500000	-700221.812500	-2297685.500000	-1658143.375000	-1101589.625000	-367266.218750	-137812.093750	-36136.609375	-0.000000	
-0.000000	-2159.561768	-2514.534912	-9227.943359	-4290.380859	-51479.101562	-14979.680664	676623.062500	1825136.625000	1042973.750000	2169738.250000	3907752.000000	1828147.750000	2943055.250000	-27135.728516	-1773792.875000	-3142677.750000	-3705111.500000	-2846240.500000	-2294326.750000	-6635097.500000	-3236160.750000	27942012.000000	39532096.000000	35983724.000000	26273114.000000	-2058696.125000	-4835378.000000	-17246414.000000	-19247618.000000	-9413994.000000	-12344583.000000	-14580358.000000	-18101848.000000	-13274486.000000	-18684280.000000	16229717.000000	63029944.000000	46159912.000000	32723560.000000	-4973371.500000	-20942222.000000	-20424090.000000	-19798586.000000	-10899525.000000	-8497204.000000	-8176294.500000	-8146887.000000	-6304960.500000	-8385694.000000	7187396.000000	25092690.000000	15612403.000000	8948542.000000	-1012083.062500	-4444258.000000	-3337735.250000	-2612831.000000	-1267372.625000	-628713.937500	-335213.093750	-147386.515625	-31309.750000	-0.000000	
-0.000000	-16375.406250	-46161.820312	-77308.750000	-369175.906250	-262729.718750	3065671.750000	5565885.500000	6265572.000000	5504377.500000	-508154.593750	-1383203.750000	-5642952.500000	-7127492.500000	-3911479.500000	-5714587.500000	-7476575.500000	-10233500.000000	-8241594.500000	-12700452.000000	12049009.000000	51014616.000000	40678956.000000	31376028.000000	-5186969.000000	-23763910.000000	-25234520.000000	-26668202.000000	-16034846.000000	-13686187.000000	-14462899.000000	-15887558.000000	-13619902.000000	-20182354.000000	19409392.000000	76690176.000000	54577536.000000	36253396.000000	-4830803.500000	-25523760.000000	-23706486.000000	-23814610.000000	-15610793.000000	-11299714.000000	-9948270.000000	-9087542.000000	-7084166.000000	-10912407.000000	8749502.000000	34054184.000000	22319494.000000	11547322.000000	-1572254.000000	-6224695.000000	-5832340.000000	-4952106.000000	-2981560.750000	-1746100.250000	-980050.312500	-543521.312500	-251621.171875	-194424.312500	65987.835938	0.000000	
-0.000000	-45228.792969	-133666.500000	-427949.500000	670405.125000	4141653.250000	4463112.000000	4417559.000000	-903167.437500	-4978684.000000	-6228718.000000	-7628681.500000	-5246532.500000	-5068065.500000	-6009280.500000	-7354711.000000	-6984069.000000	-11409671.000000	12050511.000000	52129384.000000	40518588.000000	29342452.000000	-4257201.500000	-24472710.000000	-24724636.000000	-27023316.000000	-19287560.000000	-15220434.000000	-14635407.000000	-14637027.000000	-12531052.000000	-21280704.000000	18900572.000000	81960248.000000	60273260.000000	35291800.000000	-5496255.000000	-25218222.000000	-27838514.000000	-28440374.000000	-21176732.000000	-15914806.000000	-12071716.000000	-9768569.000000	-7467475.000000	-11987795.000000	14930454.000000	40898684.000000	25455222.000000	11611941.000000	-2452013.500000	-7915207.500000	-8427612.000000	-6361387.000000	-3995087.000000	-2885289.750000	-1920007.500000	-1133037.750000	-852793.687500	-611173.875000	1086510.000000	787084.875000	110290.140625	0.000000	
-0.000000	-50427.089844	195441.500000	1756531.500000	2254448.500000	2382185.000000	-467081.000000	-3445612.750000	-4305113.000000	-5661549.500000	-4760810.500000	-4353943.500000	-4788642.000000	-5420166.500000	-5206605.500000	-9851321.000000	9691913.000000	46334508.000000	37421244.000000	23989248.000000	-4080442.250000	-20410900.000000	-24533012.000000	-27269220.000000	-22086234.000000	-18059116.000000	-14914935.000000	-13158019.000000	-10985783.000000	-19308374.000000	26410210.000000	79758096.000000	54988072.000000	27947158.000000	-6621604.000000	-24191054.000000	-29461082.000000	-25772004.000000	-19069068.000000	-16570469.000000	-13636980.000000	-10327056.000000	-10504240.000000	-10984471.000000	32244846.000000	48530000.000000	24954324.000000	10588080.000000	-4736902.000000	-9659416.000000	-9382885.000000	-6474807.500000	-4096145.750000	-3924302.000000	-3344946.750000	-2212651.000000	-2794108.000000	228273.890625	4420439.000000	2469883.250000	716774.250000	125182.601562	-31302.396484	-0.000000	
0.000000	204783.687500	606917.312500	808332.375000	-227035.234375	-1657071.625000	-2691651.750000	-3839345.000000	-3845708.000000	-3783495.000000	-3681501.250000	-3763971.000000	-3594500.750000	-7149990.500000	10973343.000000	36921832.000000	28197008.000000	15799339.000000	-4111087.750000	-16443628.000000	-21872028.000000	-20859116.000000	-16804836.000000	-15888109.000000	-14222663.000000	-11718491.000000	-12978275.000000	-14795809.000000	47437036.000000	78165784.000000	44141248.000000	20648222.000000	-10232601.000000	-23247896.000000	-25338258.000000	-19788796.000000	-14319227.000000	-15898598.000000	-15965863.000000	-12707447.000000	-19845336.000000	2080599.125000	54448512.000000	44390576.000000	21272030.000000	7718496.000000	-7082502.000000	-10361354.000000	-10840091.000000	-8241176.500000	-6950889.000000	-7552284.000000	-5372104.500000	-4869585.000000	-3565938.250000	5814827.500000	9082412.000000	4328844.500000	2037239.500000	13613.947266	-429654.718750	-225066.859375	-66921.960938	-0.000000	
0.000000	69828.015625	-66675.773438	-554078.125000	-1216956.625000	-1693460.250000	-1843751.125000	-2236951.750000	-2476484.250000	-2455095.250000	-3203469.250000	-4232475.500000	15521194.000000	28945192.000000	18340524.000000	9558530.000000	-5247115.000000	-13142710.000000	-15731506.000000	-13451237.000000	-10630653.000000	-12867866.000000	-14070102.000000	-12184163.000000	-20697656.000000	2360932.500000	67272624.000000	59793004.000000	31294368.000000	12431946.000000	-12528109.000000	-20206074.000000	-23416638.000000	-19834536.000000	-18770710.000000	-23081862.000000	-18779700.000000	-19728240.000000	-17020684.000000	33395058.000000	64508432.000000	39455188.000000	25093586.000000	244679.953125	-12751056.000000	-13877150.000000	-15141810.000000	-11835072.000000	-11283847.000000	-9126449.000000	-7157206.500000	-7762975.000000	172660.203125	13795493.000000	12750052.000000	6811298.500000	1828747.750000	-1744444.375000	-940844.062500	-818792.312500	-545000.812500	-233357.953125	-58714.062500	-0.000000	
-0.000000	-58086.570312	-255141.796875	-453247.656250	-591488.062500	-1044685.625000	-1543708.250000	-1715458.250000	-3603925.750000	494629.750000	16605118.000000	17104332.000000	10239382.000000	4603613.500000	-5205382.500000	-9353850.000000	-12007679.000000	-11213039.000000	-11653979.000000	-15689665.000000	-13942126.000000	-15967467.000000	-14999676.000000	32019874.000000	67278952.000000	44771256.000000	31003812.000000	329577.812500	-18758728.000000	-22351502.000000	-26784072.000000	-23080030.000000	-24375236.000000	-21965174.000000	-19327866.000000	-23725790.000000	603582.187500	55889940.000000	60857648.000000	39117880.000000	12988802.000000	-15899712.000000	-11588795.000000	-14715943.000000	-16174235.000000	-14388361.000000	-13284684.000000	-9516772.000000	-9425985.000000	-8625549.000000	3417885.250000	16067989.000000	11072069.000000	4938097.000000	-520698.750000	-2485778.750000	-909135.500000	-1668188.375000	-1250829.500000	-762045.687500	-397365.593750	-126712.093750	-35433.722656	-0.000000	
-0.000000	-49558.039062	-189010.343750	-528672.875000	-775737.937500	-1296328.750000	-1645697.000000	4508209.000000	11714772.000000	9379851.000000	7652770.500000	94278.726562	-6137775.000000	-8276876.000000	-11128682.000000	-10684269.000000	-12499233.000000	-12417550.000000	-11999895.000000	-16127369.000000	448101.906250	45235700.000000	53631508.000000	37507032.000000	13546647.000000	-18041990.000000	-14318273.000000	-19822010.000000	-23794740.000000	-23174894.000000	-23499036.000000	-18559024.000000	-20361904.000000	-20759628.000000	9229918.000000	49108204.000000	38705524.000000	20005804.000000	-2485362.500000	-14276043.000000	-6457195.000000	-15204679.000000	-15407024.000000	-13696051.000000	-11792797.000000	-7812801.500000	-8017258.500000	-7341317.000000	8067516.500000	16727696.000000	6378927.500000	4060613.500000	-1786078.375000	-2700436.500000	-347310.125000	-2323719.000000	-1879752.875000	-1305012.500000	-783287.062500	-306437.218750	-179546.859375	-108118.023438	58298.527344	0.000000	
-0.000000	-54881.593750	-194620.578125	-543421.562500	24932.326172	3672488.500000	5884208.000000	5280768.500000	2358774.750000	-3779906.750000	-3534225.250000	-5670266.000000	-7785536.500000	-8581783.000000	-9763762.000000	-8591393.000000	-10441260.000000	-11736020.000000	5730485.000000	33380810.000000	28735140.000000	16192119.000000	-2190254.500000	-13688166.000000	-6734519.500000	-17253310.000000	-19035798.000000	-18448240.000000	-17348986.000000	-12583841.000000	-14181583.000000	-14316585.000000	17427356.000000	40259552.000000	17226142.000000	12410354.000000	-6243738.000000	-10940329.000000	-1657756.250000	-13345320.000000	-13351069.000000	-11894517.000000	-9648096.000000	-5507517.000000	-5328493.000000	-6666330.500000	13190665.000000	19104856.000000	5012249.500000	6080664.500000	-2532005.500000	-2686110.750000	-29156.000000	-3210042.750000	-2337033.750000	-2079583.000000	-1420841.375000	-606987.437500	-399917.000000	-382272.750000	519149.937500	381551.843750	28851.636719	0.000000	
-0.000000	-51869.449219	92940.007812	1124786.875000	1598819.125000	1314567.250000	-240304.875000	-1927212.875000	-1172630.750000	-3614673.500000	-4698667.500000	-5277287.000000	-5676513.000000	-4659861.000000	-5892394.500000	-6627472.000000	8936470.000000	22759892.000000	10695019.000000	8435814.000000	-4635377.000000	-8854786.000000	-1460916.875000	-12795769.000000	-13924472.000000	-13497147.000000	-11920486.000000	-7418488.500000	-7839017.500000	-10737255.000000	23332728.000000	37257116.000000	10827403.000000	14634701.000000	-6837620.500000	-8209495.000000	-101922.984375	-13004906.000000	-11154965.000000	-11943226.000000	-10091620.000000	-5532378.000000	-4925955.500000	-6870489.500000	15407046.000000	23525684.000000	6527991.500000	8395399.000000	-2789352.750000	-5006942.500000	672725.687500	-3892844.250000	-3155724.500000	-3149647.000000	-2522149.000000	-1244645.500000	-739918.812500	-960343.062500	675747.562500	1588432.500000	296719.750000	89167.203125	8744.067383	-0.000000	
0.000000	100591.437500	173457.421875	284249.937500	-257911.718750	-718881.250000	-160285.234375	-1801568.750000	-2424562.500000	-2827734.500000	-2942372.000000	-2122126.000000	-2564892.750000	-3976060.750000	9694661.000000	17247164.000000	5552120.000000	8273421.000000	-4245203.500000	-5580322.000000	-75668.039062	-10525795.000000	-9830442.000000	-11451412.000000	-10525036.000000	-6277793.500000	-6086153.000000	-9254379.000000	22666090.000000	37892100.000000	11547245.000000	16372191.000000	-6025527.500000	-12050510.000000	1816679.750000	-11897605.000000	-11031720.000000	-12760223.000000	-12038544.000000	-7148107.000000	-5255322.500000	-8753033.000000	8323483.500000	28548488.000000	8805886.000000	5497862.500000	1978438.750000	-8425754.000000	645119.250000	-2616210.750000	-5221508.500000	-3371658.250000	-3196547.250000	-1897965.625000	-1199400.000000	-1396238.625000	267863.875000	3575526.500000	1622439.375000	-107406.859375	220868.765625	-88715.453125	-23946.396484	0.000000	
0.000000	36565.871094	-68850.937500	-188032.375000	-4210.159180	-854543.187500	-1078551.875000	-1612291.125000	-1832644.625000	-1315236.000000	-1502264.625000	-2647299.250000	7416247.000000	14031640.000000	4797837.000000	7579059.000000	-3089794.500000	-6812503.000000	1127903.375000	-8087278.500000	-8189994.500000	-10327756.000000	-10609106.000000	-6853753.000000	-5481028.500000	-9932389.000000	10283891.000000	38454104.000000	12954787.000000	8855239.000000	3499624.250000	-16431387.000000	1393579.125000	-6296591.500000	-14100560.000000	-10304717.000000	-11174428.000000	-7689263.500000	-5724891.500000	-8018719.500000	1902520.875000	32589082.000000	19984308.000000	-1930395.875000	6554822.000000	-5470008.500000	-5418128.000000	825193.250000	-6053607.500000	-4531195.000000	-3346373.500000	-3344972.250000	-2121170.250000	-1515852.125000	-1624338.000000	1571863.000000	5111548.500000	1123857.375000	-580434.937500	402846.062500	-135253.906250	-88824.328125	-5122.895508	-0.000000	
-0.000000	-30109.080078	18292.927734	-272505.781250	-455690.156250	-838465.250000	-1163983.375000	-964967.875000	-954369.875000	-2080896.000000	2538406.000000	11000146.000000	4238750.500000	3279140.500000	1454080.750000	-7606461.500000	714605.187500	-3559646.000000	-8754471.000000	-7004528.500000	-8295941.500000	-6223468.000000	-5045127.000000	-7688514.500000	1984230.625000	36980032.000000	24691158.000000	-2600195.250000	9643132.000000	-8810376.000000	-9584028.000000	1609241.125000	-13076933.000000	-10905499.000000	-9036802.000000	-10223157.000000	-7415146.000000	-6141199.500000	-7753175.500000	9027345.000000	36305112.000000	10243382.000000	-7149475.500000	7240248.500000	-4013991.000000	-5476721.500000	-1159109.875000	-5504465.500000	-3763667.500000	-3176258.250000	-3351713.750000	-2216000.750000	-1594793.625000	-1759912.750000	1940614.000000	6473195.000000	2390941.000000	-996367.937500	62459.679688	-6962.574219	-182143.140625	-49059.511719	-24524.839844	-0.000000	
0.000000	-15732.495117	-141984.593750	-236021.875000	-461585.000000	-505256.093750	-553528.625000	-1082497.375000	345499.000000	7747542.500000	6094598.000000	-743809.437500	3155191.250000	-3262527.500000	-3982128.000000	744954.250000	-6705643.000000	-6165195.000000	-5610587.000000	-6949088.500000	-5505035.000000	-4970509.500000	-6832575.500000	8655606.000000	37864348.000000	11623543.000000	-8833372.000000	9752435.000000	-5905186.500000	-8821188.000000	-2050328.375000	-10734471.000000	-8130231.000000	-7644492.000000	-9051223.000000	-6772709.000000	-5575048.500000	-7129967.500000	9262802.000000	37176120.000000	16981816.000000	-9081381.000000	769343.687500	-125136.554688	-5405543.500000	-3024906.500000	-5549007.500000	-4565777.500000	-2864127.250000	-3414083.250000	-2579526.500000	-1588846.000000	-1149161.250000	-1119487.250000	1589941.875000	3356292.500000	592584.875000	-620603.000000	112650.734375	-33871.300781	-112305.226562	-16175.465820	-11278.023438	-0.000000	
-0.000000	-27248.187500	-90995.437500	-234153.796875	-306299.375000	-403533.906250	-749639.500000	1218658.125000	6593031.000000	2435203.000000	-2180369.750000	2789772.500000	-1932151.625000	-3266531.250000	-851903.812500	-4969230.000000	-4169053.000000	-4321653.000000	-5619540.500000	-4603681.000000	-4138939.000000	-5770789.500000	8162951.500000	35645232.000000	17711154.000000	-10304978.000000	950545.125000	-168555.828125	-7952370.500000	-4872124.500000	-9815538.000000	-8903898.000000	-6187054.500000	-8216880.000000	-6965950.500000	-4855951.000000	-4017215.750000	-4535399.500000	7588998.500000	19275478.000000	4208873.500000	-5656477.000000	1387569.250000	-608760.187500	-3332932.750000	-997345.187500	-2551773.500000	-2319625.750000	-1205332.375000	-1774025.000000	-1424860.000000	-905040.187500	-645909.187500	-428452.625000	-312415.593750	91516.296875	261411.609375	-8860.177734	-62081.140625	37475.125000	7160.687988	-13428.249023	-1228.398315	-0.000000	
-0.000000	-19100.322266	-91140.656250	-155123.859375	-230289.984375	-468505.125000	895602.312500	5018638.500000	3083908.500000	-2158955.750000	234626.109375	-48216.925781	-2601981.250000	-1804172.750000	-4078319.500000	-4121816.500000	-3172623.000000	-4645240.500000	-4324878.500000	-3300784.250000	-2982397.500000	-3670821.500000	6687893.000000	18481728.000000	4389636.500000	-6418613.000000	1714379.750000	-819984.875000	-4903247.000000	-1606393.500000	-4513786.000000	-4523591.500000	-2603744.750000	-4269653.000000	-3847800.750000	-2766052.250000	-2257956.750000	-1735798.125000	-1491200.125000	525586.000000	1856693.250000	-80755.953125	-764681.062500	673530.750000	212510.953125	-827957.562500	-277938.250000	-350643.250000	-540361.437500	-294766.656250	-231766.500000	-213507.968750	-141285.968750	-95269.890625	-63348.851562	-20270.115234	-6455.119141	-13736.332031	-2655.695801	6083.840820	909.511292	-1707.303833	283.458221	0.000000	
-0.000000	-20530.474609	-70143.140625	-111221.945312	-165940.171875	-298017.906250	733765.500000	2602118.000000	764334.062500	-1344738.500000	423165.843750	-234564.109375	-1604321.250000	-594855.750000	-1875461.125000	-2094073.125000	-1335158.875000	-2413758.500000	-2388944.750000	-1880196.500000	-1676316.375000	-1404904.750000	-1314137.375000	503942.781250	1936434.750000	-91636.757812	-944784.312500	907229.187500	312635.687500	-1333566.000000	-491639.937500	-683802.875000	-1167282.500000	-709432.687500	-625879.937500	-652539.187500	-493904.750000	-385968.687500	-302372.250000	-116413.031250	-45847.910156	-125199.601562	-32711.388672	109343.304688	26991.974609	-105268.765625	64135.453125	211512.968750	-18663.234375	-7951.228027	52961.886719	-67436.093750	-65879.367188	-37595.207031	-35764.292969	-20485.677734	-10708.559570	-7872.717773	-3841.221436	-1824.274292	-961.923401	-257.842224	-19.770462	-0.000000	
-0.000000	-10668.040039	-38745.156250	-63354.371094	-93270.007812	-114058.062500	-144181.234375	70952.164062	337176.656250	-19198.458984	-233204.156250	259521.156250	102293.046875	-493826.343750	-204274.562500	-316547.875000	-598563.875000	-401062.875000	-388583.656250	-443557.000000	-366676.937500	-312391.906250	-266469.062500	-111619.218750	-47816.992188	-142068.609375	-40415.812500	147282.703125	39709.269531	-169553.187500	113448.039062	412479.593750	-40316.101562	-19136.699219	143022.312500	-206103.296875	-230299.812500	-152310.156250	-170707.609375	-117651.023438	-76058.250000	-71755.773438	-47314.035156	-32787.210938	-28547.433594	-15898.008789	-4473.278809	-13416.734375	3274.937500	48540.160156	26888.871094	4951.092285	15783.893555	32256.634766	-1731.368896	-13171.761719	-3700.280029	-5040.433594	-3459.845215	-2212.187256	-1136.042603	161.163391	107.378777	-0.000000	
-0.000000	-1772.569458	-6302.253418	-14945.924805	-20401.853516	-25361.730469	-29235.787109	-15715.327148	-8326.009766	-29764.238281	-9975.964844	42131.558594	12992.702148	-62786.417969	47137.234375	190946.156250	-20673.455078	-10818.531250	88796.804688	-140096.656250	-170975.531250	-123275.437500	-150438.062500	-112806.234375	-79324.812500	-81423.914062	-58457.785156	-44163.558594	-41997.585938	-25606.437500	-7912.701172	-26164.490234	7074.481934	116824.531250	72612.757812	15131.903320	55177.031250	130681.906250	-8264.047852	-75646.570312	-26281.484375	-45940.957031	-42616.457031	-39759.070312	-33714.847656	9936.996094	24295.595703	-18466.896484	-18511.820312	-5214.182129	-6220.821777	-3346.713867	2680.824951	14240.448242	15704.874023	-4253.645020	4170.714355	17255.515625	11520.722656	4089.342285	1325.165771	1377.842773	-301.094208	-0.000000	
-0.000000	-47.814442	1440.153076	-4720.642578	-9513.054688	-10008.192383	-16505.386719	-15882.452148	-13812.226562	-17058.806641	-14429.322266	-12633.387695	-13741.428711	-9482.195312	-3287.697754	-12112.136719	3627.681641	66044.296875	45082.339844	10285.759766	40963.656250	105770.156250	-7282.788086	-72531.500000	-27410.224609	-52130.898438	-52653.792969	-53554.480469	-49599.628906	16005.215820	42976.039062	-36013.007812	-39989.019531	-12549.285156	-16799.181641	-10228.480469	9371.575195	57692.589844	74961.390625	-24429.052734	29622.773438	157275.140625	141905.875000	73496.695312	39327.539062	84954.890625	-68125.789062	-84670.953125	97000.140625	42273.269531	-48738.648438	-50510.316406	-17920.238281	-2541.238281	-21989.199219	-10432.838867	-3176.788086	-7086.354004	-1331.477051	2359.167480	1443.214355	328.064392	35.775631	0.000000	
0.000000	291.894623	731.169006	346.584991	2279.211914	8587.015625	-799.034729	-10212.006836	-4772.734375	-10921.741211	-12996.705078	-15319.745117	-16228.785156	5926.813477	17856.382812	-16671.238281	-20505.732422	-7094.475098	-10429.936523	-6952.707520	6957.496582	46694.714844	66060.593750	-23423.082031	30895.017578	178465.906250	175328.578125	98998.218750	57856.750000	136834.250000	-120506.468750	-165120.078125	209538.562500	101741.625000	-131617.562500	-154373.453125	-62645.222656	-10295.366211	-104957.289062	-59916.699219	-22563.347656	-64588.468750	-16400.396484	42400.707031	42830.921875	20227.761719	8094.619141	36081.308594	108274.507812	167956.046875	61405.769531	40715.558594	189370.265625	21145.787109	-54430.636719	24126.183594	-18134.378906	-25431.974609	-6904.520508	-10283.433594	-5595.672363	-826.445312	-336.334229	-0.000000	
-0.000000	-31.355307	-169.158173	-234.275726	387.114136	3790.939453	7247.871582	-3297.831543	5379.514648	37389.691406	43276.917969	28319.339844	18930.478516	50670.425781	-50069.988281	-76437.835938	107448.046875	57517.492188	-81716.054688	-104933.812500	-46508.074219	-8332.771484	-92494.828125	-57449.371094	-23532.400391	-73290.914062	-20263.138672	57112.699219	63010.750000	32580.238281	14318.423828	70363.546875	233893.328125	404229.937500	165824.812500	124437.960938	661996.875000	85668.320312	-259804.484375	138558.765625	-128800.625000	-231799.375000	-85046.054688	-184821.500000	-166065.281250	-50956.878906	-76099.210938	-32750.958984	34806.574219	-37957.585938	-6162.503906	46649.230469	178264.140625	313213.718750	404063.343750	137606.078125	125636.046875	204023.875000	-39364.269531	7054.582031	25655.503906	-14905.166992	-2095.172852	-0.000000	
0.000000	254.208893	-1325.313721	-3535.809082	-2587.702637	-676.501221	-10148.116211	-8088.531738	-4097.518066	-15354.893555	-5001.615234	16337.606445	20616.845703	12064.629883	5949.251953	32572.882812	119936.773438	228522.906250	102953.960938	84585.460938	491469.218750	69337.468750	-228955.703125	132853.015625	-134332.375000	-263031.281250	-105076.726562	-248949.968750	-244307.109375	-82074.687500	-134610.515625	-63868.906250	75188.757812	-91354.804688	-16641.695312	142572.906250	623172.312500	1268928.500000	1928646.625000	790283.625000	892338.312500	1859572.625000	-484867.218750	126790.187500	761389.937500	-919021.250000	-474055.281250	-63853.554688	-676442.937500	-448320.437500	-116595.210938	-178834.140625	-49363.656250	-53339.796875	-100659.203125	7659.774414	29716.789062	24212.179688	48121.929688	6042.566895	26338.791016	25614.687500	-1596.753052	0.000000	
0.000000	1009.998047	1669.761230	2850.158936	27345.277344	5629.205078	-25119.990234	18704.919922	-23390.275391	-55106.656250	-25936.425781	-71214.398438	-79936.226562	-30392.679688	-55930.167969	-29566.365234	38555.597656	-51645.523438	-10332.159180	96912.507812	462645.687500	1027034.062500	1699642.125000	757740.312500	930662.562500	2110125.500000	-599066.687500	170783.234375	1120119.500000	-1480239.500000	-838547.750000	-124523.281250	-1461244.250000	-1078999.750000	-314862.593750	-546566.375000	-172564.515625	-216096.515625	-480459.375000	43990.750000	211065.468750	220681.562500	592739.250000	108601.492188	781668.125000	1579347.750000	-361282.468750	159805.171875	908227.187500	-465990.312500	-246880.640625	125244.007812	-418288.062500	-330277.312500	-66376.929688	-105346.054688	-50107.445312	-381.690887	-36623.144531	-6984.819824	-19.151428	-2741.059082	861.635864	0.000000	
0.000000	-228.256668	-167.572372	3265.526367	25741.541016	83380.398438	186477.093750	106685.359375	162049.203125	442084.156250	-147869.562500	48854.093750	366498.281250	-548140.312500	-348413.468750	-57644.652344	-749302.750000	-609989.875000	-195485.531250	-371523.062500	-128112.601562	-174902.281250	-423410.406250	42179.242188	220130.328125	250415.500000	732345.500000	146283.515625	1149951.875000	2543807.250000	-639065.937500	311642.250000	1961941.750000	-1121526.875000	-666695.312500	382780.218750	-1462243.250000	-1338058.625000	-316825.656250	-605011.500000	-355891.437500	-3478.916016	-451103.593750	-125536.367188	-568.365540	-169007.937500	194954.328125	26623.683594	206208.171875	967667.687500	43445.011719	-146143.312500	524268.968750	-27779.314453	-199570.515625	51466.250000	-95477.015625	-128460.289062	-37808.832031	-16375.268555	-11949.645508	44.951111	-571.670471	-0.000000	
-0.000000	-2695.959717	-3170.486816	-12518.696289	-7128.167480	-14199.549805	-46454.683594	5938.588379	38329.621094	52463.574219	180767.203125	41845.726562	376259.281250	941984.875000	-265529.531250	144266.265625	1006052.500000	-634031.687500	-413924.312500	260191.031250	-1085575.375000	-1082986.000000	-279206.281250	-580097.562500	-371176.312500	-3947.654297	-557350.812500	-169094.359375	-836.151489	-272215.937500	344851.187500	51919.871094	445448.500000	2328944.000000	117322.218750	-446654.250000	1832729.250000	-112542.851562	-952575.937500	295575.156250	-678131.812500	-1170849.375000	-465708.250000	-294308.500000	-354635.000000	2771.591064	-129346.554688	-214555.000000	25530.154297	-85603.445312	-90489.156250	12195.499023	-55341.343750	224437.468750	287187.937500	-75021.750000	52876.742188	110311.812500	-43722.175781	-19320.521484	3261.664062	-7910.037598	-2163.171631	-0.000000	
0.000000	-2802.217041	-6713.241211	8767.295898	-60401.265625	-87922.882812	-30633.257812	-81674.312500	-64630.109375	-827.057617	-137572.687500	-48370.980469	-273.585144	-100802.960938	143284.375000	24034.886719	228418.890625	1316619.625000	72840.648438	-303608.781250	1360625.750000	-91088.929688	-839468.562500	283403.562500	-707256.312500	-1328606.000000	-575395.250000	-396426.218750	-521721.593750	4464.117188	-228798.765625	-418411.968750	55149.941406	-206026.953125	-244363.828125	37272.808594	-193461.187500	909267.687500	1370785.125000	-430856.437500	375560.531250	1005435.375000	-538545.500000	-347242.750000	96797.867188	-487716.312500	-489440.718750	-194438.093750	-184017.703125	-147739.671875	11148.458008	-54686.687500	-69707.296875	9746.296875	-17805.599609	-11105.908203	24379.617188	-2053.518799	51609.304688	56836.484375	-7149.436035	2741.273438	2861.838867	-0.000000	
0.000000	5819.037109	1181.367798	-10230.283203	75705.023438	-7395.111328	-92102.710938	39901.546875	-123149.164062	-278351.062500	-142026.656250	-113401.320312	-170705.062500	1653.085571	-95065.031250	-193692.390625	28280.011719	-116473.015625	-151715.671875	25335.818359	-143626.390625	735935.000000	1208020.250000	-413114.093750	391690.187500	1140904.625000	-665387.687500	-467727.375000	142404.281250	-785549.750000	-865762.812500	-379181.218750	-397512.906250	-355573.968750	30106.144531	-167137.578125	-243681.406250	39485.351562	-84988.429688	-63782.195312	173157.843750	-18716.767578	635694.812500	1021507.500000	-212177.015625	169021.156250	647521.687500	-278414.312500	-236482.718750	145478.843750	-187233.328125	-239431.093750	-72755.906250	-99714.406250	-81569.117188	-25149.263672	-30728.173828	-23680.841797	-7917.605469	-5430.111328	-2529.858887	2935.552490	818.451172	0.000000	
0.000000	-514.773438	-2460.604248	853.705933	-7991.352051	59747.335938	132538.546875	-58164.019531	68202.031250	239026.468750	-164239.781250	-133797.656250	46594.066406	-290893.125000	-359721.187500	-175531.593750	-203838.281250	-201016.265625	18691.695312	-113610.101562	-180910.078125	31958.302734	-74897.039062	-61155.691406	180594.656250	-21238.607422	785418.250000	1375945.250000	-312144.437500	272237.218750	1145389.250000	-542946.500000	-510847.218750	350132.687500	-505619.156250	-731767.375000	-254338.687500	-403974.812500	-389339.968750	-144434.406250	-218248.890625	-215838.687500	-97524.671875	-97593.992188	-75079.757812	181000.000000	185183.328125	173953.890625	884959.187500	289748.937500	-99133.351562	502727.781250	46170.621094	-180136.546875	120759.187500	-54033.355469	-120867.007812	-32093.572266	-39902.066406	-25045.136719	-8816.981445	-4734.545898	-818.782104	-0.000000	
-0.000000	-888.427551	303.151703	-3828.162109	-10065.811523	2594.554688	-8217.366211	-8610.359375	31445.574219	-4449.617676	193867.312500	393601.625000	-102132.312500	100810.843750	475904.968750	-251342.250000	-261954.328125	197940.171875	-313918.593750	-497411.593750	-188822.093750	-326965.562500	-343110.343750	-138486.703125	-227622.281250	-244920.125000	-120494.390625	-131456.687500	-110453.656250	291531.156250	327567.437500	339234.156250	1911678.500000	697356.250000	-267707.250000	1536474.625000	161402.359375	-729790.500000	576399.250000	-310318.250000	-858465.937500	-292516.406250	-491491.500000	-450129.781250	-261665.515625	-291922.156250	-185258.203125	-144841.390625	-73782.921875	8883.766602	188416.343750	430010.937500	158953.406250	675525.312500	437674.906250	-50114.468750	316935.375000	28587.000000	-62867.996094	35734.917969	-28807.720703	-10843.305664	-2074.981934	-0.000000	
-0.000000	874.832153	-5091.296387	-16760.587891	-10506.035156	-26544.900391	-37644.523438	-19498.109375	-39634.136719	-51312.257812	-29742.019531	-37604.378906	-36139.960938	107955.492188	136103.046875	157039.187500	980278.312500	394235.718750	-166208.671875	1044403.312500	119825.781250	-590671.375000	507958.500000	-297539.562500	-895335.437500	-331929.125000	-607251.187500	-606313.625000	-384949.500000	-470190.093750	-327699.875000	-282460.750000	-159385.015625	21381.095703	508813.875000	1314232.000000	555666.250000	2736768.250000	2089078.875000	-287811.750000	2251054.500000	260555.796875	-774373.125000	642254.500000	-854939.687500	-668575.437500	-469486.843750	-616719.187500	-285683.812500	-424200.500000	-281328.343750	-239256.656250	-202773.453125	-120605.820312	-87831.640625	281764.187500	277091.250000	157176.625000	385565.375000	87043.015625	49722.617188	30721.373047	-4030.646729	0.000000	
0.000000	1742.395508	-2695.659424	35191.808594	6667.089844	-47954.019531	55730.921875	-41891.812500	-155897.953125	-69541.171875	-149889.765625	-173441.515625	-125953.812500	-174113.812500	-136158.062500	-130757.492188	-81730.093750	12087.354492	315902.062500	893336.062500	412528.906250	2215061.000000	1841025.000000	-275959.875000	2347733.000000	295662.281250	-956759.125000	865100.812500	-1257745.250000	-1076854.125000	-830466.750000	-1202687.875000	-617130.875000	-1020948.875000	-759720.500000	-731234.312500	-708851.500000	-488612.593750	-419231.781250	1618196.250000	1968059.000000	1432584.125000	4749180.500000	1564401.625000	1475640.500000	1894215.250000	-911976.937500	218157.187500	-686033.187500	-485539.687500	-435198.968750	-206453.000000	-73646.289062	-207295.984375	-148133.593750	-233515.593750	-148744.546875	-149366.359375	-97054.195312	-24619.074219	24696.433594	14845.872070	15882.545898	0.000000	
-0.000000	53.422234	5123.465332	30101.503906	22953.050781	179831.109375	201988.984375	-38853.519531	408792.906250	61943.046875	-236159.921875	247469.953125	-411528.843750	-398764.593750	-345055.843750	-556751.500000	-316454.875000	-577172.000000	-471679.906250	-497049.218750	-526254.250000	-395468.906250	-369452.875000	1551560.125000	2052583.500000	1625606.000000	5867742.000000	2107210.000000	2170890.000000	3050954.750000	-1613179.500000	425436.750000	-1481960.875000	-1168577.625000	-1175244.375000	-630977.250000	-257451.265625	-839822.062500	-707060.812500	-1341100.375000	-1056468.000000	-1361397.500000	-1195459.750000	-442472.281250	732927.187500	915365.250000	3593595.750000	2080456.500000	1289329.750000	1231142.375000	-480713.843750	-206456.937500	-539121.187500	-389385.656250	-316466.218750	-134161.281250	-109823.335938	-13794.914062	-33853.820312	-26686.636719	-31772.867188	-18176.277344	221.366852	0.000000	
-0.000000	-2550.915527	-7649.951660	-16748.376953	-29280.712891	-32106.388672	-40534.707031	218450.500000	357400.750000	340574.343750	1448353.625000	602786.562500	710305.812500	1129784.250000	-670270.000000	196944.312500	-759926.000000	-660630.812500	-729662.000000	-428900.500000	-191132.875000	-679727.750000	-623105.562500	-1285874.750000	-1101841.375000	-1544827.875000	-1477023.250000	-595999.187500	1078246.500000	1474350.875000	6356646.500000	4057178.500000	2785195.000000	2963064.250000	-1298156.375000	-630989.312500	-1884649.375000	-1577525.250000	-1510534.250000	-770499.875000	-780027.500000	-125733.546875	-416992.562500	-479632.031250	-942937.687500	-1120711.000000	50086.617188	3260142.500000	3668566.000000	4099180.500000	5455884.000000	2041465.625000	1734079.750000	-104784.914062	-938310.687500	-734440.000000	-648381.875000	-398442.125000	-260686.640625	-183587.187500	-67695.601562	-22977.138672	-5963.132324	-0.000000	
-0.000000	-2919.776611	-11834.041016	-14452.065430	-10634.606445	-55184.117188	-68364.335938	-181043.578125	-191855.250000	-323650.843750	-364578.375000	-170490.968750	352797.593750	545959.687500	2641162.750000	1878159.875000	1428203.625000	1675106.250000	-805973.062500	-428908.656250	-1399171.375000	-1276803.375000	-1331175.750000	-738771.250000	-813528.250000	-142674.484375	-515205.687500	-646052.437500	-1387203.625000	-1805095.000000	88597.304688	6357729.500000	7924793.500000	9865744.000000	14733485.000000	6239281.500000	6061962.500000	-424517.062500	-4478678.500000	-4217952.500000	-4605175.000000	-3631595.000000	-3210993.500000	-3299565.000000	-2009032.875000	-1416722.000000	-1349222.500000	-1768710.125000	-1587759.875000	-1761859.500000	733057.062500	2722486.500000	2635961.750000	3888351.250000	1628206.125000	661954.125000	-77629.929688	-466174.593750	-247984.531250	-164295.343750	-71629.609375	-42794.195312	-12319.028320	-0.000000	
0.000000	7403.433105	-13071.693359	-14452.339844	-77849.703125	-103658.070312	-146050.625000	-104014.625000	-141653.484375	-29891.173828	-127169.875000	-184809.171875	-453887.062500	-668436.000000	36811.851562	2943137.250000	4063708.000000	5577391.500000	9147429.000000	4241089.500000	4500426.000000	-343591.843750	-3946887.250000	-4044260.250000	-4802958.500000	-4120904.750000	-3967270.000000	-4444432.000000	-2955590.500000	-2281871.000000	-2386615.000000	-3449229.750000	-3429860.250000	-4240373.000000	1979603.125000	8320669.500000	9214744.000000	15752950.000000	7771638.500000	3801660.000000	-551371.750000	-4248941.500000	-3054536.000000	-2952838.000000	-2125784.250000	-2638600.250000	-2787312.000000	-1575825.500000	-1180677.750000	-1330625.375000	-1521543.250000	-1202855.375000	-1282717.375000	-450738.250000	717347.437500	1000701.875000	1528918.375000	498729.156250	115790.437500	-52470.667969	-112611.195312	-35887.734375	-8073.256348	-0.000000	
0.000000	24650.283203	148357.781250	142906.109375	250403.062500	-27894.716797	-433034.718750	-569407.937500	-836302.687500	-863354.625000	-979254.062500	-1271370.250000	-967056.500000	-844988.562500	-991629.625000	-1596726.750000	-1758777.750000	-2397206.000000	1229056.000000	5655892.000000	6841064.000000	12749982.000000	6848846.500000	3645110.500000	-575052.125000	-4821430.500000	-3773962.500000	-3977399.500000	-3127349.500000	-4249913.000000	-4930425.500000	-3073078.000000	-2550486.250000	-3202496.250000	-4108891.500000	-3676257.500000	-4484098.500000	-1826084.250000	3423992.250000	5747117.500000	10859244.000000	4545659.500000	1426242.375000	-943041.750000	-3342013.000000	-2212762.250000	-1826660.625000	-1599736.000000	-1489729.125000	-252640.000000	437642.625000	-24528.634766	-985876.312500	-1017422.625000	-788539.437500	-472528.968750	331634.593750	694463.750000	472243.250000	416199.781250	145790.968750	11527.027344	3237.580078	-0.000000	
-0.000000	-10594.882812	19933.474609	190578.734375	380635.843750	1035115.187500	751424.625000	513210.000000	-100129.453125	-1010119.062500	-931539.312500	-1137771.250000	-1023255.250000	-1573764.625000	-2048573.375000	-1422597.500000	-1307848.750000	-1810464.000000	-2551045.500000	-2498899.250000	-3329013.000000	-1477979.750000	3017432.750000	5510455.500000	11325628.000000	5158127.500000	1762161.375000	-1270253.875000	-4916606.000000	-3564028.500000	-3231146.750000	-3119706.750000	-3218095.500000	-608043.875000	1181843.500000	-74966.273438	-3446407.250000	-4121903.250000	-3763800.750000	-2713775.000000	2355456.750000	6329679.500000	5816830.500000	7480251.000000	4326704.500000	710732.250000	732537.125000	-2601527.500000	-2749732.750000	-2343925.500000	-1948158.500000	-1412718.250000	-1233173.750000	-1020242.250000	-622230.437500	-393785.218750	-208694.234375	-119694.718750	-87811.046875	51015.015625	59535.589844	4869.817383	2343.850586	0.000000	
-0.000000	-8001.670898	-41374.191406	-84201.945312	-185225.828125	-119990.703125	331059.156250	775839.562500	1972045.625000	1080659.125000	434959.968750	-363367.656250	-1608692.250000	-1319778.125000	-1342529.375000	-1444183.000000	-1650188.125000	-343744.843750	733759.125000	-50957.574219	-2558627.000000	-3336149.250000	-3316893.000000	-2602023.750000	2456619.250000	7182521.000000	7186852.500000	10075712.000000	6365235.000000	1144754.750000	1295771.625000	-5073339.000000	-5939940.500000	-5641266.500000	-5260956.000000	-4317656.500000	-4310905.000000	-4133326.250000	-2969986.500000	-2261542.750000	-1482264.625000	-1090955.750000	-1081607.875000	916879.687500	1766864.500000	300262.718750	530321.250000	125534.578125	-781235.687500	-323955.312500	-412977.187500	-499546.218750	-295912.687500	-231512.812500	-154263.250000	-95380.796875	-56684.738281	-29937.527344	-17483.019531	-8914.342773	-3674.207031	-1194.209717	-202.409241	-0.000000	
-0.000000	-1519.242065	11900.490234	-1717.046631	-142361.640625	-270847.343750	-363914.593750	-366349.562500	427752.437500	1504781.875000	1773954.000000	2882249.000000	2082677.500000	423908.562500	538388.250000	-2348563.750000	-3045907.000000	-3189171.500000	-3266316.000000	-2934883.750000	-3200433.500000	-3345395.000000	-2617335.000000	-2168414.000000	-1545925.125000	-1237947.750000	-1336356.000000	1235014.125000	2599324.250000	483623.968750	938075.625000	244809.812500	-1687616.250000	-779682.750000	-1115235.125000	-1526751.000000	-1034445.812500	-937932.187500	-736318.500000	-547780.187500	-402607.093750	-272865.156250	-215346.140625	-160215.171875	-109041.093750	-73632.460938	-45797.257812	-37086.054688	-31361.742188	-22606.310547	-20445.146484	-9151.965820	-2892.693359	-8662.148438	-6574.778320	-3363.304443	-452.015839	-252.908981	-568.028564	136.306961	211.511795	75.424614	-26.350241	-0.000000	
-0.000000	-14095.116211	-52974.820312	-98892.703125	-178071.671875	-271597.968750	-287162.218750	-305299.875000	-269180.187500	-259357.593750	-329857.031250	353287.000000	850487.687500	179088.453125	389766.906250	113328.015625	-865382.750000	-440777.281250	-692404.625000	-1037793.750000	-767976.812500	-759135.187500	-648889.187500	-525223.000000	-419898.343750	-309630.156250	-266066.031250	-215805.859375	-160415.906250	-118597.554688	-81009.937500	-72322.937500	-67747.273438	-54407.968750	-55211.632812	-27970.929688	-10112.220703	-35093.121094	-31382.267578	-19315.748047	-3210.472412	-2305.135254	-6996.660645	2449.809814	6277.130371	4650.523438	-5962.023438	-4882.979004	2979.520508	-2649.939209	-7660.059082	-3783.443115	-4056.822021	-3103.458252	-2106.615479	-1469.915405	1481.719604	1458.038818	-177.748169	-179.224350	-30.540972	-4.223775	-0.138710	-0.000000	
-0.000000	-1948.094482	-11229.780273	-34969.093750	-42730.121094	-61630.859375	-71193.203125	-73948.296875	-73113.703125	-64869.402344	-65673.937500	-61733.226562	-52487.394531	-43917.285156	-33659.324219	-33479.929688	-34739.722656	-30758.404297	-34278.683594	-19012.960938	-7507.354492	-28403.359375	-27655.986328	-18520.339844	-3348.356201	-2615.721924	-8644.565430	3299.833008	9234.606445	7490.455566	-10546.115234	-9522.485352	6436.325684	-6377.768066	-20685.806641	-11563.244141	-14181.759766	-12573.098633	-10055.148438	-8441.851562	10524.011719	13289.273438	-2189.403564	-3221.153076	-906.378174	-260.429077	-31.384565	-1255.410522	-2314.610107	-1745.115112	-2981.509033	-695.375854	2750.497070	1017.269104	116.673126	-331.875397	-871.979126	-455.827026	-333.785675	-116.136604	126.158501	20.153246	-12.195669	-0.000000	
-0.000000	-135.942291	-555.949646	-640.653320	-417.708160	-2305.944336	-3034.290527	-2607.554443	-583.023804	-548.009705	-2133.765869	943.947205	3021.523438	2773.754395	-4381.871582	-4408.174805	3300.445312	-3605.537354	-12842.986328	-7860.000000	-10528.596680	-10176.302734	-8861.215820	-8094.222168	10975.998047	15079.828125	-2705.067627	-4338.812988	-1333.419067	-419.465179	-55.515587	-2448.224365	-4999.993652	-4200.073730	-8051.494141	-2125.260254	9615.134766	4121.281250	556.895935	-1905.989258	-6193.289551	-4154.628418	-4111.386719	-2087.293213	3744.062500	1242.606812	-2759.400635	-2204.173340	-1571.843384	-873.454468	-876.912415	-726.138977	-464.102875	-129.123093	237.130051	254.778320	43.181976	-106.468979	-52.695454	36.639275	2.701240	-4.797875	-1.191835	-0.000000	
0.000000	-15.935320	-208.294281	-264.847504	-585.809692	-826.169434	-972.212769	-1139.618652	1911.167114	3159.315918	-667.700562	-1241.156982	-436.288971	-155.330109	-23.066519	-1133.338623	-2563.917236	-2374.423584	-4998.849121	-1444.624390	7138.315430	3335.645996	490.770966	-1827.501953	-6459.279785	-4714.410156	-5079.730957	-2811.532227	5508.081055	2001.428833	-4881.053711	-4298.443359	-3395.477783	-2102.195312	-2368.081055	-2219.281006	-1622.401733	-523.118835	1131.852417	1463.213989	306.702850	-970.409912	-649.073364	658.508179	80.165924	-295.826904	-269.665405	-690.623474	-133.213501	655.021179	42.753666	-617.655457	-2.322609	572.380554	49.156467	-234.305542	-72.284386	13.905183	-45.434216	-51.931732	-12.134708	4.381180	0.235740	-0.000000	
-0.000000	-10.494191	-81.073952	-48.677505	397.174866	270.806488	53.845184	-257.301483	-1124.705322	-987.697693	-1253.846313	-804.264282	1802.220337	741.139404	-2028.059448	-1989.846924	-1741.146973	-1188.432007	-1470.246338	-1508.534058	-1204.477783	-423.397247	997.458069	1402.959961	319.875153	-1101.159912	-801.947876	886.994202	117.936172	-476.479370	-477.006256	-1346.811401	-287.766235	1576.478882	115.455254	-1887.725342	-8.119330	2318.895996	234.630188	-1345.637085	-513.404663	126.738579	-559.633484	-933.355591	-360.127197	270.134369	53.338749	-350.747131	-132.319519	570.208923	371.170929	-232.259857	-241.914825	-83.353432	25.882420	-42.321083	-0.150235	57.031097	-10.455253	-33.929577	-11.486242	2.370519	0.370131	-0.000000	
-0.000000	-5.252489	-23.845224	-50.830978	-67.016975	-34.373768	109.436615	197.528458	55.697430	-230.699707	-197.947372	253.732742	38.588207	-176.442764	-198.194305	-623.469543	-147.561951	891.229248	71.681526	-1283.162476	-6.027824	1876.847412	206.770569	-1290.224731	-535.454407	143.814941	-691.442444	-1257.206787	-529.801453	435.097198	94.349937	-684.005493	-285.835083	1372.356079	1002.338318	-709.850159	-845.681152	-337.691284	123.540138	-243.053665	-1.067054	519.809082	-128.781998	-609.807556	-340.882385	146.161209	83.746162	-138.292679	-123.396217	7.543330	60.994595	-140.999344	-14.896737	415.170837	261.866241	-112.553192	-285.052765	32.504986	360.357269	-1213.788086	2328.229492	3679.541260	829.633911	0.000000	
-0.000000	3.938948	1.162569	-43.236942	-0.335387	152.373016	22.685936	-181.656006	-93.234612	30.130106	-170.670959	-359.635437	-173.348755	161.118729	39.202049	-316.641663	-146.571671	775.832764	622.311523	-482.513550	-627.837158	-273.317566	108.871178	-233.044891	-1.112882	589.846558	-159.113678	-821.395630	-501.489441	235.417404	148.137070	-269.689880	-266.559082	18.154985	164.714447	-430.932861	-52.075726	1681.989380	1249.921387	-646.402771	-2024.606201	296.266235	4438.681152	-21815.099609	69095.914062	226872.781250	187713.546875	101091.281250	96534.015625	250852.671875	235203.093750	83229.062500	-28563.666016	-55358.597656	-75147.281250	-55551.148438	-19876.855469	-11994.467773	-9972.864258	-7050.279785	-3634.453857	-999.135803	-204.838898	-0.000000	
-0.000000	3.428932	10.092975	-16.258589	-34.932770	-22.189457	11.944856	-32.811344	-0.193778	123.576447	-39.274540	-234.967682	-164.085190	87.176277	61.550396	-124.845558	-136.687241	10.263539	102.264580	-292.922302	-38.661232	1361.353516	1101.507690	-619.784363	-2111.559326	336.184204	5484.111328	-29384.398438	101650.523438	365417.062500	332043.062500	197142.000000	208531.671875	603742.250000	635160.375000	254370.953125	-99852.304688	-224275.312500	-358687.718750	-319035.062500	-141176.671875	-109323.398438	-122840.218750	-126712.859375	-107861.320312	-61604.613281	-46346.988281	-43196.117188	-22334.792969	14822.463867	21193.478516	-21759.070312	-12314.341797	11066.577148	-6402.043457	-388.287018	4615.965820	-7113.515137	-4834.301270	-1142.621338	-397.428986	-188.002045	-35.758873	0.000000	
-0.000000	0.045362	1.658581	-9.870196	-2.151106	110.522331	120.852478	-87.261978	-367.669769	70.432640	1353.660889	-8405.673828	33259.613281	135315.812500	137962.656250	91261.500000	106931.718750	341313.000000	394345.531250	172906.125000	-74130.765625	-181521.968750	-316097.687500	-305897.437500	-147239.953125	-124053.289062	-151772.437500	-170679.078125	-158680.281250	-99224.671875	-81982.351562	-84238.414062	-48247.359375	35674.117188	57232.488281	-66501.718750	-43048.238281	44834.226562	-30557.781250	-2229.966064	32785.203125	-64836.027344	-59546.238281	-20536.039062	-11794.678711	-11591.811523	-8090.827148	4515.605957	-5475.660156	7230.983398	21502.845703	-6542.636230	-5537.523438	14176.541992	15214.803711	9777.996094	799.088379	-7457.579102	-1609.590576	4379.150391	537.846741	-793.371643	77.881088	0.000000	
0.000000	1508.494141	6395.702148	5826.177246	-4124.625488	-14736.972656	-34680.816406	-43068.550781	-25637.773438	-25989.919922	-37462.480469	-48824.300781	-51919.503906	-36743.406250	-34063.359375	-38995.871094	-24740.478516	20167.613281	35533.351562	-45203.878906	-31959.187500	36287.527344	-26929.398438	-2138.137695	34193.265625	-73571.828125	-73571.007812	-27661.533203	-17351.753906	-18670.576172	-14311.716797	8806.057617	-11828.458008	17403.242188	58067.921875	-19996.099609	-19357.966797	57433.687500	72622.226562	56155.878906	5675.578125	-67971.992188	-19826.044922	78705.343750	15961.918945	-48917.628906	17621.429688	72898.429688	14977.824219	-11032.370117	-4140.363770	-19712.343750	23856.839844	26363.181641	-5247.660156	-4694.893555	-3834.097168	8183.311523	3954.275635	1685.138062	-54.418251	-438.523254	-107.296967	-0.000000	
-0.000000	89.134392	576.298462	-1523.172363	-1778.204712	2946.025391	-2954.572510	-301.037140	5953.813477	-15413.747070	-18159.767578	-7912.833008	-5677.418945	-6913.810547	-5946.464844	4076.523682	-6065.444824	9838.557617	36052.039062	-13592.149414	-14371.433594	46485.167969	63999.179688	53843.421875	5919.333496	-77130.328125	-24495.619141	106014.140625	23482.392578	-78790.132812	31170.226562	142162.031250	32354.921875	-26552.269531	-11180.954102	-60246.351562	83398.281250	106805.648438	-25047.759766	-26963.181641	-27231.929688	74586.671875	48706.574219	30286.550781	-1614.994995	-27038.421875	-24277.085938	-33284.355469	-14817.239258	-28998.136719	6696.723633	37362.078125	6550.715332	13604.178711	55526.707031	50079.007812	2094.111328	-24568.628906	1878.285156	3808.396484	-1825.258667	-1885.420532	-341.544006	-0.000000	
-0.000000	43.483276	584.710815	-457.995789	-799.624573	3773.927002	7021.702148	7580.835449	1030.688599	-16159.273438	-6046.332520	30326.308594	7683.337402	-29176.390625	12951.112305	65810.031250	16591.089844	-15010.768555	-6941.804688	-40951.855469	61915.226562	86445.406250	-22073.628906	-25852.857422	-28401.490234	84636.250000	60178.304688	40795.230469	-2375.901367	-43549.960938	-42943.296875	-64909.105469	-32008.029297	-69791.562500	18084.343750	114188.812500	22899.863281	55114.863281	265036.156250	287608.093750	14873.563477	-223930.406250	23135.673828	68447.328125	-54169.023438	-116251.062500	-77277.984375	-29412.519531	-35975.222656	-52735.402344	-30943.478516	-1736.337891	29130.564453	74398.562500	108263.882812	3571.616943	-43188.605469	8286.519531	7892.371582	-5262.508789	-3757.543457	-563.930908	-16.443434	-0.000000	
0.000000	-66.342789	-112.585823	-1379.897827	3444.954590	7018.123535	-2421.819336	-3639.929443	-4945.335449	17731.810547	14854.003906	11669.846680	-777.384644	-16126.774414	-17842.779297	-30047.898438	-16413.207031	-39455.195312	11227.840820	77618.703125	17000.953125	44608.375000	233566.187500	275764.593750	15512.355469	-254102.093750	28584.757812	92196.851562	-79690.812500	-187242.046875	-136695.625000	-57358.488281	-77713.257812	-126921.460938	-83562.125000	-5306.727051	101834.062500	301412.250000	516757.531250	20512.105469	-306749.937500	75527.359375	97213.859375	-94581.710938	-111514.304688	-34770.792969	-3720.502686	-37560.433594	-35561.816406	-38453.660156	11989.278320	45646.265625	-16126.929688	-10461.893555	35816.660156	2678.532715	-7728.471680	9219.540039	18444.695312	8861.814453	-1053.892090	-790.325623	200.566162	0.000000	
-0.000000	-174.379318	182.099014	2615.409668	945.930603	3621.558594	25625.832031	38826.027344	2701.048584	-53235.937500	7055.667480	26373.746094	-26074.488281	-69336.695312	-56796.519531	-26552.544922	-39850.121094	-71752.382812	-51880.363281	-3607.194824	75602.023438	243954.375000	455398.562500	19667.431641	-319924.281250	85703.679688	120110.375000	-127399.218750	-164054.375000	-56004.253906	-6581.129395	-73248.046875	-76820.218750	-92548.742188	32376.761719	139507.578125	-56376.207031	-42384.464844	170957.546875	15383.046875	-54891.984375	84031.359375	227191.531250	159271.109375	-31276.830078	-48729.820312	45380.238281	53291.125000	11156.304688	45723.976562	22166.642578	47478.359375	203820.843750	309913.625000	452425.625000	265853.093750	49409.167969	-50236.628906	-97007.125000	-51337.406250	-23366.746094	-5044.752441	-493.782074	-0.000000	
-0.000000	-317.122559	-841.422913	-121.546638	4206.486328	19805.587891	49964.281250	2769.058350	-55705.980469	17955.443359	29647.228516	-36443.703125	-53677.886719	-20738.664062	-2734.434814	-33908.183594	-39392.187500	-52320.488281	20101.429688	94828.882812	-41853.929688	-34304.757812	150658.312500	14749.583984	-57249.492188	95353.484375	280701.343750	214534.218750	-46012.937500	-78487.632812	80272.281250	103925.078125	24099.720703	110046.648438	59860.488281	145106.953125	712512.937500	1255558.875000	2159486.000000	1526817.375000	350931.875000	-457881.031250	-1194879.875000	-922674.000000	-693465.437500	-311048.812500	-111723.476562	-173465.953125	-218257.359375	-109501.000000	-186409.250000	1210683.125000	2818958.500000	2282830.000000	1371578.500000	317671.125000	-590507.812500	-524993.000000	-304238.718750	-143067.718750	-69892.843750	-23625.333984	-3935.763672	-0.000000	
-0.000000	-231.239807	326.015503	3195.317139	-2328.746826	-2785.053223	16529.552734	2076.654297	-9968.418945	19977.134766	69286.414062	61369.460938	-15055.234375	-29064.373047	33352.832031	48109.273438	12357.953125	62212.562500	37164.972656	98635.000000	528972.562500	1016213.062500	1903072.125000	1463944.125000	366003.750000	-519574.468750	-1476306.750000	-1242819.000000	-1020192.375000	-500996.843750	-197625.625000	-338282.625000	-471477.031250	-263542.656250	-503393.718750	3700181.250000	9854461.000000	9248472.000000	6546722.000000	1824412.875000	-4194121.000000	-4785041.000000	-3747443.750000	-2571319.250000	-2074241.375000	-1456688.375000	-890508.562500	-628405.937500	-611104.062500	175601.406250	3340913.500000	6718013.500000	5505958.500000	1942509.500000	-624582.687500	-1715582.375000	-1139814.000000	-752332.750000	-389538.687500	-191877.765625	-94945.726562	-41635.015625	-2875.121338	-0.000000	
0.000000	274.959595	602.760986	3323.566650	29431.957031	82501.882812	208796.515625	206114.671875	63729.449219	-108854.015625	-364401.562500	-355519.656250	-333802.531250	-185521.703125	-82112.710938	-156598.703125	-241765.906250	-148988.296875	-312536.937500	2515161.250000	7315992.000000	7485445.500000	5769374.500000	1749284.875000	-4374250.500000	-5429762.500000	-4630069.000000	-3463503.000000	-3051522.250000	-2346243.500000	-1575204.500000	-1225478.750000	-1320099.875000	422630.468750	9022057.000000	20532100.000000	19247622.000000	7869725.000000	-2981214.000000	-9852738.000000	-8095604.000000	-6857126.000000	-4798121.500000	-3448569.500000	-2817747.000000	-2567127.750000	-650526.937500	-1757766.500000	-2357368.000000	20321516.000000	28061214.000000	13148505.000000	5806329.500000	-3389818.000000	-5326154.500000	-3831625.000000	-2890194.000000	-1535882.250000	-885096.312500	-494874.093750	-261290.031250	-70577.609375	-27836.669922	-0.000000	
-0.000000	-658.480591	-5068.887695	84749.898438	407060.781250	607710.500000	632989.812500	246288.968750	-761655.000000	-1137568.375000	-1142854.875000	-990766.500000	-998444.937500	-868826.062500	-654491.562500	-567301.875000	-676926.187500	238925.265625	5601432.500000	13956490.000000	14289514.000000	6369528.000000	-2627229.250000	-9447009.000000	-8443295.000000	-7781034.000000	-5928210.000000	-4645137.500000	-4145331.250000	-4134794.250000	-1150705.250000	-3427888.250000	-5092359.000000	48909016.000000	75778640.000000	40185452.000000	20297654.000000	-13733233.000000	-25422424.000000	-22005356.000000	-20527794.000000	-13998776.000000	-10902125.000000	-8894244.000000	-7754421.500000	-4351667.000000	-6298344.000000	-3616803.750000	31233630.000000	36891968.000000	15437257.000000	7083080.500000	-3623670.750000	-6642962.500000	-5897297.500000	-4140081.750000	-2613339.500000	-1818991.500000	-1091611.750000	-558786.187500	-227047.859375	-98713.523438	-27223.542969	0.000000	
-0.000000	1055.973145	90846.968750	470272.468750	795066.562500	517114.062500	-288247.781250	-1330083.125000	-1470166.750000	-1630174.000000	-1463279.250000	-1328783.750000	-1356334.500000	-1531135.500000	-478113.750000	-1586847.250000	-2611280.500000	27649686.000000	47047912.000000	27315660.000000	15069061.000000	-11115282.000000	-22403806.000000	-21099190.000000	-21409424.000000	-15884928.000000	-13469873.000000	-11980326.000000	-11407925.000000	-7009097.000000	-11141026.000000	-7053268.500000	67470528.000000	88790120.000000	41687948.000000	21647846.000000	-12667558.000000	-26912756.000000	-28148566.000000	-23776848.000000	-18561416.000000	-16579172.000000	-13445868.000000	-10042920.000000	-6738201.500000	-6086468.500000	-6159617.500000	8221736.000000	26004876.000000	21972022.000000	13987428.000000	2683509.750000	-3990250.750000	-4429117.000000	-3130824.000000	-2236065.000000	-2051637.125000	-1448361.500000	-753459.687500	-326158.781250	-182840.609375	-97342.929688	-29424.880859	0.000000	
-0.000000	122202.757812	763047.687500	920417.937500	838440.437500	-902401.062500	-2458044.750000	-2970641.500000	-3727860.500000	-3327989.000000	-3324812.000000	-3427081.250000	-3732623.750000	-2595504.750000	-4629055.000000	-3265117.750000	34597812.000000	50195628.000000	25882370.000000	14714907.000000	-9404447.000000	-21782408.000000	-24806248.000000	-22797734.000000	-19358594.000000	-18812998.000000	-16612737.000000	-13527564.000000	-9912912.000000	-9803289.000000	-10895636.000000	16033524.000000	56175432.000000	52881388.000000	37772716.000000	8201545.000000	-13949041.000000	-17943764.000000	-14943828.000000	-12841915.000000	-14571889.000000	-13201069.000000	-9280699.000000	-5861967.500000	-5426243.000000	-6001960.500000	-6657694.000000	5159824.000000	20928660.000000	15202199.000000	10741938.000000	3596152.250000	-2243625.750000	-2919414.500000	-2021105.375000	-1598616.500000	-1648430.625000	-1327248.125000	-1003978.750000	-576890.437500	-273039.437500	-110094.125000	-26389.343750	0.000000	
0.000000	221848.609375	419773.843750	495827.812500	-523262.125000	-1768418.250000	-2721630.000000	-3209786.250000	-3370765.000000	-3941437.500000	-4100575.500000	-3869682.500000	-3243462.000000	-3630208.250000	-4527096.000000	7422282.000000	28805866.000000	29895382.000000	23451560.000000	5574918.500000	-10355826.000000	-14523164.000000	-13169421.000000	-12313095.000000	-15197724.000000	-14979740.000000	-11466557.000000	-7895925.000000	-7982822.500000	-9667174.000000	-11776674.000000	10062372.000000	45209848.000000	36588048.000000	29008350.000000	10990833.000000	-7843223.500000	-11827479.000000	-9646997.000000	-9180993.000000	-11708088.000000	-12097183.000000	-12366454.000000	-10368303.000000	-8103114.500000	-6788172.500000	-5970871.000000	79694.140625	11677066.000000	11317271.000000	9395931.000000	4288606.000000	-1526359.250000	-2794909.250000	-2802024.500000	-2014274.875000	-1539177.875000	-994975.500000	-647990.500000	-349405.625000	-147152.359375	-59367.207031	-15069.314453	-0.000000	
0.000000	132128.015625	380349.687500	187850.281250	-576196.687500	-1179072.000000	-1444889.625000	-1733611.000000	-2646264.250000	-3138346.750000	-2830327.000000	-2258701.000000	-2611945.000000	-3579804.500000	-4893164.000000	4658100.000000	23182890.000000	20684284.000000	18010118.000000	7470909.000000	-5822841.500000	-9572819.000000	-8501528.000000	-8802927.000000	-12210929.000000	-13727120.000000	-15279091.000000	-13965846.000000	-11920905.000000	-10933502.000000	-10561766.000000	155414.625000	25224662.000000	27237956.000000	25373488.000000	13107162.000000	-5335817.000000	-11323067.000000	-13374425.000000	-11568155.000000	-10932113.000000	-9068690.000000	-7981588.000000	-6279777.000000	-4367106.500000	-3660457.250000	-3409593.750000	-1925866.125000	2014974.875000	7297455.000000	7211868.000000	6370302.500000	2068975.500000	-1291136.125000	-1803693.750000	-1845641.125000	-1253581.125000	-853626.687500	-531909.000000	-296302.718750	-151529.312500	-52136.921875	-10757.708008	-0.000000	
0.000000	91417.914062	292097.531250	251736.843750	-323982.062500	-777175.250000	-932749.437500	-1239400.000000	-2126196.250000	-2875915.250000	-3771387.250000	-3995057.250000	-3900468.500000	-4048732.000000	-4388374.000000	71944.953125	12934805.000000	15398407.000000	15753378.000000	8909462.000000	-3961332.500000	-9164564.000000	-11786367.000000	-11091787.000000	-11401627.000000	-10290577.000000	-9861470.000000	-8458704.000000	-6424673.000000	-5895787.000000	-6031168.000000	-3755705.750000	4352725.500000	17563224.000000	19475478.000000	19469400.000000	7232684.500000	-5230804.000000	-8609264.000000	-10599677.000000	-8903643.000000	-7780368.000000	-6551760.000000	-5325372.000000	-4497003.500000	-3214653.000000	-2434046.500000	-1786267.125000	-1331383.125000	-869000.125000	-41713.351562	1292303.750000	1119581.750000	1203264.625000	366623.656250	-325039.156250	-275452.718750	-288878.812500	-156347.171875	-87828.171875	-42051.898438	-15096.478516	-3359.549805	-0.000000	
0.000000	68056.023438	255496.531250	300209.781250	-220407.984375	-744030.750000	-1293147.250000	-1561658.000000	-1985278.625000	-2155938.500000	-2434138.250000	-2419689.000000	-2102125.250000	-2183240.250000	-2505927.750000	-1738601.375000	2232008.250000	9929000.000000	12091541.000000	13234131.000000	5369574.500000	-4233661.500000	-7587013.500000	-10163190.000000	-9286038.000000	-8828670.000000	-8094878.500000	-7173144.000000	-6615770.500000	-5177743.500000	-4305541.000000	-3483468.500000	-2876038.250000	-2091474.875000	-112645.914062	3949636.500000	3913812.250000	4874808.500000	1749942.125000	-1866728.125000	-1956421.125000	-2632981.750000	-1925797.750000	-1578513.125000	-1247993.125000	-930817.125000	-760134.062500	-656810.250000	-468286.093750	-330570.187500	-217658.828125	-163704.656250	-112808.078125	-67874.914062	-41621.664062	-22636.609375	-14022.781250	-7187.152832	-2353.659668	-4294.044434	-2058.396973	-48.956524	-84.629814	-0.000000	
0.000000	43883.000000	196106.953125	445932.125000	298762.375000	-343712.437500	-832413.000000	-1430917.125000	-1616907.125000	-1849660.250000	-1998084.875000	-2051943.000000	-2164651.500000	-1917345.125000	-1788936.125000	-1612576.625000	-1474786.625000	-1182371.375000	-69937.320312	2684726.000000	2905630.250000	3945529.000000	1542156.750000	-1789857.625000	-2040445.875000	-2987741.500000	-2379375.750000	-2126218.000000	-1835986.250000	-1499238.750000	-1344587.375000	-1280871.000000	-1011586.187500	-795603.187500	-587782.500000	-500326.531250	-394352.281250	-274982.906250	-198665.593750	-130004.015625	-99597.726562	-65507.203125	-28991.074219	-77175.750000	-61087.968750	-3018.556396	-19148.400391	-20363.488281	-16540.746094	-20462.150391	-4408.795410	2633.381104	-635.833313	-778.224365	-4168.059570	-3776.576904	-3241.872803	-1769.964233	-448.576569	-561.251404	-430.126526	-136.213745	-26.573763	-0.000000	
-0.000000	-5225.703125	-1134.280029	90463.484375	161668.859375	320320.218750	169198.500000	-252001.375000	-355287.312500	-625950.062500	-587308.937500	-608223.937500	-600726.750000	-555175.812500	-558671.000000	-592944.250000	-518725.281250	-449777.562500	-364930.531250	-340091.968750	-292768.781250	-222563.203125	-175076.359375	-124650.539062	-103875.265625	-74333.437500	-35819.265625	-103953.820312	-89869.625000	-4861.896484	-33871.257812	-39711.621094	-35731.128906	-49247.488281	-11905.847656	8048.338867	-2222.733643	-3152.834717	-19894.687500	-21689.208984	-23025.615234	-16132.312500	-5525.317383	-10087.226562	-12765.057617	-8398.653320	-6012.598145	-4941.568359	-3199.127197	-1655.521606	-965.420288	2068.040527	2274.489258	-737.992615	-1068.847412	-620.435364	-322.654602	-254.956818	-186.229523	289.826172	243.688934	97.757217	22.684654	0.000000	
-0.000000	-1987.872681	-5918.634277	-11459.606445	-16289.613281	-18068.931641	-19208.589844	-17550.058594	-18087.009766	-15573.307617	-8841.383789	-29736.933594	-29404.953125	-1800.385376	-14073.380859	-18383.410156	-18322.353516	-27841.033203	-7391.861816	5470.777832	-1650.166748	-2551.813232	-17532.423828	-20796.062500	-24014.523438	-18305.929688	-6826.680176	-13587.243164	-18779.328125	-13527.454102	-10635.576172	-9636.743164	-6910.717773	-3984.443359	-2607.094482	6320.501465	7951.115723	-2989.843018	-5101.747070	-3563.214111	-2291.675781	-2323.800049	-2293.871826	5208.971191	7232.066406	6027.504395	5132.645508	3549.299316	-237.979324	-3765.982910	-2394.608398	-1390.328857	-1665.730103	-1510.810791	-646.161133	346.006470	62.334053	-307.284576	-172.289307	-128.369873	-65.504021	-1.786849	-0.224607	-0.000000	
-0.000000	-123.048447	-119.885086	184.341217	-91.815041	-207.170547	-1923.578613	-2927.962891	-4181.466309	-3835.203857	-1685.051514	-3886.754395	-6144.514648	-5009.285645	-4419.041992	-4461.066895	-3543.706055	-2252.521484	-1618.640137	4296.297852	5902.940918	-2419.892578	-4495.973633	-3416.483398	-2390.098877	-2636.901611	-2834.141357	7016.354492	10639.460938	9708.317383	9079.043945	6921.625488	-514.080200	-9063.817383	-6466.583008	-4249.228027	-5823.026855	-6120.775879	-3084.210938	1987.145264	442.731720	-2800.740723	-2122.164307	-2307.158691	-1943.992188	-110.173386	-50.819801	-748.501282	-703.162781	-568.779785	-333.576599	-253.166046	-73.869934	-270.048859	157.033997	1686.161499	3038.745605	2169.072510	1023.097839	63.225357	-282.617737	-99.225548	-29.226660	-0.000000	
-0.000000	-9.955423	-26.251953	144.766388	328.438812	-196.460480	-493.278015	-481.020691	-416.169769	-552.446960	-699.560242	2007.091919	3481.185791	3595.040039	3772.308594	3204.177246	-263.612122	-5124.039062	-4014.841553	-2888.370361	-4323.039551	-4953.979492	-2717.996582	1905.316040	461.746246	-3178.103760	-2621.991699	-3107.685303	-2859.906006	-177.452911	-89.894218	-1459.681152	-1518.964111	-1368.916504	-900.815674	-773.745178	-258.233063	-1094.053955	749.543579	9683.772461	21582.892578	19769.978516	12601.951172	1136.333008	-8387.374023	-6118.038574	-6612.844727	-5529.097168	-3960.612061	-2792.126465	-932.941589	-243.876190	-816.578003	-637.602112	-446.979889	-288.607666	-185.351791	-153.726883	-82.531067	-15.471917	5.907763	-4.251254	-2.597701	-0.000000	
-0.000000	-22.646612	-65.114799	-97.325409	-240.533295	-402.191864	-298.206360	268.257233	80.400360	-665.832092	-647.194641	-888.981628	-935.748901	-65.711723	-37.350712	-675.719543	-778.900635	-773.888184	-559.280212	-525.945557	-191.713303	-885.495667	660.544006	9285.000977	22509.837891	22433.724609	15570.055664	1530.612427	-12339.092773	-9854.137695	-11697.340820	-10782.505859	-8555.667969	-6719.978516	-2519.386719	-745.352844	-2854.577637	-2583.129150	-2133.492920	-1657.498779	-1316.473389	-1401.141357	-1016.571899	-278.072784	175.327347	-262.123383	-587.757629	-367.048920	-100.382599	-213.815567	-189.930222	461.393707	398.970703	-200.087250	-217.083176	33.564510	157.858597	15.489524	-29.679296	16.958096	-1.870402	-10.573322	-1.702656	-0.000000	
-0.000000	-3.420338	-9.070700	-17.722057	-10.666902	-71.889511	72.471916	1307.273315	3919.467041	4700.001953	3843.206787	437.845581	-4037.298096	-3649.038086	-4860.201172	-4991.466309	-4387.210449	-3798.998779	-1564.185913	-506.646179	-2119.250244	-2090.710205	-1880.165283	-1589.244141	-1373.013428	-1589.926758	-1256.002319	-374.557129	257.933014	-422.194153	-1039.673828	-715.796265	-216.845322	-514.602783	-512.902039	1410.146362	1394.713989	-810.617188	-1036.166138	192.763885	1121.201172	141.179047	-365.573120	304.783478	-55.508751	-651.928833	-385.244019	-46.897099	-142.029648	-92.467224	358.610382	284.208832	-172.132309	-114.481087	134.985382	-1.852982	-37.057980	24.662386	-1.443872	-27.533077	-12.961029	-4.252457	-0.687726	0.000000	
-0.000000	-16.790358	-25.368786	-17.071753	-117.914780	-169.735596	-206.283279	-223.756195	-239.072388	-333.099335	-310.023102	-107.145470	84.394569	-156.340668	-431.980591	-331.358337	-111.194832	-290.919891	-318.440247	958.532898	1035.441406	-656.090088	-913.133362	184.826004	1169.354614	160.201065	-451.675537	410.535767	-81.661751	-1050.041870	-681.451111	-91.455841	-306.810791	-222.546432	968.418762	868.620483	-601.736816	-463.799377	644.302734	-10.641834	-263.206757	224.784958	-17.784819	-494.844879	-384.650269	-262.197571	-155.605362	166.748032	341.579895	219.524658	-163.411469	-129.738754	334.794861	170.001617	-189.167557	-68.191658	16.394354	-36.659241	-42.857128	-7.550547	3.909463	-2.806577	-1.121194	0.000000	
-0.000000	-1.285773	-5.164631	32.298351	57.611816	-53.265079	-100.184891	26.022409	203.610840	33.563099	-111.488525	117.437485	-26.719372	-388.835907	-283.140411	-42.336983	-157.327698	-125.811958	601.252258	590.436096	-446.731873	-375.385803	567.799194	-10.203611	-274.510986	255.071777	-21.973629	-666.543762	-565.878601	-422.313629	-275.247498	325.181763	737.876892	528.343201	-441.288788	-396.517365	1170.369385	688.730713	-902.921204	-391.630585	116.441986	-334.130127	-527.890320	-135.704025	116.022888	-173.047638	-253.682236	14.182823	103.645943	-47.723106	-68.676895	1.406557	58.851803	10.845070	69.378998	87.893364	-4.526773	-46.268425	1.410330	28.631638	-1.381832	-5.270960	-1.022380	-0.000000	
-0.000000	-0.556049	9.751425	19.895105	-24.856098	-30.475929	62.296375	-1.436608	-47.798512	53.439091	-5.423821	-190.670898	-185.153046	-156.384918	-114.364304	150.534012	378.371521	298.687744	-273.978455	-269.528717	868.887085	557.438721	-795.709778	-375.503510	121.442955	-379.149750	-652.222900	-182.789963	170.687180	-278.722534	-448.733887	27.658470	223.894760	-114.858078	-185.460327	4.298827	205.732986	43.936832	331.154938	504.779205	-32.151703	-421.712860	17.371666	514.589050	-41.009235	-324.996338	-231.324295	-49.128517	39.389656	-15.546380	30.368595	77.903404	45.815117	0.595242	-14.689688	-17.746325	14.875998	34.621769	-3.550900	-16.581604	-54.697170	37.712048	22.138172	-0.000000	
0.000000	1.320104	-4.443526	-9.081936	48.344757	45.256008	-87.301697	-52.868679	21.145939	-79.434181	-160.990280	-52.288727	55.848106	-103.212395	-186.447250	12.803734	114.809669	-64.932602	-115.144859	2.922085	152.737015	35.561203	291.834106	483.992767	-33.532562	-478.533142	21.463167	693.138672	-60.330780	-523.461670	-409.185333	-95.807419	85.089081	-37.416409	82.009674	238.094269	160.159592	2.411516	-70.115784	-101.918678	105.657761	315.559601	-43.738014	-298.016876	-1623.272461	2325.245605	5008.998047	-35644.296875	106268.875000	329893.187500	133343.953125	143089.843750	438600.593750	418206.218750	368655.687500	96358.335938	-52063.089844	20401.367188	-14362.431641	-47901.789062	-22002.728516	-6839.163086	-902.136597	0.000000	
0.000000	-0.286981	-1.867480	0.098461	8.498266	2.887058	32.018726	68.143318	-5.838770	-100.255608	5.297822	198.278610	-19.739971	-193.840546	-170.014984	-44.351425	43.632324	-21.152580	50.916508	161.842194	118.903145	1.951812	-61.790344	-97.721741	110.195572	358.077118	-54.039509	-401.421326	-2388.078857	3745.201904	8860.326172	-69511.312500	229560.781250	793973.812500	360092.156250	437322.000000	1533251.500000	1694286.625000	1759641.250000	553394.312500	-369781.531250	185947.968750	-176908.468750	-860926.437500	-652984.875000	-421688.437500	-204118.046875	140877.859375	16748.447266	-216856.812500	-206544.937500	-55937.171875	67574.617188	-32891.503906	-86870.343750	-13277.518555	8871.112305	-7121.074219	-17945.625000	-3696.491455	10746.589844	3315.346924	-1082.843506	-0.000000	
0.000000	-0.093488	0.825791	5.453372	6.615754	0.158459	-6.779359	-13.758644	19.187517	75.019333	-13.338746	-114.830223	-781.369080	1386.867554	3681.432129	-32178.365234	117715.117188	448856.437500	223566.734375	297265.281250	1138292.250000	1371306.625000	1550704.250000	530605.937500	-385662.968750	211002.015625	-218575.234375	-1159646.625000	-960639.312500	-679200.687500	-361060.718750	274731.343750	36179.804688	-521922.343750	-557769.687500	-170959.421875	236226.046875	-133253.968750	-414643.406250	-76253.937500	63007.664062	-64904.925781	-221044.250000	-66436.085938	318931.375000	204417.328125	-245004.921875	-275677.781250	-13145.050781	12888.493164	-102064.679688	-114883.265625	-79736.132812	-1733.466431	30229.593750	-18000.552734	-33547.675781	-18284.019531	-4222.393066	511.186401	-974.613220	-817.038818	-123.345428	-0.000000	
0.000000	1983.801636	3625.922607	10016.535156	63334.417969	111330.382812	170136.296875	74706.179688	-67152.562500	44206.207031	-53951.628906	-331727.437500	-314317.031250	-251511.500000	-150019.375000	127179.375000	18552.427734	-295057.843750	-346296.781250	-116207.953125	175375.187500	-107851.906250	-365409.281250	-73113.859375	65713.726562	-73650.015625	-273106.187500	-89487.757812	469196.218750	329248.750000	-433384.750000	-537609.875000	-28395.787109	31019.511719	-275623.218750	-351114.906250	-278740.031250	-7022.824707	144289.765625	-103378.742188	-238274.593750	-166649.437500	-52009.097656	9187.420898	-28924.033203	-50376.898438	-27908.222656	-18176.750000	-12409.023438	13679.582031	-3807.664795	-21773.697266	-10791.855469	-9592.554688	-9408.208008	475.836243	-142.630646	-4532.850098	-2561.772461	-972.032349	-755.577148	-297.101959	-50.928047	-0.000000	
0.000000	-1304.061157	-5616.422852	-3915.698242	9757.850586	-8756.024414	-40091.062500	-10293.999023	11442.231445	-15430.125977	-67411.679688	-25598.785156	153518.984375	121922.507812	-180069.750000	-248871.812500	-14560.907227	17536.230469	-171123.375000	-238666.859375	-206937.750000	-5684.071289	127157.023438	-99121.679688	-248508.046875	-189103.250000	-64258.660156	12375.227539	-42551.621094	-81140.531250	-49366.347656	-35447.179688	-26805.828125	32923.472656	-10282.508789	-66546.421875	-37725.957031	-38862.496094	-44906.597656	2732.768799	-1013.043579	-41314.597656	-31554.492188	-17470.087891	-22423.601562	-18318.681641	-11523.015625	-7333.396484	-3609.251953	-4030.236816	-4165.889160	-3009.250244	-2293.431396	-1377.448853	-423.854095	-329.398682	-388.130951	-182.859329	-51.292866	-39.051022	-57.136639	-23.121561	-2.373419	-0.000000	
-0.000000	77.504524	-2775.368652	-8042.025879	-11513.987305	-461.464844	13951.096680	-13955.746094	-43270.816406	-39618.281250	-15861.171875	3540.046387	-13922.706055	-30046.755859	-20511.533203	-16409.304688	-13745.602539	18612.595703	-6383.996094	-45234.265625	-28007.906250	-31454.179688	-39574.457031	2620.235352	-1056.551880	-46881.195312	-38986.437500	-23531.773438	-32988.503906	-29505.341797	-20382.853516	-14301.138672	-7796.664062	-9699.813477	-11249.884766	-9197.097656	-8017.333008	-5580.483887	-2023.110474	-1891.765259	-2756.725830	-1666.668579	-631.797058	-701.853943	-1695.669678	-1425.626831	-537.011475	-546.413940	-603.416992	-262.008942	-178.561523	-196.925476	166.354324	87.239853	-72.792336	-80.453033	-106.205978	-46.835751	-7.872019	-13.724255	5.241647	8.679172	-0.545633	-0.000000	
-0.000000	82.261711	-103.538994	-1524.196289	-1558.356079	-2553.626953	-4341.931641	368.913666	-183.969360	-9821.895508	-9623.147461	-6731.477539	-10793.696289	-10925.979492	-8468.999023	-6620.321289	-3998.005127	-5483.585938	-6984.601074	-6251.635742	-5952.101074	-4516.682617	-1782.889526	-1813.863647	-2875.122070	-1891.230347	-780.602539	-945.379822	-2494.586182	-2296.213623	-949.909851	-1065.582886	-1303.494385	-630.592712	-482.201141	-601.858521	581.538208	353.436432	-347.447235	-462.048737	-754.334961	-426.883759	-96.963158	-246.662491	155.558701	535.139465	-123.455376	-401.035004	-31.459435	375.665894	-53.885517	-247.750900	-120.859917	-79.252533	-14.764013	76.764656	133.141830	80.956093	-6.512647	-30.116451	-4.302921	-1.472233	-1.015364	-0.000000	
-0.000000	-24.235693	-113.279922	-210.652679	-331.174072	-366.689667	-195.610626	-255.381287	-500.623169	-396.224274	-192.678635	-270.434479	-816.217773	-850.299744	-394.683990	-493.282471	-668.411133	-356.492340	-299.379303	-409.107330	431.736359	286.061218	-306.191895	-443.021912	-786.732239	-484.400757	-119.800636	-332.248260	228.850342	861.932861	-218.377975	-782.073853	-67.958305	904.137756	-145.516556	-757.195007	-422.499756	-321.077271	-70.470551	440.866089	945.648682	737.873169	-80.219170	-541.275208	-127.699715	-90.774818	-229.736893	-179.466125	-18.318035	-52.814812	-41.522846	269.608612	420.804626	130.281235	-87.942780	-104.456123	-97.822273	-67.601234	-18.532860	20.735191	-0.872751	-4.659169	-0.013940	-0.000000	
-0.000000	-1.575582	-4.855490	-13.785122	24.021749	23.224058	-33.593998	-62.374866	-136.987717	-101.484909	-29.570776	-95.042625	74.878845	319.178162	-90.735229	-362.039734	-34.847939	511.135284	-90.345383	-514.695740	-313.665558	-259.870667	-62.102985	422.711548	986.262512	837.291870	-99.112976	-729.084229	-187.865555	-146.208237	-406.377411	-349.983795	-39.570404	-127.112587	-112.131462	823.998291	1471.040649	527.810791	-419.762268	-599.900574	-694.789124	-616.150513	-228.277481	372.668243	-25.901018	-287.274536	-3.154088	-2.539356	-190.261887	-67.377373	464.488281	260.784271	-202.613754	-155.974014	-0.485197	57.318680	22.825985	4.987771	10.951474	-3.562240	-11.863916	-4.047743	-0.702614	-0.000000	
-0.000000	2.259054	-1.465269	-17.342989	-17.452307	-21.097759	-6.813660	59.515289	171.730392	175.417740	-24.464375	-208.561172	-61.468800	-54.141659	-168.848297	-162.015442	-20.291075	-71.860435	-69.617912	560.104614	1092.106689	427.194824	-369.920380	-575.197083	-724.629028	-699.168640	-282.043060	501.974854	-38.104309	-462.704346	-5.579209	-4.952096	-411.001526	-162.161179	1254.339478	797.028625	-708.293213	-631.900452	-2.315910	329.186157	162.123062	45.460968	134.894196	-64.023216	-352.090759	-249.575317	-158.973877	-130.954269	-79.687805	291.796753	199.823486	-150.147995	6.474021	298.083160	209.810104	-79.024216	-86.742584	-33.487423	-34.390747	-19.293528	-4.363718	-0.781555	-0.479193	-0.000000	
-0.000000	-0.317600	-1.129100	18.873068	60.764660	34.682076	-40.585999	-80.984352	-126.174149	-146.480087	-69.617592	143.594467	-12.467565	-171.341797	-2.318140	-2.292437	-210.755035	-91.674416	778.768982	541.772278	-525.839783	-511.441956	-2.040922	315.630493	169.085953	51.586235	166.665451	-86.237686	-517.978699	-401.983337	-281.205994	-255.378983	-172.140671	702.284790	539.618591	-458.893646	22.631756	1207.629761	1001.450745	-453.842926	-616.094910	-305.220642	-423.606140	-346.757599	-129.504013	-48.189030	-108.422516	-129.515976	47.638931	85.594170	-41.686443	117.069382	133.612030	-91.742165	-66.694382	76.423782	89.425690	16.438808	-4.811641	-0.781666	-7.691574	-4.941864	-0.458272	0.000000	
-0.000000	-0.405172	12.630484	18.255348	-29.257652	-41.521732	-0.223921	44.438908	29.441652	10.807631	41.138569	-24.669073	-169.480392	-148.856506	-116.840042	-118.220726	-88.270996	397.021973	335.027496	-311.928375	16.801908	977.420654	882.540100	-435.153992	-642.555054	-346.345093	-523.376953	-467.073853	-190.519958	-77.616600	-191.786606	-252.574097	102.909065	206.004623	-112.573242	357.796295	467.078308	-371.676727	-318.340912	438.908386	635.151855	149.831268	-59.267128	-14.048678	-228.266312	-304.704926	-103.688927	1.527863	-8.296526	2.579253	88.120453	140.503006	-92.670219	261.610016	666.386841	240.275406	-132.299667	-151.758301	26.697309	102.736244	270.359192	134.852859	29.462133	0.000000	
-0.000000	1.754710	5.433651	-10.510617	0.934856	79.352501	96.828331	-61.267113	-111.883232	-72.561409	-129.186813	-133.610718	-62.337307	-28.741827	-79.686623	-116.922279	52.770130	116.460396	-69.892204	243.208466	346.760864	-300.824402	-280.541626	420.834473	662.430481	170.019073	-73.226151	-18.923222	-335.814209	-490.778931	-183.413452	2.979543	-17.922058	6.207643	237.967178	429.415924	-323.954742	1059.865479	3180.750732	1379.922485	-939.667114	-1383.198853	328.842651	1846.452026	8023.570801	8314.744141	6666.123047	21324.054688	6853.969238	-8503.923828	235.327881	169.038544	-4427.933594	-2746.576416	-987.015564	-433.981567	-624.595215	-756.127991	-428.422668	-167.110779	-67.854630	-26.245796	-0.611262	0.000000	
0.000000	0.514718	-1.133548	8.195058	19.293726	-24.422615	-30.779766	59.251007	115.343987	35.620029	-18.074646	-5.413159	-109.876953	-181.737961	-76.207603	1.379298	-9.190146	3.509361	147.744263	291.891174	-240.505341	857.824463	2803.073486	1323.098267	-980.024109	-1569.566772	406.294067	2487.125000	11803.883789	13392.304688	11791.583984	41584.859375	14805.865234	-20466.906250	635.497375	516.628357	-15479.084961	-11127.256836	-4711.152832	-2492.393799	-4436.229004	-6891.717773	-5277.072754	-3003.438965	-2013.752441	-1618.260620	-138.304535	247.405106	636.787476	1834.994385	1759.274048	216.248306	7741.514648	7898.422852	-1576.935181	-2027.016968	3584.669678	12151.269531	15790.418945	4675.552246	-3499.447754	-1058.743164	1789.086426	0.000000	
-0.000000	0.015510	2.396194	9.835452	-13.381683	69.643013	307.540619	186.284424	-170.644150	-328.833801	100.286873	711.464722	3862.179932	4959.239258	4899.358887	19250.574219	7592.211914	-11570.536133	394.554749	351.172974	-11491.736328	-9006.080078	-4151.758301	-2389.758789	-4626.756836	-7820.286133	-6519.967285	-4045.557617	-2962.533936	-2606.482910	-244.644363	482.474213	1375.580811	4416.391602	4750.877930	660.914429	27062.636719	31999.027344	-7526.915527	-11641.333984	25460.353516	110752.562500	194497.625000	84032.492188	-103854.687500	-65279.878906	404799.937500	1227681.250000	1206529.625000	1248848.250000	1943018.125000	432187.937500	404736.187500	6993.585938	-392932.593750	-247509.765625	-263215.000000	-156786.718750	-83652.609375	-26279.898438	-24614.468750	-7821.415039	-3697.017822	-0.000000	
0.000000	-51.138062	6.399096	11.832989	-639.398621	-731.164185	-455.512238	-336.463898	-805.622009	-1638.397583	-1609.344604	-1157.268555	-969.328308	-965.194031	-101.648819	223.348267	705.375977	2496.714355	2949.629150	449.250000	20091.414062	25899.087891	-6633.181641	-11161.952148	26553.828125	125675.023438	240307.125000	113189.679688	-152785.921875	-105144.304688	716043.250000	2394148.500000	2606331.250000	3005678.250000	5247074.500000	1320885.500000	1414868.875000	28333.246094	-1875518.125000	-1421470.125000	-1869501.875000	-1429030.250000	-1030386.500000	-472321.843750	-730494.625000	-482252.000000	-836489.812500	-100768.890625	2705862.250000	3656020.750000	2457135.500000	4559218.000000	2887359.250000	1529697.875000	1031188.625000	-642005.625000	-485878.718750	-433899.156250	-359394.656250	-247266.531250	-88283.085938	-52922.707031	-10573.174805	-0.000000	
0.000000	11.034678	47.838631	15.137753	1117.883423	2102.633545	-727.762817	-1571.536987	4623.616211	26329.681641	59315.781250	32378.935547	-49990.894531	-38935.476562	297513.281250	1108305.625000	1336485.125000	1699197.125000	3257697.500000	897858.687500	1050404.500000	22932.109375	-1652822.125000	-1362935.000000	-1949793.625000	-1621573.375000	-1273070.625000	-636205.750000	-1074667.875000	-776748.562500	-1479651.625000	-196513.296875	5845172.000000	8799165.000000	6635435.500000	13934227.000000	10093574.000000	6197293.500000	4921997.000000	-3687094.000000	-3450985.750000	-3954767.500000	-4426824.000000	-4444057.500000	-2620016.750000	-3263102.750000	-2392293.750000	-3091585.500000	-886778.875000	7618915.000000	7504967.500000	4262099.500000	7318914.000000	2926990.250000	2232056.250000	710679.062500	-1387211.375000	-899565.000000	-634720.750000	-454807.593750	-266541.906250	-89589.671875	-25628.544922	-0.000000	
0.000000	7509.906738	52835.042969	30253.898438	58444.359375	1861.757568	-181340.203125	-191893.187500	-339502.750000	-339729.500000	-314236.125000	-181992.437500	-351626.687500	-287634.000000	-614789.687500	-90970.460938	2997311.250000	4974423.500000	4119675.250000	9471652.000000	7493511.000000	5015910.500000	4337566.500000	-3535262.250000	-3599199.250000	-4487620.500000	-5469462.000000	-5986035.000000	-3854440.250000	-5255780.000000	-4231685.000000	-6029020.000000	-1915609.375000	18336900.000000	20266986.000000	13026151.000000	25585318.000000	11858170.000000	10653893.000000	4081491.500000	-9852760.000000	-8199072.000000	-7818138.000000	-8174139.500000	-7910284.000000	-5523910.500000	-5798732.500000	-4266483.000000	-4101991.750000	-2979516.000000	2275474.000000	3103301.000000	19760.980469	1569030.875000	1418687.375000	-187165.046875	65830.421875	-611688.312500	-472461.625000	-250572.046875	-154577.500000	-51426.531250	-10254.993164	-0.000000	
0.000000	21985.357422	66815.054688	319153.093750	416937.906250	407219.781250	475898.312500	-497744.031250	-626701.187500	-940183.812500	-1350044.875000	-1712359.750000	-1261156.250000	-1946242.375000	-1758249.250000	-2790970.000000	-982294.000000	10366382.000000	12582957.000000	8854396.000000	18994646.000000	9597660.000000	9388866.000000	3913418.750000	-10275918.000000	-9303789.000000	-9659523.000000	-11010363.000000	-11637222.000000	-8897194.000000	-10257273.000000	-8320233.500000	-8861075.000000	-7170980.500000	6144863.500000	9484543.000000	69080.054688	6356644.000000	6771578.500000	-1074905.125000	467564.906250	-5575224.500000	-5819520.500000	-4503467.000000	-4587466.000000	-3170852.000000	-2320301.750000	-1764879.375000	-1350209.625000	-937373.500000	-648007.062500	-419993.562500	-214929.250000	-147464.000000	-106926.492188	-58773.074219	-16394.699219	196.863861	-23475.292969	-11657.375000	-4562.049805	-2890.392334	-581.940552	-0.000000	
-0.000000	45816.085938	204076.984375	298354.312500	1056859.375000	779191.937500	1030104.187500	550986.250000	-1789267.500000	-1949200.500000	-2384291.250000	-3149614.250000	-3807648.750000	-3294676.750000	-4261858.500000	-3851624.750000	-4543818.000000	-4053963.250000	3815098.750000	6447023.500000	51285.316406	5144884.000000	5967532.000000	-1030641.312500	487645.968750	-6326412.500000	-7190176.000000	-6066058.000000	-6748855.000000	-5107194.500000	-4104339.750000	-3441759.250000	-2916707.250000	-2256033.250000	-1749927.625000	-1283616.125000	-751345.500000	-597423.625000	-510374.000000	-337538.843750	-116444.429688	1794.312744	-289155.625000	-209515.000000	-135390.000000	-178215.515625	-131670.265625	-93004.882812	-36107.925781	-9909.341797	-39176.027344	-32621.013672	-19041.681641	-12384.560547	792.687683	1371.762085	2993.239258	4572.845215	29.146484	-1785.142334	385.065002	650.791260	-111.518883	-0.000000	
-0.000000	-17917.218750	61875.269531	217236.406250	2853.507812	417690.562500	654730.750000	-145108.203125	84910.085938	-1325422.000000	-1774774.250000	-1735251.000000	-2208196.250000	-1891220.375000	-1705337.750000	-1593268.375000	-1495641.000000	-1275401.000000	-1086459.750000	-872525.187500	-557802.000000	-483537.437500	-449773.000000	-323639.250000	-121445.500000	2036.072754	-357259.687500	-282211.500000	-199179.140625	-287046.281250	-232909.140625	-181372.406250	-77999.921875	-23849.408203	-105793.937500	-99698.804688	-66565.539062	-50173.800781	3783.601074	7878.148926	21259.679688	41679.132812	359.010254	-32083.902344	11427.747070	40126.421875	-25232.339844	-4464.118652	49739.628906	-7415.035156	-35216.015625	-15548.700195	-6450.486328	-6093.551270	-8104.399902	-5515.768066	-2719.754395	-1351.628784	77.098526	860.646301	356.414307	215.145782	121.648819	0.000000	
-0.000000	-5636.863770	-17620.773438	-29400.271484	-31036.025391	-39256.285156	-49347.070312	-45566.492188	-21146.382812	426.569641	-88183.554688	-80729.164062	-65170.554688	-106294.718750	-96772.882812	-83961.398438	-39997.117188	-13482.762695	-65683.203125	-67769.265625	-49418.531250	-40609.226562	3334.342041	7553.732422	22172.744141	47294.847656	443.566956	-43216.218750	16811.941406	64630.402344	-44633.027344	-8705.650391	107446.968750	-17846.212891	-95100.015625	-47521.113281	-22549.484375	-24686.917969	-38683.351562	-31677.535156	-19317.236328	-12319.401367	949.656860	15468.173828	10577.467773	13265.436523	27524.345703	12557.249023	20724.021484	35453.085938	-13132.752930	-16352.668945	451.853607	-9699.877930	-10134.585938	-6138.263672	-2362.468262	1149.161987	-260.949097	-755.691467	-318.372223	-75.296616	-7.302085	-0.000000	
-0.000000	-59.589493	-1065.284546	-2283.526855	-2749.640137	-3296.885010	365.829041	1063.520874	3860.771240	9908.558594	109.487061	-12362.392578	5500.794434	23932.970703	-18544.855469	-4030.042969	55097.097656	-10088.981445	-59043.773438	-32302.001953	-16740.830078	-19980.876953	-34090.152344	-30373.078125	-20146.875000	-13979.278320	1173.326904	20835.246094	15561.051758	21366.232422	48687.316406	24488.375000	44767.789062	85327.070312	-35464.687500	-49978.265625	1579.581055	-39297.296875	-48373.687500	-35252.582031	-16779.587891	10474.020508	-3214.226074	-13581.847656	-9448.475586	-4642.630859	-1652.174805	-505.794739	4698.602539	1410.636597	3302.223145	3606.726074	-719.940613	1625.358032	8366.420898	10.764186	-3781.642090	-656.662476	-733.042236	-899.245850	-445.182739	-47.030930	10.328791	-0.000000	
0.000000	-44.590065	-957.602844	-1088.435669	-931.457458	-1622.159912	-3740.218018	-4276.350098	-3508.022217	-2928.743896	289.616058	5960.111328	5091.508789	7912.026367	20229.398438	11336.224609	22956.210938	48237.871094	-22018.597656	-33972.226562	1172.687500	-31806.097656	-42629.875000	-33800.906250	-17500.238281	11885.256836	-3971.264160	-18294.412109	-13900.133789	-7477.743652	-2922.501953	-986.369812	10149.867188	3395.063965	8917.575195	11023.149414	-2516.754395	6584.843262	39934.011719	61.819653	-26859.363281	-5985.140625	-9029.208008	-16161.913086	-13211.888672	-2899.828369	2336.999268	-4191.225098	-6710.017578	-3997.366211	-2262.277344	-1912.666382	-42.001938	595.408813	-656.295471	404.297943	640.223938	-133.831497	-133.939026	254.171356	74.072395	-72.048645	-13.250742	0.000000	
0.000000	213.195938	-357.109161	-1144.714966	65.248169	-2582.197754	-4677.158203	-4758.967773	-3047.183594	2490.033691	-980.239929	-5233.282715	-4548.063965	-2769.047119	-1214.288574	-456.612946	5204.690430	1919.328247	5536.563965	7492.875488	-1868.448853	5329.581543	35192.308594	59.273964	-28012.921875	-6791.559570	-11155.832031	-21769.695312	-19436.681641	-4670.665039	4133.875488	-8173.469238	-14494.902344	-9620.702148	-6109.226074	-5845.635254	-146.829559	2412.190674	-3132.583252	2321.918213	4547.232910	-1219.805176	-1649.786499	4568.156250	2198.279785	-4442.368164	-2998.122070	3859.450195	3008.044434	-2066.266357	254.016266	1451.285767	290.842163	-633.429626	-1311.482788	-648.081360	-332.277344	-412.950836	-243.379425	-124.083916	-17.491196	39.597824	5.168712	-0.000000	
0.000000	8.482816	89.794891	252.477020	-103.960228	432.685394	3861.141846	8.345424	-4877.677246	-1422.873169	-2753.629883	-6227.419434	-6359.598633	-1729.571289	1717.609863	-3783.684326	-7432.754883	-5438.861816	-3792.972656	-3973.512451	-109.006874	1952.357422	-2760.625244	2226.303223	4742.528320	-1384.157959	-2038.356323	6153.192871	3234.001221	-7155.186523	-5303.323730	7526.462402	6497.942383	-4973.007324	685.964905	4435.529297	1016.720337	-2566.225098	-6259.876953	-3721.987549	-2360.021973	-3763.834473	-2997.812744	-2230.128174	-519.094116	2441.518799	1169.476318	-502.654114	148.045868	-442.331177	790.144836	784.445435	-748.191956	-814.375305	-327.551331	-239.961273	-240.431473	-29.168707	231.715515	120.067703	-34.929539	13.576721	4.568002	-0.000000	
-0.000000	-24.038027	-61.516418	-133.889923	-6.065127	158.503357	-302.883362	313.450317	825.780396	-289.989532	-503.134033	1760.176636	1058.151245	-2649.602539	-2203.511230	3484.170166	3332.041504	-2811.385254	425.888000	3015.006592	754.817383	-2077.028564	-5516.589355	-3568.718750	-2461.380371	-4270.961914	-3703.879395	-3003.927246	-763.665771	3932.479736	2068.665527	-980.245117	319.806946	-1064.585083	2133.767334	2397.481445	-2615.514893	-3299.293701	-1563.444946	-1378.118408	-1707.680420	-265.857758	2854.143311	2157.945801	-1036.619629	837.112122	1033.559326	-1875.075073	-99.257629	2029.427002	101.803574	-1109.517334	-249.732834	1676.339233	925.349121	-428.150299	496.238495	211.626465	-320.469482	-92.582535	-52.908459	-16.794165	3.807091	-0.000000	
0.000000	-12.425423	6.907275	101.592491	41.997932	-168.624847	-605.255371	-502.454529	-428.581482	-894.792480	-914.240479	-859.300659	-249.868149	1456.217407	859.522766	-453.777710	163.991913	-601.840820	1324.770386	1629.664062	-1941.769043	-2670.353027	-1377.803955	-1321.368530	-1781.022095	-301.678589	3526.371826	2906.699463	-1525.024048	1348.310913	1828.244385	-3656.656250	-214.415176	4884.344238	274.918121	-3390.990967	-873.011230	6791.384277	4416.811035	-2458.904297	3524.566895	1928.866333	-3947.365479	-1663.962036	-1570.188110	-1035.492920	861.395081	-866.686157	-1492.800903	-139.198837	-356.738617	-688.231384	-536.823975	307.901642	816.630859	-540.309387	2124.099365	2808.664062	1576.875977	775.876953	-177.376205	-49.502254	-4.667538	0.000000	
0.000000	-2.659944	21.485821	54.912529	-108.039757	-216.794266	-151.166458	-186.040878	-310.115845	-63.203503	870.425720	831.487732	-498.981262	499.286469	759.628723	-1692.749146	-109.948685	2761.261475	170.685608	-2304.992188	-648.127136	5496.750000	3892.365967	-2357.648438	3675.940430	2188.755859	-4877.077637	-2241.315430	-2309.983887	-1667.836914	1523.706055	-1690.158081	-3224.731201	-335.018219	-963.364136	-2103.424805	-1876.618774	1247.407715	3897.884766	-3103.043701	15086.556641	25599.527344	19423.083984	13944.636719	-5264.073242	-3052.205078	-1056.080322	237.805557	11256.387695	5850.036133	-7185.953125	-7226.068359	1613.326172	1871.134888	-2292.637451	-618.830750	15885.651367	45472.976562	47461.433594	10293.685547	10160.895508	5415.042480	-1121.602539	0.000000	
-0.000000	12.203891	2.768269	-77.668121	-36.061703	446.257050	427.052887	-331.942963	640.063599	458.557678	-1203.824829	-641.148682	-755.816711	-617.608582	633.094177	-782.412476	-1653.590820	-189.395508	-598.114075	-1429.781982	-1393.209473	1009.615723	3435.056152	-2975.262695	15734.496094	29048.726562	23997.750000	18783.078125	-7744.246582	-4916.093262	-1868.081299	463.753784	24315.917969	14079.634766	-19405.496094	-22084.857422	5639.833984	7580.563477	-10943.054688	-3553.998779	112828.890625	414462.781250	584603.625000	185005.750000	301549.468750	333880.125000	-253774.562500	241964.546875	418912.593750	78524.859375	155279.765625	-121328.812500	-135830.312500	74895.593750	476968.312500	615642.187500	323560.656250	143236.609375	484916.625000	121805.703125	17022.412109	58863.742188	-6226.140137	-0.000000	
-0.000000	-0.837067	-9.700527	-48.177380	-77.517982	81.966278	376.878906	-418.899414	2739.728271	6085.885254	5923.441895	5373.070312	-2533.884033	-1820.454712	-776.180786	214.682144	12468.815430	7959.625977	-12048.091797	-15011.960938	4187.036133	6135.488770	-9643.693359	-3407.647705	117674.679688	470306.218750	722293.750000	249198.140625	443624.781250	537770.500000	-448897.187500	471864.406250	904930.125000	188990.515625	419329.312500	-370814.281250	-474832.968750	303425.937500	2276631.500000	3535686.750000	2298111.000000	1305527.875000	5972934.000000	2189182.500000	505181.781250	3629414.750000	-1408730.750000	-537117.812500	-362236.750000	-1766310.875000	-1006171.812500	-969197.500000	-574609.250000	-667094.125000	-434046.406250	1744366.625000	1796014.125000	-17573.263672	657509.437500	404197.000000	-125018.718750	42493.101562	-3728.026123	-0.000000	
0.000000	35.178997	-195.402267	-505.837219	232.966110	498.113464	-1058.062744	-479.776672	20489.796875	98532.015625	178286.093750	71285.390625	145152.125000	199139.187500	-186515.109375	218436.734375	464033.750000	106841.820312	260344.703125	-252057.312500	-352517.937500	245584.171875	2006307.875000	3390089.500000	2396810.500000	1481430.625000	7379723.000000	2948774.500000	743198.687500	5845787.500000	-2491878.250000	-1047454.125000	-782499.625000	-4251086.500000	-2717143.000000	-2962134.750000	-2008707.875000	-2702611.000000	-2071759.750000	10018049.000000	12756309.000000	-160171.250000	8098837.000000	7264528.000000	-3710236.750000	2620035.250000	-843505.750000	-3856454.500000	-421131.093750	-1707515.625000	-1733237.125000	-1531667.625000	-799334.937500	-802145.375000	-1060683.750000	220265.218750	1677182.000000	357982.968750	-59474.234375	545906.625000	7817.967773	-20543.326172	10318.853516	-0.000000	
0.000000	472.206604	4222.406738	-8493.225586	-19614.048828	19937.902344	220123.078125	477304.593750	417338.406250	310368.750000	1821560.750000	843523.687500	243171.406250	2164725.250000	-1035366.062500	-484890.250000	-401253.375000	-2403262.500000	-1686964.875000	-2013481.500000	-1491273.000000	-2187415.000000	-1825762.250000	9605513.000000	13304169.000000	-181752.218750	10006334.000000	9785139.000000	-5458318.500000	4220011.000000	-1492062.000000	-7520620.500000	-909722.437500	-4109580.750000	-4680566.000000	-4681198.500000	-2794299.500000	-3249746.500000	-5062781.000000	1265002.250000	11912296.000000	3262830.500000	-732570.625000	9811439.000000	232017.343750	-1266658.250000	2334751.000000	-3665701.750000	-1860917.750000	-1395771.625000	-1847959.500000	-921905.937500	-1301810.875000	-606512.312500	-605756.562500	-678672.625000	-203943.109375	701255.625000	188189.921875	115565.125000	253629.250000	-14997.888672	1135.523071	0.000000	
-0.000000	-10621.650391	-27360.080078	-67845.492188	-82974.218750	-177586.656250	-200314.421875	1352399.375000	2316553.750000	-38078.199219	2469895.500000	2799127.750000	-1785938.250000	1562691.750000	-619946.187500	-3481465.750000	-466491.187500	-2323265.250000	-2905975.000000	-3181997.750000	-2074499.500000	-2630251.000000	-4461634.500000	1212910.375000	12423907.000000	3702454.000000	-905111.000000	13215764.000000	341332.531250	-2040167.750000	4129898.500000	-7148626.500000	-4019932.750000	-3359287.500000	-4990370.500000	-2817598.750000	-4550845.000000	-2457174.750000	-2891354.250000	-3897676.000000	-1448519.500000	6391584.000000	2318019.000000	2077022.250000	7527069.000000	-924738.312500	256924.234375	1105628.375000	-3031184.750000	-685894.875000	-1172711.125000	-1734138.375000	-589841.187500	-826379.500000	-469877.156250	-322345.312500	-444797.250000	-125734.640625	479552.781250	196843.312500	-1255.760132	80058.109375	1272.763062	-0.000000	
-0.000000	-10268.087891	-47130.625000	-107219.367188	-115424.867188	-213538.546875	-489510.468750	170770.609375	2163280.500000	775686.625000	-223411.468750	3780489.250000	111682.531250	-755484.625000	1715957.375000	-3309261.250000	-2061357.625000	-1899102.750000	-3098320.500000	-1915234.625000	-3378566.250000	-1988766.250000	-2548039.500000	-3737172.500000	-1510730.625000	7252766.000000	2863975.750000	2797697.250000	11073455.000000	-1489447.750000	454468.593750	2156128.500000	-6547930.000000	-1650784.500000	-3166878.500000	-5300005.000000	-2061955.375000	-3347926.750000	-2242784.500000	-1851257.125000	-3159201.750000	-1146006.500000	5906865.500000	3537814.000000	-37267.757812	4936215.000000	287976.250000	-1391494.750000	1719107.750000	-1379123.375000	-1362301.125000	-39902.472656	-1226304.250000	-674006.937500	-248102.718750	-419030.687500	-65834.031250	-127500.140625	-203802.546875	6421.337891	52895.726562	-4423.601562	9799.381836	0.000000	
-0.000000	-8393.425781	-50250.183594	-64535.000000	-187982.953125	-161459.218750	-279559.437500	-526171.812500	-263052.062500	1519498.750000	706924.375000	800306.750000	3623186.750000	-551550.187500	188830.000000	998120.812500	-3357674.250000	-933236.375000	-1966187.500000	-3602625.500000	-1530804.250000	-2709715.000000	-1976479.750000	-1775023.750000	-3294883.750000	-1300415.875000	7298093.500000	4765347.500000	-54826.496094	7950610.500000	509395.937500	-2713607.500000	3713596.500000	-3319219.250000	-3678861.750000	-121952.953125	-4286890.500000	-2730617.000000	-1184226.375000	-2406529.500000	-467590.562500	-1162098.125000	-2510326.750000	115409.046875	1569810.250000	-272749.968750	2217215.000000	1987074.250000	-1467234.250000	361058.687500	799902.500000	-954693.500000	-278280.562500	-59444.730469	-499735.187500	-187684.593750	-146953.171875	-140135.515625	-33974.988281	-59977.519531	-25998.662109	9407.262695	1008.114441	0.000000	
-0.000000	-4124.605957	-31888.658203	-121392.671875	-85173.734375	-219989.906250	-216850.468750	-249912.859375	-573713.062500	-272445.031250	1801411.875000	1363171.000000	-17938.992188	2944152.000000	211652.109375	-1256190.500000	1904273.250000	-1876450.875000	-2284057.250000	-82896.304688	-3182605.000000	-2210082.500000	-1043613.250000	-2307430.500000	-487672.718750	-1318675.625000	-3101577.250000	155453.125000	2309427.750000	-439310.062500	3921991.250000	3875070.250000	-3169502.250000	868981.625000	2160117.750000	-2917806.500000	-972807.812500	-240829.546875	-2385300.750000	-1077888.875000	-1043744.687500	-1277263.125000	-418485.062500	-1077960.500000	-771574.000000	580032.062500	228096.671875	191335.875000	928879.812500	-120439.445312	-530206.375000	227564.078125	-14455.708984	-351501.156250	-106508.390625	-65819.500000	-126398.578125	-70063.750000	-34341.941406	-25317.419922	-11128.912109	-3759.372070	-788.860535	-0.000000	
0.000000	-8293.311523	-37044.039062	-2793.241699	-177079.703125	-179426.906250	-114500.546875	-324872.562500	-84914.742188	-276270.562500	-765572.250000	44468.777344	755634.812500	-162678.765625	1629572.750000	1793857.875000	-1625270.250000	491260.531250	1341130.250000	-1983349.750000	-722216.562500	-194920.468750	-2102073.750000	-1033502.187500	-1088571.625000	-1449357.625000	-517049.718750	-1451986.000000	-1135101.875000	934239.937500	403476.062500	373131.468750	2006555.375000	-289868.843750	-1431809.750000	695498.562500	-50533.988281	-1424043.125000	-508378.343750	-378007.093750	-897754.250000	-638595.062500	-423004.968750	-455023.468750	-330277.718750	-231794.984375	-178488.125000	-38891.019531	-1425.802490	-12031.319336	66635.031250	-8270.530273	-68695.015625	-15264.900391	-6731.017578	-25569.689453	-16739.414062	-6935.689453	-4964.416992	-3222.336914	-1347.620239	-135.908661	-27.326847	-0.000000	
-0.000000	2171.214111	21751.152344	-66830.187500	-40184.027344	-15824.739258	-230630.093750	-145511.000000	-189544.687500	-303649.250000	-127625.046875	-415353.781250	-371400.406250	345953.875000	167642.796875	172731.015625	1028929.687500	-163871.281250	-888953.125000	472758.187500	-37516.640625	-1152579.375000	-448014.312500	-362441.031250	-936311.125000	-724637.375000	-522634.187500	-612905.312500	-485888.406250	-373345.093750	-315724.406250	-75842.875000	-3080.001953	-28956.500000	179946.312500	-25277.019531	-240142.703125	-61842.972656	-32128.017578	-146848.953125	-118892.796875	-63215.238281	-61148.937500	-57914.230469	-39993.929688	-8379.841797	-6182.991211	-13901.899414	15347.721680	5960.584473	-16611.712891	-14171.339844	482.614410	15622.471680	2971.686523	-7540.440430	-3877.708496	-747.823120	-359.729858	-556.826538	-451.657288	-37.139030	80.390511	0.000000	
0.000000	-724.258545	-14417.507812	15929.876953	-2087.420654	-93572.867188	-49154.113281	-51029.554688	-163032.750000	-151815.937500	-129003.484375	-175327.125000	-158980.578125	-138251.609375	-131182.312500	-35109.386719	-1579.375977	-16369.950195	111721.429688	-17181.800781	-178282.937500	-50053.914062	-28313.187500	-140801.812500	-123999.015625	-71732.664062	-75551.179688	-78009.031250	-58837.109375	-13497.156250	-10936.980469	-27110.628906	33153.968750	14345.698242	-44859.535156	-43311.519531	1687.114136	63291.609375	14184.244141	-43305.402344	-27541.681641	-6816.022949	-4430.952637	-10007.699219	-13404.036133	-2289.914551	18189.212891	6195.530273	-11235.464844	-8478.220703	-1409.485107	-796.064148	-2511.144775	-666.897156	613.822693	166.490631	464.649719	3222.413574	1909.508301	-661.828430	-18.853783	488.541870	30.212963	-0.000000	
-0.000000	-72.349937	1811.956665	-578.951294	-9919.637695	-4063.658203	-3106.395752	-19824.064453	-21591.005859	-15028.429688	-18648.541016	-22315.191406	-19251.248047	-4998.066406	-4544.274414	-12550.125000	17000.828125	8110.039062	-27851.482422	-29440.574219	1252.520508	51226.398438	12500.029297	-41522.117188	-28724.544922	-7734.392090	-5474.562988	-13480.122070	-19719.359375	-3688.295410	32174.568359	12082.142578	-24270.720703	-20405.044922	-3806.281006	-2432.991455	-8778.411133	-2701.812988	2929.854980	956.170166	3300.205322	29370.640625	23520.265625	-11894.871094	-559.532227	30122.464844	6836.005859	-18913.970703	631.238770	10804.062500	-6400.850098	-11422.854492	-6472.869141	-4351.131348	-32.498600	1308.718384	-899.100281	-469.713745	-163.445343	583.639160	1127.224365	155.898407	-78.108330	-0.000000	
0.000000	35.843777	-451.709930	-992.018188	69.690063	4158.847168	1371.447021	-5846.068848	-5001.586914	-1620.402344	-1351.304077	-3856.111328	-6452.089355	-1365.794678	13368.413086	5593.098145	-12445.639648	-11535.563477	-2363.166748	-1653.801636	-6517.128906	-2186.769287	2581.968750	916.795776	3441.943115	33327.949219	29059.929688	-16022.096680	-823.156372	48517.335938	12092.086914	-36884.863281	1363.594727	26002.787109	-17285.343750	-34911.390625	-22627.730469	-17627.820312	-155.120010	7516.083008	-6385.919434	-4281.199219	-2013.229126	10489.595703	33453.144531	9612.368164	-17672.845703	-3812.388916	11344.633789	-671.173767	-10597.786133	-4298.673340	908.923767	-2165.037109	-1911.967896	165.549866	-1279.510742	-148.341400	701.496582	-210.952820	-92.831787	78.737274	13.840750	0.000000	
-0.000000	-50.983498	-38.327080	-55.725857	-362.612122	-177.534225	283.281982	129.079422	599.319397	6982.408203	7172.955566	-4583.266113	-269.333191	17966.218750	5024.216797	-17074.839844	699.229614	14700.129883	-10731.774414	-23730.669922	-16798.919922	-14267.447266	-136.701309	7206.576172	-6660.182617	-4858.034180	-2487.399414	14129.225586	49214.628906	15482.347656	-31261.175781	-7434.686523	24506.544922	-1615.354248	-28619.070312	-13137.930664	3177.398193	-8771.254883	-9126.070312	950.767273	-9087.809570	-1352.055420	8640.646484	-3791.400635	-2755.010498	4854.774902	3131.617676	13935.702148	10912.659180	-5784.077148	-7140.375488	3673.676025	3996.380127	-4232.874512	-3420.525391	-430.320740	-1127.251099	-709.361328	168.760818	-285.429565	-186.280304	83.208000	-1.328482	-0.000000	
0.000000	64.969864	-174.053543	-799.619446	-934.689575	-1158.311523	-14.998253	1014.643311	-1159.687012	-1017.787781	-613.972839	4041.793213	16102.813477	5733.192871	-12988.901367	-3441.685059	12566.566406	-913.206604	-17768.429688	-8930.377930	2358.913330	-7099.200195	-8042.455078	911.615356	-9478.114258	-1534.227173	10675.753906	-5106.922363	-4053.036377	7819.437500	5539.461426	27176.548828	23573.398438	-13920.886719	-19282.414062	11227.766602	13970.468750	-17148.722656	-16326.610352	-2471.369385	-8006.375977	-6465.463379	2078.702148	-5129.952148	-5528.324219	5130.430176	-300.583160	-3887.656738	4489.889160	3099.328125	8645.593750	10594.025391	-1229.832886	-5454.456543	82.000160	1469.439941	-1881.978516	-1797.751099	-495.865509	-262.919525	-195.214279	14.557750	4.476932	-0.000000	
0.000000	-4.036081	-288.177704	-300.914551	131.249619	-576.352966	-882.382019	128.350052	-1650.351929	-321.429932	2635.130615	-1460.881592	-1326.136108	2895.577881	2301.625488	12580.640625	12088.063477	-7869.880859	-11971.675781	7631.962402	10371.733398	-13879.679688	-14388.013672	-2369.600098	-8350.234375	-7336.600098	2568.293213	-6909.917969	-8132.999512	8263.427734	-531.696106	-7581.469238	9699.006836	7459.339844	23347.220703	32378.261719	-4299.226074	-22097.742188	391.397400	8439.121094	-13366.876953	-16385.576172	-6107.796387	-4725.385254	-5793.461426	897.600281	1012.953613	-3673.641357	3038.675049	4518.202148	1059.814209	1336.795898	-189.350998	-85.778854	2840.342529	1496.746216	-1337.441406	-762.498230	536.635498	-12.670955	-350.660126	-114.634506	5.802863	0.000000	
0.000000	-34.782352	-194.162918	257.163635	577.081787	-1126.830444	-1578.588135	-333.625671	-1453.962891	-1537.062378	633.940063	-1976.644775	-2661.082275	3059.989746	-220.917740	-3509.634033	4973.496094	4216.980957	14495.350586	22008.800781	-3191.763184	-17885.273438	344.923492	8091.604004	-13940.958984	-18593.316406	-7546.349121	-6364.976074	-8523.056641	1445.737305	1791.795288	-7164.109863	6564.110352	10874.228516	2862.002930	4085.616699	-661.929565	-347.517487	13557.322266	8595.943359	-9499.266602	-6949.778809	6609.978516	-227.731812	-10406.698242	-7068.122559	1312.959839	1493.138550	-3790.569336	-3341.206299	-2466.806641	-1301.590698	881.447937	-129.094894	613.861938	1263.769287	290.951050	32.840744	638.459717	415.640198	-205.588562	-86.390877	8.306370	-0.000000	
0.000000	18.637705	235.093201	741.599976	-177.589249	-1452.026978	37.843452	1139.250000	-2427.433350	-3895.413086	-1862.689575	-1820.759277	-2788.707275	535.363953	744.484253	-3316.428955	3365.971191	6147.517090	1776.902588	2777.157227	-491.419220	-281.270599	11947.547852	8241.968750	-9907.242188	-7886.169922	8166.809082	-306.749084	-15309.824219	-11384.409180	2322.470703	2911.826904	-8188.343750	-8041.482422	-6661.552734	-3978.019775	3081.348633	-523.004578	2930.042480	7257.937012	2066.499023	299.326508	7864.192383	7470.193848	-6101.344238	-5326.680176	1879.404907	-1443.091064	-4080.808105	-2104.690918	-114.580780	-551.827881	-1432.133545	-366.026337	53.334545	-405.571991	-350.865967	-49.897652	-80.980621	22.058823	46.288979	-12.597413	-4.686340	0.000000	
0.000000	27.170055	28.818737	93.578011	-27.342497	-22.835127	1310.831177	1160.420532	-1725.072876	-1652.200684	2015.839722	-87.748360	-5009.308594	-4215.705078	964.977905	1347.950806	-4198.852539	-4546.083496	-4135.890137	-2704.019287	2287.605957	-423.304779	2582.133789	6959.060547	2155.251465	339.656799	9716.424805	10062.166016	-8975.999023	-8579.520508	3324.445312	-2814.227539	-8815.314453	-5065.486328	-309.422668	-1686.538086	-5006.424316	-1482.889282	254.572693	-2329.235107	-2492.048828	-454.791412	-997.474365	396.457520	1373.738770	-776.729980	-1060.334473	2421.772217	4254.653320	-111.231308	-1932.957520	-528.005188	-261.726471	-589.826477	-684.834106	375.310150	998.087830	102.231087	-304.592377	-156.850815	-65.951408	-19.504406	-4.623532	-0.000000	
-0.000000	-20.092232	-67.078033	-91.113579	127.282074	-34.366261	283.300110	979.794556	375.277527	71.160172	2398.336426	2878.373779	-2936.907959	-3177.040771	1381.294556	-1302.769775	-4520.353027	-2863.666504	-192.108093	-1146.407471	-3716.790283	-1200.207764	224.345123	-2233.318848	-2599.077637	-516.068604	-1232.406860	534.018433	2020.977173	-1251.055298	-1875.606445	4722.791016	9190.852539	-267.707092	-5219.905762	-1613.729248	-914.938293	-2389.574951	-3268.802002	2155.438721	7088.984863	931.783752	-3751.800049	-2819.039307	-1957.269653	-1202.600586	-1046.123657	-948.495300	-577.264709	-538.618347	-146.737015	770.523132	536.726990	-231.793152	-278.293610	-156.371216	-109.794540	-62.918003	-14.519786	-13.176163	-9.359975	0.775640	3.253496	0.000000	
-0.000000	-12.656488	-3.115710	-38.628899	-206.801682	-97.439606	24.614140	-314.438110	-452.557648	-108.119507	-304.198944	152.760818	661.255005	-463.272217	-779.307434	2186.287109	4712.922852	-151.342575	-3240.829590	-1096.916382	-679.253967	-1934.052979	-2880.669434	2066.679199	7393.443848	1057.329346	-4635.451172	-3797.175781	-2879.439209	-1936.992065	-1850.468994	-1849.697266	-1247.000610	-1296.325195	-396.259827	2354.931152	1876.279907	-939.067871	-1328.331421	-898.053467	-779.822998	-573.465210	-178.846680	-236.811783	-277.780182	47.824360	736.138184	643.252808	-246.893234	-392.554230	-168.627945	-129.750549	-92.902626	133.497742	211.635452	162.410049	81.747231	-27.259531	-58.226498	-33.057537	-14.257464	-4.253033	-0.745069	-0.000000	
0.000000	-0.668886	-52.561474	-36.961269	-37.793594	-157.017288	-316.054108	290.976227	1287.364136	221.516937	-1144.183350	-1086.216675	-942.140076	-717.278137	-768.862976	-856.266785	-639.442017	-732.850281	-246.021805	1600.740845	1392.957886	-760.054443	-1170.607422	-861.072266	-813.314941	-650.732117	-220.969940	-318.979584	-408.656586	77.029236	1302.141479	1254.432129	-533.335876	-944.783936	-455.375763	-396.553436	-324.767181	540.841858	1010.163391	932.735046	580.615112	-248.456604	-717.201721	-594.134583	-423.125183	-262.233093	-168.579773	-133.946793	356.278564	464.742249	-29.162531	-99.916969	-19.249878	-74.039001	-101.942307	-92.089813	-268.213867	942.142334	-1413.243042	82.209869	8062.029297	3068.130127	756.936584	0.000000	
-0.000000	-3.238963	-3.990110	53.937943	77.503983	-61.705486	-128.433792	-121.233887	-141.616348	-136.332352	-54.542721	-91.247009	-133.710678	28.524323	541.034912	580.705078	-273.486145	-534.113770	-282.724487	-269.553223	-241.108505	437.741760	890.218201	894.325684	605.551453	-281.932861	-886.122314	-800.284546	-622.481018	-422.370850	-298.197723	-261.214783	769.628845	1118.523071	-78.752724	-305.373779	-67.293350	-299.955566	-486.583832	-528.879761	-1905.006592	8587.142578	-17407.544922	1477.536743	239260.468750	189174.453125	171265.000000	296094.312500	377082.000000	252563.031250	1577.914551	73493.476562	39978.472656	-4177.191895	58682.062500	163991.312500	94939.234375	-9837.340820	-16001.333984	-24226.392578	-16038.164062	-5664.307129	-1039.125732	-0.000000	
-0.000000	-2.360612	-4.585374	-9.082761	-13.415243	35.538338	97.670738	125.915771	105.440079	-59.066654	-218.724426	-228.928665	-203.673111	-156.406097	-123.900032	-120.922256	394.653412	632.333557	-48.894398	-207.574783	-49.958858	-242.775375	-428.807617	-507.100891	-1986.823120	9744.147461	-21507.496094	1990.205200	351988.250000	304697.531250	302947.531250	577424.937500	814568.125000	607858.687500	4261.121094	224616.328125	139755.968750	-16923.134766	280097.093750	941816.375000	674312.187500	-89662.296875	-197095.546875	-435414.687500	-475971.781250	-349249.281250	-235113.296875	-232635.250000	-162404.078125	205853.718750	367417.718750	183964.203125	-58916.000000	-98522.148438	-6041.051270	-15642.554688	-60181.230469	-34822.519531	-17383.316406	-12718.663086	-368.920990	1767.716187	497.934509	0.000000	
0.000000	2.794712	-0.792995	-6.994359	-2.779704	-19.709869	-47.046844	-71.396805	-345.950409	2041.458130	-5308.764160	569.316284	115169.039062	112831.062500	125873.570312	267303.093750	417697.562500	343640.125000	2645.558594	152680.703125	103755.414062	-13697.095703	246838.796875	903033.062500	703272.687500	-101743.109375	-243516.937500	-586492.750000	-700226.375000	-562525.125000	-415887.656250	-453670.968750	-350823.406250	495440.531250	992202.812500	562245.312500	-205957.406250	-399144.593750	-28834.718750	-89836.546875	-427441.187500	-317389.375000	-214118.046875	-228589.250000	-10948.633789	108993.664062	112663.007812	94458.757812	-66988.632812	-58541.363281	66020.195312	-24748.212891	-51090.441406	-36265.375000	-18605.015625	-12699.542969	-15822.225586	-13511.565430	-10067.279297	-2061.476562	1324.011108	1180.846069	64.591301	-0.000000	
0.000000	1518.779297	42.907055	5144.669922	5772.936523	-1112.007202	27082.042969	127141.718750	122455.523438	-21315.800781	-60108.070312	-167771.578125	-229111.046875	-208305.953125	-172799.765625	-210014.578125	-179896.656250	280086.906250	616018.812500	382180.625000	-152903.625000	-323056.093750	-25410.929688	-86137.148438	-445798.968750	-360153.406250	-264548.687500	-307904.031250	-16107.093750	175552.765625	199287.546875	184207.671875	-144708.062500	-140895.015625	178285.968750	-75637.359375	-178600.984375	-146922.578125	-88804.148438	-72934.578125	-112378.398438	-123150.968750	-124003.164062	-37050.386719	39293.273438	72808.484375	14614.471680	-54573.296875	-72521.656250	43771.289062	140708.359375	81479.789062	5590.150391	9368.597656	-3520.754639	-23908.515625	-25674.205078	-19357.490234	-7066.336914	-2954.817627	-2578.747314	-1149.399780	-274.759644	0.000000	
-0.000000	1237.894409	9990.916016	12877.810547	-8507.536133	-26227.509766	-2787.972900	-12127.601562	-77623.585938	-75454.335938	-65299.402344	-88078.750000	-5270.171387	65008.093750	82803.226562	85273.906250	-74203.992188	-79652.039062	110690.593750	-51413.738281	-132594.109375	-118914.890625	-78259.687500	-69931.179688	-117204.843750	-139743.937500	-153209.296875	-49905.953125	57806.335938	117270.398438	25851.273438	-106425.492188	-156660.437500	105346.992188	379979.593750	249024.687500	19541.939453	37955.175781	-16805.017578	-137308.671875	-182352.734375	-176433.562500	-87039.218750	-53106.175781	-76530.648438	-70869.578125	-62167.308594	14404.007812	14615.288086	-1536.234741	175615.875000	95311.648438	37474.246094	123178.078125	-11190.329102	-46970.636719	-23857.345703	3881.511719	12141.511719	-199.233856	-1110.441895	-2872.664551	-666.529114	-0.000000	
-0.000000	-352.036499	1795.237915	-1732.417480	-7377.517090	-9654.178711	-8586.300781	-9845.897461	-20407.988281	-29277.207031	-37817.140625	-14276.050781	18913.984375	43425.832031	10741.107422	-49266.773438	-80332.984375	59555.710938	235914.046875	169272.046875	14508.015625	30719.820312	-14809.616211	-131654.406250	-190184.453125	-200205.671875	-107539.335938	-71532.695312	-112588.132812	-114147.460938	-109966.617188	28089.810547	31571.773438	-3697.348633	474246.500000	291298.687500	131001.742188	499033.656250	-53412.886719	-269756.437500	-169448.375000	35377.980469	149552.406250	-3580.778809	-32955.085938	-177122.468750	-150809.343750	-52210.441406	38245.773438	33090.738281	-15936.791992	-26947.419922	3627.858154	2040.977783	-45774.847656	-6874.395996	5688.453125	-15122.872070	-1755.843994	772.361572	-2291.545654	-894.794006	173.554596	0.000000	
-0.000000	263.217163	3826.177734	5703.725098	807.223999	2494.007812	-1624.844482	-18536.162109	-33115.375000	-41944.308594	-26544.279297	-20462.578125	-36838.351562	-42269.390625	-45690.718750	13003.411133	16189.502930	-2090.218506	294440.593750	198007.359375	97256.234375	403903.406250	-47070.726562	-258648.062500	-176725.859375	40144.699219	184776.078125	-4823.220215	-48481.906250	-285285.750000	-266763.906250	-101817.593750	82618.078125	79641.468750	-43036.925781	-82358.742188	12682.196289	8268.651367	-218489.281250	-39480.253906	40402.617188	-137837.203125	-21627.511719	13881.455078	-68007.234375	-55171.121094	39268.585938	88214.421875	228439.906250	619878.687500	392694.312500	94449.046875	131281.531250	-107241.750000	-152161.453125	-85635.937500	-46909.988281	-25088.390625	-4582.576172	-3085.940430	-5045.680664	-1240.891479	-2382.683350	0.000000	
0.000000	-9.238096	4775.391602	6671.979492	5411.323242	32791.148438	-5164.388184	-36416.117188	-30771.931641	8410.559570	45608.871094	-1379.725952	-15863.070312	-105642.781250	-110839.398438	-47133.675781	42365.234375	45023.632812	-26719.898438	-55982.531250	9415.314453	6692.407227	-192546.203125	-37854.484375	42137.832031	-156408.953125	-26721.382812	18697.974609	-100048.906250	-88862.437500	69461.484375	172030.343750	493473.218750	1491899.250000	1060461.625000	288662.312500	458931.406250	-434470.500000	-726286.312500	-491814.625000	-333181.312500	-228667.765625	-56445.632812	-55462.808594	-149742.937500	-76510.757812	-539107.625000	725553.625000	3891906.500000	2432936.000000	235913.390625	-219680.625000	-836706.812500	-641678.062500	-415102.718750	-233662.812500	-135116.812500	-72761.757812	-35202.945312	-27156.353516	-8467.480469	-7480.759766	-4536.573730	0.000000	
0.000000	198.990036	-433.357300	-1886.365723	523.866821	543.327271	-21125.302734	-5329.687500	7337.140625	-32768.628906	-6595.724609	5348.725586	-32735.570312	-32906.218750	28860.988281	79636.750000	253045.203125	843413.937500	658398.000000	196215.328125	340712.562500	-351647.875000	-640048.250000	-471562.062500	-347490.812500	-259477.734375	-69740.125000	-74707.023438	-220294.468750	-123233.546875	-953617.625000	1414930.125000	8407251.000000	5855494.000000	637078.500000	-671404.562500	-2924943.500000	-2599642.250000	-1981339.000000	-1341945.875000	-959676.062500	-663185.937500	-433610.343750	-488074.125000	-251293.218750	-461247.906250	-1026448.312500	5450056.000000	8320540.500000	2744764.250000	651036.500000	-1890760.375000	-2120181.000000	-1067553.250000	-641230.562500	-389418.250000	-269502.312500	-193170.921875	-118759.078125	-57676.414062	-4003.852783	-38856.722656	10548.290039	0.000000	
0.000000	3727.619629	10678.243164	6611.595703	18957.199219	-28548.750000	-70223.210938	-66393.148438	-60505.937500	-54362.167969	-17214.177734	-21370.623047	-72079.398438	-45634.015625	-396224.562500	655003.250000	4311104.500000	3310280.500000	395536.406250	-456380.531250	-2171490.000000	-2104075.250000	-1746078.000000	-1286685.500000	-1000892.375000	-752541.562500	-535737.437500	-657423.750000	-369690.250000	-742917.937500	-1815665.750000	10628364.000000	17973936.000000	6605989.000000	1758108.500000	-5778684.500000	-7411687.500000	-4324998.500000	-3060676.500000	-2236462.750000	-1914158.125000	-1760653.500000	-1462808.375000	-1036603.312500	-118824.140625	-2395824.000000	2386663.250000	20591820.000000	14484134.000000	2926803.750000	-1556471.125000	-5855352.500000	-3801277.250000	-2158005.000000	-1239564.375000	-667495.812500	-429986.218750	-405818.125000	-246372.281250	-78123.929688	-8134.502441	-134251.281250	88513.312500	0.000000	
0.000000	14630.379883	6415.016602	-15378.021484	-120821.406250	-170820.656250	-191571.812500	-181157.718750	-174277.781250	-157662.031250	-132237.796875	-188062.031250	-120961.054688	-275106.343750	-754402.375000	4920110.500000	9216748.000000	3734557.250000	1091538.875000	-3928003.250000	-5502467.500000	-3500528.500000	-2697256.750000	-2144366.750000	-1996367.625000	-1997878.500000	-1807339.750000	-1396278.875000	-174808.250000	-3858880.500000	4221725.500000	40156900.000000	31288458.000000	7044115.000000	-4203213.000000	-17895572.000000	-13288431.000000	-8742766.000000	-5916601.000000	-3833486.250000	-3054005.500000	-3698823.500000	-3034677.250000	-1404101.125000	-241411.281250	-8277651.500000	20027084.000000	52883632.000000	15340071.000000	-2671419.500000	-4929874.500000	-10591555.000000	-6883442.000000	-4146601.250000	-2743401.750000	-1565220.250000	-922870.937500	-477538.593750	-412566.437500	-214976.078125	-68896.398438	-182234.515625	140223.281250	0.000000	
0.000000	16505.546875	17703.150391	-132356.468750	-306156.531250	-284192.593750	-295930.875000	-301914.187500	-347612.312500	-418567.718750	-446111.468750	-399418.281250	-57196.503906	-1428963.250000	1754111.125000	18589540.000000	16044223.000000	3982242.500000	-2609606.000000	-12164336.000000	-9865386.000000	-7076142.000000	-5214073.000000	-3675626.000000	-3185169.250000	-4197191.500000	-3749426.500000	-1891289.375000	-355152.437500	-13332561.000000	35425544.000000	103130408.000000	33137442.000000	-6429466.500000	-13313009.000000	-32370712.000000	-24063002.000000	-16799202.000000	-13094612.000000	-8989196.000000	-6554752.000000	-4352518.500000	-5081764.500000	-3863709.500000	-2044669.375000	-11236197.000000	31727018.000000	74034824.000000	17049540.000000	-3940459.250000	3358079.000000	-12467755.000000	-10690834.000000	-5578966.500000	-4741956.000000	-2419210.000000	-1908876.500000	-1490386.500000	-728979.000000	-382607.531250	-109713.820312	-134247.406250	-8453.497070	0.000000	
0.000000	17600.236328	-42323.957031	-409884.750000	-548908.687500	-574480.937500	-572064.625000	-517506.437500	-554609.312500	-879337.125000	-925483.000000	-541020.500000	-116204.343750	-4937116.000000	14719181.000000	47741408.000000	16992352.000000	-3634763.750000	-8265512.000000	-22003668.000000	-17864472.000000	-13596789.000000	-11539778.000000	-8619027.000000	-6836266.500000	-4938963.000000	-6278658.500000	-5204321.000000	-3008017.250000	-18097800.000000	56121344.000000	144378160.000000	36830216.000000	-9483741.000000	9068412.000000	-38104896.000000	-37372812.000000	-22602172.000000	-22633970.000000	-13893733.000000	-13557921.000000	-13584106.000000	-8979159.000000	-6876506.500000	-3256026.250000	-8277412.500000	-1912694.125000	64007688.000000	54502900.000000	-4321454.000000	6352843.500000	-1560404.625000	-14481662.000000	-5972747.500000	-5288261.500000	-4554675.500000	-2352782.250000	-1859486.750000	-898056.812500	-403910.187500	-285051.593750	-78913.867188	-30923.382812	-0.000000	
0.000000	-16064.492188	-134054.406250	-741427.062500	-993976.750000	-1103863.750000	-1266092.625000	-1213508.125000	-1190347.125000	-1034742.875000	-1549781.500000	-1488743.250000	-984210.312500	-6701708.500000	23318208.000000	66835924.000000	18885950.000000	-5361433.500000	5630212.500000	-25901424.000000	-27745728.000000	-18293544.000000	-19946448.000000	-13321599.000000	-14140209.000000	-15414386.000000	-11093996.000000	-9262484.000000	-4790106.500000	-13332176.000000	-3383329.750000	124823864.000000	117736536.000000	-10400703.000000	17155702.000000	-4769026.500000	-50624712.000000	-24197502.000000	-25241556.000000	-26157896.000000	-16710792.000000	-16948264.000000	-11061766.000000	-7259373.500000	-8459604.000000	-4865663.000000	-6996746.000000	-4685060.000000	45789876.000000	47044796.000000	-232776.609375	7140811.500000	4677129.500000	-10827444.000000	-4230861.500000	-2700819.500000	-3930315.500000	-1593206.375000	-1186383.125000	-821523.937500	-243233.812500	-108491.921875	-32740.806641	-0.000000	
0.000000	-23695.820312	91313.734375	-872764.312500	-1543768.500000	-1485172.750000	-2188434.750000	-1875602.500000	-2462127.000000	-3229407.750000	-2738366.750000	-2649617.500000	-1567302.125000	-4936973.500000	-1405760.875000	57783796.000000	60373420.000000	-5879819.000000	10651286.000000	-3241698.250000	-37583996.000000	-19584760.000000	-22244414.000000	-25080734.000000	-17428490.000000	-19231822.000000	-13667113.000000	-9778196.000000	-12445355.000000	-7836975.000000	-12376417.000000	-9136516.000000	98914760.000000	113225544.000000	-628607.687500	21824288.000000	16350219.000000	-43865424.000000	-20194450.000000	-15511040.000000	-27915326.000000	-14521257.000000	-14613209.000000	-14765038.000000	-7218559.000000	-6689384.000000	-7407957.500000	-5731847.000000	-9319460.000000	22762434.000000	45534200.000000	6901894.500000	2137216.250000	10155506.000000	-6077185.500000	-4399194.000000	-96709.710938	-3012022.250000	-1539681.250000	-622262.062500	-579556.812500	-156354.437500	-25530.822266	-0.000000	
0.000000	-25986.917969	172748.140625	-109231.007812	-2091168.125000	-1590000.750000	-2440557.000000	-3531219.000000	-3034690.500000	-4029183.750000	-3373497.500000	-2797141.750000	-4072066.500000	-2902072.250000	-5142355.000000	-4229500.500000	50721916.000000	64009684.000000	-390277.250000	14834842.000000	12138470.000000	-35503408.000000	-17796592.000000	-14872307.000000	-29114238.000000	-16477805.000000	-18055018.000000	-19888138.000000	-10619590.000000	-10774387.000000	-13103802.000000	-11177896.000000	-20131790.000000	54783720.000000	122964032.000000	21094092.000000	7471239.000000	41143188.000000	-29007194.000000	-25264954.000000	-686887.125000	-27453034.000000	-18964940.000000	-11183756.000000	-17199768.000000	-9640486.000000	-5776622.000000	-8489110.000000	-5584502.500000	-9261434.000000	5922613.500000	40751536.000000	19112590.000000	-1471199.750000	9192568.000000	-1050530.000000	-5467943.500000	89740.929688	-1565936.375000	-1322924.875000	-288118.281250	-245969.078125	-52960.566406	-0.000000	
0.000000	282902.312500	-6329.720703	499869.093750	675382.750000	-2882366.000000	-1952562.125000	-2093932.875000	-5069441.000000	-3452200.500000	-4456578.500000	-5689182.500000	-3474684.000000	-3989810.750000	-5444580.500000	-5174501.500000	-10323261.000000	30970826.000000	76343424.000000	14338498.000000	5546678.500000	33300108.000000	-25562926.000000	-24224562.000000	-716387.625000	-31151970.000000	-23431700.000000	-15064241.000000	-25303456.000000	-15527637.000000	-10218161.000000	-16554940.000000	-12063577.000000	-22290050.000000	15993877.000000	124547928.000000	66813420.000000	-5960299.000000	43877316.000000	-6033285.000000	-38836428.000000	817942.375000	-19288336.000000	-23776588.000000	-8550615.000000	-15165936.000000	-11982895.000000	-6702510.500000	-8956581.000000	-6845219.500000	-5741980.500000	-6427665.500000	19187010.000000	26926666.000000	1604767.625000	2292582.500000	3869070.250000	-3656952.000000	-1161853.625000	-199116.281250	-818305.062500	-196313.171875	-43139.191406	-0.000000	
-0.000000	136881.140625	1238177.625000	483144.468750	308616.406250	2703490.000000	-2804649.250000	-3410675.000000	-124739.140625	-6526527.500000	-5783722.000000	-4309263.000000	-8279181.500000	-5749964.000000	-4245608.000000	-7663657.000000	-6186010.500000	-12601212.000000	9929955.000000	84660208.000000	49602556.000000	-4824094.000000	38667392.000000	-5784838.500000	-40504384.000000	928149.375000	-23831266.000000	-32026472.000000	-12579246.000000	-24427310.000000	-21196324.000000	-13070824.000000	-19347902.000000	-16474802.000000	-15506081.000000	-19644718.000000	67073576.000000	109088496.000000	7659763.500000	13166500.000000	27480326.000000	-33331234.000000	-14311068.000000	-3578665.500000	-24285208.000000	-12104258.000000	-9760704.000000	-11790432.000000	-4664900.000000	-5603118.000000	-7280205.000000	-4174119.750000	-6054468.000000	2014647.750000	22019848.000000	10962618.000000	-1657999.125000	2119698.750000	-629514.562500	-1650869.625000	-224727.250000	-243934.609375	-67490.046875	-0.000000	
-0.000000	-55693.320312	161049.218750	2852677.500000	2759879.250000	-391647.031250	4242412.500000	-814471.062500	-7052720.500000	194452.937500	-5882348.000000	-9161463.000000	-4115875.000000	-9045559.000000	-8806993.000000	-6050781.000000	-9921297.000000	-9313684.000000	-9627102.000000	-13353301.000000	49795700.000000	88293080.000000	6750255.000000	12624313.000000	28660556.000000	-37822180.000000	-17681716.000000	-4820373.500000	-35727208.000000	-19495958.000000	-17265532.000000	-22992976.000000	-10077063.000000	-13485362.000000	-19660020.000000	-12757260.000000	-21165092.000000	8161980.000000	105103584.000000	62959268.000000	-11776048.000000	19319964.000000	-7754011.500000	-29670654.000000	-6669331.500000	-15040496.000000	-15270345.000000	-8259286.500000	-9559045.000000	-4161956.250000	-1419900.250000	-4252703.500000	-4055206.000000	-2144795.000000	-3536575.750000	2474973.250000	12571920.000000	4826084.000000	-1095965.375000	36708.460938	-505128.562500	-350355.031250	-43931.429688	-0.000000	
-0.000000	-41163.500000	-156137.390625	-449947.656250	2770625.750000	7168128.000000	740607.625000	1777428.750000	4990444.500000	-7923977.500000	-4364434.500000	-1378911.625000	-11689788.000000	-7219454.000000	-7173764.000000	-10643970.000000	-5167357.500000	-7623666.000000	-12206116.000000	-8671620.000000	-15713051.000000	6606070.500000	92623752.000000	60366652.000000	-12281808.000000	21923076.000000	-9580293.000000	-39965632.000000	-9811594.000000	-24225268.000000	-27011434.000000	-16106753.000000	-20649338.000000	-10016831.000000	-3834406.750000	-12997434.000000	-14176111.000000	-8689247.000000	-16880534.000000	14213986.000000	89292896.000000	43987272.000000	-13499493.000000	659751.687500	-14990927.000000	-21602156.000000	-9939956.000000	-10299810.000000	-8332020.500000	-5132392.000000	-4808503.500000	-808013.937500	1285634.125000	-1405520.500000	-1953830.125000	-824028.687500	-1131228.625000	-347989.781250	4243495.500000	2959580.500000	-70187.289062	-115165.203125	-41246.824219	-0.000000	
-0.000000	-33694.164062	-197965.187500	-292195.562500	-874272.000000	536317.937500	10162261.000000	8499268.000000	-2138537.750000	4593018.000000	-2364734.500000	-11432532.000000	-3210311.000000	-8970741.000000	-11223150.000000	-7456181.000000	-10588651.000000	-5662805.000000	-2380629.000000	-8834876.000000	-10524403.000000	-7032826.000000	-14876166.000000	13628665.000000	93127856.000000	49913980.000000	-16678993.000000	888669.187500	-22053918.000000	-34793932.000000	-17582606.000000	-20086056.000000	-17998734.000000	-12352436.000000	-12985249.000000	-2469513.250000	4494294.500000	-5694211.500000	-9325884.000000	-4732468.500000	-8034626.000000	-3171748.000000	52269024.000000	53191776.000000	-2082979.625000	-7100844.500000	-9332535.000000	-14589943.000000	-8091808.500000	-5874849.000000	-5004041.000000	-3071590.250000	-2478566.750000	-1526202.000000	-829629.125000	-559167.875000	-394571.843750	-323660.750000	-145890.125000	-149796.531250	-32153.724609	264655.687500	69344.265625	-0.000000	
-0.000000	-25027.785156	-38610.289062	-297696.562500	-585576.312500	-570964.312500	-1632146.000000	1918835.500000	16215646.000000	10457282.000000	-4116929.500000	254211.890625	-7215946.500000	-12884372.000000	-7305507.500000	-9298291.000000	-9229464.000000	-6983190.500000	-8062019.000000	-1678627.000000	3336583.000000	-4608730.000000	-8218543.000000	-4537588.500000	-8379698.000000	-3599099.250000	64579808.000000	71648000.000000	-3064377.500000	-11437113.000000	-16508151.000000	-28452410.000000	-17479830.000000	-14139353.000000	-13513294.000000	-9387626.000000	-8664525.000000	-6183130.500000	-3959927.000000	-3211349.750000	-2802472.500000	-2950001.250000	-1796993.625000	-2692254.500000	-954240.562500	16318113.000000	15689882.000000	-834293.500000	-2101892.750000	-3516542.500000	-3810830.000000	-2323347.250000	-1682789.125000	-1061000.375000	-696344.375000	-466339.968750	-271577.031250	-158538.250000	-82377.023438	-37026.726562	-18738.693359	-7465.786621	-509.432861	-0.000000	
-0.000000	-30863.464844	-130754.046875	-56562.367188	185647.000000	-374162.593750	-901701.562500	-638865.687500	-1459093.125000	-754033.187500	15940442.000000	20495562.000000	-1002651.125000	-4235222.000000	-6859075.000000	-13171266.000000	-8963379.000000	-7993386.500000	-8389861.000000	-6381145.500000	-6432579.500000	-5004447.000000	-3489731.500000	-3079108.500000	-2922833.500000	-3347475.000000	-2220234.750000	-3626400.000000	-1403831.875000	26283086.000000	27753548.000000	-1626987.875000	-4540484.000000	-8463474.000000	-10291056.000000	-7100790.000000	-5882661.500000	-4298450.500000	-3323742.000000	-2678231.000000	-1928893.875000	-1444994.500000	-1014674.437500	-665471.812500	-556116.625000	-460324.718750	-115264.632812	-228577.015625	-379948.187500	1836511.750000	2423270.000000	299852.125000	-144808.843750	-372947.562500	-423525.875000	-248579.578125	-183838.609375	-85596.156250	-52744.441406	-33352.785156	-14446.287109	-4567.682617	-872.563843	-0.000000	
-0.000000	-35328.207031	-136071.156250	-215016.593750	-357907.812500	-406289.125000	-382877.656250	-433520.312500	-508930.812500	-701316.437500	-548027.687500	-1037364.625000	-459327.750000	9732762.000000	11531495.000000	-753169.562500	-2328288.000000	-4784647.500000	-6389303.000000	-4826691.000000	-4367312.000000	-3479041.500000	-2929086.000000	-2567943.250000	-2011736.250000	-1639688.500000	-1253658.000000	-896374.062500	-818131.500000	-741431.000000	-203889.515625	-445756.843750	-820759.687500	4420043.000000	6543983.000000	916430.750000	-506219.968750	-1510929.375000	-2021543.750000	-1427614.125000	-1305725.875000	-780164.937500	-649676.750000	-599441.000000	-428728.937500	-281633.718750	-197426.906250	-157254.968750	-120257.835938	-70290.617188	-11362.391602	10891.140625	-16170.575195	-8942.262695	-10438.060547	-11580.776367	-3270.553711	-7160.716797	-4116.730957	1683.197510	1909.673340	950.708984	126.074883	0.000000	
-0.000000	-21146.609375	-103625.062500	-162638.312500	-242996.640625	-282448.125000	-321366.156250	-361551.250000	-350288.343750	-343524.718750	-309444.437500	-256415.937500	-267689.093750	-274555.718750	-84715.328125	-206350.968750	-420872.500000	2498778.750000	4062895.750000	622934.625000	-375819.781250	-1222902.500000	-1781508.875000	-1368826.000000	-1361804.375000	-885281.875000	-802693.375000	-807432.187500	-630725.000000	-453618.843750	-349224.875000	-306669.000000	-259779.578125	-169172.656250	-30683.869141	33286.328125	-56528.781250	-36227.953125	-49822.214844	-66509.406250	-23229.324219	-65266.250000	-50707.605469	30251.673828	56674.234375	58618.718750	28525.789062	17890.505859	31478.269531	3869.162598	-23519.775391	-21416.382812	35738.617188	54407.324219	-3143.737305	-16640.083984	-459.783478	776.407227	-4829.714355	-531.724243	1098.781128	1062.590820	838.751892	0.000000	
-0.000000	11043.800781	65894.171875	20990.164062	-20910.560547	-99282.101562	-195459.140625	-192722.609375	-237120.640625	-185471.953125	-198131.390625	-230973.296875	-206370.500000	-167977.390625	-145101.625000	-141964.031250	-133210.828125	-95638.210938	-19050.380859	22626.048828	-41967.199219	-29321.859375	-43906.402344	-63770.593750	-24226.980469	-74060.023438	-62650.632812	40748.253906	83376.351562	94415.382812	50458.750000	34888.964844	67998.992188	9312.146484	-63514.593750	-65454.367188	124934.359375	220421.406250	-15005.464844	-95565.445312	-3265.642578	7076.552246	-59489.742188	-9556.542969	32609.021484	65517.121094	189776.593750	262864.593750	671826.812500	926545.500000	245498.953125	-23764.023438	60215.542969	-158920.468750	-136510.312500	-36178.148438	-62870.750000	-70488.460938	-24263.386719	-5660.465820	5255.354492	604.414917	-284.461761	0.000000	
-0.000000	-422.690247	-308.969055	762.398560	-2335.049072	-2380.513184	-4817.212891	-8978.522461	-4218.459961	-15516.025391	-15464.256836	11656.408203	27280.382812	34962.500000	20965.421875	16150.893555	34868.800781	5264.426758	-39433.656250	-44491.953125	92751.781250	178402.718750	-13223.739258	-91630.125000	-3405.895996	8030.024902	-73501.203125	-12872.425781	47972.792969	105526.421875	335692.343750	512622.375000	1451272.500000	2229972.750000	662964.125000	-72629.406250	210500.312500	-643837.437500	-651581.375000	-207774.234375	-446543.656250	-642466.062500	-298862.937500	-101734.093750	155965.515625	37266.953125	-64362.511719	232973.093750	85639.828125	-12616.313477	-25659.208984	36408.410156	409837.968750	301125.625000	-8689.376953	-74903.781250	-69681.273438	-24219.257812	-30584.496094	-14446.743164	6976.465332	16500.410156	5234.337402	0.000000	
0.000000	23.267080	-639.555725	-1499.183594	5160.696289	14483.734375	-1450.849243	-12900.980469	-593.042786	1682.339111	-18142.537109	-3682.274414	15696.490234	39076.976562	139478.921875	237304.515625	744189.437500	1260668.375000	411607.750000	-49369.113281	156276.296875	-521103.437500	-574213.625000	-199218.250000	-465721.875000	-729029.937500	-369253.343750	-137033.296875	229448.812500	60024.746094	-113849.679688	454329.812500	184998.156250	-30364.441406	-69292.085938	111274.140625	1432703.625000	1219955.875000	-41475.519531	-430178.906250	-494915.843750	-220746.078125	-376722.875000	-259647.578125	207043.703125	1017380.562500	1184324.875000	278288.406250	-209767.328125	-533332.875000	-488629.562500	-80804.640625	110034.453125	194195.546875	181116.328125	38458.703125	-109360.101562	-58839.921875	63760.464844	385.718170	-20954.666016	-350.151978	-1306.548218	-0.000000	
0.000000	5571.750000	6675.669922	-1663.522461	8695.191406	-42306.105469	-63000.136719	-28048.751953	-81092.609375	-152736.218750	-91143.992188	-39199.617188	75074.664062	22227.472656	-47304.117188	210319.578125	94864.109375	-17165.900391	-43020.667969	75637.484375	1063645.125000	987397.000000	-36550.781250	-412464.437500	-516171.562500	-250488.703125	-465451.375000	-349738.843750	304592.531250	1638663.875000	2094930.750000	542701.000000	-453136.968750	-1283604.375000	-1319532.500000	-246961.250000	384656.312500	786748.000000	864491.687500	220871.671875	-776737.375000	-536295.625000	785366.062500	6932.413086	-621881.000000	-21589.636719	-295620.500000	-601227.312500	-332875.562500	-138582.171875	150878.218750	334862.625000	347693.281250	1105419.500000	1793977.375000	835554.562500	-183369.734375	27264.455078	329865.593750	146669.234375	-108635.937500	-33371.238281	5526.379395	-0.000000	
0.000000	-75.867775	-697.731750	2548.651367	59181.062500	80162.437500	-4010.187256	-58072.554688	-89877.031250	-52478.910156	-114888.859375	-100045.968750	99661.367188	606805.625000	870435.875000	251228.593750	-232361.421875	-725658.750000	-819244.687500	-167869.453125	285570.437500	636771.125000	761843.312500	211776.328125	-810096.812500	-608554.375000	970341.187500	9337.788086	-914880.875000	-34773.765625	-522917.750000	-1172476.500000	-719073.875000	-333534.031250	407443.031250	1023432.500000	1215459.375000	4478407.000000	8562886.000000	4798662.000000	-1302395.750000	248501.484375	4063101.500000	2636048.250000	-3224037.500000	-2057600.500000	1250402.375000	-830048.062500	-2375344.250000	-1592574.375000	-166086.531250	-144235.984375	-310222.625000	400219.000000	323064.843750	-187763.781250	-373832.906250	-257299.265625	-124311.523438	-68797.148438	-33866.183594	-11036.716797	-1720.469360	-0.000000	
-0.000000	-3207.179199	-13286.939453	-5656.463867	15889.098633	51696.656250	83586.015625	29816.855469	-141056.000000	-127495.851562	239512.437500	2671.158936	-299345.062500	-12876.905273	-217270.375000	-542766.000000	-368729.656250	-188556.468750	252964.984375	695668.000000	902362.062500	3624693.000000	7546142.500000	4601056.500000	-1358331.125000	281983.781250	5020072.500000	3550691.500000	-4743046.000000	-3314114.250000	2211814.000000	-1618708.750000	-5131191.000000	-3832944.500000	-448512.750000	-440824.906250	-1084470.250000	1621414.750000	1542030.375000	-1078343.750000	-2655173.000000	-2345150.500000	-1531200.500000	-1236473.375000	-1005061.937500	-680500.750000	-389274.593750	-252571.625000	-304146.843750	-300745.937500	-206863.906250	-133099.562500	-82108.515625	-55023.902344	-38288.121094	-23056.236328	-11822.265625	-6952.068359	-4526.381348	-2555.741455	-1290.080566	-536.969360	-116.546326	-0.000000	
-0.000000	-833.359192	4102.718750	23440.958984	50207.296875	294272.937500	827928.812500	647801.625000	-236515.890625	59077.320312	1239120.750000	1015707.562500	-1551904.125000	-1227233.500000	919000.437500	-749337.000000	-2631193.250000	-2166874.750000	-278463.531250	-299646.343750	-805115.187500	1312326.250000	1358932.125000	-1033938.250000	-2769207.750000	-2661128.750000	-1891840.000000	-1665499.000000	-1478597.875000	-1096061.750000	-688580.750000	-492549.656250	-657014.500000	-723823.375000	-558631.062500	-406788.937500	-287033.375000	-222919.359375	-182754.156250	-132413.968750	-83968.421875	-63364.527344	-55753.453125	-45933.683594	-38286.300781	-33108.402344	-26369.851562	-19956.490234	-14030.807617	-10429.359375	-7995.527832	-4963.031738	-3282.090088	-2520.868896	-1745.509155	-1003.249084	-641.519653	-403.046173	-175.556274	-93.539841	-65.389305	-21.990145	-2.459537	-0.000000	
-0.000000	-9576.892578	-4516.267578	-10096.766602	-44796.496094	106542.015625	149095.921875	-145572.406250	-482181.093750	-557522.687500	-466968.937500	-476431.125000	-483790.843750	-405877.312500	-286102.750000	-228012.406250	-336906.562500	-409198.343750	-346831.562500	-276510.718750	-213094.750000	-180424.484375	-161054.218750	-126961.257812	-87574.710938	-71902.062500	-68884.914062	-61871.527344	-56324.925781	-53326.691406	-46645.152344	-38917.921875	-30309.185547	-25100.966797	-21591.732422	-15168.392578	-11473.466797	-10212.842773	-8331.541016	-5761.746582	-4556.436035	-3673.558350	-2162.405029	-1681.167480	-1940.587891	-1355.866089	-556.496582	-577.784607	-626.727966	-234.741882	-205.314819	-283.269958	-120.876579	39.990303	96.369049	84.233040	-20.481306	-61.545906	-37.712261	-10.829888	4.035403	-1.031776	-0.277812	-0.000000	
-0.000000	-1808.525635	-5625.095703	-9317.198242	-11856.562500	-14647.874023	-17670.144531	-17875.394531	-15248.719727	-15063.919922	-17003.085938	-17698.912109	-18429.273438	-19747.148438	-19380.886719	-18015.988281	-15542.068359	-14190.304688	-13405.438477	-10310.563477	-8517.949219	-8265.980469	-7342.267090	-5524.481934	-4752.126465	-4168.521973	-2671.710205	-2264.490723	-2854.897705	-2183.852295	-984.376709	-1126.760010	-1353.850464	-564.967407	-554.447815	-865.751099	-422.557983	162.013458	459.981964	483.757660	-145.469818	-560.959290	-464.518707	-194.642792	119.760468	-63.617134	-62.857975	-570.159485	501.169220	6196.827148	9969.844727	8521.271484	5172.122559	1069.860718	-1590.143188	-2075.887939	-1650.529053	-1064.503418	-613.199097	-308.809723	-133.469696	-49.478745	-8.944027	-0.000000	
-0.000000	-62.716602	-217.416428	-347.420746	-473.937500	-671.078674	-805.560547	-777.814392	-827.451660	-873.330750	-659.466858	-647.778137	-934.110229	-808.691711	-409.004822	-521.602783	-694.232971	-319.392487	-344.234344	-588.485657	-313.708801	131.129013	405.364410	463.836853	-151.717484	-636.541199	-573.925537	-262.179016	176.185730	-102.466171	-111.188332	-1111.890015	1082.619873	14914.277344	26923.330078	26043.355469	18080.605469	4334.346680	-7589.958984	-11922.003906	-11722.991211	-9702.401367	-7553.046387	-5550.157227	-3961.040039	-3050.755371	-2023.681763	-1207.696777	-1038.720459	-860.595947	-230.363876	179.602051	-185.312668	-298.760956	-147.531738	-85.971573	-52.885151	-47.017361	-31.615948	-17.169950	-10.660384	0.430423	1.330968	-0.000000	
-0.000000	-1.411612	-5.582973	-19.829384	-17.454714	10.645790	44.474762	65.305489	-26.417412	-133.359253	-141.663895	-74.998688	57.647209	-37.943752	-46.198334	-514.719116	555.150269	8431.473633	16715.613281	17702.710938	13423.116211	3508.094971	-6688.739258	-11431.064453	-12226.471680	-11009.672852	-9331.995117	-7475.924316	-5827.288086	-4913.758301	-3579.653809	-2355.176025	-2243.831787	-2071.248047	-622.092163	548.913330	-647.812439	-1210.375854	-704.188110	-493.742218	-375.620270	-428.539032	-389.427704	-308.591095	-316.373016	26.538950	301.145721	-61.466686	-218.600510	133.561508	339.213623	-28.824194	-158.321060	-17.646217	31.408804	-1.019339	14.315357	19.466713	-15.739968	-18.885963	-6.967456	-0.653895	-6.398824	0.000000	
0.000000	37.264412	271.102570	596.503662	746.860352	284.806854	-733.858398	-1609.426392	-2128.902588	-2306.593506	-2303.446289	-2138.555908	-1906.663452	-1819.590088	-1487.332764	-1090.264404	-1150.601196	-1170.936646	-386.231995	373.118378	-480.938629	-979.643188	-620.573914	-473.410248	-391.752472	-486.279053	-481.148590	-415.664551	-465.432465	42.745476	532.691162	-119.868553	-472.218262	321.450500	916.038330	-88.094681	-553.455688	-71.490448	149.918289	-5.854154	101.675766	177.429077	-193.876190	-339.432556	-206.776321	-40.317783	-1447.802246	2400.785889	2389.804443	-25857.097656	92746.984375	168227.125000	4179.319824	-55179.320312	8934.860352	35821.152344	-1576.945068	-13797.735352	-6522.736328	-4199.570801	8736.452148	5549.936035	-269.326843	-0.000000	
-0.000000	-5.175165	-6.264113	12.572452	-26.759357	-79.532936	-68.086578	-66.653366	-68.212883	-101.878426	-118.763451	-118.904617	-152.287491	15.828870	221.331192	-55.489872	-242.146011	181.725296	568.731323	-59.881477	-410.887787	-57.862301	132.117218	-5.613084	106.042557	201.335312	-239.539337	-457.207214	-304.199188	-64.938622	-2560.991211	4681.865234	5162.427734	-62231.832031	250461.031250	514148.437500	14609.984375	-223549.000000	42647.246094	205723.984375	-11200.356445	-125759.257812	-80343.453125	-75477.796875	259275.609375	342197.406250	-60938.078125	-134378.687500	-69619.625000	-72145.156250	-51334.898438	-35249.207031	-23124.138672	-15729.926758	-10327.838867	-6707.196777	-3857.958496	-1813.417969	-784.041870	-356.551331	-153.383667	-55.091801	-26.994541	-0.000000	
-0.000000	0.803168	9.223983	-2.017743	-22.861738	-4.697587	14.495308	-0.790289	18.464384	42.180973	-59.126263	-130.788269	-99.532661	-24.047106	-1064.082275	2167.341553	2647.210938	-35181.460938	155501.171875	349487.281250	10846.512695	-180934.093750	37583.378906	197252.421875	-11681.390625	-142703.671875	-99266.523438	-101666.718750	381433.562500	551166.875000	-107792.257812	-262057.046875	-150391.515625	-173636.078125	-138628.671875	-107731.296875	-80836.914062	-63726.945312	-49296.109375	-38520.015625	-27401.404297	-16528.371094	-9657.393555	-6408.205078	-4552.036133	-3396.844727	-6107.803223	-6579.868652	5962.152832	7222.313965	-3584.901611	-3800.350586	-2507.794189	-1123.773926	-135.422729	-697.693420	-589.821045	-487.879211	-257.954102	-34.846542	-11.464269	-11.209481	-7.877117	-0.000000	
0.000000	-155.490784	2521.999512	11776.187500	603.498474	-14689.247070	4123.479492	27771.974609	-2033.991821	-29897.287109	-24502.275391	-29082.689453	124803.414062	204099.937500	-44787.281250	-121312.148438	-77118.375000	-98161.515625	-86068.968750	-73229.273438	-60013.660156	-51578.750000	-43442.765625	-36933.789062	-28578.244141	-18755.351562	-11931.972656	-8631.693359	-6696.732422	-5471.193848	-10803.982422	-12831.655273	12879.374023	17382.376953	-9680.941406	-11614.918945	-8766.698242	-4552.766113	-646.390198	-4006.913818	-4189.243164	-4446.768066	-3177.335449	-626.287903	-340.230255	-691.153076	-1782.281982	-1122.861084	184.561020	-28.645857	-432.688385	-467.615723	-194.151672	-164.937225	-203.221405	13.519054	-66.642570	28.642841	119.047165	-15.612903	-15.900767	1.875524	-1.048911	-0.000000	
-0.000000	-433.842468	-1395.911621	-2467.505127	-3339.151611	-4187.452637	-4766.345215	-5200.059082	-4976.112305	-3929.360596	-2945.207275	-2469.174316	-2191.141846	-2026.011230	-4489.014160	-5940.064453	6604.337891	9826.761719	-6010.507324	-7895.125488	-6508.432617	-3684.877441	-569.638855	-3841.912109	-4369.163574	-5045.911621	-3925.684814	-843.594238	-500.530090	-1113.219116	-3152.646240	-2189.734863	398.686584	-68.943710	-1168.464722	-1429.162476	-678.711670	-668.213257	-970.002014	77.641098	-473.333252	261.064758	1466.357056	-280.606659	-471.894226	115.640846	-237.327377	-395.946533	-78.736176	1810.717163	1614.148804	-656.469727	-876.124207	-388.584167	-231.475388	-193.563614	-103.389740	-45.329750	-50.623337	-21.146284	3.672312	-0.210478	-0.654195	-0.000000	
0.000000	43.431141	-97.481560	-266.031067	-362.128296	-299.159058	-62.498211	-540.918518	-760.769226	-1057.149170	-968.989380	-241.317795	-163.771286	-412.230774	-1309.912720	-1013.677917	204.440125	-38.975880	-725.452759	-971.458984	-503.878326	-540.832520	-854.825500	74.443893	-493.662048	296.239807	1811.724121	-377.970215	-694.227661	186.259186	-419.804077	-772.150574	-170.084961	4357.961914	4358.970703	-2006.352539	-3062.738037	-1574.278198	-1104.862061	-1111.652710	-734.332458	-413.157318	-623.550171	-380.056702	108.984871	-12.977613	-148.018692	-0.714150	34.144794	-28.177822	-52.289886	-133.138947	-80.326210	63.530598	87.698700	-17.552395	-35.713169	61.694527	52.158012	-0.184317	2.960681	-3.279474	-1.797445	-0.000000	
0.000000	-0.172261	-11.765773	-32.733906	-28.035719	-43.907822	-93.787613	10.481260	-85.957619	62.064045	447.193695	-108.121811	-227.148285	68.972733	-174.427032	-357.446014	-87.216866	2463.682373	2706.309570	-1363.798096	-2273.789307	-1274.175293	-973.672424	-1065.875610	-765.870667	-468.824860	-770.413269	-511.926941	160.333191	-20.902645	-261.827545	-1.392691	73.759186	-67.817261	-141.207596	-406.909302	-280.802826	257.382690	418.597229	-100.804932	-253.655151	562.313904	642.453430	-3.312690	87.865479	-202.205475	-406.691132	-252.375458	-159.915283	40.145527	-28.855476	12.882542	217.948349	162.603912	-65.618652	-27.604605	93.112175	-0.121166	-45.117329	-16.179117	5.308028	1.267571	-1.165803	-0.000000	
-0.000000	10.888686	43.892345	-45.954010	-126.513321	-103.444710	-106.826958	-150.068985	-133.355240	-98.221664	-190.163589	-146.441345	52.460327	-7.740357	-108.788376	-0.644708	37.822536	-38.339066	-87.670120	-276.592529	-208.469162	208.318115	368.893646	-96.653854	-264.549164	638.078308	793.768799	-4.462111	129.263382	-325.686188	-719.388550	-492.167114	-345.447144	96.620651	-77.923523	39.372601	761.899597	658.760254	-313.206329	-158.535645	661.335388	-1.104363	-555.730225	-290.783112	157.528732	78.155746	-263.775452	-235.610992	-43.576988	112.835602	171.973663	163.219727	16.683195	-94.777092	8.711993	143.674393	42.383202	-22.219246	12.450688	15.228685	0.861478	-3.872066	-0.398541	0.000000	
0.000000	-0.169446	-1.421880	-9.319955	-11.599195	16.912434	40.473354	-13.608292	-46.063934	133.681290	195.928497	-1.276428	42.294418	-120.603271	-298.903259	-227.835312	-177.139801	54.622456	-48.379585	26.763132	565.637451	533.181519	-276.016693	-152.007263	689.738525	-1.253162	-686.619873	-391.677612	231.748550	125.883080	-466.587616	-459.474091	-94.134499	271.568237	464.410767	498.844452	58.320789	-383.972168	41.583473	825.134521	301.029480	-202.516998	153.360672	273.701233	25.566458	-238.743469	-90.174126	222.903427	-194.723755	-196.143600	345.266663	-21.901394	-257.765228	106.022118	230.580750	21.388664	58.277824	269.289642	94.983551	-66.948334	28.974319	43.585884	0.717215	0.000000	
-0.000000	0.241414	-0.784645	0.901800	31.471987	43.286671	-30.283312	-21.401724	120.098923	-0.262545	-169.480591	-112.042946	75.827126	46.615150	-193.865402	-212.700974	-48.270672	153.525406	288.333984	339.084534	43.297592	-310.776001	36.645916	791.156067	313.958160	-229.803497	189.481293	368.668762	37.612118	-384.536804	-159.507370	434.692566	-420.639984	-472.070618	932.384399	-66.936691	-901.090637	429.529388	1100.591675	122.836960	413.922089	2454.436523	1169.954712	-1203.245117	859.883911	2687.414062	162.277634	468.317902	808.229797	-150.235886	-636.582214	-286.208099	191.590607	34.040310	211.718719	287.343842	-102.044098	-43.185768	583.554565	298.928040	-47.226986	-22.184160	10.258767	-0.000000	
-0.000000	0.678533	4.676352	11.425661	2.409072	-25.230541	4.020625	111.390099	54.667145	-48.145233	46.770279	105.461044	12.306522	-142.395950	-66.274712	201.229050	-215.697495	-266.875214	578.879944	-45.499550	-668.973389	347.648682	969.909180	117.778618	431.699280	2785.139648	1445.510986	-1620.741211	1265.019043	4328.535645	287.049957	913.284790	1745.928589	-361.581726	-1719.075195	-874.730835	669.758728	137.908142	1010.560791	1650.240723	-724.774963	-393.616028	7187.901367	5372.556152	-1401.576538	-1367.828735	2321.155762	-346.381500	-3429.616211	-1074.418457	3846.720215	3455.166016	1371.350830	994.785156	1138.746094	-694.336548	-1179.193970	13.955858	29.085533	117.319458	-92.835709	294.231720	164.664978	0.000000	
-0.000000	-1.179503	9.388578	-1.533135	-37.221588	28.224072	106.414078	16.582535	75.168510	583.503723	356.800110	-463.627747	413.908752	1602.879028	119.268181	422.780243	895.284363	-204.412643	-1067.304688	-594.589539	497.231659	111.618866	890.568420	1582.284912	-755.902649	-446.650635	8880.848633	7236.700195	-2061.930664	-2203.119873	4105.850586	-675.491943	-7408.616699	-2585.867432	10387.976562	10559.939453	4793.941406	4030.191650	5435.382324	-3987.635010	-8375.303711	127.200470	358.259460	2108.552246	-2755.127197	18141.708984	37257.214844	39329.925781	29001.851562	-10945.799805	-13606.239258	95.915970	6843.252441	5159.277832	16644.052734	14780.179688	-3992.337158	-5355.076172	-494.905487	-1049.274780	404.016449	504.762238	-176.897247	-0.000000	
0.000000	-0.903438	-17.310106	-20.035059	27.665899	9.061847	97.709160	222.776367	-131.619583	-93.576027	2192.088379	2070.123779	-674.654785	-815.826660	1705.965454	-312.700531	-3799.020752	-1461.865967	6449.476562	7178.013672	3559.041992	3261.920654	4789.993652	-3823.427002	-8735.006836	144.339066	442.639343	2840.167480	-4053.208008	29220.296875	65903.609375	76698.804688	62649.460938	-26343.914062	-36743.324219	293.145630	23922.509766	20901.878906	79444.210938	84883.851562	-28355.839844	-48808.761719	-6095.971191	-18858.343750	11990.177734	31122.578125	-40024.894531	-20936.316406	18493.123047	17342.660156	25414.685547	-13946.017578	-3256.902100	72843.828125	27457.439453	-9981.869141	25516.882812	14025.873047	1808.972168	-4874.488281	-4295.459961	-587.759705	-310.043793	-0.000000	
-0.000000	-6.460979	104.600990	241.867554	198.024597	264.821045	525.536560	-538.315918	-1520.960327	30.239912	109.258095	812.455750	-1326.192139	10820.425781	27382.701172	35505.617188	32125.646484	-14892.979492	-22812.453125	199.262817	17760.169922	16917.376953	70011.132812	81388.398438	-29573.669922	-55385.101562	-7531.738770	-25401.720703	17639.361328	50128.187500	-70799.304688	-40828.714844	39948.628906	41739.625000	68631.750000	-42622.875000	-11385.415039	295113.562500	131057.906250	-57326.738281	181235.343750	127838.609375	22281.916016	-87607.921875	-127478.296875	-36240.031250	-70150.726562	-80222.593750	-48866.597656	-19316.912109	-13376.011719	353795.156250	1188501.750000	845063.000000	287506.656250	-74814.593750	143701.359375	218842.312500	-122735.062500	-88095.078125	-28132.646484	-10388.010742	-2914.806396	-0.000000	
0.000000	-65.822197	-369.984314	6.714283	988.173340	1373.447632	7681.306641	11459.005859	-5149.438477	-11603.516602	-1859.083374	-7266.393066	5771.522949	18562.724609	-29416.847656	-18900.539062	20485.021484	23596.619141	42610.695312	-28972.472656	-8452.579102	238856.390625	115496.296875	-54966.066406	189019.062500	145063.187500	27529.914062	-118005.695312	-187539.812500	-58370.710938	-124088.343750	-156445.171875	-105561.054688	-46491.171875	-36121.601562	1081295.500000	4154741.250000	3423619.500000	1372306.500000	-429666.687500	1020648.375000	1994635.000000	-1511782.500000	-1583310.000000	-834905.187500	-640502.937500	-659506.125000	-700565.562500	-531169.312500	-378931.843750	-255677.421875	-135384.515625	-62233.671875	-70469.453125	31923.800781	931241.812500	1175027.000000	637814.937500	-2303.824219	-121437.656250	163189.687500	29664.232422	-11326.116211	-0.000000	
0.000000	104.289505	691.082581	-976.245178	-470.300323	19391.703125	12671.734375	-7738.897461	32912.453125	30391.621094	6795.297363	-33756.601562	-61362.218750	-21614.974609	-51558.242188	-72422.015625	-54130.031250	-26282.808594	-22426.449219	734999.812500	3084497.000000	2770978.750000	1209361.000000	-411973.343750	1064483.375000	2263386.000000	-1867848.500000	-2132679.250000	-1228271.500000	-1031638.500000	-1166588.375000	-1366199.875000	-1147425.750000	-911998.062500	-690450.812500	-413772.375000	-217555.265625	-285494.218750	152376.437500	5348202.500000	8345707.000000	5813355.000000	-28377.228516	-2182567.750000	4843053.500000	1829034.250000	-2562655.000000	-2617410.500000	-1028798.750000	52225.082031	-556099.312500	-1005735.625000	-631080.062500	164809.656250	119261.468750	-211408.625000	-320522.593750	-115629.046875	8288.216797	190508.390625	191482.171875	49825.410156	2618.046875	-0.000000	
-0.000000	-116.161598	-363.723907	24766.267578	171620.984375	224963.625000	132685.656250	-58003.410156	185350.390625	474193.125000	-461047.062500	-610072.312500	-401885.156250	-382021.062500	-484713.093750	-632444.937500	-588381.625000	-515578.968750	-428673.156250	-281257.656250	-161513.921875	-231070.750000	134283.500000	5127967.500000	8704139.000000	6596628.000000	-35060.839844	-2939864.500000	7124863.000000	2945969.500000	-4533033.500000	-5104313.000000	-2222399.000000	125693.242188	-1501733.000000	-3073805.250000	-2206117.500000	667696.437500	569250.437500	-1214138.000000	-2276533.000000	-1053899.250000	102089.648438	3423958.000000	5682702.500000	3072130.000000	592361.062500	-2091105.500000	1552147.000000	1834011.500000	-1568122.875000	-1485095.750000	-873948.437500	-113619.164062	-211898.718750	-350047.937500	-370379.281250	-85130.882812	4466.806641	-6770.719238	-25921.701172	-19792.605469	-3407.594238	-0.000000	
-0.000000	-2278.693848	-6952.445801	-9477.148438	-8986.612305	-18759.623047	14732.981445	721987.500000	1515585.625000	1382033.750000	-8654.180664	-840974.937500	2331224.500000	1090907.750000	-1883458.500000	-2362902.250000	-1139610.875000	71058.039062	-932365.625000	-2089388.375000	-1637830.750000	540414.187500	501658.531250	-1164140.750000	-2374305.750000	-1195898.375000	126134.554688	4611986.500000	8360113.000000	4948186.000000	1047816.750000	-4077945.500000	3352930.000000	4414026.000000	-4234678.500000	-4538862.000000	-3055132.000000	-460307.437500	-1011420.000000	-2010355.625000	-2630643.250000	-775924.187500	55019.644531	-121688.390625	-769289.937500	-1220370.375000	-771004.625000	-741704.562500	486829.812500	3156268.500000	3458971.750000	2889993.750000	-576475.375000	-426169.281250	1061406.500000	-18167.701172	-373518.468750	-528786.312500	-220241.421875	-55470.000000	-21569.265625	-29344.447266	-8431.779297	-0.000000	
-0.000000	314.053772	-15121.593750	-70403.218750	-91128.671875	43873.859375	55039.718750	-163904.140625	-413419.812500	-250547.984375	31134.197266	1319300.625000	2735393.000000	1832338.750000	435363.937500	-1887773.500000	1719329.125000	2495377.000000	-2629141.750000	-3085246.000000	-2268142.500000	-372559.531250	-891325.562500	-1927570.625000	-2743624.500000	-880469.812500	67978.273438	-163911.234375	-1131741.625000	-1965613.375000	-1363816.125000	-1446426.625000	1051644.000000	7596381.500000	9340871.000000	8832617.000000	-2015231.500000	-1726547.625000	5066230.500000	-104338.687500	-2652939.500000	-4819615.000000	-2712811.750000	-996948.000000	-640120.812500	-1809317.000000	-1907780.125000	-1161332.875000	-764146.437500	-456390.843750	-551250.187500	-453827.343750	-306288.187500	-214731.250000	-200507.765625	355996.250000	628419.000000	724016.062500	222668.000000	-134439.625000	32107.734375	5706.114746	-3422.804443	-0.000000	
0.000000	11028.766602	-42640.796875	-103959.250000	-126199.132812	-30246.474609	-97792.234375	-271390.562500	-477726.500000	-184463.781250	16779.294922	-46888.300781	-370301.000000	-727876.750000	-566660.500000	-669583.687500	539266.312500	4294455.000000	5799371.000000	6003883.500000	-1496116.125000	-1397417.750000	4464674.500000	-100042.093750	-2766878.500000	-5468995.000000	-3351752.750000	-1342864.250000	-941714.312500	-2914211.500000	-3374637.750000	-2264760.000000	-1650700.250000	-1098423.250000	-1488638.125000	-1387021.500000	-1070716.250000	-869944.750000	-957049.562500	2044517.375000	4463387.500000	6599033.500000	2742701.000000	-2416248.500000	952875.687500	351827.031250	-774446.125000	-1477999.250000	-1605541.500000	-809994.937500	-274480.875000	-223230.687500	-455136.750000	-297239.406250	-201067.125000	-122445.140625	-113641.523438	-72819.031250	-28641.748047	-13543.449219	-6675.645996	-6016.883301	181.999496	0.000000	
0.000000	18980.115234	94057.234375	202304.531250	-83243.695312	-113450.218750	489844.000000	-14085.335938	-481775.500000	-1145787.750000	-827323.937500	-384138.500000	-308124.875000	-1079147.500000	-1402149.375000	-1048408.750000	-846452.812500	-620970.562500	-924235.562500	-942814.000000	-794904.187500	-704108.125000	-843411.000000	1960325.625000	4655081.500000	7488167.000000	3388682.000000	-3254626.750000	1401824.000000	566677.062500	-1369903.625000	-2882303.250000	-3468272.000000	-1949463.500000	-741229.062500	-682254.500000	-1591058.250000	-1204211.500000	-959719.437500	-703213.062500	-807146.437500	-663708.000000	-352793.187500	-243412.921875	-198116.140625	-370988.375000	41179.332031	1200196.500000	2040600.750000	2439019.750000	-13541.135742	-473067.062500	237805.406250	-81559.734375	-125989.617188	-353921.812500	-230046.593750	-83197.453125	-25641.841797	-28090.982422	-24137.994141	-9671.704102	-1483.380981	-0.000000	
-0.000000	-2744.490967	-14989.736328	-31768.693359	-44228.355469	-57163.453125	-92535.257812	276002.250000	810554.000000	1568816.500000	836439.250000	-931015.562500	458670.750000	209843.437500	-569189.875000	-1334283.625000	-1778474.625000	-1102088.250000	-460199.343750	-463755.687500	-1181208.250000	-974654.000000	-845763.812500	-674255.250000	-841811.875000	-753133.937500	-435885.593750	-327871.156250	-291458.750000	-597539.687500	72841.367188	2340549.500000	4408082.000000	5870135.500000	-36567.515625	-1445823.375000	831315.500000	-330424.468750	-601364.750000	-2032603.750000	-1633921.125000	-758302.000000	-315842.000000	-504871.968750	-716354.125000	-596336.937500	-335630.812500	-184578.640625	-144883.000000	-36733.105469	52073.691406	10220.594727	-106602.148438	-87876.671875	-58898.367188	-65730.257812	86040.703125	189406.234375	278876.750000	152680.171875	-21357.632812	-7.651896	-100.245644	-0.000000	
-0.000000	-4870.876953	-7463.753906	-15626.532227	-65722.257812	-79127.882812	-92793.406250	-94931.156250	-146578.296875	-157786.140625	-107591.046875	-93790.523438	-95364.046875	-221272.015625	30265.316406	1083493.500000	2260394.250000	3318558.000000	-22703.300781	-982784.000000	617172.062500	-267436.000000	-529959.625000	-1948902.500000	-1704095.000000	-860473.187500	-390231.406250	-680050.000000	-1053865.125000	-960501.687500	-593691.250000	-359953.906250	-312974.562500	-88407.773438	140623.765625	31236.953125	-372657.718750	-356016.406250	-281129.531250	-377494.593750	611109.812500	1726340.375000	3435049.250000	2744081.250000	-633840.062500	-471.799774	-22681.650391	-35439.429688	-404297.250000	-815996.187500	-556854.375000	-224032.859375	-77686.617188	-196262.265625	-178417.968750	-128279.359375	-58132.855469	-35298.898438	-24515.732422	-15632.795898	-6193.273926	-2374.629639	-570.302795	-0.000000	
0.000000	14666.962891	-368.214020	-33115.507812	34339.367188	-21711.957031	-58144.789062	-274393.968750	-296721.125000	-180274.375000	-96322.070312	-194534.484375	-344820.093750	-355678.718750	-246676.484375	-166630.828125	-160488.375000	-49979.476562	87307.640625	21233.007812	-276662.625000	-288149.375000	-247748.656250	-361949.625000	637355.812500	1958942.000000	4244097.000000	3696209.250000	-932474.437500	-759.913513	-40121.156250	-69111.796875	-873358.187500	-1963907.125000	-1503772.000000	-684706.187500	-271575.375000	-795120.937500	-851612.062500	-736719.500000	-412892.437500	-321731.281250	-301971.187500	-280964.218750	-183800.578125	-146414.671875	-129037.101562	-108709.093750	-89696.851562	-40987.929688	-45233.632812	-27645.998047	151058.328125	295267.125000	531425.625000	169008.671875	-43666.984375	50143.878906	-4305.239258	-12151.396484	-20739.283203	-8753.957031	-1037.801025	-0.000000	
-0.000000	-220.893280	1416.001099	715.459167	-15393.469727	-23393.585938	-27181.869141	-50960.367188	110977.921875	410410.281250	1047584.125000	1057334.250000	-305101.625000	-281.399872	-16670.191406	-31993.417969	-447844.187500	-1110253.750000	-933631.500000	-465422.187500	-201618.671875	-643547.875000	-750493.000000	-706381.937500	-430625.406250	-365080.375000	-373093.656250	-378451.812500	-270398.406250	-235825.640625	-228251.390625	-211997.796875	-193762.093750	-98648.117188	-122152.351562	-84493.789062	528066.812500	1196221.250000	2536563.250000	970631.500000	-310147.625000	457035.656250	-53029.546875	-218393.906250	-615489.000000	-539750.562500	-234813.593750	-62094.375000	-194676.453125	-204811.328125	-127050.906250	-38648.707031	-53631.570312	-71688.460938	-53002.097656	-16080.638672	-10405.964844	-17727.091797	-10290.135742	-4741.071289	-2575.303223	-1352.957397	-191.401016	0.000000	
-0.000000	-4906.965820	-15142.125000	-15682.685547	-11218.035156	-52246.835938	-82340.718750	-99454.398438	-74981.531250	-76486.562500	-92091.906250	-108259.578125	-88473.187500	-87327.445312	-94837.593750	-98138.585938	-99358.117188	-55768.640625	-75839.484375	-57433.812500	392038.968750	968186.875000	2235375.750000	930661.562500	-323467.906250	518615.187500	-65519.453125	-294171.187500	-905477.250000	-869359.750000	-415357.500000	-121092.632812	-420537.781250	-492931.750000	-343097.937500	-118121.101562	-187484.203125	-290432.781250	-252985.875000	-92352.500000	-73909.054688	-161573.328125	-126748.187500	-85210.046875	-76428.429688	-83420.507812	-43306.527344	28440.955078	7857.769043	-39974.699219	-33044.203125	29673.835938	182391.406250	392151.906250	107288.078125	7148.043457	98694.125000	-13454.532227	-40684.195312	-20316.277344	-4771.938965	-2035.041504	-832.993347	-0.000000	
-0.000000	-246.479523	-1230.004517	-1935.267456	21812.992188	78602.851562	245255.375000	131031.656250	-56323.007812	108653.046875	-16172.377930	-84150.335938	-296268.250000	-321928.406250	-172579.484375	-56056.527344	-215645.093750	-278668.625000	-213015.718750	-80291.640625	-139189.046875	-235067.906250	-222946.734375	-88549.492188	-77083.312500	-183343.203125	-156600.843750	-114775.820312	-112437.757812	-134362.875000	-76604.132812	55463.800781	16974.261719	-96209.507812	-89235.085938	90691.421875	637600.312500	1588732.250000	512099.875000	41051.832031	700981.562500	-122631.140625	-501125.343750	-365139.187500	-141618.984375	-125476.382812	-188473.656250	-144114.156250	-60557.613281	-113971.171875	-94161.992188	-51401.414062	-40849.738281	-40290.679688	-23731.240234	-13088.192383	-10627.641602	-5985.241699	-2229.784424	-1707.424561	-1165.785156	-395.508301	-64.946327	-0.000000	
-0.000000	-1231.625977	-3454.800537	-2705.476074	-7744.458984	-19084.132812	-24460.712891	-12467.245117	-13421.930664	-38411.519531	-38654.289062	-32832.664062	-36789.148438	-49755.261719	-31828.730469	25675.451172	8704.130859	-54390.027344	-55402.476562	61646.585938	473357.093750	1285874.000000	451293.937500	39361.347656	731087.375000	-139154.078125	-619154.062500	-491833.437500	-208342.906250	-202100.968750	-333387.625000	-281042.593750	-130815.851562	-274301.281250	-254282.218750	-157096.890625	-142801.718750	-163230.375000	-113272.281250	-75166.625000	-75483.523438	-54552.394531	-27465.246094	-30687.099609	-34597.531250	-24386.210938	-14694.800781	-13126.833008	-8888.190430	-7120.109863	-8134.517578	12798.518555	64606.406250	25876.048828	-5575.014160	12938.651367	49544.332031	33743.769531	32415.527344	44113.113281	12516.389648	-124.404213	-318.029510	-0.000000	
0.000000	-240.386505	-898.546387	2077.219482	26337.523438	104394.476562	49513.941406	5541.845215	127298.695312	-29153.626953	-152827.781250	-140693.421875	-68168.898438	-74839.031250	-138521.312500	-130100.984375	-67080.289062	-155070.468750	-157873.609375	-106785.039062	-106016.593750	-132113.953125	-99822.507812	-72071.320312	-78725.406250	-61902.613281	-33934.062500	-41334.761719	-50898.191406	-39278.125000	-25993.365234	-25599.142578	-19200.166016	-17136.396484	-21967.070312	39115.800781	225849.828125	104832.117188	-26610.263672	74307.796875	351891.875000	307557.093750	399276.468750	792833.625000	371454.500000	-7670.502441	-71957.578125	-139469.640625	-231111.812500	-99964.804688	-80621.539062	-95963.257812	-63602.871094	-60508.835938	-41908.281250	-18237.255859	-22367.208984	-13250.453125	-6245.135742	-4334.903809	-1817.096436	-701.122620	-163.450500	-0.000000	
-0.000000	-685.361816	-2560.476807	-3598.187256	-5898.748047	-10725.752930	-10952.076172	-10147.215820	-13707.856445	-12968.974609	-8376.053711	-11824.183594	-16653.667969	-14544.891602	-10800.146484	-11850.423828	-9845.539062	-9687.702148	-13638.470703	26588.574219	167671.843750	84848.085938	-23450.603516	71247.851562	367005.000000	348996.406250	493317.000000	1067927.250000	546465.687500	-12354.644531	-127284.453125	-271985.125000	-499245.062500	-240591.312500	-217716.562500	-293290.156250	-222341.671875	-245140.562500	-200033.656250	-104738.148438	-158864.578125	-120771.054688	-76924.117188	-77910.101562	-53926.785156	-43229.750000	-36982.425781	-21192.277344	-21015.136719	-14969.977539	-7478.113770	-4862.189453	-5307.024902	-4168.205078	-2250.774170	-605.440430	-617.480591	-1114.059814	-797.580200	3833.896240	3371.471680	1358.472534	196.014999	0.000000	
-0.000000	-42.816544	-221.195862	895.918274	9329.237305	6888.444336	-2572.894775	10031.277344	63903.789062	73116.867188	121767.023438	305490.281250	178801.203125	-4574.988281	-52886.214844	-125908.085938	-256004.921875	-136013.250000	-135171.453125	-199361.062500	-165067.375000	-198409.687500	-176281.968750	-100425.109375	-165687.515625	-137043.375000	-95041.851562	-104942.976562	-79334.445312	-69628.835938	-65417.539062	-41327.878906	-45396.652344	-36029.144531	-20194.468750	-14860.190430	-18552.195312	-16886.726562	-10743.236328	-3477.096924	-4385.696777	-10154.082031	-9824.150391	68905.625000	100056.679688	83760.562500	44350.488281	8308.835938	23524.394531	-31550.490234	-26270.900391	-9892.722656	-19887.628906	11913.323242	18391.142578	-1188.598267	10396.314453	3022.676025	-4186.312500	-1946.134644	-1908.953247	-813.675598	-133.427185	-0.000000	
-0.000000	-601.135010	-2192.281494	-6717.592773	-9184.326172	-16108.013672	-19340.865234	-14139.261719	-28849.908203	-28711.419922	-23459.484375	-30019.890625	-25957.886719	-25783.916016	-27180.742188	-19131.613281	-23278.681641	-20368.322266	-12537.933594	-10101.066406	-13773.225586	-13667.627930	-9467.601562	-3333.912598	-4574.054199	-11522.211914	-12138.005859	92814.171875	147198.484375	134910.578125	78450.773438	16203.380859	50817.125000	-75934.460938	-70943.945312	-30234.886719	-69522.789062	48264.667969	87783.304688	-6826.222656	73840.507812	27550.136719	-51564.675781	-34977.375000	-56652.863281	-50169.527344	-30189.326172	-22874.507812	-16698.621094	-1002.703857	-1611.558228	-8896.842773	-3107.990723	5140.428223	7167.199219	1835.199097	-622.730896	1408.427856	391.068237	160.375122	586.368347	316.181213	375.477234	0.000000	
-0.000000	-90.021454	-203.346771	-340.361603	-766.340393	-1109.614868	-1038.742676	-469.395203	-796.445312	-2413.973389	-2996.062988	26550.335938	48162.707031	49958.082031	32596.003906	7500.912109	26058.212891	-42927.953125	-44046.242188	-20551.863281	-51614.003906	39064.027344	77360.054688	-6545.123535	77011.820312	31262.154297	-63709.562500	-47113.656250	-83344.914062	-80806.523438	-53401.351562	-44608.460938	-36072.167969	-2413.267822	-4351.975098	-27191.201172	-10864.853516	20825.511719	34209.968750	10539.708008	-4422.987305	12837.094727	4816.961914	2882.380615	17401.917969	19495.070312	84955.742188	181424.609375	131745.531250	-2151.287109	-61517.546875	-57401.289062	-39908.796875	-23416.123047	-12748.745117	-10380.915039	-7280.208984	-519.938354	2979.686279	2136.353027	412.585663	249.650055	269.396057	0.000000	
0.000000	-189.727798	-714.364990	-692.507568	-2871.795898	3171.437256	8487.596680	-921.514771	13409.483398	6549.611816	-15725.636719	-13477.289062	-27270.097656	-29923.072266	-22188.060547	-20650.267578	-18497.232422	-1364.290283	-2701.966309	-18482.947266	-8066.111816	16855.566406	30147.929688	10105.689453	-4612.946777	14566.724609	5951.487793	3882.495117	25600.847656	31400.113281	150276.656250	353803.125000	284595.156250	-5177.632324	-166126.671875	-175434.171875	-139512.390625	-94866.179688	-60851.410156	-59618.496094	-51708.167969	-4738.970703	36702.125000	38396.121094	12244.490234	15392.897461	60953.742188	121329.531250	110695.101562	31163.744141	-7382.741211	-20569.111328	-16282.469727	-2044.738647	3014.069092	6653.904297	-5715.165039	-14013.162109	-7395.198242	-425.012573	6420.243652	5828.938477	1417.324585	0.000000	
-0.000000	-6.029726	-43.821903	-622.794250	-448.797333	1368.429688	3307.695312	1422.821411	-803.217346	3051.817627	1469.024902	1110.622925	8376.486328	11627.623047	62439.390625	163783.484375	145935.859375	-2927.065674	-103141.367188	-119249.625000	-103574.578125	-76781.937500	-53626.011719	-57163.449219	-53928.937500	-5377.484375	45346.476562	51718.621094	18013.494141	24792.871094	107819.960938	236609.390625	239122.265625	75003.656250	-19936.917969	-62864.875000	-56919.941406	-8283.887695	14386.541992	38213.949219	-40592.335938	-127722.765625	-91089.945312	-7638.641602	190536.453125	359400.093750	320684.843750	109223.601562	-56625.593750	-73739.867188	-77040.273438	-89360.601562	-76094.710938	-24967.984375	11649.009766	3509.625244	9951.856445	8829.886719	-9007.037109	-9266.694336	-2314.854248	-1027.630859	-329.488953	0.000000	
0.000000	-12.936692	-1672.800781	-4018.188965	-5762.875000	-6233.589355	-5883.604980	-8048.275879	-9390.236328	-1126.615723	11193.016602	14794.581055	5893.937500	9180.927734	44798.792969	109531.851562	122618.093750	42401.742188	-12378.030273	-42731.769531	-42257.597656	-6704.739258	12678.306641	36640.328125	-42335.703125	-144931.734375	-112544.117188	-10289.060547	280307.875000	578874.750000	567253.562500	213001.156250	-122321.945312	-177474.171875	-208045.421875	-273110.625000	-266010.406250	-101153.257812	55602.234375	20156.082031	70683.718750	80479.875000	-110943.679688	-166547.890625	-68698.968750	-63361.562500	-74550.398438	16264.842773	99276.890625	16748.580078	-66769.085938	-10709.569336	71285.015625	70407.523438	5087.767578	34878.855469	80283.742188	34301.179688	86.443443	252.289764	1219.504272	-571.954224	-544.567688	-0.000000	
0.000000	187.402130	-200.753387	-1439.873169	-2351.206787	-544.328430	1391.006836	5158.741699	-7371.594238	-30364.080078	-27779.626953	-2943.279053	91715.531250	214360.312500	235691.734375	98603.062500	-62724.746094	-100331.296875	-129167.039062	-185644.218750	-197487.218750	-81870.523438	49000.113281	19326.070312	73719.453125	91323.476562	-137073.953125	-224335.875000	-101066.554688	-102054.531250	-131870.843750	31718.697266	214456.781250	40309.816406	-180308.328125	-32731.396484	249196.781250	285243.312500	24284.572266	200312.296875	570220.562500	312637.593750	1064.762451	4534.338867	36191.777344	-35265.496094	-123214.257812	-72840.953125	34695.566406	185017.937500	195768.328125	40088.277344	-17996.128906	-14922.999023	-46240.484375	-14185.690430	43205.003906	50488.980469	5360.850586	-7880.604980	-170.219986	-3227.016113	-1769.056274	-0.000000	
-0.000000	-443.432190	-2094.898682	-6255.395996	-10988.161133	-6646.708984	5376.071777	2720.996338	12836.208008	19132.824219	-33834.402344	-64173.316406	-33068.539062	-37791.320312	-54791.839844	14683.303711	109970.023438	22788.308594	-111946.187500	-22248.839844	185004.718750	230867.687500	21401.060547	192063.578125	594710.500000	354761.406250	1315.543091	6107.642090	53243.566406	-56801.058594	-217951.468750	-142049.953125	74948.953125	445293.812500	528667.750000	122520.820312	-62910.519531	-60457.824219	-220711.828125	-81469.656250	306866.406250	460181.062500	66031.984375	-141636.078125	-5051.695312	-198971.031250	-400267.906250	-263580.500000	-146642.265625	-136280.859375	-3674.008057	74228.531250	3651.269287	-57314.625000	-35252.933594	32591.748047	29705.250000	246.669785	8329.581055	18138.447266	6687.711914	-3046.358887	-1142.128418	-0.000000	
0.000000	100.717026	-1815.601929	-749.688293	10293.636719	18743.136719	2348.028076	27041.417969	103552.421875	74324.671875	324.719727	1747.146484	17421.064453	-21033.724609	-90558.015625	-65758.140625	38432.632812	251737.515625	328228.531250	83282.304688	-46705.031250	-48932.816406	-194504.843750	-78114.789062	320045.750000	522184.406250	81584.320312	-190780.281250	-7431.806152	-320476.562500	-708026.625000	-514018.468750	-316774.906250	-327995.343750	-9921.571289	226862.843750	12764.036133	-232199.796875	-168266.812500	187177.234375	210983.500000	2248.268066	102599.156250	325997.625000	198474.234375	-187832.093750	-258418.765625	-97917.281250	41504.601562	74573.992188	45902.281250	34298.750000	-41115.617188	-89402.484375	-69761.046875	8669.027344	64476.554688	11941.860352	-23158.767578	433.084961	3782.319092	-590.776367	1048.416748	0.000000	
0.000000	1112.599121	5323.382324	2806.248291	-2598.661377	-3972.640869	-21340.197266	-10998.101562	55727.132812	109400.820312	20137.720703	-54574.429688	-2431.655029	-118674.125000	-294182.406250	-237950.812500	-162437.140625	-185425.281250	-6159.904785	154207.750000	9476.073242	-187935.812500	-148287.078125	179469.421875	220044.859375	2551.192871	126764.062500	439110.687500	291985.562500	-302535.406250	-457112.250000	-190952.265625	89657.757812	179481.703125	123958.015625	104826.437500	-143731.187500	-362197.937500	-332978.531250	49786.976562	457949.000000	108843.906250	-285256.843750	7783.724121	112249.578125	-36426.031250	237215.484375	292106.250000	343915.093750	359501.500000	188596.203125	79673.273438	-115513.468750	-200987.109375	-149900.578125	-107927.015625	-46367.558594	18756.914062	22002.037109	5264.387695	7775.158691	11692.235352	3100.350586	-0.000000	
-0.000000	-819.520325	-99.904556	5196.124512	527.247375	-15257.684570	-16269.390625	25268.234375	38314.738281	534.490417	31289.582031	125611.601562	95536.414062	-112030.421875	-189928.437500	-88396.140625	45975.074219	101466.218750	76960.546875	71254.726562	-106706.625000	-293152.562500	-293441.187500	47736.785156	477617.062500	123509.195312	-352442.625000	10484.483398	165136.078125	-58670.292969	419606.156250	569647.625000	742921.375000	865233.875000	509299.562500	243503.484375	-403809.718750	-814262.812500	-715494.812500	-619834.187500	-329328.656250	170959.609375	271008.906250	94615.484375	230746.875000	720918.687500	701487.500000	-55673.070312	-372600.406250	-53783.734375	-45922.425781	107530.312500	419526.750000	135440.062500	-197383.140625	-194454.609375	-59340.863281	67495.695312	11931.753906	-23097.419922	-2071.104736	-1067.114136	1503.109741	0.000000	
0.000000	448.448181	1248.186523	2400.971436	-5937.141602	-23799.771484	-32195.046875	6721.057129	83163.828125	25875.927734	-86994.546875	2999.181641	54031.812500	-21725.912109	174344.796875	263702.812500	380958.250000	489141.812500	316203.625000	165519.062500	-299790.000000	-659040.812500	-630538.125000	-594309.875000	-343472.718750	193994.171875	334838.875000	127444.703125	339463.468750	1161161.750000	1240848.500000	-108570.203125	-804887.000000	-129444.554688	-124012.421875	328642.281250	1466573.375000	548710.875000	-942135.312500	-1116769.625000	-421472.406250	615188.562500	146968.718750	-415123.937500	-61465.109375	-65796.015625	340094.656250	687245.875000	-56241.492188	-465211.562500	-294659.250000	53870.625000	344274.593750	247008.109375	138344.671875	33084.507812	-30794.591797	-42977.367188	-53312.531250	-25590.597656	-14702.721680	-8724.775391	-2076.248535	-0.000000	
0.000000	2161.850098	5128.355957	5577.266113	-16680.273438	-53504.636719	-69179.804688	-83675.320312	-59806.292969	40642.960938	82649.359375	36456.714844	111070.984375	429984.156250	515567.875000	-50259.609375	-412733.250000	-73178.757812	-76994.328125	223391.296875	1088790.125000	444110.718750	-830267.625000	-1070781.875000	-439573.843750	698077.125000	181583.875000	-559161.625000	-90424.453125	-105975.625000	601587.250000	1340224.750000	-121492.218750	-1119652.750000	-795720.312500	164643.468750	1203508.500000	1000708.562500	660337.000000	190007.187500	-218720.625000	-391716.593750	-656674.187500	-459933.187500	-436339.281250	-537951.312500	-469773.406250	-199710.796875	148783.218750	93960.304688	-215977.875000	-101615.796875	389571.375000	280404.156250	-73172.484375	-110513.398438	-87432.500000	-19951.185547	33845.503906	6015.272949	-11983.679688	-5448.141113	-477.058472	0.000000	
-0.000000	-323.426697	-1248.734253	7527.306641	60580.132812	36055.402344	-91093.234375	-150759.765625	-76539.656250	146251.406250	44820.929688	-159953.265625	-29586.490234	-39243.320312	249957.250000	620420.437500	-62299.277344	-632972.125000	-494030.750000	111914.757812	893489.625000	809944.625000	581929.625000	182182.828125	-228114.265625	-444495.250000	-811338.937500	-619518.625000	-641920.937500	-866461.812500	-830973.687500	-389463.718750	321399.750000	226139.921875	-583243.125000	-310565.875000	1361856.000000	1136006.625000	-349261.718750	-634688.000000	-620995.125000	-181844.781250	416890.125000	108110.953125	-355645.031250	-335920.937500	-107939.578125	33116.332031	-28531.873047	-93301.093750	-111815.093750	-70640.523438	17562.572266	7016.236328	-36874.574219	-33702.453125	-20900.740234	-4808.028320	4728.715332	3310.645264	-1628.724487	-861.754395	20.041012	0.000000	
-0.000000	-2797.534180	-8012.449707	3771.036133	49713.636719	65755.851562	63846.703125	25650.265625	-39719.804688	-93124.460938	-200265.390625	-177218.921875	-210033.765625	-320855.250000	-345266.437500	-180291.593750	164808.687500	127843.460938	-362112.187500	-211104.062500	1011047.562500	919450.875000	-307790.937500	-608552.000000	-647665.687500	-206345.984375	515079.156250	145622.765625	-523207.531250	-541057.625000	-190932.359375	64581.429688	-61634.222656	-224553.359375	-301954.000000	-215896.906250	61394.898438	28425.007812	-176007.109375	-193556.125000	-148448.890625	-43822.703125	58245.691406	59501.371094	-48336.386719	-53133.964844	4534.493164	30028.376953	41604.394531	120617.164062	178156.703125	34856.625000	-79816.648438	-71333.765625	-28584.890625	-7816.763184	-10736.371094	-9107.071289	-6867.030273	-3818.050781	-1821.228271	-836.040527	-112.801559	0.000000	
0.000000	565.027161	-5872.925293	-7113.280273	56254.542969	74646.187500	-33769.437500	-85680.531250	-112773.101562	-43230.738281	127138.640625	41656.714844	-171191.250000	-200356.406250	-79331.679688	29896.208984	-31605.046875	-126946.523438	-187471.109375	-146753.765625	45579.824219	23006.380859	-155108.312500	-185585.609375	-154824.484375	-49727.234375	71964.140625	80146.875000	-71110.125000	-85581.257812	8020.982910	58559.492188	89873.328125	290296.593750	481107.937500	106531.453125	-279021.500000	-288995.812500	-136439.375000	-44892.351562	-76255.789062	-83006.273438	-84584.273438	-68620.843750	-54049.410156	-51548.503906	-25522.558594	2708.576172	-13074.710938	-31934.132812	-21671.751953	-14603.938477	-14577.946289	-892.612061	9672.619141	6916.837402	2225.133057	-788.579956	-234.217346	82.237350	-519.393127	-339.858551	-74.454132	-0.000000	
-0.000000	-561.062988	-3040.504639	-4944.958008	2536.055176	1867.787231	-17017.785156	-26129.357422	-26958.412109	-10418.158203	17763.140625	22926.740234	-23266.925781	-31691.179688	3332.688477	27108.517578	46085.613281	164113.078125	298700.562500	72413.695312	-207146.703125	-233904.875000	-120238.781250	-43043.714844	-79530.835938	-94190.273438	-104506.179688	-92430.570312	-79514.843750	-83027.601562	-45146.390625	5282.098633	-28243.837891	-76857.796875	-58524.050781	-44633.660156	-50961.300781	-3616.255859	46168.664062	39723.996094	15804.155273	-7187.500488	-2884.959473	1478.030640	-15414.262695	-20954.962891	-16846.044922	-5754.821289	-678.604126	356.894623	632.785217	-1799.745850	-504.228485	353.891724	-1313.024292	-3386.011719	-3602.531494	-2050.957031	-984.493408	-482.541931	-229.470673	-64.736656	-8.293505	-0.000000	
0.000000	725.327271	4844.482422	2440.023682	-11525.614258	-18989.710938	-13192.058594	-6060.300781	-13848.099609	-19733.437500	-25795.595703	-26440.603516	-26016.914062	-30745.546875	-18758.156250	2445.203369	-14482.990234	-43449.945312	-36335.230469	-30339.285156	-37833.878906	-2926.893066	40686.667969	38088.191406	16482.914062	-8155.921875	-3564.446045	1990.870605	-22676.707031	-33751.519531	-29798.662109	-11222.699219	-1465.912720	858.959717	1708.821411	-5500.519531	-1762.672119	1433.728149	-6267.234863	-19446.160156	-25587.218750	-18693.416016	-12126.443359	-8672.601562	-6810.104004	-3991.526123	-1876.494141	-2188.155029	-1185.544678	-288.242645	-1134.572876	-1261.055786	-909.353821	-499.616577	-227.203369	-210.480774	-261.847839	-220.505768	-156.940353	-79.954391	-27.566269	-16.272730	-3.112917	-0.000000	
-0.000000	-192.034836	-589.303772	-1022.300781	-2105.071777	-237.621613	4463.958496	5362.592285	2870.044434	-1708.715210	-879.823669	569.506592	-7419.720703	-12498.361328	-12381.232422	-5195.241699	-751.696716	485.594879	1060.938477	-3738.923096	-1308.615112	1160.418091	-5523.073242	-18645.380859	-26686.142578	-21212.109375	-14982.551758	-11681.779297	-10018.691406	-6429.029297	-3319.296387	-4267.205566	-2560.999756	-693.730957	-3063.887207	-3854.134277	-3178.901367	-2024.105957	-1084.471069	-1208.809326	-1859.791626	-2009.796631	-1933.104126	-1436.999634	-818.096558	-1003.342285	-704.330811	-317.368988	-562.936707	-391.972015	261.171082	253.358307	-205.669189	-260.261810	-14.823117	15.066130	-90.376381	-29.256496	8.203843	-16.344374	-13.320049	-3.786800	-0.664521	-0.000000	
-0.000000	2.146174	17.206856	-125.985306	-72.811157	94.209259	-605.966797	-2625.159424	-4646.655273	-4444.065918	-3698.191406	-3341.678955	-3278.072510	-2380.702637	-1379.155273	-1975.386230	-1313.239868	-392.186218	-1902.244385	-2619.809326	-2360.029541	-1638.252930	-955.702698	-1159.031372	-1939.666260	-2280.590332	-2388.402832	-1935.602783	-1203.543457	-1616.052856	-1245.877930	-618.913452	-1216.049316	-943.382690	705.286316	774.332825	-718.974365	-1054.403442	-70.752655	86.526093	-641.904175	-266.657898	101.050385	-293.753204	-395.305084	-233.486115	-150.355087	-51.558189	205.992584	523.386658	150.563873	-221.605072	-97.137634	-2.964306	65.874664	77.711426	13.492588	-32.121815	-35.178986	-20.061243	-6.682414	-2.771338	-0.733090	0.000000	
-0.000000	-1.733337	-30.851595	-88.276077	-131.311707	-133.002579	-104.855400	-163.184769	-337.739349	-477.797546	-589.537170	-553.696777	-393.794250	-598.432678	-517.657654	-286.509094	-623.570740	-533.321594	437.883911	526.345032	-533.769531	-853.403687	-62.351601	82.963013	-669.472778	-302.586548	124.850510	-395.678253	-581.553467	-376.068970	-265.960388	-100.545616	444.982788	1259.666138	406.594147	-677.286194	-339.571869	-12.009347	314.428284	446.303467	95.832001	-292.773804	-433.315216	-360.555573	-198.316986	-170.874893	-165.869446	50.598827	96.661774	-25.599791	-35.713345	396.851227	291.406982	-158.670486	-132.872833	-73.773026	38.440353	29.069983	-27.959736	-0.781191	-1.470837	-3.529758	1.027293	0.000000	
-0.000000	-2.357111	7.101831	17.735518	-29.698862	-69.284103	-6.840937	11.680701	-116.570206	-63.393726	30.817253	-113.187363	-190.281784	-139.260269	-110.505547	-46.544846	228.180099	712.125793	252.437973	-460.378510	-252.099548	-9.720018	277.093567	427.925018	99.947807	-332.221222	-535.372803	-485.659393	-291.754242	-275.222961	-293.403442	98.674721	208.807632	-61.612560	-96.443039	1212.886719	1018.694885	-642.824646	-634.219238	-423.684875	273.025146	264.957916	-344.392517	-14.040150	-43.650696	-217.637436	232.436020	294.152618	-128.606567	-203.378174	-68.614944	16.371620	-56.400372	-18.995804	65.516449	11.497219	1.654809	19.611290	18.703928	-3.004590	-11.479007	-2.346807	-0.271746	-0.000000	
0.000000	3.147368	4.094171	-15.512735	-14.026784	-0.789126	30.401461	60.249313	17.403152	-69.602371	-132.147781	-138.927277	-95.460724	-101.916481	-121.908028	45.678768	107.073227	-34.831367	-59.877605	824.447632	756.283264	-520.283691	-558.913025	-406.237854	284.751068	300.657532	-425.506348	-18.911734	-64.216766	-350.541992	411.151855	573.638367	-277.814392	-489.482513	-185.293030	50.036182	-197.163315	-76.958054	312.718506	66.029526	11.753391	178.746811	230.384613	-54.000713	-340.667633	-144.699158	-61.485355	-149.418976	-44.454086	222.397018	170.213669	-92.722260	60.392040	241.231064	44.192543	-95.270256	-65.776909	-21.103489	-10.483774	-12.724465	-1.455869	0.599346	-0.736561	0.000000	
0.000000	-0.153943	-0.971126	27.780268	42.079494	-42.239555	-61.321426	-57.195889	49.581543	62.989582	-105.029106	-5.409873	-21.011448	-129.807495	170.832062	265.550201	-142.458801	-276.718658	-115.040993	34.011597	-146.374863	-62.287621	275.586792	63.310478	12.258178	202.830597	284.646484	-72.737617	-501.173523	-233.062500	-108.760330	-291.387726	-96.029198	535.256287	459.657959	-283.384796	211.117325	977.303894	210.936722	-547.145386	-467.184845	-192.347443	-129.133316	-228.693542	-43.206490	36.954418	-166.654739	190.026291	524.377014	47.117535	-210.644165	-62.180973	-14.259520	-83.530670	-53.827263	56.528721	66.178146	20.094267	7.976860	-1.749850	-5.766134	-4.064171	-0.928799	-0.000000	
-0.000000	-1.223008	-1.865795	1.146042	-8.144277	-5.056859	30.236143	8.913741	2.134423	42.494247	70.260208	-20.807257	-163.981812	-86.304245	-45.189510	-134.889984	-49.242245	302.595917	285.383148	-192.627975	156.734375	791.001526	185.890427	-524.614319	-487.249573	-218.263733	-159.547729	-308.044525	-63.563271	59.521351	-294.792542	370.577606	1132.753174	113.400604	-568.839600	-190.042191	-49.848148	-338.409363	-256.924500	324.649353	470.034637	183.148895	98.254532	-31.449608	-171.124161	-250.588272	-210.150742	-110.058731	-92.737701	-74.242897	166.380371	276.361633	-16.085152	16.251036	251.904129	46.249390	-91.063934	-50.027966	-24.658981	-0.064702	-2.569818	-3.374837	-0.501832	-0.000000	
-0.000000	1.337377	4.628493	-6.490717	8.720678	64.217949	20.395061	-73.862595	-84.841064	-45.727581	-39.381680	-88.118935	-20.797626	22.041061	-122.485199	171.548782	580.857788	64.108650	-353.169617	-129.179291	-37.007473	-273.898743	-226.417679	311.280518	490.221741	207.825806	121.396164	-42.361843	-251.749466	-403.614899	-371.731812	-214.629776	-200.330917	-178.684845	449.306213	844.637268	-56.230164	65.838120	1202.371094	265.614258	-646.787659	-455.979156	-303.735657	-1.162867	-76.265633	-208.085358	-113.544830	-63.164963	97.077156	158.793137	-24.830305	-130.240677	-11.410704	175.111679	19.920214	-95.279465	34.167049	114.390015	48.577358	-13.622569	-15.963489	-6.075835	-1.113531	-0.000000	
0.000000	0.283340	-5.727890	-4.352775	-2.059091	-22.236639	-24.841530	43.826458	85.358589	43.540771	29.964605	-12.117990	-82.371338	-149.460663	-154.453186	-99.356987	-102.726501	-101.015732	278.956177	574.133728	-41.745506	53.287476	1059.603394	254.676437	-674.565979	-517.416382	-375.273682	-1.566354	-112.198257	-335.156738	-200.847397	-123.180428	209.704941	382.177002	-67.053650	-398.051422	-39.889317	709.433167	95.081764	-547.198242	242.673737	1042.606079	598.348999	-244.834915	-473.755615	-374.623230	-251.948334	-172.655273	-87.503334	-50.094414	52.786591	334.442566	355.761902	43.382233	-137.870148	-22.813097	24.503332	-42.583248	-36.190022	-15.282771	-4.776455	-0.250704	0.469600	0.000000	
-0.000000	-0.446457	4.524257	19.345789	-2.322714	4.326177	116.254921	35.856937	-117.457047	-108.401878	-92.630013	-0.448070	-36.710785	-124.110260	-83.451340	-57.023014	107.533356	216.055756	-41.630913	-270.571472	-29.613993	574.194702	83.791901	-524.665039	253.096115	1183.083618	739.276489	-329.786560	-696.966064	-603.394226	-445.666840	-336.701691	-189.023682	-120.565247	142.548935	1022.148621	1243.665527	175.755249	-658.072021	-131.017609	174.036545	-388.124390	-445.768616	-274.673309	-141.752991	-15.457857	106.251930	171.340347	-26.297091	-96.568947	21.549116	-32.748032	-119.957138	87.858780	263.737976	42.092995	-96.110756	-25.752693	39.033199	19.657536	-6.440443	-5.452984	-1.261819	-0.000000	
0.000000	0.954897	-0.675192	-9.117071	-1.647718	46.616352	9.193271	-73.869736	44.069706	247.863205	182.477997	-94.338440	-228.044281	-223.439987	-185.172897	-155.866852	-96.928337	-68.159027	88.502899	694.795349	923.302429	142.251221	-579.933594	-125.622391	181.511078	-440.419037	-550.759277	-369.978119	-208.540054	-24.897499	187.947113	334.137390	-56.806667	-232.418304	58.192879	-100.087013	-419.343842	355.943909	1258.855469	241.743713	-682.632996	-234.722549	480.789276	353.299805	-191.135910	-336.219543	-285.500000	-190.342163	-149.664993	9.556372	151.747894	12.328787	99.794479	290.287537	78.522858	-112.531075	-29.568958	14.947180	-23.170303	-21.567305	-7.448143	-3.018098	-0.567097	0.000000	
-0.000000	-0.301241	1.435386	23.411554	51.372417	11.548753	-63.627708	-17.686890	31.605146	-92.270470	-135.945694	-105.835602	-68.233406	-9.219672	78.091316	154.679779	-29.129555	-131.392807	36.129620	-68.033150	-311.322601	288.090698	1109.380981	231.788879	-711.950806	-266.348328	594.028259	475.886047	-281.189789	-541.538574	-505.015778	-371.193573	-323.304565	22.999895	409.791565	37.680172	348.859589	1176.047241	374.799744	-646.275757	-210.015488	136.235855	-285.398956	-387.623596	-221.041870	-186.089600	-128.311859	32.987221	185.068405	139.472717	-7.777079	67.548874	100.964813	-58.674549	-100.385124	4.301306	40.107315	-25.606497	-19.386175	10.942899	7.737275	1.503685	-0.151555	-0.000000	
-0.000000	-0.580714	0.585969	-2.292418	-17.321945	23.388823	121.716286	32.634506	-123.966583	-55.801598	146.625916	136.131531	-92.004082	-200.534515	-209.832169	-171.833923	-165.785431	13.002507	254.423111	25.612719	258.994812	951.858643	330.296600	-619.662537	-219.035263	154.591843	-352.618195	-522.119324	-325.185974	-299.728851	-226.968506	64.329651	399.782593	335.677368	-21.001816	206.447983	352.950836	-237.709290	-479.151184	24.702774	284.864838	-233.390030	-238.788147	196.673904	229.622589	92.714043	-34.290890	-164.855392	-150.299347	-122.882301	-40.088600	135.572739	22.195808	-54.058765	92.987160	97.271149	-14.844628	-19.024099	30.733635	1.101798	-13.176936	-4.269466	-0.670282	-0.000000	
-0.000000	0.057467	4.126367	0.863036	14.410435	77.277237	36.238659	-87.244827	-38.138947	32.387932	-87.037880	-149.356979	-106.399445	-110.991135	-94.304565	29.779654	205.002151	189.768158	-13.039183	140.330948	262.032166	-192.395020	-422.257538	23.685532	297.099274	-264.836273	-295.029266	264.914856	337.809509	149.331680	-60.656532	-321.490845	-324.674896	-295.748230	-108.258308	414.347656	77.591682	-219.009277	443.839722	558.636658	-105.434952	-173.394882	378.559875	19.802340	-391.057861	-263.246277	-151.658493	-24.432695	-0.814633	174.072250	282.400757	13.811788	-146.448288	-79.092903	-29.475826	2.396586	44.468510	38.864616	-9.277885	-17.370918	-3.224039	2.828463	0.523483	-0.000000	
0.000000	0.838714	-0.211476	4.728538	14.579432	-15.619709	-46.328197	3.334783	51.731636	-55.484814	-72.823021	75.781303	110.529808	55.298290	-25.202562	-148.825409	-166.488129	-167.195053	-67.213234	281.648682	57.604382	-177.259781	391.138916	535.632385	-109.963188	-196.757553	467.721039	26.673258	-575.305176	-424.002747	-268.265961	-47.647141	-1.759760	418.950165	762.616516	42.212627	-511.951050	-320.430542	-140.691940	13.763800	315.840546	354.230988	-114.279846	-312.203033	-95.681267	174.397079	118.443710	-176.103561	-53.865772	147.342209	-42.018532	-100.028786	-0.597971	-41.530857	2.729276	107.835487	43.531002	-32.709599	-29.331055	10.694266	8.548306	-3.904249	-1.174894	-0.000000	
-0.000000	-0.738949	-1.090099	9.490325	3.205100	-14.390945	42.914001	75.413879	-19.147055	-41.221909	115.449089	7.630128	-188.237366	-157.010406	-111.463501	-22.056942	-0.902377	236.844681	473.477936	28.693613	-380.074585	-259.347229	-123.986397	13.197016	329.405304	401.958954	-141.195862	-420.529724	-140.761581	280.896057	209.512924	-343.426331	-116.360214	354.617371	-113.470047	-305.715546	-2.090375	-168.254730	13.027185	619.308533	309.181824	-298.131165	-361.283661	192.205292	253.691940	-240.727783	-265.832428	-41.527691	126.023048	64.082825	-44.894939	-56.531445	-69.525871	-20.913336	71.360138	48.840401	-2.408075	24.548500	44.794964	5.996449	-13.074342	-4.632961	-0.664866	-0.000000	
-0.000000	1.046778	7.679113	0.966849	-21.147297	-21.055265	-13.603230	1.858062	57.356842	84.212845	-34.851830	-120.296349	-46.056583	104.017250	87.051842	-158.979843	-59.667667	200.475494	-70.448990	-207.807083	-1.551903	-136.180511	11.480358	593.805847	322.460632	-338.300415	-446.375824	258.895752	373.219147	-387.732880	-470.226135	-80.984749	272.233521	154.231995	-121.237724	-172.775665	-243.047195	-84.726593	340.611176	280.494659	-17.103510	223.746948	551.759521	107.772644	-388.013123	-285.658630	-150.433029	-138.269577	-49.669716	10.977901	-44.556423	-56.337341	34.926250	166.352356	75.203041	-3.746268	96.205681	31.903221	-37.198097	-19.747242	-7.895379	-0.857937	-0.064575	-0.000000	
-0.000000	0.886037	-1.142579	-7.002187	-0.086348	-11.055900	1.259573	83.604355	56.147617	-70.875999	-110.180382	74.059486	122.115692	-143.579483	-195.377197	-37.489677	139.597015	87.191826	-75.271629	-117.442535	-180.439240	-68.575256	300.167542	268.944092	-17.838074	253.893906	681.713989	145.167068	-570.825867	-460.101624	-266.098267	-269.644836	-107.295937	26.421175	-120.323563	-172.182434	122.094505	673.946411	358.953857	-21.515142	683.307190	290.781433	-458.185516	-354.912079	-234.314697	-52.898609	-14.610880	-163.435928	-132.996445	-15.378750	29.614313	32.516495	71.671257	100.886024	17.995708	46.341354	69.706657	-28.313164	-43.945087	-6.334136	4.510495	-1.746783	-0.791891	-0.000000	
0.000000	0.385360	-1.220795	-3.957298	-10.039614	-5.567324	32.933033	37.865738	-3.106008	53.192322	168.269653	41.526360	-186.771759	-170.377991	-110.562828	-124.824707	-55.019650	14.936657	-74.704063	-117.039291	90.643463	545.472778	316.332245	-20.629164	712.653992	329.960419	-566.100708	-478.057739	-344.712280	-85.202171	-25.844921	-318.722687	-287.297363	-37.012962	79.972748	99.379372	250.546997	408.721436	85.895844	266.142426	495.096130	-258.059906	-541.291199	-113.841782	133.859985	-107.702957	-179.173752	-77.130417	111.545952	304.179871	162.449509	-37.168575	-71.084946	-98.934189	-58.398075	-0.834238	-21.740238	-9.619449	20.762897	22.171488	-0.365720	-4.376925	-0.141534	-0.000000	
-0.000000	0.066015	-1.211590	-3.943711	5.043390	44.284542	34.706551	-2.904464	124.089020	69.128716	-139.732452	-136.752762	-112.788376	-31.550802	-10.738468	-147.543976	-147.321518	-20.924501	49.651863	67.552139	186.007126	330.807312	75.696709	255.182861	516.359619	-292.830078	-668.780090	-153.342056	196.928253	-173.473862	-316.937195	-150.414993	240.960281	732.088013	438.691040	-113.597404	-248.497375	-400.813934	-278.741577	-4.791102	-154.411484	-87.676323	255.745865	398.482422	-10.853623	-269.872040	-32.023575	-37.289635	-130.677307	-100.104691	-3.196200	20.792570	14.538367	82.216866	72.563812	-14.949188	0.220423	64.929031	8.954297	-24.767288	-6.507662	-0.466762	-0.251668	-0.000000	
-0.000000	-0.092480	0.805280	2.276211	10.349410	26.856796	8.305102	35.928238	89.909775	-61.349689	-165.077133	-43.864887	64.434074	-64.238266	-131.686218	-69.630516	123.560593	413.870605	272.365631	-77.216705	-184.485474	-324.407196	-245.644226	-4.593808	-161.043167	-99.489555	315.980988	536.745911	-15.967319	-434.674622	-56.645916	-72.719955	-282.287598	-240.927979	-8.631261	63.547825	50.822941	333.086700	346.356476	-85.854485	1.565571	591.794739	110.294060	-445.136078	-193.130829	-28.779537	-56.942600	-46.262829	-49.757839	132.367050	74.392647	-49.736576	127.089043	91.363342	-92.815979	-41.549801	52.373894	3.972400	-35.435097	-4.525208	11.209758	0.847652	-1.231804	-0.000000	
0.000000	1.829175	4.417368	-2.601864	-10.264746	-26.337200	-26.950981	-0.646781	-28.041222	-20.843668	77.994606	153.541046	-5.224438	-160.962250	-23.536167	-33.663715	-144.752594	-136.203583	-5.358803	43.195999	37.731163	269.590759	305.230652	-82.319061	1.632809	671.531311	136.271332	-599.587219	-284.124603	-46.354321	-100.724731	-90.218925	-107.486305	318.575745	200.895569	-152.008682	444.275391	370.141998	-443.022675	-238.624115	371.989044	36.206383	-436.469879	-81.330391	332.677032	52.264412	-278.708862	-139.195328	97.285759	17.579350	-124.710014	-75.145287	-20.869232	2.237680	97.385986	174.127945	72.468941	-28.131304	-17.489235	-12.185779	-7.913991	-2.493277	-0.385897	-0.000000	
-0.000000	-0.601976	-0.086912	1.455516	2.099357	21.886892	33.488537	-11.590037	0.284309	140.689896	33.636288	-171.517380	-92.964340	-17.165243	-41.850750	-41.764389	-55.117264	180.100113	124.727982	-103.326385	329.831879	299.582245	-390.418854	-228.797745	387.965271	41.084717	-539.270447	-109.550018	489.418121	84.180695	-493.003052	-271.450165	210.155563	42.309280	-336.776428	-229.664719	-72.954254	9.065555	464.835938	1000.031921	514.715454	-256.402374	-215.422699	-219.011841	-234.867065	-153.730240	-87.313293	-29.771276	-135.740555	-42.119156	187.825562	148.511200	45.021511	142.781540	94.762451	-62.436119	-77.890106	-24.989607	-8.636680	-15.074609	-7.808877	-1.403461	-0.225105	-0.000000	
-0.000000	0.795985	2.022904	-3.481646	18.351801	24.321770	-42.834999	-32.213371	67.553444	8.607498	-133.109863	-31.337778	160.135498	31.172544	-204.840927	-125.660439	107.764427	23.918663	-209.090942	-156.112289	-54.161537	7.337398	409.642059	958.851318	536.821533	-290.949219	-266.160614	-295.003510	-345.524902	-247.608612	-154.446899	-58.058113	-293.225159	-101.370712	507.218475	453.891174	157.385330	578.453552	452.313446	-358.576050	-553.219604	-227.767395	-106.381828	-270.932068	-231.747559	-86.534477	-50.932404	-133.459946	108.939079	427.727936	178.897568	-114.859138	-97.096855	4.822190	-9.543725	-24.618742	6.622301	9.113983	-4.348289	-9.551505	-2.663521	-0.304520	-0.548021	-0.000000	
0.000000	0.105713	-3.391146	-5.260299	-3.013541	0.595691	44.944084	135.000595	93.472656	-60.955631	-65.697281	-84.388435	-113.054260	-91.690742	-64.172112	-26.876417	-150.361191	-57.307804	314.911560	308.527985	116.843513	468.183563	398.606476	-343.810150	-576.979370	-258.456055	-131.437653	-364.938751	-340.935638	-139.378448	-90.093407	-260.265381	235.328934	1029.438599	483.108643	-351.041168	-339.429291	19.536226	-45.553436	-141.387573	47.035328	83.069267	-53.559803	-171.666733	-79.046516	-18.776043	-123.995537	-49.307335	66.652802	-42.511562	-98.480133	71.710793	337.450775	327.470398	94.794556	-65.439224	-87.330505	-61.255379	-20.575960	0.919648	-6.004748	-2.715620	0.159186	-0.000000	
-0.000000	-0.253282	5.107400	10.396040	6.501157	38.009773	43.733311	-48.406437	-100.465034	-54.148121	-32.443180	-104.394043	-111.552666	-51.612556	-37.433472	-120.482750	120.672935	581.971497	299.942719	-238.616745	-251.993713	15.812057	-40.144493	-135.565338	49.055408	94.261757	-66.174599	-231.230820	-116.289352	-30.241999	-219.333450	-96.156128	143.982605	-102.315132	-265.943237	219.167953	1179.653809	1326.686890	452.466675	-375.823120	-620.270691	-558.311279	-253.443268	16.528587	-178.205612	-167.439407	36.017628	-42.454868	-132.058212	187.402725	442.224396	134.508530	-148.118149	-143.100723	-47.847191	-7.682442	-22.195528	10.091476	38.658882	8.003240	-9.787504	-3.834497	-0.741958	-0.000000	
0.000000	2.572128	4.864628	-8.040337	-14.020895	1.283712	-4.404473	-19.086798	8.541646	19.748413	-16.334089	-66.145676	-38.049374	-11.198768	-91.132225	-44.512856	73.831993	-57.841713	-165.113464	148.977234	875.779846	1073.781982	398.741516	-360.347015	-646.910156	-633.536377	-313.136078	22.263597	-262.167358	-269.689545	63.710926	-82.792877	-285.270599	451.033417	1194.216431	411.095154	-517.788574	-579.746582	-228.380829	-44.120930	-157.645203	91.978615	476.178680	143.840164	-290.468170	-236.427017	-167.875992	-159.459244	-60.908928	114.388229	1.271491	-74.766617	243.056290	388.179016	134.773483	-69.725426	-85.480110	-54.567055	-27.169033	-11.177372	3.298992	0.633560	-0.725521	0.000000	
0.000000	-0.255642	-2.677897	5.019879	48.728268	87.175659	43.748123	-50.734730	-112.641548	-132.729721	-77.292381	6.368704	-85.780029	-99.867424	26.471653	-38.326698	-146.282227	254.982285	741.440979	279.437805	-384.408356	-469.230164	-201.263260	-42.304058	-164.415771	104.371529	588.331787	193.749130	-427.322510	-380.805786	-296.952789	-310.967621	-131.574753	275.305023	3.433632	-228.507385	849.671448	1572.636963	643.291260	-400.439148	-607.128113	-497.350616	-334.653076	-200.888016	97.905655	39.063992	-164.156982	42.679615	77.969841	-99.819145	-43.081791	223.410767	112.524536	-108.421005	-96.814270	-45.530033	24.109993	50.672878	14.032237	-5.489763	-6.790164	-2.305668	0.342381	-0.000000	
-0.000000	1.126940	12.025078	9.415829	-21.388428	-38.094742	-22.081699	-5.956161	-28.628469	21.866470	145.219818	55.423698	-139.818085	-141.014343	-123.382767	-143.953964	-67.469437	155.637924	2.131804	-155.325607	630.799561	1272.846924	566.907898	-383.949341	-633.203125	-564.362061	-413.472992	-270.591156	144.033997	62.919182	-290.374298	83.231163	168.429550	-240.240738	-116.341354	682.804871	393.361084	-439.248047	-462.107056	-261.482941	171.242813	461.857208	172.841324	-98.666084	-201.514725	-142.162628	77.467415	-6.431294	-174.139999	-99.222168	75.233223	39.490570	-6.649089	176.562988	178.621750	-8.836747	-59.054432	-29.346519	-19.438145	-15.433929	-7.666641	-1.031705	0.214170	-0.000000	
-0.000000	0.687870	0.034575	-5.233791	35.097599	103.336861	62.198582	-54.057800	-110.254852	-118.237289	-102.058868	-77.405060	47.127304	23.299297	-120.649437	38.529594	86.367989	-135.815063	-72.231667	464.129822	292.032898	-355.514679	-407.237183	-250.715256	178.597382	524.086426	213.550171	-132.900772	-296.458588	-228.977005	137.030701	-12.541915	-376.175201	-238.803970	203.165543	120.694069	-23.243757	715.312927	852.584778	-50.750206	-419.438019	-267.478424	-239.428284	-277.390045	-227.526352	-63.612793	48.458282	-57.660019	-58.499847	149.013016	67.740448	-114.329781	167.926315	356.480316	28.552757	-121.625237	-56.929382	-21.839083	-16.475283	-7.642975	1.095298	-1.576478	-0.535410	0.000000	
0.000000	-0.600259	-1.171491	15.639138	16.248669	-28.862679	-44.680233	-35.299229	31.097803	109.799294	52.711273	-38.017471	-96.999969	-84.791367	56.935745	-5.805937	-192.896652	-135.002808	126.137314	82.040588	-17.256262	578.953613	751.350220	-48.660351	-437.452087	-303.517609	-295.820190	-373.637482	-334.725616	-102.459183	85.716972	-112.445030	-126.370689	358.638580	182.931458	-349.423340	587.033508	1444.215332	136.286011	-698.504272	-404.344696	-199.052002	-202.933395	-137.365219	32.505661	-97.202309	-121.142242	183.867615	90.368919	-137.255066	-102.008621	157.217529	228.765961	-48.455254	-30.588629	95.691910	6.952544	-37.337536	-5.116084	1.332170	-5.479730	-2.639847	-0.419232	-0.000000	
-0.000000	-0.596669	2.045761	2.764408	-0.960136	47.002705	82.434761	-6.851089	-76.170212	-63.588791	-73.018242	-106.882393	-109.520775	-37.941162	35.615082	-52.053352	-64.800880	202.748795	113.574791	-237.517014	435.816101	1168.906128	120.103622	-669.740356	-421.710571	-225.871643	-250.729752	-185.027527	47.820736	-156.560791	-214.286301	358.567322	195.213882	-330.340057	-275.471863	480.500092	799.715576	-196.307663	-146.003479	549.566956	49.380901	-340.312439	-63.017086	23.942743	-162.624420	-162.767426	-94.855675	-79.316292	-85.794861	2.203203	173.807144	154.422409	-131.442795	75.393410	395.732697	61.456470	-133.918167	-56.484783	6.727909	6.485877	-10.917124	-5.241175	-0.592742	-0.000000	
-0.000000	0.896085	1.842016	-8.003282	24.248747	94.898369	13.177229	-94.295486	-73.429253	-47.321487	-61.888432	-52.928806	15.646739	-57.975266	-89.035156	165.988953	100.102570	-186.750809	-171.029404	326.615143	593.712158	-158.885757	-128.667252	526.936218	51.501720	-386.165070	-77.859329	32.250278	-239.245071	-262.164520	-167.788483	-154.677750	-185.333069	5.302581	469.362061	471.957428	-459.495178	305.442719	1888.883423	352.949829	-951.162659	-514.829712	82.870651	116.568993	-323.992371	-323.159821	-134.114288	-160.806183	-131.339020	0.980270	-26.190527	-41.346027	255.390060	290.039246	-38.823563	-92.841354	30.565958	68.713821	17.476578	-20.320459	-15.719526	-4.235979	-0.734866	-0.000000	
0.000000	-0.825379	-2.773844	11.005497	33.034061	-12.899239	-14.116793	74.189499	8.967603	-80.903931	-19.218269	9.225486	-78.279953	-97.080872	-69.715485	-71.603844	-95.035843	2.997703	291.408020	320.808350	-341.131134	247.216507	1664.600342	338.415619	-992.013306	-584.196289	102.388954	157.015533	-476.641693	-520.503662	-237.232330	-313.594330	-283.717041	2.359275	-70.726898	-126.364853	892.787598	1175.041382	-185.309891	-533.195923	217.096741	626.291138	215.266785	-365.214355	-466.515442	-261.181519	-166.271301	-137.321945	183.092590	44.687077	52.366001	298.620789	-13.555958	-164.614410	-42.569504	92.907478	95.384697	-10.301032	-44.469601	-18.903711	-2.250476	-2.012183	-0.862577	-0.000000	
-0.000000	0.013249	4.726208	10.809834	-18.980488	20.070425	182.632462	47.646919	-172.731735	-122.392677	25.272993	44.915722	-155.955109	-192.745193	-98.569145	-145.169922	-145.485580	1.333767	-43.911488	-85.895248	662.809204	951.044495	-163.306488	-511.239319	226.420639	710.675598	265.967987	-491.934662	-686.314636	-420.677124	-294.114288	-267.796814	395.514465	107.551071	141.413147	912.667480	-47.388653	-666.905396	-203.189743	533.575684	677.476135	-93.888611	-547.751892	-339.751526	-66.788391	-124.067001	-195.167175	-72.178078	-36.641895	-2.746289	-13.683992	-9.930859	40.913509	10.886660	135.576279	130.792847	-55.177181	-50.389462	2.279348	1.965858	-0.796461	-1.658229	-0.697682	-0.000000	
-0.000000	0.005895	-0.712179	-2.894293	36.878613	77.211136	-17.917253	-71.979477	39.424908	148.890869	65.649734	-140.722382	-224.559189	-155.778900	-122.203384	-123.969223	202.813522	60.801743	87.797729	620.376587	-35.181534	-539.773926	-179.063309	511.603424	706.572449	-106.538864	-676.762390	-457.636871	-98.255806	-199.830933	-345.227661	-140.757248	-79.153389	-6.609660	-36.953297	-30.351440	143.024658	44.105324	647.123108	751.154724	-391.899597	-459.274017	28.075739	35.331863	-23.636940	-102.242928	-157.858032	-88.299187	-68.941154	-17.051273	-32.950325	-85.260376	16.870800	264.503784	134.185974	-73.821854	143.143799	136.533020	-42.576885	-41.456413	-12.447063	-4.661597	-1.101283	-0.000000	
0.000000	0.268724	1.423950	20.903969	-1.957496	-43.821884	-19.646021	72.030739	123.030090	-22.320541	-167.047440	-130.911179	-32.148876	-73.998421	-143.440796	-65.159721	-40.588600	-3.736633	-22.942816	-20.631088	106.182091	35.697575	570.284729	720.222717	-408.730927	-521.155151	34.688343	47.591141	-34.773506	-164.679565	-279.232208	-172.195648	-148.925888	-41.038326	-88.981575	-260.579224	58.976612	1071.588989	640.487000	-423.965302	1016.688232	1244.428223	-524.438477	-745.085388	-369.397095	-287.424286	-249.177155	-190.286148	21.986135	53.463364	-18.906496	222.883957	166.781235	-85.592964	-82.520279	82.283043	61.089241	-36.967632	-9.801908	6.578357	-3.311570	-1.289992	-0.141682	-0.000000	
-0.000000	-0.016515	-0.372099	-0.695177	5.907957	2.898130	62.569077	101.403099	-71.169212	-109.185181	8.562235	13.613878	-11.377741	-60.981689	-116.019936	-79.713272	-76.366821	-23.200155	-55.245083	-177.126114	43.784481	867.313232	564.436584	-406.506714	1060.353149	1412.098633	-647.958069	-1003.611511	-543.438904	-462.945526	-440.764954	-371.084351	47.494194	128.673492	-51.056541	681.194824	583.030579	-346.764374	-393.879974	472.558655	433.890381	-336.940948	-120.734474	118.231117	-98.278969	-79.538208	-32.057095	-158.005722	-152.090500	-150.824066	-86.809807	89.955261	46.866089	-28.945112	12.414363	52.625732	23.109615	-7.417331	29.202303	7.822690	-12.688793	-4.497895	-0.647649	-0.000000	
-0.000000	-0.102537	-0.895994	-5.968373	2.436162	70.413361	61.927441	-57.233742	184.631226	295.843262	-159.937561	-287.092194	-177.810867	-171.431122	-183.136185	-171.783371	24.354265	72.742859	-31.698954	463.035370	432.844299	-280.661072	-347.111267	453.099030	452.525177	-382.339294	-149.170731	159.254379	-144.583191	-128.109756	-56.705212	-308.133026	-328.544128	-362.997345	-234.427811	274.928070	163.833572	-117.265869	59.255360	302.234131	164.137573	-67.605148	359.697784	140.595184	-376.571014	-277.330750	-146.537552	-105.821236	-90.316109	33.927464	260.936493	157.547180	62.811375	202.049240	36.529610	-126.660149	-56.085876	5.049510	-13.314671	-18.995705	-2.570340	1.985596	0.075951	-0.000000	
0.000000	0.321500	-0.514110	15.602260	24.083397	-22.785643	-38.083488	63.793667	78.794769	-80.102417	-36.820293	45.556160	-47.306995	-47.439705	-23.560804	-142.641769	-168.472198	-205.212921	-145.546799	186.879608	121.630714	-94.911606	52.219475	289.788361	171.186981	-76.714058	444.416412	189.378220	-553.992798	-446.688171	-259.207611	-206.366074	-195.099808	81.655266	704.652771	481.507599	219.574783	818.565796	174.360565	-727.420227	-398.353638	46.023678	-164.002731	-341.404907	-76.281151	122.427658	17.184616	-23.563862	-27.936945	-65.135330	-19.853630	49.448788	-1.589456	-65.677292	-0.427481	81.941689	23.344946	-29.838863	-4.535790	17.050339	5.432417	-2.695430	-0.974341	-0.000000	
-0.000000	-0.906975	-2.360554	6.297023	6.767516	-7.705457	5.729286	40.800488	29.807487	-16.072062	109.696732	54.173359	-181.264053	-165.410934	-107.699791	-95.531532	-100.044075	46.162090	437.490570	327.299988	163.013229	662.523499	153.657257	-697.465576	-415.462189	52.224766	-202.629837	-459.863922	-112.221085	197.190491	30.397554	-45.952797	-60.349064	-156.765121	-53.614258	151.129120	-5.556389	-266.079620	-2.040422	470.598236	165.809021	-271.965881	-55.869347	306.441345	161.220276	-166.194550	-220.455017	-147.588669	-31.917175	-20.715332	-34.405495	196.835190	190.519547	-10.282660	-0.745879	3.895268	-46.052719	-36.054947	3.483287	7.104467	-4.422680	-1.856898	0.397805	0.000000	
-0.000000	0.204022	7.095451	11.028573	9.070033	53.787380	16.858583	-98.199036	-72.341278	10.941406	-50.015778	-131.548248	-36.718254	73.020653	12.630070	-21.272593	-30.946039	-88.623871	-33.286938	102.728516	-4.125086	-215.357162	-1.798145	451.219330	172.930206	-308.609711	-69.028107	412.768890	237.179367	-267.684479	-389.958862	-287.818329	-68.947105	-49.856834	-92.911224	601.582581	666.014526	-41.658329	-3.560178	22.370861	-327.092499	-328.622284	42.905197	127.686752	-131.253845	-114.492424	90.007561	157.886887	-22.958477	-20.887966	146.679367	55.979877	-107.840744	-65.835938	-3.388962	-18.816128	-29.173307	10.997296	31.447298	1.713512	-8.525057	1.286596	0.524120	-0.000000	
-0.000000	-0.391689	-0.539865	3.461500	-0.229519	-17.483904	-0.197284	63.529015	30.111023	-64.655617	-17.038429	118.076286	77.604065	-99.124947	-162.026459	-133.237640	-35.354980	-28.185516	-57.684845	408.919739	494.451935	-33.717049	-3.137448	21.449644	-341.140503	-372.899811	53.010544	171.990891	-193.094223	-184.409439	159.212738	307.901306	-49.594635	-50.272327	396.104156	171.089935	-376.987579	-266.722351	-16.175953	-108.062653	-207.205338	100.234703	387.350372	30.796501	-253.001953	79.328789	118.587730	-169.863724	-160.966827	-107.729134	-29.425510	136.884430	215.686768	203.066269	74.544571	-47.331921	-73.466255	-20.173643	3.630945	-13.015756	-10.353878	-2.681217	1.028739	0.000000	
-0.000000	-0.124571	-0.935563	13.778801	27.511236	-2.737339	-0.344227	3.019983	-59.400204	-78.124779	13.084763	49.199554	-63.179600	-68.287766	66.152298	142.534500	-25.431339	-28.420404	245.925140	116.296677	-279.877136	-215.877365	-14.255245	-103.612709	-216.104431	113.740013	478.581970	41.482124	-372.204071	127.772453	209.767685	-331.257782	-347.718689	-259.278198	-79.462891	418.356567	753.993591	822.686096	355.810883	-271.831329	-521.798950	-183.872375	44.723972	-233.928818	-307.276703	-165.318237	232.763229	263.205414	-132.042374	-167.758759	17.447733	232.892014	306.252289	23.401115	-135.054840	-72.236252	-19.716307	-1.753449	-11.035400	-16.552311	-1.897202	4.286171	0.153347	-0.000000	
-0.000000	-0.125609	3.988543	3.918688	-15.572325	-17.526138	-1.564021	-14.588058	-37.628620	23.829226	118.129929	11.866338	-121.783562	47.314796	87.157684	-153.346741	-178.304596	-146.577484	-49.335312	284.373688	559.767944	665.858398	313.562439	-260.637512	-544.209229	-208.646759	55.257690	-315.096313	-452.050415	-266.273041	411.730652	513.287048	-285.236389	-403.755096	47.117191	711.782166	1070.590820	94.805374	-644.634216	-414.859039	-140.036377	-15.981785	-135.927948	-297.490417	-56.304115	264.276306	34.696358	-194.424606	-148.516327	0.827859	296.991455	293.429779	-44.858353	-161.336563	35.582722	115.770111	-16.407597	-50.523663	-25.284607	-14.636773	-0.236621	2.173079	0.825332	0.000000	
-0.000000	-0.647826	-0.800146	9.582146	31.145411	54.058125	34.402660	-36.696220	-94.759018	-43.712769	13.639433	-90.136162	-147.908936	-98.602272	171.072540	237.612213	-146.264679	-228.254471	29.253168	483.826843	794.811035	76.732727	-568.091370	-397.775452	-146.050674	-18.135120	-167.942688	-400.712219	-82.831856	425.661774	61.373753	-379.154907	-320.823242	1.992458	802.018311	896.802246	-156.814957	-653.625793	169.840942	664.877808	-116.536041	-460.497192	-311.441742	-263.062958	-7.022322	133.987473	186.740082	199.357819	12.658850	-53.730007	-99.313095	-79.679977	-77.454544	-23.365667	17.895964	-10.890436	17.233206	45.312477	12.520267	-10.860168	-8.086100	-3.213625	-0.328776	-0.000000	
-0.000000	-1.008812	0.474443	16.302841	44.223175	6.229594	-62.328434	-56.004433	-25.430695	-3.799418	-41.453835	-114.627373	-27.102224	157.624756	25.500565	-175.519409	-164.513046	1.126394	497.940948	609.592407	-116.420074	-529.025879	149.674286	637.498596	-121.541046	-522.543152	-384.794800	-354.339264	-10.330895	215.809525	330.321136	388.775360	27.345499	-129.315247	-268.192657	-243.523972	-270.764069	-94.661766	85.419746	-62.544724	122.399979	412.999908	154.217697	-195.187012	-239.974808	-198.145355	-74.388992	-67.200233	-47.976112	164.951721	196.295502	53.324829	-17.958347	-71.823807	-38.544178	54.947075	44.260269	-4.780783	-21.438242	-12.045147	-3.338904	-2.340776	-0.098745	0.000000	
-0.000000	0.004978	8.075867	20.540588	-6.477596	-42.949291	16.421591	89.756035	-21.163019	-109.475975	-94.980133	-101.361961	-3.380224	79.915375	137.247192	179.972931	14.022337	-73.105659	-166.510040	-165.532990	-201.016373	-76.616493	75.277145	-59.969173	127.656830	468.646240	190.540176	-262.912048	-353.039185	-319.146667	-131.585327	-131.049759	-103.637444	396.999237	530.091309	162.975372	-62.778439	-290.981140	-183.976349	315.565826	314.361481	-43.574371	-264.064392	-216.484314	-99.090157	-144.327362	-22.342142	212.542953	127.602989	107.851860	87.613045	-77.216118	-82.051300	-23.445683	-30.542980	-25.822542	21.340519	33.775108	5.609995	-4.075121	-3.772800	-1.848344	-0.041327	-0.000000	
0.000000	-0.323104	-2.700547	-5.577735	-11.184523	-6.220158	8.259069	-8.443305	22.227913	98.184242	47.031643	-75.208382	-115.512894	-118.181656	-54.673214	-60.665909	-53.143631	224.435181	329.112396	110.780884	-46.606972	-235.511719	-162.131287	302.571045	327.862732	-49.445446	-326.258759	-291.598999	-145.776581	-232.463669	-39.520607	414.488220	275.646484	259.573547	236.596939	-235.993744	-286.833344	-94.985931	-145.785599	-148.301102	151.572449	307.842712	69.100807	-73.241096	-111.967072	-113.965027	-9.350572	-42.708920	-117.706039	-68.965721	15.332305	103.555969	220.507629	228.364227	30.942518	-69.070152	-41.115574	-29.818258	-21.264967	-10.712903	-5.620034	-1.806952	-0.270839	-0.000000	
