0.000000	0.000000	0.000000	0.000000	0.000000	0.000000	0.000000	0.000000	0.000000	0.000000	0.000000	0.000000	0.000000	0.000000	0.000000	0.000000	0.000000	0.000000	0.000000	0.000000	0.000000	0.000000	0.000000	0.000000	0.000000	0.000000	0.000000	0.000000	0.000000	0.000000	0.000000	0.000000	0.000000	0.000000	0.000000	0.000000	0.000000	0.000000	0.000000	0.000000	0.000000	0.000000	0.000000	0.000000	0.000000	0.000000	0.000000	0.000000	-0.181175	0.000801	2.541369	-8.516105	14.467619	56.751705	20.175316	-4.025501	0.362563	-3.583267	6.360220	16.412024	8.340919	1.968233	0.563705	0.000000	
0.000000	0.000000	0.000000	0.000000	0.000000	0.000000	0.000000	0.000000	0.000000	0.000000	0.000000	0.000000	0.000000	0.000000	0.000000	0.000000	0.000000	0.000000	0.000000	0.000000	0.000000	0.000000	0.000000	0.000000	0.000000	0.000000	0.000000	0.000000	0.000000	0.000000	0.000000	0.000000	-0.391373	0.001927	6.862907	-26.027561	50.575623	229.919235	96.299400	-23.118803	2.575130	-32.659634	78.341667	294.969055	247.537186	121.357109	127.544205	36.228870	-115.117744	-145.053116	-44.291103	76.811638	89.056183	29.645536	-32.526844	-44.451988	-25.199594	-11.608251	-1.880448	-0.178706	0.328036	1.719892	0.647036	0.000000	
0.000000	0.000000	0.000000	0.000000	0.000000	0.000000	0.000000	0.000000	0.000000	0.000000	0.000000	0.000000	0.000000	0.000000	0.000000	0.000000	-0.200690	0.001089	4.260903	-17.691975	37.547550	186.089981	84.864960	-22.166788	2.685727	-37.060089	96.793266	397.315979	364.164551	195.466187	225.610626	70.651321	-248.676010	-349.108063	-119.607071	234.757538	311.320892	120.103516	-155.254837	-255.291626	-178.981781	-105.803223	-23.162317	-3.211837	9.735275	106.044907	146.398773	106.618233	182.485901	144.820480	-55.223969	-118.295242	-87.191147	-59.583473	-37.623569	-19.909365	-10.132238	-1.666898	2.174031	9.729441	10.100543	4.788902	0.612791	-0.000000	
-0.000000	0.000005	0.069106	-0.596142	2.089140	15.107831	9.311002	-3.120953	0.467645	-7.764314	23.891794	113.655846	119.153076	72.382133	93.740372	32.706097	-127.517097	-197.360916	-74.259224	159.574081	231.125916	97.208313	-136.820129	-244.778900	-186.668716	-120.058823	-28.617676	-4.326265	14.322060	170.803299	258.962128	207.920319	394.203918	348.548157	-149.131012	-361.542847	-304.801117	-241.391632	-179.582153	-114.341209	-71.964890	-15.192916	26.778511	174.864731	299.758331	295.273621	138.650467	-119.863670	-145.509720	-45.497948	-46.278133	-84.276405	0.703497	33.486683	-25.233454	-0.746465	20.966175	-9.534743	-14.873617	-2.309448	-1.696588	-2.070358	0.695511	0.000000	
-0.000000	-0.872272	-1.204375	5.376946	12.859813	7.891917	-15.011289	-34.463421	-32.503204	-25.153055	-7.063793	-1.237567	4.686116	63.249340	107.597794	96.251030	202.141495	197.044388	-92.589455	-245.755142	-226.285614	-195.375412	-158.258850	-109.632721	-75.055649	-17.239962	33.085583	235.538452	440.989777	475.588226	245.256287	-233.750763	-314.328400	-109.502655	-124.973000	-257.571930	2.459270	135.665222	-120.442535	-4.287015	148.913651	-86.904274	-183.204971	-41.507103	-50.350391	-127.653900	157.366867	507.578735	291.190826	43.040466	55.620472	-58.284531	-151.512802	-82.954002	-46.339458	-45.524338	-21.787874	2.068141	4.458299	6.104090	9.514216	1.482058	-0.451657	0.000000	
0.000000	0.870873	-1.501664	-8.280870	-12.590500	-15.861673	-17.363449	-15.435639	-13.068870	-3.611877	8.166620	67.377914	144.289948	176.112762	101.903069	-108.208534	-161.182602	-61.905025	-77.590714	-175.081940	1.825772	109.803513	-106.141380	-4.110478	155.309204	-98.613487	-226.354736	-55.909035	-74.073029	-205.608246	278.363403	989.848877	629.027039	103.588081	150.201752	-178.133591	-529.655518	-336.073090	-221.184235	-261.450226	-154.749817	18.850044	54.914852	109.707230	282.357666	91.380608	-102.192230	192.526031	158.620941	-177.150665	-129.376282	21.106760	-40.075451	-50.687920	13.595044	0.680235	-27.251629	10.476043	22.226139	-8.467498	-6.589984	3.780400	0.925233	-0.000000	
-0.000000	-0.273600	-1.258407	-5.899493	0.101586	8.914466	-11.645355	-0.578731	27.042812	-20.660126	-55.871868	-15.993288	-24.236374	-76.137794	115.658943	458.223480	322.555054	58.561348	93.254234	-121.084534	-393.218445	-272.007843	-194.921158	-250.683899	-161.396042	21.389841	67.848801	147.772919	415.390747	147.183945	-180.765991	375.452423	342.651123	-426.359161	-349.377594	64.508080	-140.094986	-205.352905	64.890907	3.906647	-193.556503	95.483742	273.769257	-152.184158	-195.573914	233.091522	209.343842	-56.915203	187.445145	196.749527	-141.677826	-135.524475	31.879604	-10.717476	-63.186287	-23.149576	7.578311	-8.088912	-7.733438	11.833934	8.830642	0.903633	0.818275	0.000000	
0.000000	0.258822	1.512446	-4.080018	-21.878618	-22.083126	-21.385874	-35.294811	-28.102665	4.481302	16.747337	42.271782	135.914062	54.502975	-75.107590	173.805450	175.706039	-241.033203	-216.914490	43.848721	-104.007095	-166.206711	57.185860	3.745774	-201.869400	108.348923	338.249390	-204.988281	-287.718750	375.433411	370.304504	-110.992531	404.916809	473.528900	-382.597595	-414.200134	111.444099	-43.419910	-301.596313	-132.950027	53.825459	-73.726273	-95.256195	212.688232	262.070923	55.716095	185.143570	219.839218	-132.078049	-233.983124	-73.843483	-27.603920	-79.836647	-32.502831	32.949402	-2.407058	-25.995153	24.488876	36.105705	-4.809607	-9.983593	0.029236	0.455934	-0.000000	
0.000000	-1.065289	-3.518033	1.477509	-5.786940	-13.493595	6.274176	0.527383	-35.149982	22.699759	83.491180	-58.638760	-94.140335	139.024918	153.860138	-51.380959	207.634888	267.699646	-237.539459	-281.548401	82.736557	-35.142822	-265.785248	-127.475243	56.137165	-83.659920	-117.691628	286.485779	385.545868	89.740211	327.497101	428.716949	-285.313446	-563.141235	-199.412567	-84.365189	-279.091400	-131.679321	157.271759	-13.823940	-184.632294	223.203506	444.730042	-86.441833	-296.287567	1.802635	103.160011	-55.082741	10.084282	155.294708	36.821522	-86.359245	25.088470	45.531349	-57.458389	-55.963516	-19.182127	-11.086649	-8.425787	8.859686	15.824468	3.932677	-0.323346	0.000000	
0.000000	1.183147	-3.852539	-9.486946	4.603451	-2.853092	-29.160763	-17.947762	9.774737	-17.527262	-29.050203	81.951859	126.148949	33.231262	136.073822	198.462799	-146.304199	-318.360077	-123.807251	-57.346394	-207.198608	-106.577431	138.597549	-13.254681	-192.561905	253.277252	549.476135	-116.434998	-435.883728	2.903449	182.477859	-107.418976	21.783949	373.757141	99.435638	-263.937653	87.703789	184.462006	-274.256317	-321.403320	-136.242325	-101.049103	-103.784172	159.232849	469.629852	242.480576	-73.160378	62.905468	72.314232	-174.671280	-147.830582	5.917850	-14.149182	-48.461685	-0.422103	0.480063	-21.672977	-1.588131	30.181616	15.021694	-6.521058	-3.852727	-0.002660	0.000000	
-0.000000	-1.407050	-2.007971	-1.932322	-11.528502	-8.652555	15.206301	-1.866181	-33.529343	53.063126	135.628952	-33.307289	-142.619278	1.075162	75.818871	-49.726681	11.170462	211.295746	61.735592	-179.408981	65.111656	149.298218	-241.691574	-308.168182	-142.093689	-114.664139	-128.228180	214.482697	690.896423	390.556061	-129.412064	122.674377	156.212372	-420.391876	-399.212982	18.086582	-49.462437	-196.333725	-2.014752	2.757044	-153.933762	-14.474993	371.760406	269.981018	-193.528366	-237.551056	-0.601820	137.287399	33.027630	128.375259	211.165375	-45.982964	-144.508255	-64.606003	-29.442440	-33.712849	-25.576611	6.463617	8.373399	3.039002	11.750402	6.695578	0.090622	-0.000000	
0.000000	0.933860	1.001260	-6.045296	3.622803	12.120868	-26.517311	-43.388256	-24.741693	-24.022837	-31.650972	61.354725	226.058319	144.624908	-53.770229	56.788750	80.103218	-237.659729	-247.855286	12.294174	-36.721115	-158.906845	-1.775523	2.643511	-160.544922	-16.425308	459.320129	363.657745	-284.709442	-382.616211	-1.064548	267.729462	71.345901	308.968445	570.247070	-140.536621	-505.169159	-261.739502	-140.532578	-193.615814	-181.659561	58.912540	103.138885	54.619202	348.721954	412.835266	20.504259	-228.168182	-126.763252	-25.597063	-70.592377	-95.383537	-23.670168	31.408848	-4.133049	13.395680	40.459797	5.066707	-18.918236	-6.296805	2.667909	0.519514	0.277861	0.000000	
0.000000	-1.050380	-4.019847	0.414260	-2.043158	-12.900950	-0.194802	0.372191	-27.954468	-3.441202	113.375465	104.027603	-93.155701	-141.684753	-0.442316	123.938034	36.585041	174.668839	354.043488	-95.528358	-375.039673	-211.844376	-123.845955	-185.642853	-189.461502	66.850235	127.430908	73.570709	513.022644	664.941162	36.269611	-444.959564	-273.832489	-61.605991	-190.633041	-291.518372	-82.745712	127.247253	-19.727575	76.932556	287.368378	46.180424	-233.024323	-113.170853	79.176735	32.032135	62.869049	233.580215	182.455414	-46.017811	-150.285583	-116.915863	-65.903061	-50.258705	-15.732317	3.862990	-13.486445	-7.351472	20.175146	32.512081	23.252544	7.943568	0.615712	-0.000000	
0.000000	0.771980	5.742063	-3.218887	-20.867155	-17.198717	-13.587822	-26.137417	-32.989491	14.005530	31.454182	21.045568	167.858795	246.231140	15.069888	-205.981873	-140.416946	-34.827656	-118.356392	-198.156708	-61.430756	102.990250	-17.385153	73.764526	299.710327	52.402630	-287.907928	-152.438324	116.480927	51.593182	111.207916	455.513794	394.138092	-110.753838	-405.842621	-357.327087	-230.382645	-203.614029	-75.092384	22.185488	-95.788376	-67.004883	248.506256	584.331238	690.076233	489.783691	139.311310	-224.498444	-349.878693	-240.854767	-157.079071	-96.394348	-45.890617	-27.004709	-13.804048	1.005557	9.634912	11.136167	-2.533967	-3.884853	5.910069	2.127578	-0.711856	-0.000000	
-0.000000	-0.153927	-1.919566	-6.677011	-3.417999	8.361327	-1.907421	10.385610	52.186279	10.978670	-71.065239	-43.606369	38.112057	19.105221	46.206474	210.867661	202.107727	-62.612354	-251.971375	-242.889526	-171.037033	-164.799301	-66.176033	21.271906	-99.902306	-76.032913	307.036255	787.079712	1015.206299	788.879639	246.425247	-437.803070	-755.803833	-579.679688	-424.188293	-294.607697	-160.423523	-109.404678	-65.888504	5.775003	68.432594	101.500435	-31.211996	-69.821465	175.395782	131.181976	-161.065002	-134.062515	72.584152	150.629211	-2.435814	-61.349979	67.045288	136.691086	149.611435	55.757252	-55.388817	-56.986271	-28.648441	-14.357677	-5.772886	-1.229378	-0.008853	0.000000	
0.000000	-0.276727	-4.086604	-8.184311	-9.516477	-13.379333	-7.260537	2.994959	-17.395229	-15.929358	75.786751	225.151291	332.171112	292.126190	102.388771	-202.668961	-387.564178	-327.709717	-263.361450	-200.256638	-119.099083	-88.548988	-58.065006	5.537192	71.371651	115.176285	-38.563271	-94.047775	258.033661	211.290787	-284.904968	-261.440491	156.795441	362.528381	-6.577858	-187.502441	234.375626	553.779175	714.114746	320.218719	-393.402740	-519.400574	-352.875610	-258.046844	-171.324539	-75.800880	-2.002987	55.434837	61.764011	-54.252644	27.374699	390.555573	283.223450	-99.029686	-146.027451	-29.108599	36.528774	-12.136495	-30.533091	-13.638995	-5.104825	1.464767	1.279390	0.000000	
-0.000000	-1.448372	-4.271334	-6.747770	-6.626657	-7.188904	-6.370632	0.779604	12.427403	24.130133	-9.518697	-26.903219	84.427505	78.242065	-118.376945	-121.026733	80.402206	204.947815	-4.083928	-127.452919	174.001434	448.212830	629.321899	307.032349	-410.298676	-589.382935	-435.987457	-347.582672	-252.044250	-122.090164	-3.543047	108.105614	133.421906	-130.573105	73.924721	1193.645508	990.087036	-401.200806	-697.007935	-167.173218	259.448059	-110.617905	-376.089691	-245.130142	-151.498169	90.314461	289.475647	140.512024	-41.161926	71.859726	221.335693	34.642212	-141.960388	-84.049728	-63.112263	-45.799767	41.399273	56.686676	3.295473	-9.742414	-1.395121	-0.330753	-0.891979	-0.000000	
0.000000	0.905804	-0.066235	-4.294604	9.681415	36.388435	69.046364	43.228340	-71.442184	-123.479317	-107.616188	-99.429176	-82.467789	-45.210617	-1.472123	50.044540	68.416626	-73.816765	45.896889	811.368591	735.044739	-324.720337	-614.246277	-160.289139	270.590851	-125.522217	-464.669067	-330.184204	-222.876678	145.466751	512.048157	274.017914	-88.917511	172.949112	597.711792	105.876144	-496.262390	-340.512238	-301.242981	-263.032043	294.041077	516.669861	40.591812	-175.097885	-41.403637	-20.393553	-201.819733	-180.493530	140.745041	596.549072	632.742371	-16.919647	-296.000824	-69.301178	-17.190790	-85.975517	-50.597794	2.383916	41.179550	15.722773	7.028727	2.729456	-0.814424	-0.000000	
0.000000	-0.326246	0.744380	27.339561	40.897785	-26.362621	-67.392342	-22.567764	47.115929	-26.297668	-114.695755	-94.452194	-72.924286	53.867085	212.754105	126.849098	-45.595486	97.773155	371.095215	71.968254	-368.427246	-275.600769	-265.473877	-252.200577	306.669586	586.284363	50.152294	-235.852509	-60.910999	-32.847271	-356.995239	-351.987396	304.035797	1435.750610	1708.705811	-51.711102	-1034.753906	-280.761139	-82.053871	-493.764832	-359.374176	21.728170	507.226868	282.581329	208.594666	168.292542	-184.272186	-138.908493	-239.780563	-252.793289	-152.840286	-109.327972	-86.605820	-30.390287	38.075901	24.709631	-19.495087	-19.499189	-6.219620	11.159756	34.186420	17.236687	-0.536510	-0.000000	
-0.000000	0.432126	6.018617	2.425014	-20.499241	-22.374819	-29.126600	-35.508350	53.398045	122.830147	12.379251	-67.467751	-19.929815	-12.163514	-148.330185	-162.942947	155.904709	811.671448	1060.866699	-35.150105	-768.205566	-227.239960	-72.310921	-473.431976	-374.808624	24.655756	626.692627	380.630035	306.874268	271.063660	-325.955719	-270.890808	-517.971191	-608.412842	-412.741577	-334.136414	-302.754944	-123.120743	181.741211	141.909561	-138.465149	-177.725067	-76.609833	200.571411	1014.565735	1062.777954	-121.391106	-176.992050	-93.779312	-214.185318	219.970810	399.664612	163.670502	-176.398621	-200.769379	-94.372162	-55.986355	-38.900593	-29.741856	-13.854998	3.434072	9.233685	2.838592	-0.000000	
0.000000	3.587328	17.205692	-1.184404	-42.742851	-18.448616	-7.933629	-66.656425	-65.262573	5.165531	154.688568	108.882683	100.407928	100.376266	-135.433380	-125.401505	-265.607391	-343.953430	-256.254639	-227.125885	-224.766525	-99.650368	160.161545	136.065826	-144.411957	-201.671188	-94.653542	270.164703	1492.579346	1711.783936	-214.726517	-345.159027	-202.580978	-515.492737	594.025940	1221.485229	572.156189	-714.647034	-958.298218	-541.987488	-397.646790	-354.558868	-366.343689	-249.012299	101.914497	569.329590	642.261658	-74.750908	-430.681702	-134.335022	293.702057	254.530090	-77.483780	-155.886047	-103.304375	62.303535	88.307968	-30.103779	-28.999422	-13.851911	-0.500666	5.797966	1.536419	0.000000	
-0.000000	-1.520164	-4.156072	-7.653146	-12.505978	-8.090177	17.572205	19.157265	-25.145357	-42.251343	-23.363638	77.283073	488.365540	633.882385	-89.218071	-159.781937	-103.880302	-291.422974	368.806824	830.292358	424.771088	-578.414673	-844.511353	-519.668823	-414.724976	-402.331024	-452.627625	-335.413391	149.931610	917.001831	1136.084961	-145.774628	-930.353638	-323.312195	793.135437	777.914124	-270.866302	-631.544006	-493.085144	357.814606	627.213196	-274.380463	-357.198792	-248.956818	-14.858500	357.490387	347.631287	302.853638	90.385376	-127.727730	-213.149872	-177.041763	-145.258331	-42.658161	42.471401	-29.221424	-58.046230	-28.197157	79.880005	63.660969	-6.688386	-6.904865	-1.137553	0.000000	
-0.000000	-1.287996	5.981503	27.977209	23.634205	-46.958954	-92.655991	-73.166306	-72.212914	-84.290802	-111.723534	-95.948044	49.056976	339.570496	472.039062	-67.482384	-477.070526	-182.777756	492.425903	528.779358	-201.092255	-511.153473	-434.536987	343.080048	654.150818	-311.349609	-441.328857	-335.338654	-21.859095	575.798828	614.918640	590.606567	195.249435	-307.410004	-575.606201	-541.088379	-507.791229	-172.821793	202.721481	-167.821182	-412.277191	-257.002563	983.917603	1144.162109	-198.494232	-425.739502	-257.383636	324.755829	869.648865	338.915314	-69.965317	-233.709488	-288.681641	-145.433929	-106.101273	-49.307213	-16.298744	-46.438053	-16.280397	67.676361	42.158657	-2.645005	-3.016667	-0.000000	
-0.000000	-0.807819	7.986421	17.817543	-11.188745	-41.498310	-47.675446	48.303646	113.902313	-65.229637	-108.934624	-95.926666	-7.152202	213.221268	255.496399	273.405182	100.120804	-173.787796	-357.370728	-367.799438	-376.986298	-139.876968	178.650650	-160.910416	-429.983734	-291.630310	1215.657104	1541.157959	-292.014984	-685.725586	-455.281219	633.318909	1878.605469	815.687866	-188.939682	-714.280640	-1009.167664	-589.199219	-506.435089	-283.175598	-115.762909	-423.258972	-200.532898	1216.329834	1251.161377	-163.085480	-682.553101	-298.814392	417.568146	97.371025	-353.997101	-167.375763	-104.245926	-54.018353	0.482651	27.896925	85.266327	10.034311	-39.787903	-15.054765	-6.825608	-3.996436	-0.715793	0.000000	
0.000000	-0.768086	-5.796026	-12.393228	-20.975466	-11.355998	19.600746	-22.655237	-74.869797	-61.098324	300.064545	440.862244	-95.546043	-253.927719	-189.167648	293.177673	963.318970	461.132019	-117.305054	-485.525116	-749.210205	-476.880798	-446.301788	-271.514618	-120.734711	-480.287567	-247.763870	1638.366089	1840.647339	-262.676788	-1207.355713	-582.729431	902.025818	234.348709	-955.960754	-511.546448	-364.420868	-218.845566	2.303756	160.214462	605.609741	91.457588	-490.085327	-270.575409	-202.566620	-246.411865	-161.955795	11.621012	436.632507	505.760040	39.809372	-109.405418	463.563965	687.795654	-39.317757	-263.279999	-141.643280	-25.012203	108.524666	-31.254770	77.013290	203.696487	36.506634	-0.000000	
0.000000	2.038056	-1.902515	-16.360065	-41.685951	-38.715862	-48.966225	-38.227657	-21.022617	-100.623169	-61.156353	468.669495	602.251831	-97.270569	-501.651794	-269.758667	462.544495	132.484116	-593.517578	-347.718597	-270.547546	-177.127274	2.030211	153.616943	631.619568	103.780296	-605.513794	-364.458344	-298.006073	-396.888062	-286.480682	22.662582	943.208496	1217.243164	107.504257	-334.373108	1620.517822	2786.479248	-187.668747	-1512.039917	-1006.030823	-227.973373	1336.746582	-561.733887	2285.557861	12559.497070	8260.016602	-1779.439575	-5805.532715	-4023.475342	28491.490234	20154.333984	19345.398438	49787.050781	5582.937988	-17290.402344	1242.248047	954.672424	-3716.175049	-1382.083740	-355.745087	-113.814491	234.678696	0.000000	
0.000000	0.585537	-9.625979	-11.716591	-15.053228	-14.380187	0.222746	21.628357	109.979111	21.742603	-149.460922	-104.256622	-97.506302	-146.969696	-119.031647	10.491024	483.662292	688.142822	66.745071	-227.286774	1203.079102	2255.295898	-165.385254	-1449.775269	-1049.237915	-258.689789	1651.586914	-756.641602	3362.400879	20229.199219	14610.993164	-3470.153809	-12541.043945	-9683.540039	76940.585938	61597.199219	67627.265625	201703.203125	26648.085938	-99300.281250	8823.148438	8701.347656	-45773.781250	-24839.833984	-10557.606445	-7017.562012	53098.562500	44413.148438	-38308.472656	-24778.857422	8024.895020	-8346.245117	-15497.299805	-2652.238770	1480.260010	6914.195801	12850.494141	-1083.082153	-5665.951172	323.732056	586.640930	-437.948486	-78.244057	-0.000000	
0.000000	3.041371	1.082507	-7.658567	66.939156	183.097580	-18.145327	-204.119781	-182.695831	-54.197086	407.666504	-216.444214	1100.163086	7490.976562	6070.812988	-1606.412842	-6430.847656	-5474.386230	47769.316406	41870.082031	50206.761719	163252.750000	23483.933594	-95211.164062	9202.086914	9873.740234	-56554.757812	-33458.640625	-15531.833008	-11302.973633	93925.085938	86611.789062	-82753.515625	-59636.769531	21671.039062	-25508.425781	-54175.160156	-10745.064453	7065.472656	39708.828125	91271.484375	-9871.736328	-69790.046875	5818.352539	17410.007812	-27002.982422	-17703.554688	-3103.153809	-5753.479980	17831.357422	22228.673828	-13596.963867	-12663.864258	6020.260742	-1915.959595	-8029.896973	-3104.803955	-1230.495483	-474.056091	1831.623535	883.194214	-349.189636	-18.388117	0.000000	
-0.000000	-24.195034	774.747803	1410.838013	2793.497314	13253.775391	2576.551758	-13405.168945	1602.289429	2068.608643	-13959.592773	-9571.147461	-5081.948730	-4185.549316	39025.519531	40094.562500	-42434.687500	-33714.394531	13454.676758	-17339.097656	-40219.863281	-8696.744141	6226.529297	38073.644531	95191.421875	-11201.823242	-86227.500000	7837.176270	25612.748047	-43492.878906	-31315.494141	-6051.580078	-12428.600586	42915.804688	60028.007812	-41556.070312	-44270.089844	24389.994141	-9145.123047	-46116.394531	-22052.076172	-11215.333008	-5839.160156	32919.296875	26210.951172	-21530.298828	-4160.507812	18277.824219	-10795.781250	-16957.992188	-8950.806641	-7781.724121	3274.796143	9149.274414	-2272.947754	-5412.964844	1409.378540	1569.821045	-1192.345215	-681.697510	-328.211700	-173.712173	31.728155	0.000000	
-0.000000	-149.006836	218.214981	-584.251526	-2237.827393	-706.050598	683.146790	5360.544434	16574.958984	-2346.850342	-21283.812500	2241.895508	8380.380859	-16105.637695	-13011.470703	-2801.413574	-6373.188477	24261.548828	37268.976562	-28247.322266	-32866.296875	19740.556641	-8059.245605	-44217.355469	-22999.169922	-12726.451172	-7214.441406	44341.472656	38560.265625	-34678.195312	-7359.446777	35644.289062	-23320.921875	-40813.820312	-24171.439453	-23783.093750	11447.968750	37066.625000	-10849.074219	-31087.126953	10010.204102	14308.110352	-14686.646484	-12251.973633	-9740.486328	-10710.727539	7178.834473	17946.492188	-2513.072998	-9038.819336	7867.645996	3539.783447	-6511.211914	-4408.065430	-3506.041992	-2342.765625	725.696899	1311.359131	-419.620331	-133.570312	360.519745	-35.333477	-38.010227	-0.000000	
-0.000000	107.228271	604.447754	-951.810852	-1828.676270	1602.649292	-884.224182	-6225.542480	-4004.670898	-2666.269043	-1780.763794	12684.281250	12616.752930	-12841.513672	-3057.822754	16500.548828	-11958.597656	-23073.236328	-15007.075195	-16166.320312	8499.019531	30000.656250	-9560.872070	-29806.982422	10440.124023	16235.940430	-18145.753906	-16503.105469	-14329.725586	-17251.443359	12698.509766	34998.148438	-5428.710938	-21754.269531	21246.390625	10818.553711	-22761.767578	-17858.478516	-16734.792969	-13454.707031	5154.310059	11952.363281	-5168.650391	-2400.624756	10699.306641	-2178.588135	-8600.220703	-4915.089355	-5045.164551	-3054.145508	6376.406250	7541.197754	-2363.855225	-1701.392456	3950.771973	354.877502	-2420.009766	-1225.056641	-839.019836	146.626617	913.348267	227.275024	-34.312588	-0.000000	
-0.000000	-101.976311	-243.392609	-544.734070	472.884247	2435.621826	-1048.975830	-4196.646973	1817.859375	3401.528564	-4478.974609	-4720.862793	-4688.624512	-6388.297852	5276.183594	16201.436523	-2783.756592	-12298.320312	13191.029297	7353.804199	-16898.429688	-14454.136719	-14747.729492	-12900.651367	5375.678223	13562.788086	-6386.008789	-3233.582031	15740.294922	-3508.985352	-15212.773438	-9585.105469	-10898.505859	-7350.595703	17219.333984	23047.978516	-8263.518555	-6892.882812	18857.546875	2038.092407	-17188.279297	-11165.760742	-10334.581055	2635.282227	27105.845703	14013.300781	-7763.590332	-5146.367676	-1468.803101	-3991.355469	-4967.858398	-2196.401123	-1094.929321	1677.519775	6037.613770	1436.781860	-1669.973877	-302.159027	-307.477051	-535.511047	-160.262146	32.993217	79.029228	0.000000	
-0.000000	-54.354637	213.939026	247.790939	-940.226318	-1173.468018	-1618.054565	-1816.335449	936.026001	2841.486572	-1576.279053	-924.995483	5150.156738	-1299.395264	-6320.850586	-4437.162598	-5588.580566	-4155.504883	10690.791992	15666.633789	-6134.870605	-5578.900391	16618.431641	1954.165161	-17926.484375	-12670.201172	-12768.657227	3549.659912	39876.792969	22570.794922	-13732.874023	-10036.129883	-3172.891357	-9606.235352	-13415.583984	-6712.806641	-3827.632568	6796.166992	28818.312500	8251.563477	-11861.099609	-2754.024170	-3787.332031	-9624.601562	-4756.171875	2034.292480	17881.207031	39813.042969	13862.208008	-14351.126953	-4326.707520	3319.559326	-7511.327637	-4396.856934	2509.521729	7089.287109	15921.823242	4319.080566	-3547.276855	9.562864	-360.728699	-658.615234	414.713287	0.000000	
-0.000000	-18.366001	173.388855	527.896790	-341.343323	-452.926483	1823.299561	275.134918	-3121.402344	-2654.484375	-3151.728760	1015.412415	13047.514648	8358.082031	-5705.957520	-4645.952148	-1627.008179	-5430.683594	-8329.196289	-4562.963379	-2841.650146	5500.621094	25396.472656	7911.769531	-12370.511719	-3125.092773	-4679.352051	-12964.099609	-6997.046875	3276.572754	31629.744141	77640.945312	29944.978516	-34539.722656	-11684.169922	10145.488281	-26257.953125	-17813.066406	11978.272461	40714.390625	113085.796875	39366.195312	-43693.386719	171.870895	-10705.507812	-40608.832031	93833.320312	79356.531250	68265.632812	229533.125000	27302.091797	-50683.511719	38154.031250	-13997.241211	112457.351562	229797.609375	114066.140625	225649.718750	64794.035156	-50782.820312	-10075.205078	-8926.819336	3588.069580	0.000000	
-0.000000	-24.001883	-135.087265	-153.751846	-158.109009	446.571350	2786.386719	1113.930420	-2153.983154	-654.725952	-1155.019531	-3708.498291	-2289.403564	1213.331787	13142.040039	35941.753906	15355.308594	-19526.306641	-7254.231445	6896.294434	-19494.013672	-14417.381836	10555.991211	39037.804688	117942.625000	44670.273438	-53984.375000	231.505829	-15749.417969	-65407.402344	165980.046875	154756.234375	147466.625000	552431.187500	73728.648438	-154902.781250	133378.125000	-56707.285156	536773.500000	1319747.625000	810162.312500	2056681.000000	798096.937500	-912706.500000	-299006.406250	-550408.875000	811839.125000	2390907.250000	1601660.625000	3265049.000000	1210912.250000	-941571.125000	-536456.625000	-499753.000000	1322644.375000	1506079.375000	1227998.125000	1349071.625000	-12785.875000	-175076.734375	-79539.851562	70969.882812	63423.089844	0.000000	
0.000000	-86.300018	-117.652924	232.374863	-1084.644165	-1170.484009	1158.155884	5496.291992	20536.453125	9358.694336	-13325.136719	66.224342	-5153.141602	-24220.697266	68964.093750	71640.171875	75618.539062	312305.375000	45775.152344	-105293.617188	99020.468750	-45897.238281	473037.843750	1265401.375000	844957.250000	2333791.750000	986070.562500	-1229393.000000	-439883.562500	-886526.812500	1436047.500000	4662600.000000	3459888.750000	7858190.000000	3270039.750000	-2877700.750000	-1875334.750000	-2024658.625000	6313153.000000	8649544.000000	8721938.000000	12296094.000000	-157489.312500	-3146609.000000	-2360540.000000	4375854.000000	14350153.000000	11127858.000000	13502437.000000	3896103.750000	-3081386.000000	-2348164.250000	875739.437500	7394499.500000	4751568.500000	4341169.500000	1233359.000000	-1441675.875000	-705866.500000	-21327.474609	667138.562500	242336.484375	68488.914062	0.000000	
0.000000	1380.289795	742.405396	-3547.932861	5509.484863	-3726.195557	51899.585938	178161.031250	147125.984375	488943.593750	243394.968750	-351679.031250	-143928.000000	-328285.437500	596672.375000	2158423.250000	1774175.875000	4442463.000000	2030236.250000	-1956088.375000	-1392256.250000	-1638700.125000	5563539.000000	8293362.500000	9096529.000000	13952831.000000	-194582.343750	-4238404.500000	-3472710.750000	7048054.500000	25383724.000000	21700866.000000	29167808.000000	9376987.000000	-8321209.500000	-7176637.000000	3061392.750000	29957472.000000	22679852.000000	24931712.000000	8760014.000000	-13140133.000000	-8694472.000000	-383313.187500	19798970.000000	14941958.000000	15496350.000000	4496908.500000	-9473977.000000	-4745826.500000	-699768.000000	8588957.000000	5645000.000000	6007148.500000	738763.625000	-3607211.500000	-1615455.500000	-139312.875000	1527930.250000	634322.437500	524858.750000	-76830.406250	-61399.734375	-0.000000	
0.000000	19634.263672	32927.433594	-65911.593750	-77464.937500	-133038.890625	610406.500000	1167656.375000	1583909.500000	2923203.000000	-48029.386719	-1212434.000000	-1136256.000000	2609930.750000	10546842.000000	10045823.000000	14956787.000000	5301083.000000	-5166304.500000	-4878247.500000	2272790.750000	24246712.000000	19986882.000000	23905042.000000	9136240.000000	-14910594.000000	-10742257.000000	-516313.343750	29127274.000000	24066556.000000	27411212.000000	8769595.000000	-20465576.000000	-11422066.000000	-1889706.750000	26250220.000000	19733682.000000	24336872.000000	3526214.250000	-20716528.000000	-11473879.000000	-1269765.125000	18820198.000000	11400513.000000	15576468.000000	-4737201.500000	-13892347.000000	-7833774.500000	-172875.375000	7455925.000000	3699809.000000	5028723.000000	-5084857.000000	-4853692.500000	-2664661.750000	1825591.375000	1460715.000000	1115048.875000	520594.218750	-924405.500000	-392318.625000	-66639.242188	45672.480469	0.000000	
0.000000	23429.087891	-83789.828125	-164375.531250	126457.757812	1968484.375000	2192870.750000	3365688.750000	1590824.125000	-3123860.250000	-2651546.000000	-147696.125000	9530318.000000	8911969.000000	11389256.000000	4059644.250000	-10494421.000000	-6457225.500000	-1173243.000000	17843326.000000	14650366.000000	19697560.000000	3107517.250000	-19863436.000000	-11966661.000000	-1440849.250000	23252868.000000	15356208.000000	22915336.000000	-7630065.500000	-24573920.000000	-15276946.000000	-373443.375000	17944624.000000	9991246.000000	15369163.000000	-17775544.000000	-19663854.000000	-12718775.000000	10484530.000000	10374825.000000	10163096.000000	6412390.500000	-16614102.000000	-11643016.000000	-4108835.500000	10333887.000000	2341056.500000	5905829.500000	-3592881.000000	-7705008.000000	-5244030.500000	1822710.250000	2771532.500000	1137862.750000	1532985.500000	-2061153.500000	-1629203.125000	-550879.437500	597661.437500	68821.015625	141442.718750	-10213.737305	-0.000000	
-0.000000	-28538.867188	-19028.269531	601241.750000	815144.312500	1599158.625000	340942.812500	-2796654.500000	-2083663.750000	-301866.687500	5739580.000000	4392783.000000	7497799.000000	-2825452.500000	-10210372.000000	-7072044.500000	-191495.812500	10144616.000000	6203163.000000	10447035.000000	-13196638.000000	-15915356.000000	-11208568.000000	10052785.000000	10820405.000000	11532440.000000	7922684.000000	-22378782.000000	-17128634.000000	-6617976.000000	18279426.000000	4565384.500000	12757704.000000	-8647203.000000	-20807192.000000	-16027203.000000	6371795.000000	11228362.000000	5431166.000000	8804069.000000	-14639479.000000	-14849348.000000	-6785427.000000	10741614.000000	2042432.250000	8721061.000000	-2310967.250000	-11454126.000000	-9460179.000000	2427432.000000	1694686.875000	412233.625000	1864395.125000	-4645890.500000	-5037145.500000	-706005.500000	1266442.875000	-417442.750000	524926.562500	-435043.187500	-613584.000000	-163255.828125	18242.048828	-0.000000	
-0.000000	44835.953125	100606.148438	352019.250000	-734259.062500	-1292098.000000	-1229753.625000	1415372.625000	1884074.875000	2416116.500000	1955581.500000	-6401654.000000	-5604415.000000	-2450670.500000	7595033.000000	2113420.000000	6541948.000000	-4888514.500000	-12918348.000000	-10894331.000000	4730447.000000	9087911.000000	4786278.000000	8441523.000000	-15268218.000000	-16850102.000000	-8383580.500000	14468688.000000	3004726.250000	14046747.000000	-4087828.250000	-22337132.000000	-20435768.000000	5842246.500000	4576461.500000	1259899.625000	6517516.000000	-18821982.000000	-24042948.000000	-4054651.000000	8994995.000000	-3804775.750000	6465754.000000	-7818919.000000	-18209608.000000	-10066012.000000	4127458.500000	-1175752.250000	3443755.250000	43190.597656	-9280579.000000	-7146465.000000	1116424.625000	891226.937500	958432.937500	1115252.625000	-2237379.250000	-2154529.250000	-391049.187500	90459.671875	111673.250000	135494.968750	-31764.673828	-0.000000	
0.000000	-21605.667969	-209516.546875	-367091.156250	263201.406250	737807.687500	525128.937500	1188516.625000	-2658538.750000	-3530199.250000	-2069346.125000	4138899.500000	983133.437500	5201582.500000	-1698477.375000	-10340365.000000	-10479137.000000	3302791.500000	2841341.000000	856404.187500	4838631.000000	-15233968.000000	-21188126.000000	-3887683.250000	9381313.000000	-4317419.500000	7988615.500000	-10531890.000000	-26789082.000000	-16213018.000000	7300986.500000	-2292879.750000	7439160.500000	103949.414062	-25061984.000000	-21841568.000000	3902775.500000	3610644.250000	4574724.500000	6404993.000000	-15891134.000000	-19637426.000000	-4816727.000000	1625808.250000	3314177.250000	8354335.000000	-7187097.000000	-12271569.000000	-2627196.250000	1535799.500000	882788.812500	4462007.000000	-2464073.000000	-5623071.500000	-941077.562500	751141.062500	178500.187500	1134880.875000	-387000.437500	-858625.687500	-77677.898438	60257.214844	5249.104980	0.000000	
-0.000000	14597.280273	46082.355469	28857.062500	269220.750000	-1236779.125000	-2324666.000000	-547362.812500	1633496.750000	-904525.687500	1971855.625000	-3012742.750000	-8765272.000000	-6003764.000000	3033532.500000	-1061426.000000	3814683.000000	58765.617188	-15559978.000000	-14846587.000000	2897436.500000	2922351.250000	4031528.750000	6141240.000000	-16573629.000000	-22283310.000000	-5951197.500000	2189923.500000	4875655.000000	13456072.000000	-12713126.000000	-23931260.000000	-5675239.000000	3696301.000000	2383950.250000	13637123.000000	-8613859.000000	-22780854.000000	-4491885.000000	4313868.500000	1267809.375000	10343855.000000	-4766856.500000	-15431858.000000	-2305282.000000	3715333.250000	1187666.125000	6313625.500000	-2810925.750000	-8985720.000000	-931541.125000	1808771.625000	599762.187500	2966192.250000	-1163531.125000	-2955593.250000	-25072.984375	371293.687500	148781.718750	504106.281250	-181934.078125	-172843.875000	12787.933594	0.000000	
0.000000	259.725220	-252359.875000	-500264.843750	161212.968750	237252.890625	442321.218750	864650.250000	-2885840.000000	-4668489.500000	-1468953.250000	626447.500000	1595293.250000	4982852.500000	-5282256.000000	-11078323.000000	-2910172.250000	2089626.125000	1480098.750000	9269698.000000	-6394964.500000	-18438164.000000	-3958525.750000	4136226.250000	1322259.500000	11737554.000000	-5889581.500000	-20786330.000000	-3391417.750000	5984173.500000	2100841.000000	12312444.000000	-6072129.000000	-21626472.000000	-2515604.500000	5528104.500000	2096636.875000	12016990.000000	-5553684.500000	-16974228.000000	-178082.531250	3384151.000000	1832610.625000	9060172.000000	-5399339.500000	-10657190.000000	2893406.750000	2802169.250000	2574742.500000	5036867.000000	-4479277.500000	-4880015.500000	1131389.250000	439328.406250	1543568.750000	1459234.250000	-1810798.625000	-859739.687500	446737.343750	90457.750000	244620.734375	35858.089844	-43020.230469	-0.000000	
-0.000000	9235.478516	24005.017578	312348.156250	-355814.937500	-1496913.875000	-434311.625000	582356.250000	230234.984375	2459089.000000	-1453744.375000	-5946118.500000	-1109657.250000	2215970.250000	872891.562500	5699710.000000	-3113691.000000	-12226072.000000	-1561837.750000	3757674.000000	1556551.875000	9726204.000000	-4894248.500000	-16275242.000000	-185730.843750	3840120.750000	2264240.500000	12203827.000000	-7943243.500000	-17165212.000000	5118094.500000	5464618.500000	5561929.000000	12122530.000000	-12096182.000000	-14914672.000000	3955088.500000	1779859.375000	7367653.500000	8380509.000000	-12861317.000000	-7836085.000000	5502663.000000	1625773.750000	7259719.500000	2210934.500000	-9733787.000000	-943517.437500	2715041.750000	336630.437500	4790160.000000	-1473985.500000	-4491567.500000	756953.250000	275044.875000	425322.625000	1195471.125000	-1067086.375000	-573909.062500	335970.312500	7265.015137	78251.859375	13465.379883	-0.000000	
-0.000000	-54035.324219	-25330.703125	126617.125000	86606.328125	789627.875000	-536974.937500	-2291457.750000	-32339.900391	804528.687500	558889.750000	3491015.500000	-2598995.000000	-6356366.000000	2126549.000000	2529695.750000	2852068.500000	6853218.000000	-7510033.000000	-10138099.000000	2936274.000000	1440566.750000	6492830.000000	8035405.500000	-13413687.000000	-8891894.000000	6798690.500000	2189876.750000	10680143.000000	3561084.500000	-17217918.000000	-1839989.750000	5865002.000000	810188.750000	12935714.000000	-4504906.000000	-15701535.000000	3066658.750000	1312824.750000	2442664.750000	8490912.000000	-9725943.000000	-7069093.500000	6038308.000000	215607.125000	4824845.000000	3046686.250000	-8220668.500000	-517704.093750	3414042.750000	132785.031250	3528009.000000	-1013486.750000	-3374544.250000	987335.625000	378312.093750	347574.187500	785219.937500	-780597.312500	-306274.968750	171974.656250	-8615.224609	19162.517578	0.000000	
0.000000	30289.029297	-121801.648438	-341609.468750	163373.875000	116953.304688	712364.062500	1131337.625000	-2335623.250000	-1862906.000000	1678142.625000	626434.187500	3494496.750000	1318687.875000	-7153981.000000	-851773.000000	3007479.500000	458023.218750	8031264.500000	-3062165.000000	-11656884.000000	2482065.000000	1156942.000000	2342077.500000	8855581.000000	-11036387.000000	-8734058.000000	8133451.000000	317190.625000	7771230.500000	5389228.000000	-16031442.000000	-1118338.375000	8216782.000000	358582.843750	10782568.000000	-3542927.250000	-13671354.000000	4712680.500000	2172679.250000	2468668.500000	7156875.500000	-9614965.000000	-5504601.000000	5103769.000000	-531196.625000	4335724.500000	1089730.625000	-6897161.500000	1054596.000000	1924130.500000	185874.656250	3020032.000000	-2030999.000000	-2144741.250000	1209937.375000	-88224.609375	408736.000000	344685.250000	-602101.187500	-52221.988281	57349.187500	-4589.457031	0.000000	
0.000000	2024.315918	130255.257812	-103181.523438	-648587.375000	201507.984375	126934.468750	329750.687500	1541955.125000	-2312190.250000	-2155855.750000	2326647.500000	103783.406250	2877726.750000	2239204.000000	-7421318.500000	-573466.125000	4645185.000000	222629.656250	7329343.000000	-2630283.750000	-11065198.000000	4153104.500000	2083209.750000	2574693.250000	8121170.500000	-11879551.000000	-7414561.000000	7508415.000000	-855582.187500	7669384.000000	2125125.750000	-14899168.000000	2538159.500000	5196068.500000	568084.187500	10557369.000000	-8228224.000000	-10237128.000000	6948775.500000	-626621.125000	3725418.500000	4245641.500000	-10821409.000000	-1549815.375000	3536030.250000	-1038413.750000	4687598.000000	-2033487.500000	-5420809.500000	2117739.500000	116518.500000	331882.062500	1512584.875000	-2313370.250000	-543842.687500	788656.312500	-254796.062500	426923.437500	-55121.906250	-288509.906250	47998.972656	4167.074707	-0.000000	
-0.000000	20530.230469	3610.724365	246966.703125	-146348.625000	-898335.000000	455659.937500	293303.625000	448311.781250	1701434.750000	-2932267.750000	-2121002.500000	2456721.000000	-316826.500000	3186600.500000	983768.937500	-7640056.000000	1434895.250000	3226030.250000	386149.562500	7837834.500000	-6659686.500000	-9021588.000000	6662630.000000	-653533.312500	4227369.500000	5245606.000000	-14576170.000000	-2280012.500000	5695376.000000	-1836831.125000	9141466.000000	-4392716.000000	-13046588.000000	5718905.000000	356112.656250	1160186.875000	6127963.000000	-11042015.000000	-3123335.750000	5601483.500000	-2322335.000000	5258606.000000	-990691.750000	-8562238.000000	2959515.750000	942845.187500	-374647.500000	3453111.250000	-4068991.000000	-2251052.000000	2023876.375000	-867315.687500	1126892.500000	327159.562500	-1838477.000000	253099.515625	176853.406250	-123319.140625	301141.375000	-145060.687500	-68842.820312	15357.419922	-0.000000	
-0.000000	6341.777344	52321.445312	13011.545898	436096.031250	-540670.750000	-989808.000000	938058.937500	-113794.789062	885659.687500	1294789.875000	-4169645.750000	-746010.250000	2109027.000000	-763196.500000	4231792.000000	-2252514.750000	-7375614.500000	3550638.250000	242064.015625	861327.562500	4959796.000000	-9730904.000000	-2994719.000000	5842057.000000	-2635239.250000	6497151.500000	-1334437.250000	-12596344.000000	4766801.500000	1667781.625000	-730614.562500	7459370.500000	-9793085.000000	-6078912.500000	6185524.000000	-3031945.500000	4565400.500000	1561574.875000	-10558533.000000	1797656.000000	1611927.875000	-1518976.750000	5412336.500000	-4305031.000000	-4244704.000000	3474780.500000	-1299004.375000	1537582.875000	1621358.125000	-3844723.500000	184957.625000	752427.375000	-660530.312500	1432585.875000	-436573.062500	-915915.625000	302776.562500	-199714.671875	6676.920410	125815.054688	-71536.445312	-3055.510010	0.000000	
-0.000000	-32597.853516	57586.109375	8156.495117	47924.144531	402664.125000	-1067631.000000	-421638.750000	1017232.937500	-552098.625000	1603712.750000	-381727.875000	-4121469.500000	1765171.125000	692957.062500	-338218.031250	3825046.500000	-5536315.500000	-3774152.250000	4204548.000000	-2250928.750000	3695103.500000	1376156.000000	-10123740.000000	1874862.000000	1829113.875000	-1876737.250000	7290283.000000	-6333350.500000	-6836815.000000	6146476.000000	-2533238.500000	3321468.750000	3902220.000000	-10382585.000000	565281.437500	2630321.000000	-2676018.750000	6837918.000000	-2507277.000000	-6505351.000000	2759652.500000	-2459974.500000	120002.562500	3733870.000000	-4410787.000000	-691341.812500	1334436.000000	-1667181.125000	2860572.000000	112340.625000	-2138895.250000	370571.062500	-986683.437500	-119430.289062	716332.312500	-641309.312500	-288185.593750	-75682.031250	-124112.632812	99042.984375	-412.809174	-11214.678711	-0.000000	
0.000000	-24468.740234	-61211.179688	141674.828125	-125241.359375	299989.250000	150985.640625	-1425362.750000	326455.468750	383210.500000	-463241.093750	2085451.625000	-2072245.000000	-2531707.750000	2553837.750000	-1172693.500000	1703196.250000	2206038.250000	-6446129.000000	384244.437500	1952761.250000	-2165892.250000	6025994.500000	-2404029.250000	-6784744.000000	3131479.250000	-3039365.750000	161640.468750	5493086.500000	-7104320.000000	-1222902.000000	2602335.000000	-3601425.250000	6884710.500000	303373.187500	-6537053.500000	1295435.125000	-3997369.000000	-570056.187500	4113958.500000	-4554942.000000	-2626663.250000	-932209.312500	-2230644.250000	2939343.000000	-25452.945312	-2537441.000000	-310613.062500	-1429486.250000	381712.812500	624349.937500	-1090963.750000	-435525.187500	-541021.562500	-307176.406250	-7994.491211	-292366.781250	-163290.296875	-78915.750000	-69016.945312	-8826.562500	-4331.229980	-1962.160889	-0.000000	
0.000000	9749.982422	-104546.703125	12947.351562	108651.359375	-175839.296875	661145.000000	-338473.093750	-1181375.875000	656064.000000	-750216.375000	46238.726562	1797314.125000	-2630766.250000	-508111.187500	1204679.875000	-1846753.625000	3892126.750000	188352.218750	-4443497.000000	961736.375000	-3235355.000000	-502368.625000	3944548.750000	-4750568.000000	-2980571.750000	-1151770.125000	-3004622.500000	4324217.500000	-40996.281250	-4488433.000000	-605738.500000	-3087959.500000	918691.187500	1686042.125000	-3334286.000000	-1522500.500000	-2191850.750000	-1466192.625000	-45913.058594	-2076554.375000	-1488307.000000	-972040.437500	-1240423.750000	-261949.859375	-267054.562500	-443959.906250	-269460.875000	-410235.125000	-243955.812500	-136391.609375	-199638.828125	-113086.726562	-40958.054688	-34837.066406	-22997.060547	-6556.276367	-4617.814453	-10936.902344	-12446.759766	-5966.989746	-1009.710510	89.778023	0.000000	
-0.000000	17201.953125	3054.794922	-149726.343750	53510.878906	-262664.281250	-55117.628906	555369.125000	-827180.312500	-624447.937500	-284295.125000	-859499.562500	1414865.250000	-15181.134766	-1864927.125000	-280410.093750	-1583456.500000	519362.781250	1046795.812500	-2266447.750000	-1130310.625000	-1774020.500000	-1292099.250000	-44022.390625	-2165738.500000	-1688836.875000	-1200982.500000	-1670820.000000	-385367.781250	-430136.593750	-785312.562500	-525486.062500	-886185.125000	-587143.125000	-368322.312500	-610151.312500	-395326.375000	-165934.125000	-166281.812500	-132074.109375	-46566.386719	-42089.000000	-134714.703125	-223702.406250	-177085.031250	-62256.628906	20313.238281	6821.858887	-36185.738281	-14000.699219	-2776.493896	61668.535156	131202.015625	60651.980469	-51629.761719	-54525.695312	-26355.564453	-17927.240234	-9965.045898	-5084.550781	-1181.224854	1501.651611	384.161102	0.000000	
-0.000000	2295.416992	16977.482422	-76369.343750	-62890.328125	-144024.953125	-141763.328125	-6198.092285	-377103.593750	-353821.593750	-296442.375000	-477953.250000	-126090.679688	-159281.796875	-326294.437500	-243259.406250	-454421.656250	-331929.031250	-228676.515625	-414744.250000	-293491.937500	-134302.281250	-146537.781250	-126635.398438	-48566.324219	-47759.941406	-166443.687500	-301321.593750	-260518.812500	-100274.851562	35931.714844	13303.569336	-78168.007812	-33696.324219	-7497.855469	188476.031250	458653.437500	245720.500000	-246435.531250	-313145.812500	-187192.140625	-163397.578125	-122743.914062	-91383.312500	-35055.738281	92588.679688	86920.554688	28062.572266	18820.693359	-1470.457764	-47747.292969	-20737.671875	26988.896484	354.840302	-24161.007812	-5621.928223	-3777.917725	-10328.567383	-888.863831	2365.055664	812.090454	589.358337	288.557526	0.000000	
-0.000000	-1467.020020	-3708.795410	-13975.061523	-16329.850586	-10903.414062	-16077.465820	-17829.515625	-8456.485352	-10005.998047	-41083.828125	-86195.773438	-85240.632812	-37132.292969	14929.494141	6158.524414	-40083.312500	-19049.509766	-4655.117188	128114.703125	340506.218750	198879.062500	-217174.156250	-300250.687500	-195231.687500	-185413.250000	-151653.453125	-123091.054688	-51572.285156	149129.765625	153752.187500	54725.906250	40656.242188	-3539.039307	-128940.429688	-63380.042969	94347.257812	1437.571167	-115323.617188	-32287.222656	-26832.910156	-94139.578125	-10948.531250	42506.535156	24100.773438	36338.597656	65289.222656	20641.148438	-25017.273438	-31708.308594	-28544.447266	10600.301758	26064.605469	-2249.243896	5751.704590	20072.507812	2398.536621	-3110.655273	3291.733887	-1844.517944	-2216.584473	-845.982300	-244.142639	-0.000000	
-0.000000	-84.192734	-75.499130	4316.903320	18945.718750	16146.120117	-23827.373047	-42273.523438	-33994.210938	-38845.203125	-37433.109375	-35211.312500	-16874.228516	55223.519531	63883.460938	25333.863281	20847.873047	-2000.721558	-80053.929688	-43081.953125	70043.789062	1163.528564	-101630.273438	-30957.656250	-27985.333984	-106823.648438	-13527.208984	57255.250000	35455.875000	58529.464844	115488.921875	40253.097656	-54042.023438	-76314.296875	-77083.601562	32397.443359	91116.140625	-9112.403320	27453.630859	115278.148438	17035.765625	-28352.021484	40545.753906	-33151.046875	-65782.578125	-52161.492188	-55239.882812	-41879.683594	-20031.894531	-17315.589844	-15446.958984	2312.155273	127.270103	8672.981445	12042.679688	8172.625000	6618.132812	2879.074951	5087.044434	2651.568359	-1849.304565	-1105.485596	-120.396835	-0.000000	
0.000000	-8.842548	-1298.356567	-1451.672729	3897.226807	94.461784	-11150.416992	-4358.655273	-4872.873535	-22380.205078	-3338.964600	16378.383789	11601.009766	21673.761719	47985.214844	18634.072266	-27711.888672	-43142.687500	-47858.109375	22021.837891	67645.000000	-7375.316406	24193.830078	110531.078125	17767.419922	-32172.083984	50095.382812	-44653.632812	-96776.101562	-84014.921875	-97712.828125	-81671.179688	-43272.664062	-41674.472656	-41714.144531	7066.583984	444.908356	35137.011719	57481.269531	46936.097656	47005.726562	26241.287109	62659.390625	47655.953125	-54882.640625	-68161.914062	-27241.070312	-23776.533203	-14233.168945	-14122.718750	-14779.836914	-11223.163086	-13010.855469	-11046.189453	-6460.457520	-3731.734131	-1989.905029	-872.148071	-510.631104	-136.154617	-234.268982	-151.050415	-22.163994	-0.000000	
-0.000000	-190.676849	-776.187866	742.039307	3763.758301	-598.769592	2654.438232	15562.123047	3093.705811	-6740.247559	12365.205078	-12773.578125	-31664.722656	-31111.158203	-40599.312500	-37807.441406	-22189.533203	-23559.789062	-25898.636719	4803.439941	330.301788	28438.880859	50656.035156	45003.300781	49024.535156	29776.955078	77417.382812	64191.386719	-80740.648438	-109786.312500	-48186.234375	-46367.531250	-30746.326172	-33989.996094	-39912.597656	-34301.082031	-45483.093750	-44751.632812	-30836.599609	-21431.673828	-14133.431641	-7949.180664	-6289.670898	-2447.071777	-6952.505859	-9313.451172	-5014.840332	-2231.300537	-3301.859375	-2719.469238	-15.556823	823.360046	233.916840	-701.200806	-746.778625	-668.087402	-431.875793	-255.060211	-161.312454	-73.851608	-46.708622	-5.734872	0.664789	-0.000000	
-0.000000	-104.126717	-420.037628	161.854843	18.377945	2308.828125	5557.751953	6336.198730	8536.269531	6238.453613	19109.181641	18362.529297	-26417.992188	-40654.437500	-20021.201172	-21464.582031	-15766.226562	-19215.531250	-24780.126953	-23315.816406	-33766.835938	-36220.679688	-27175.111328	-20549.132812	-14740.436523	-9020.228516	-7771.060059	-3296.144775	-10228.185547	-15000.891602	-8870.660156	-4351.345215	-7132.638184	-6545.110352	-42.010830	2516.415283	817.721985	-2840.787842	-3564.470947	-3836.884033	-3067.426270	-2324.742676	-1986.957275	-1327.315918	-1386.192749	-353.600189	150.415619	-803.965393	-686.392090	95.489479	-140.410461	-399.775604	-261.540924	-10.647393	16.649490	-95.027489	-32.313717	36.339649	16.686859	-4.087140	-3.683059	-4.544037	-1.571666	-0.000000	
-0.000000	-84.926491	-401.897095	-785.640747	-1878.782104	-2940.598145	-2981.531006	-2893.196289	-2566.640137	-1889.792725	-1918.155762	-942.892151	-3346.618164	-5554.907227	-3685.726074	-2014.336304	-3657.503174	-3700.140625	-26.082836	1710.508057	607.080139	-2299.251465	-3141.231445	-3678.883789	-3199.166748	-2637.971191	-2454.939941	-1787.861572	-2039.298828	-569.533020	266.067444	-1567.843872	-1482.736328	229.820282	-379.175110	-1221.824341	-914.289673	-43.135983	79.470177	-545.751099	-229.510330	331.217194	205.539459	-73.457108	-109.303787	-280.175812	-355.606293	-174.982849	401.504791	357.321869	-177.119370	-91.201706	15.360276	-158.883118	-68.291573	284.812653	114.484604	-89.123886	-30.929972	-17.088936	-4.761585	3.187027	2.054844	0.000000	
-0.000000	-16.353436	-0.423025	57.636616	33.777855	-186.666153	-344.641785	-517.965088	-557.046570	-552.671021	-605.960754	-511.434052	-667.249756	-210.901016	110.550034	-725.790466	-760.323547	129.924072	-235.414581	-830.522949	-678.772461	-34.913017	70.034012	-523.277466	-239.367371	375.844360	253.949615	-98.944893	-160.802368	-451.270599	-629.025513	-341.240814	867.325989	859.988037	-478.306641	-278.737549	53.696156	-643.686096	-325.964539	1635.703857	813.134460	-812.318359	-380.978241	-307.135040	-141.311691	196.505417	464.930511	598.398865	30.208462	-419.212860	-213.914230	-73.833168	-162.329163	-53.555828	357.501617	183.509918	-88.351128	-30.449772	17.884893	-18.403049	-6.738061	5.617663	-0.922734	-0.000000	
-0.000000	0.574223	-3.818077	-27.984978	-37.766804	-2.834435	7.683817	-73.674377	-41.679218	78.741684	62.683201	-28.304087	-52.613842	-167.107834	-261.357758	-157.968109	444.750977	486.176178	-296.961365	-189.469070	39.864246	-520.980957	-287.260010	1568.346680	848.057068	-921.767639	-470.709015	-413.703278	-207.890839	316.505280	822.407166	1166.960693	65.255966	-1008.944824	-577.670288	-225.654510	-567.467163	-216.971725	1706.401489	1053.913330	-627.519714	-277.533997	220.296204	-330.753265	-199.968460	346.373322	-208.778442	-408.779999	-260.935608	-74.367401	-73.991447	-62.079052	52.165005	-24.329380	-97.913300	-40.328857	122.754105	67.046661	-36.867126	-20.352549	-8.982399	-38.176212	51.503971	-0.000000	
0.000000	2.148743	-4.816275	-6.384276	2.218041	-42.296158	-31.516876	220.813950	147.665726	-193.115936	-116.186623	-118.343575	-68.020988	117.203529	341.707092	540.212585	33.462223	-570.385803	-358.652283	-153.386398	-421.289948	-175.610641	1503.786133	1010.513977	-654.470520	-314.928040	272.181976	-445.516418	-294.183807	557.892944	-369.304382	-797.177612	-563.670044	-178.984497	-199.812134	-189.730698	182.357407	-98.566071	-467.352844	-231.612122	871.869141	611.095825	-454.108795	-365.791107	-266.574677	-2353.864990	11653.324219	-21981.974609	7590.281250	246950.125000	262596.656250	130623.960938	41121.941406	43300.792969	20966.708984	-30341.601562	-36275.472656	-25745.667969	-16784.814453	-8756.087891	-3701.163086	-1881.562134	-5.719024	0.000000	
0.000000	-2.520922	-5.816811	-5.168448	-23.440514	-14.257059	164.988647	142.274399	-113.957977	-65.979347	67.183556	-127.444016	-96.255669	206.590637	-153.444595	-369.031586	-289.041046	-101.185127	-124.055321	-128.967545	135.382889	-79.776527	-411.860107	-222.074509	909.314331	693.432983	-561.063843	-492.711517	-392.171600	-3791.298340	20613.353516	-42867.898438	16396.437500	594349.687500	709136.000000	399222.843750	143753.281250	175425.312500	100076.820312	-174254.453125	-257648.937500	-234658.515625	-206746.031250	-157370.921875	-109841.078125	-116013.171875	-1293.990234	366776.125000	401981.031250	55211.468750	-62255.187500	-77525.976562	-82656.484375	-47834.308594	-32432.296875	-10828.000000	-4301.570312	-7555.579590	-9317.706055	-4616.995117	-1476.818481	-140.904144	-50.997177	-0.000000	
-0.000000	-0.447206	-2.011994	-4.345641	7.532685	-6.476707	-45.187439	-31.266777	158.332001	145.278427	-138.489182	-140.944611	-128.316849	-1403.937256	8564.771484	-19844.521484	8407.832031	336003.125000	440274.031250	271367.750000	106723.031250	141984.171875	88193.851562	-167078.781250	-268714.468750	-266275.687500	-255440.375000	-211974.718750	-161592.812500	-186858.875000	-2288.915771	715264.250000	868354.750000	132880.765625	-168118.656250	-236940.734375	-288948.906250	-193792.031250	-154803.546875	-62186.140625	-30552.187500	-68865.218750	-114770.335938	-82980.062500	-43828.203125	-8687.853516	-11538.656250	-19913.187500	-3117.724609	25173.378906	553422.812500	583894.750000	655353.875000	394370.031250	-186073.968750	-265003.968750	1092081.375000	1682427.250000	995713.750000	623612.125000	-10705.645508	-79755.898438	-21992.968750	-0.000000	
0.000000	1485.026245	7140.594727	9143.902344	5938.054199	11527.073242	9676.233398	-23523.705078	-46789.210938	-55786.375000	-63051.167969	-60637.292969	-52872.468750	-69194.804688	-951.035950	331112.062500	445278.500000	75121.351562	-104378.109375	-161058.109375	-214516.875000	-156849.671875	-136422.421875	-59625.363281	-31864.347656	-78143.906250	-141801.875000	-111772.085938	-64477.906250	-13993.260742	-20410.519531	-38833.472656	-6734.872559	60586.285156	1494505.125000	1784543.250000	2290973.500000	1597718.625000	-888155.125000	-1521940.750000	7756580.000000	15334458.000000	12264650.000000	11208020.000000	-317716.250000	-4917581.000000	-4976144.500000	-5120075.500000	-3113900.250000	1711647.000000	3278357.500000	3885663.250000	1465784.375000	-1429452.000000	-1596406.625000	-1280542.500000	-674420.687500	874794.187500	1668632.250000	1101798.125000	379383.156250	-81894.546875	-39968.402344	-0.000000	
0.000000	332.012299	-1692.858887	-5426.951172	-11935.688477	-12733.937500	-14967.654297	-8394.898438	-5548.296875	-16371.624023	-35001.414062	-31973.419922	-21096.892578	-5181.776367	-8480.495117	-17976.894531	-3453.535400	34251.183594	927878.125000	1213025.500000	1700828.125000	1293147.250000	-782697.000000	-1459268.250000	8089711.000000	17400576.000000	15153310.000000	15096925.000000	-467408.593750	-7920597.500000	-8802211.000000	-9984857.000000	-6726611.000000	4119524.000000	8853126.000000	11875657.000000	5124060.500000	-5791165.500000	-7619855.000000	-7354266.500000	-4790117.500000	7973299.000000	20553286.000000	19802334.000000	11259124.000000	-5049445.500000	-9043278.000000	-7828332.500000	-4861385.000000	-974250.687500	7648529.500000	12317596.000000	8541658.000000	1935139.250000	-3755892.250000	-3665360.250000	-2451231.500000	-1238355.375000	-373561.312500	601813.500000	764077.312500	236402.406250	-5068.551270	-0.000000	
-0.000000	151.379257	15048.813477	40873.636719	94633.835938	104984.960938	-85873.992188	-205456.359375	1408599.875000	3645526.500000	3740340.250000	4318612.500000	-152934.062500	-2933038.000000	-3657285.750000	-4622217.000000	-3449299.000000	2328886.500000	5496550.000000	8072359.500000	3804123.500000	-4687202.000000	-6715085.500000	-7051423.500000	-4995844.500000	9047596.000000	25394146.000000	26673252.000000	16563871.000000	-8132988.000000	-15996490.000000	-15266333.000000	-10501508.000000	-2344787.750000	20654672.000000	37645968.000000	29859762.000000	7839866.000000	-17927360.000000	-21050482.000000	-17410034.000000	-11286972.000000	-4601321.000000	10816239.000000	22675866.000000	14576076.000000	-1146814.000000	-12422108.000000	-10771416.000000	-7480893.500000	-5235813.500000	-3055639.000000	1354279.625000	5092920.500000	3387982.250000	-154444.390625	-2177870.000000	-1484260.625000	-713306.062500	-391831.062500	-188008.796875	-20517.423828	34237.378906	0.000000	
-0.000000	10292.931641	89145.929688	272003.093750	211660.906250	-380533.375000	-736749.000000	-992798.750000	-869888.437500	1895526.500000	6268119.000000	7630126.000000	5419627.000000	-3011687.250000	-6646482.000000	-7067132.000000	-5385006.000000	-1325576.500000	12823655.000000	25589472.000000	22168010.000000	6345361.000000	-15798693.000000	-20183638.000000	-18157764.000000	-12807744.000000	-5685057.500000	14569205.000000	33359622.000000	23477240.000000	-2028578.375000	-24224832.000000	-23268286.000000	-18004716.000000	-14139190.000000	-9338875.000000	4734264.500000	20633044.000000	16171277.000000	-886987.562500	-15468466.000000	-13528272.000000	-8786108.000000	-7042278.500000	-5579621.500000	-1265061.250000	7746573.000000	8591443.000000	1982907.375000	-4580179.500000	-4981974.000000	-2772313.000000	-1759492.125000	-1188986.750000	-846928.750000	613843.875000	1566747.500000	918507.312500	-80518.601562	-418078.187500	-186140.328125	-49070.808594	-8578.965820	-0.000000	
-0.000000	-5858.623535	207980.765625	862252.937500	1233425.000000	515152.031250	-1733361.625000	-2841737.000000	-3161673.250000	-2683300.250000	-1403261.000000	4167653.500000	10915124.000000	8693743.000000	-842866.687500	-11214224.000000	-11931607.000000	-10178588.000000	-8778455.000000	-6348007.000000	3514737.500000	16699790.000000	14251125.000000	-850462.000000	-16132808.000000	-15351028.000000	-10855477.000000	-9485774.000000	-8208466.000000	-2037595.500000	13702772.000000	16754505.000000	4283453.500000	-11023393.000000	-13453702.000000	-8472953.000000	-6150798.500000	-4816964.000000	-4042500.500000	3525358.750000	11127928.000000	8371721.500000	-991783.500000	-7514011.000000	-5524170.000000	-3025603.000000	-1941082.750000	-1934394.875000	-171704.406250	3312711.750000	4099176.750000	1940517.500000	-1341394.125000	-1949971.250000	-1051570.875000	-609873.125000	-371933.187500	-226576.046875	98765.625000	380350.156250	235044.984375	34191.027344	-16182.346680	-0.000000	
-0.000000	-44986.101562	-142373.578125	-213899.984375	195559.500000	1355782.750000	1563569.375000	-119740.031250	-2809083.250000	-3216134.000000	-2679492.250000	-2713492.000000	-2685774.500000	-754532.062500	5693450.500000	7756040.500000	2196486.750000	-6231844.000000	-8352863.000000	-5759405.000000	-4566378.000000	-3898711.500000	-3562500.250000	3380187.000000	11605852.000000	9499701.000000	-1225375.625000	-10121187.000000	-8126888.000000	-4873246.500000	-3433546.000000	-3772338.000000	-370913.843750	7972903.000000	11069730.000000	5930756.000000	-4689219.500000	-7899955.000000	-5019283.500000	-3502554.250000	-2641680.000000	-2065124.125000	1216540.250000	6835935.000000	6975535.500000	2108146.750000	-3661428.750000	-3900069.000000	-2067502.875000	-1474812.750000	-1186802.750000	-442266.156250	1536754.625000	2388680.750000	1174313.250000	-39684.492188	-787001.562500	-526614.375000	-221769.328125	-104792.867188	-55386.425781	-11769.296875	10796.208984	0.000000	
0.000000	-27542.753906	-135471.109375	-194066.671875	-254072.640625	-316519.312500	-390861.500000	475910.343750	2020838.750000	1990245.125000	-302463.406250	-2895257.250000	-2659082.750000	-1804588.250000	-1426625.500000	-1746300.875000	-190198.718750	4507313.500000	6872750.000000	4031372.250000	-3481296.000000	-6393995.000000	-4423302.000000	-3358321.500000	-2755135.250000	-2343372.500000	1503068.625000	9207835.000000	10262066.000000	3395527.750000	-6476635.000000	-7605674.500000	-4466196.000000	-3549520.500000	-3204932.500000	-1351687.250000	5372157.000000	9677307.000000	5605149.000000	-227911.468750	-5589731.000000	-4799819.000000	-2731631.500000	-1883415.125000	-1643727.875000	-725670.062500	2442757.750000	4639185.500000	3828100.000000	918381.437500	-2567037.500000	-2104746.500000	-1004113.875000	-653581.000000	-494275.406250	-255294.984375	415084.406250	647211.687500	373702.031250	96670.625000	-125055.429688	-57695.949219	-7531.979004	-0.000000	
-0.000000	19920.880859	111465.859375	135839.562500	-193698.812500	-519100.468750	-485304.781250	-472831.812500	-479730.750000	-490950.812500	371007.281250	2633984.750000	3357703.750000	1257381.375000	-2691017.500000	-3520839.250000	-2290194.000000	-2006646.875000	-1989813.750000	-918795.937500	3988311.250000	7832533.000000	4939602.500000	-218526.234375	-5829799.500000	-5446531.500000	-3375005.500000	-2536913.500000	-2418171.750000	-1168814.625000	4320949.500000	9047054.000000	8269417.000000	2210324.000000	-6932224.000000	-6432685.000000	-3510161.750000	-2647865.000000	-2359240.500000	-1466181.250000	2948164.500000	5899001.500000	4603054.500000	1737436.125000	-3711326.000000	-3557411.000000	-1704190.750000	-1323875.250000	-1177238.375000	-532240.250000	1670245.625000	2355361.250000	1392504.625000	239424.859375	-1037924.187500	-736581.125000	-347575.187500	-211897.187500	-117806.703125	-64690.707031	72157.945312	82115.820312	17403.927734	0.000000	
-0.000000	-8868.736328	-32271.841797	-30959.390625	221909.078125	635889.000000	541950.937500	-30767.203125	-1015098.687500	-1141081.625000	-833063.437500	-725707.125000	-791215.375000	-432818.093750	1795338.500000	4188086.750000	4240425.500000	1249560.250000	-4303939.000000	-4372553.500000	-2605958.500000	-2143105.250000	-2079108.000000	-1405805.000000	3074782.500000	6693814.500000	5687199.500000	2340283.500000	-5459921.000000	-5729813.500000	-3014512.000000	-2581740.000000	-2543056.500000	-1280974.625000	4510458.500000	7198633.500000	4867890.500000	969986.375000	-4954146.500000	-4230249.500000	-2468675.750000	-1931333.750000	-1451077.625000	-1162669.375000	2141463.750000	5063088.500000	3937824.750000	1606894.750000	-2324131.000000	-2443879.000000	-1135949.375000	-903438.250000	-706178.312500	-474263.218750	74305.796875	956255.312500	832302.875000	485207.312500	-76883.468750	-259609.937500	-88205.851562	-26461.722656	-5903.489746	-0.000000	
0.000000	5522.655762	-69803.539062	-147335.859375	-144995.171875	-173989.328125	-228110.375000	-197929.031250	535388.500000	1402394.875000	1403789.750000	669459.312500	-1786462.625000	-2121779.250000	-1252518.500000	-1195146.000000	-1304039.000000	-724172.125000	2800362.500000	4893199.000000	3613942.000000	785078.937500	-4365899.000000	-4056050.750000	-2574700.750000	-2191555.750000	-1792846.125000	-1566086.750000	3150416.500000	8154962.500000	6965547.000000	3133667.250000	-5020561.000000	-5881830.500000	-3067604.500000	-2761156.250000	-2468644.500000	-1921391.375000	354671.187500	5491857.500000	5911486.500000	4422415.000000	-947007.937500	-4665902.500000	-2617724.750000	-1631574.125000	-1335727.625000	-1034582.437500	-494326.375000	1572147.750000	2184139.500000	1832368.250000	727565.750000	-1214081.875000	-934918.812500	-411673.593750	-281896.156250	-168253.390625	-87298.703125	70212.359375	135031.859375	60685.753906	12753.095703	-0.000000	
-0.000000	-3200.608643	45417.746094	164879.343750	201079.234375	63737.121094	-479006.812500	-571068.000000	-448313.062500	-459144.250000	-442533.968750	-447993.343750	1030802.687500	3019824.500000	2894158.750000	1450645.625000	-2574463.750000	-3325169.250000	-1904552.250000	-1876868.500000	-1832731.750000	-1555118.625000	312558.062500	5265706.500000	6165373.500000	5018277.500000	-1170054.125000	-6284854.500000	-3851068.250000	-2627926.750000	-2362744.500000	-2017579.000000	-1067838.125000	3783782.750000	5898216.500000	5600222.500000	2543410.250000	-4918632.500000	-4462488.500000	-2364277.000000	-2002186.125000	-1533543.125000	-1075297.000000	1261908.625000	4007401.250000	3741756.250000	2885524.250000	-1340232.750000	-2701759.750000	-1365039.250000	-761623.687500	-590991.250000	-552916.187500	62561.914062	949230.812500	724818.437500	681003.187500	81442.929688	-360249.125000	-167392.234375	-53462.382812	-18920.136719	-5093.134277	-0.000000	
-0.000000	-14696.183594	-30889.025391	-63242.230469	-101972.937500	-126253.265625	34292.464844	741380.375000	1073529.625000	1051359.625000	-288808.250000	-1797839.750000	-1260052.875000	-973134.750000	-981711.500000	-933983.125000	-547570.375000	2139082.000000	3661965.500000	3806695.250000	1888238.250000	-3980999.000000	-3932619.500000	-2266917.750000	-2088176.250000	-1740167.875000	-1328558.875000	1699759.500000	5895492.000000	6026732.500000	5104151.500000	-2613639.500000	-5836310.000000	-3285322.250000	-2056746.750000	-1806232.125000	-1932873.625000	253458.250000	4530801.500000	4162695.000000	4836870.000000	742310.437500	-4437349.000000	-3008497.250000	-1586627.250000	-1166575.875000	-1152376.125000	-787694.562500	1158426.000000	2226877.500000	1919352.500000	1692975.500000	-724653.937500	-1217580.500000	-595452.500000	-321050.687500	-239929.890625	-153529.687500	-51312.468750	127678.781250	111444.218750	59630.320312	4783.437500	-0.000000	
-0.000000	9454.057617	59391.675781	128268.921875	105061.312500	-323199.843750	-431469.343750	-319168.656250	-363598.250000	-364575.781250	-327932.437500	486231.656250	1928979.500000	2231730.000000	2120755.750000	-1209913.000000	-2992767.000000	-1857288.000000	-1276951.375000	-1227768.250000	-1434973.375000	205141.781250	3992821.250000	3991278.250000	5044604.500000	842327.000000	-5482465.500000	-4052371.250000	-2334168.250000	-1878968.000000	-2038417.125000	-1536113.500000	2502418.500000	5359560.000000	5183166.000000	5174200.000000	-2533231.250000	-4932806.500000	-2842171.750000	-1843822.000000	-1704117.875000	-1399344.125000	-632038.562500	2294737.750000	3307380.000000	3676680.250000	1082303.875000	-2142490.000000	-1614532.625000	-1166649.000000	-730673.125000	-481501.281250	-391844.562500	281246.968750	863289.062500	987460.562500	736806.687500	-155264.859375	-241440.093750	-148908.765625	-75751.945312	-23255.925781	-4039.907227	-0.000000	
-0.000000	-8208.618164	-20710.265625	-41370.402344	-79841.710938	16654.562500	438074.406250	561948.375000	878378.687500	176472.640625	-1353254.625000	-1159217.625000	-763729.750000	-695791.562500	-846954.687500	-711101.812500	1283200.375000	3029914.750000	3218019.250000	3517110.750000	-1880681.375000	-3992471.000000	-2504696.750000	-1767894.625000	-1777306.625000	-1587887.250000	-780900.875000	3090954.750000	4865655.500000	5921916.500000	1914467.625000	-4178152.500000	-3487694.500000	-2807844.250000	-1973165.375000	-1471600.625000	-1369802.625000	1139421.125000	4120590.250000	5671072.000000	5233218.000000	-1415159.375000	-2973925.250000	-2676298.750000	-2248124.500000	-1433911.500000	-914072.250000	-280419.250000	1462935.875000	1973688.375000	2545768.250000	732291.437500	-938351.062500	-694775.937500	-662764.812500	-445337.718750	-213190.765625	-87194.335938	71348.640625	161700.078125	157974.453125	78497.734375	-4556.680176	-0.000000	
0.000000	13391.252930	52191.523438	118511.195312	-104640.843750	-324131.218750	-274804.062500	-248909.125000	-309468.875000	-332672.062500	-192752.281250	884195.687500	1592021.500000	2192916.250000	795454.187500	-1934161.500000	-1788434.250000	-1587355.875000	-1225059.000000	-1000305.875000	-1016947.062500	922214.500000	3631318.000000	5437541.000000	5457975.000000	-1605833.500000	-3674365.750000	-3604907.750000	-3307330.500000	-2309557.500000	-1616885.750000	-546856.375000	3160217.000000	4750194.500000	6874786.500000	2238084.500000	-3280269.500000	-2814758.500000	-3163462.250000	-2557613.000000	-1514201.500000	-794731.500000	878832.937500	2906193.750000	4688278.500000	4840005.000000	-1030997.562500	-2218779.750000	-1920498.125000	-1673601.125000	-993879.500000	-448432.937500	-113471.578125	860990.187500	1086241.000000	1317529.250000	543347.125000	-316478.718750	-235039.312500	-202758.328125	-95236.226562	-25293.187500	-3712.814697	0.000000	
-0.000000	-7015.604492	-19868.650391	-33705.917969	-56582.792969	74870.554688	398411.875000	765573.687500	950355.750000	-336431.906250	-906955.562500	-1031216.625000	-1082144.250000	-855241.000000	-671810.000000	-253152.218750	1620509.000000	2685422.750000	4268278.500000	1521315.625000	-2435285.500000	-2278184.250000	-2787837.750000	-2452292.500000	-1579233.625000	-901811.125000	1085822.125000	3914570.750000	6897166.000000	7795648.500000	-1823712.875000	-4326928.000000	-4148637.750000	-4027956.750000	-2683948.000000	-1370534.625000	-396671.750000	3488145.500000	5184768.500000	7566685.000000	3859159.000000	-2884540.750000	-2895084.000000	-3644123.000000	-2826368.250000	-1559524.750000	-840064.000000	170781.093750	2479194.000000	2964499.250000	3357989.000000	429109.593750	-823623.187500	-956278.062500	-1127379.875000	-662695.625000	-245998.375000	-32921.773438	289260.531250	257431.234375	199300.046875	68315.070312	-6354.319824	-0.000000	
0.000000	11868.708984	69225.179688	51261.660156	-135498.953125	-184955.796875	-305869.000000	-345268.281250	-274979.968750	-188934.921875	268016.968750	1119798.500000	2256723.000000	2886768.750000	-757745.875000	-2003033.125000	-2127355.500000	-2277120.750000	-1666355.375000	-931607.250000	-294490.750000	2823204.250000	4569137.500000	7255094.500000	4024902.750000	-3273194.750000	-3576955.250000	-4908543.500000	-4158014.250000	-2511878.750000	-1485974.000000	333046.812500	5355526.000000	7134838.500000	9068169.000000	1311477.250000	-2879206.000000	-3874187.250000	-5381130.000000	-3805918.500000	-1747219.750000	-300065.000000	3562950.750000	4626745.000000	5914717.000000	4212163.500000	-1437732.750000	-2047937.750000	-3192937.500000	-2577755.500000	-1292216.375000	-598519.437500	477020.781250	1408956.750000	1297351.125000	1562713.500000	174951.203125	-252851.750000	-329314.031250	-296781.656250	-119158.023438	-34570.820312	-3238.817139	0.000000	
-0.000000	-10064.144531	-27025.824219	-31391.076172	-16385.423828	229203.578125	501305.187500	1021474.437500	700825.750000	-685754.250000	-882911.375000	-1404133.375000	-1360484.375000	-930161.687500	-617416.625000	154174.921875	2746228.500000	4033531.250000	5630061.500000	891463.562500	-2137534.250000	-3135655.000000	-4742183.000000	-3649193.500000	-1822259.625000	-340494.843750	4402123.000000	6232111.000000	8701442.000000	6784403.500000	-2543179.250000	-3993762.250000	-6897346.000000	-6204039.500000	-3489599.500000	-1829240.375000	1667560.000000	5708133.000000	6192425.000000	8974799.000000	1242602.500000	-2304613.500000	-4056307.500000	-5333980.500000	-3536306.250000	-2131564.000000	-732817.000000	2880040.500000	3108973.500000	3862684.000000	2316823.750000	-881659.000000	-1081372.250000	-1748019.750000	-1258317.625000	-683220.750000	-349414.531250	272904.125000	368290.437500	271918.437500	216568.593750	-247.343460	-7108.963379	-0.000000	
0.000000	17826.916016	91311.289062	30038.410156	-118932.109375	-254570.109375	-520291.000000	-513784.906250	-317296.218750	-71335.742188	1086590.125000	1782751.875000	2847074.250000	2512299.500000	-1056681.500000	-1848803.250000	-3536849.250000	-3507323.500000	-2166552.000000	-1243407.875000	1238003.375000	4619998.000000	5457146.000000	8605223.000000	1295970.000000	-2615130.000000	-5011678.500000	-7184739.000000	-5202440.500000	-3433245.000000	-1296266.750000	5616478.000000	6715968.500000	9296554.000000	6256527.500000	-2694592.750000	-3780240.250000	-7081785.000000	-6006113.000000	-3923796.000000	-2481739.750000	2487380.500000	4536397.500000	4887120.000000	6427203.500000	-15250.677734	-1608479.000000	-3082193.250000	-3429909.750000	-2181503.250000	-1497687.500000	15031.007812	1146565.500000	1065105.875000	1855043.250000	377451.718750	-267285.500000	-354788.875000	-452522.968750	-215829.031250	-95586.343750	-8705.304688	10554.178711	0.000000	
-0.000000	-15501.246094	-35138.277344	-41897.390625	68882.335938	375077.375000	598733.500000	1211564.625000	225657.406250	-547885.625000	-1237048.750000	-2055259.875000	-1702216.000000	-1271348.375000	-538594.000000	2599995.000000	3443841.750000	5255611.500000	3884426.500000	-1831622.625000	-2806466.000000	-5731792.000000	-5292956.500000	-3762217.000000	-2588326.000000	2822522.500000	5604843.000000	6582829.000000	9455387.000000	-24563.800781	-2845209.250000	-6010703.500000	-7409251.000000	-5250355.000000	-4044469.250000	45938.902344	4008141.250000	4315083.000000	8854361.000000	2167738.000000	-1898413.000000	-3233718.000000	-5573927.000000	-3879039.500000	-2836758.750000	-536750.750000	2387995.750000	1892758.000000	4334528.000000	2131033.500000	-632691.062500	-750877.125000	-1874396.875000	-1342789.625000	-890706.625000	-294244.437500	561581.750000	354361.531250	482743.375000	267283.593750	-36255.500000	-15800.308594	-15217.890625	-0.000000	
0.000000	23228.119141	62999.664062	-61717.644531	-156151.375000	-465339.093750	-580719.375000	-529697.937500	-450685.531250	591335.625000	1383461.375000	1883078.125000	3093761.750000	-9096.102539	-1182173.750000	-2782491.000000	-3799346.000000	-2968178.000000	-2511048.500000	31226.511719	2975660.750000	3492503.500000	7803008.500000	2078472.125000	-1979946.250000	-3669419.000000	-6886738.500000	-5224970.000000	-4173300.500000	-864528.062500	4224082.000000	3691140.250000	9363396.000000	5128887.000000	-1708567.125000	-2294887.500000	-6552480.000000	-5440068.500000	-4251458.000000	-1689871.375000	3988671.250000	3229823.000000	5946165.500000	4803819.000000	-1075970.750000	-974213.812500	-3443210.500000	-3324636.250000	-2316022.000000	-1148414.000000	1454628.250000	1308807.500000	1965406.000000	1805959.000000	-252144.000000	-215770.640625	-644813.937500	-581019.000000	-310068.781250	-115500.726562	92009.570312	40694.414062	17710.542969	0.000000	
-0.000000	-13118.396484	-40725.500000	1052.196411	165565.343750	283541.062500	856111.000000	292636.593750	-344753.000000	-768765.625000	-1699875.875000	-1494650.125000	-1365485.875000	-320139.187500	1755090.375000	1708712.625000	4801400.500000	2899508.500000	-1060780.625000	-1559926.875000	-4864588.500000	-4403034.500000	-3746646.500000	-1620283.750000	4159977.250000	3664999.250000	7346649.500000	6470625.000000	-1582915.375000	-1569136.500000	-6090632.500000	-6483501.000000	-5003044.000000	-2763957.000000	3928189.000000	4000076.500000	6870628.500000	7316515.500000	-1203515.875000	-1239189.500000	-4579833.500000	-5295689.000000	-3819255.500000	-2075864.750000	2730609.250000	2509132.000000	4007199.750000	4579265.500000	-414918.781250	-567274.375000	-2039825.500000	-2256575.500000	-1423130.125000	-851266.375000	388548.187500	436896.312500	780421.687500	804354.375000	-35446.148438	-41645.253906	-108745.093750	-67903.546875	-12479.950195	-0.000000	
0.000000	12814.899414	-17204.296875	-52562.687500	-270665.000000	-357463.062500	-411065.218750	-228126.375000	724345.250000	767839.687500	1813397.125000	1850981.000000	-517923.093750	-581059.312500	-2530635.000000	-3001359.750000	-2565481.250000	-1562545.125000	2438854.500000	2719012.000000	5100782.500000	5921776.000000	-1060612.375000	-1188160.625000	-4776529.000000	-6009213.500000	-4718794.500000	-2796138.250000	4017138.500000	4041382.250000	7088262.500000	8930202.000000	-896302.750000	-1365293.375000	-5508500.500000	-6896717.000000	-4974951.000000	-3448751.250000	1854590.750000	2509133.500000	5542997.000000	7331276.000000	-436606.000000	-748479.437500	-3227277.000000	-4186790.250000	-2823722.000000	-1599458.500000	1578738.625000	1320067.750000	2794365.500000	2828937.250000	-266648.750000	-209486.734375	-1058734.500000	-1060601.125000	-600464.625000	-210493.015625	207356.906250	87212.632812	171597.718750	74203.210938	-4326.927246	-0.000000	
-0.000000	-6905.948730	39554.621094	91618.773438	283806.843750	480763.062500	-116365.617188	-167285.984375	-831700.687500	-1258966.875000	-1164755.125000	-799860.750000	1314390.375000	1496544.625000	2945146.500000	4133993.000000	-459609.781250	-771839.937500	-3420006.250000	-4687974.500000	-3693424.000000	-2791319.500000	1634379.625000	2405809.000000	5781058.000000	8319069.000000	-539438.625000	-1008183.187500	-4747812.000000	-6743535.000000	-4994830.500000	-3119165.500000	3410372.750000	3177086.500000	7546118.000000	8646012.000000	-932145.562500	-848697.500000	-5053477.000000	-6091124.000000	-4264839.500000	-1918535.625000	2554107.250000	1567450.125000	5092582.500000	4575214.000000	-979013.562500	-731403.312500	-2751825.000000	-2624295.000000	-1738516.875000	-550401.250000	735116.687500	524797.125000	1601766.000000	602782.250000	-244576.906250	-158622.781250	-369090.750000	-194684.984375	-82606.976562	-7552.499512	2964.418945	0.000000	
-0.000000	-3411.285156	-55467.453125	-157964.171875	-205501.593750	-226615.015625	179316.781250	338723.687500	1006611.750000	1742895.625000	-133151.375000	-288399.968750	-1553463.500000	-2497165.750000	-2075333.500000	-1443932.500000	1748784.875000	1796099.250000	4685081.000000	5877040.500000	-692028.687500	-686911.250000	-4453435.000000	-5840296.000000	-4448006.500000	-2177033.000000	3155669.250000	2111316.500000	7491957.500000	7369158.000000	-1731759.250000	-1426337.750000	-5944460.500000	-6316049.000000	-4694823.500000	-1682177.875000	2569806.500000	2126120.500000	7645436.500000	3461831.000000	-1737123.625000	-1445765.125000	-4546255.000000	-3499023.000000	-2451564.250000	-465671.250000	670731.500000	1015615.750000	3158248.250000	442740.343750	-512199.093750	-582303.375000	-1295245.375000	-786029.812500	-497180.718750	-51221.828125	3273.907715	188062.187500	249887.328125	-26694.402344	-12213.667969	-16024.310547	-7708.842285	-0.000000	
0.000000	7938.183105	75985.101562	198030.468750	-38504.378906	-55767.312500	-488610.843750	-822279.187500	-774497.625000	-456101.687500	778924.000000	603961.250000	2451336.250000	2728837.000000	-719539.500000	-660284.125000	-3048224.750000	-3570645.750000	-2914827.000000	-1143443.625000	1907835.000000	1720820.500000	6737629.500000	3319275.250000	-1811729.875000	-1640563.000000	-5617022.500000	-4713097.000000	-3606621.250000	-750042.500000	1186444.750000	1980591.375000	6822411.000000	1065569.750000	-1383181.500000	-1779679.625000	-4527894.000000	-3184457.250000	-2373107.750000	-294171.406250	23253.146484	1714090.125000	3077973.500000	-479771.625000	-362470.500000	-988025.312500	-1744208.000000	-1109293.250000	-783233.375000	-311555.125000	-279112.093750	202845.359375	374493.250000	-106765.132812	-69899.921875	-136748.015625	-152710.515625	-71453.304688	-39507.527344	-13669.503906	-5771.323730	2551.474854	757.920105	-0.000000	
-0.000000	-15781.110352	-47274.191406	-38529.035156	106151.671875	139705.875000	739222.375000	467334.343750	-315462.750000	-343707.937500	-1386467.625000	-1348224.250000	-1180070.875000	-277744.593750	492963.343750	916860.687500	3498423.750000	602397.500000	-858761.750000	-1209719.500000	-3361527.000000	-2577407.500000	-2091328.750000	-282057.625000	24251.826172	1945041.250000	3802920.250000	-646240.437500	-533248.812500	-1591382.250000	-3085297.750000	-2163275.500000	-1691931.625000	-749838.437500	-753735.625000	619951.312500	1309146.250000	-432539.562500	-333641.375000	-785355.750000	-1084636.625000	-651260.125000	-486631.781250	-245678.468750	-171278.171875	157318.578125	171487.531250	-191904.484375	-89073.632812	-100561.875000	-141437.015625	-90325.414062	-58563.742188	-35315.355469	-26760.980469	1574.104370	1502.937866	-11635.670898	-5421.256836	-2357.589355	-1604.700806	-573.693970	-93.402443	-0.000000	
0.000000	2662.404053	-13927.847656	-40762.238281	-187034.890625	-209248.437500	-229451.187500	-39712.046875	4222.786133	407497.968750	938687.062500	-184862.953125	-174476.718750	-589297.000000	-1281929.750000	-1001429.312500	-867595.562500	-423905.437500	-467964.125000	421405.718750	971915.562500	-350085.031250	-294025.343750	-753015.375000	-1131219.750000	-739008.875000	-601246.875000	-330922.781250	-251976.046875	253388.218750	303341.156250	-374240.343750	-192415.828125	-242028.328125	-381947.281250	-276059.343750	-204726.000000	-143073.765625	-127733.617188	9040.218750	10674.715820	-106053.156250	-66776.031250	-42372.347656	-47623.425781	-35372.761719	-21133.300781	-21587.949219	-12989.487305	11056.215820	1804.504639	-10098.235352	-5982.812500	-3285.415527	-1072.542236	-2021.513794	-1285.031860	-827.217224	-3.791237	657.968567	-63.636150	-132.920227	-21.713129	-0.000000	
-0.000000	-1873.526123	-7589.687500	14199.524414	54077.246094	-28421.869141	-32259.136719	-106020.117188	-196970.687500	-154826.859375	-148407.703125	-94663.468750	-82445.476562	93830.960938	126037.117188	-173244.343750	-98667.773438	-136825.640625	-237135.718750	-187648.593750	-151989.421875	-115799.765625	-112566.734375	8667.948242	11133.174805	-120342.421875	-82503.609375	-57074.496094	-70061.250000	-56973.832031	-37382.312500	-42099.492188	-28059.740234	26609.658203	4873.021973	-30862.988281	-20914.599609	-13310.264648	-5119.382812	-11609.729492	-9127.023438	-7539.659180	-46.698360	11825.499023	-1888.558716	-8195.582031	-4912.827637	-3840.296875	-3919.227539	-2667.882324	-1372.831787	-1038.182739	-126.696983	420.087585	146.995132	-627.240479	-386.671631	21.421448	305.555359	177.659637	-118.727509	-27.093117	17.560658	0.000000	
-0.000000	-604.725464	-3845.991211	-6322.934082	-8456.669922	-9401.275391	-12350.315430	1220.395996	1938.535156	-25212.470703	-20364.632812	-16326.678711	-22923.738281	-21097.703125	-15532.210938	-19488.810547	-14388.587891	15043.211914	3025.463379	-20978.808594	-15527.084961	-10772.943359	-4511.515625	-11131.648438	-9519.012695	-8555.529297	-57.697098	15928.653320	-2778.354980	-13200.373047	-8690.211914	-7489.110840	-8466.269531	-6420.952637	-3707.299561	-3172.972656	-442.904846	1701.908569	701.626770	-3602.296631	-2746.360840	195.245468	3763.661621	3193.030762	-3523.529541	-1670.504639	3973.286621	2982.665527	-1751.082031	-1030.521973	-683.274658	-1488.816162	-542.924683	1206.391724	695.662903	-771.090759	-197.807922	202.474991	24.780748	125.587708	-31.539087	34.049252	10.975580	-0.000000	
-0.000000	66.486176	49.068546	-706.893799	-863.924866	-874.608093	-494.983185	-1567.270386	-1657.473267	-1792.435425	-14.241560	4556.536133	-909.065735	-4888.166016	-3610.750488	-3466.879150	-4341.368164	-3629.950928	-2301.713135	-2156.796631	-328.814392	1377.475586	618.316711	-3453.956543	-2864.311768	221.552231	4650.106445	4300.933105	-5183.644043	-2690.630859	7028.274414	5816.610840	-3782.666992	-2480.219238	-1845.166870	-4550.232422	-1897.945557	4887.477051	3320.489014	-4428.440918	-1404.943848	1845.455322	305.235504	2257.155518	-935.999695	2099.405273	2483.342285	-3174.139648	6803.312500	15359.889648	3715.319092	-2893.498779	-3021.964111	-2882.290039	-883.553467	982.053345	3278.280762	1317.977417	168.429169	458.598358	-31.076387	118.321106	68.485336	0.000000	
-0.000000	-16.043221	-37.330391	-72.674576	-18.295187	111.831207	67.838928	-486.296692	-498.740845	46.416542	1147.800781	1230.320923	-1696.065918	-996.354431	2920.221924	2692.641113	-1939.691406	-1402.139893	-1145.589966	-3092.975098	-1409.042603	3955.782715	2926.219482	-4246.081055	-1465.283569	2094.106201	377.126801	3040.332275	-1376.996826	3381.447754	4392.739258	-6190.012207	14696.436523	36967.570312	10033.130859	-8843.329102	-10564.124023	-11677.075195	-4217.314941	5640.017578	23284.205078	12012.685547	2074.616943	8242.269531	-922.267944	7295.430664	15495.540039	1100.627563	-7108.018066	-8211.416016	-5005.156738	1075.922363	-333.451691	4797.225098	9935.398438	4800.810059	154.837051	-1190.233398	-1399.677856	-1156.394287	-289.947723	54.369686	-15.678709	0.000000	
-0.000000	-6.197009	-18.579779	-104.219688	-78.398933	321.152679	321.051636	-597.823120	-255.138687	438.727997	93.087425	869.714661	-450.547424	1252.167480	1825.166748	-2865.497070	7536.098633	20898.839844	6229.167480	-6011.165039	-7842.849121	-9451.086914	-3716.557617	5407.765625	24284.218750	13631.237305	2563.245850	11102.132812	-1356.795288	11750.527344	27409.779297	2146.376221	-15354.658203	-19762.908203	-13516.306641	3288.315186	-1165.673950	19435.087891	47422.941406	27571.466797	1099.740356	-10848.364258	-17240.455078	-20783.576172	-8604.909180	3352.320557	-3547.475586	460.129303	6358.967285	-4030.390869	-8177.117188	-6108.205078	-4230.146973	-1207.777832	7434.873535	24312.955078	54850.660156	34854.875000	39709.707031	20408.328125	259.809723	-698.401733	-626.459045	-0.000000	
0.000000	92.366180	101.027901	-202.549881	-436.375000	-767.292358	-407.763977	761.381470	4228.426270	2855.827393	632.694214	3175.865967	-443.937592	4351.280762	11388.660156	993.606262	-7873.624512	-11172.545898	-8391.731445	2235.199463	-865.401184	15730.198242	41792.015625	26436.093750	1146.972168	-12310.039062	-21301.052734	-27994.962891	-12659.120117	5399.480469	-6275.064941	897.315857	13736.567383	-9700.184570	-22082.109375	-18668.357422	-14787.665039	-4893.092773	35487.613281	139631.406250	389580.437500	317684.250000	489122.156250	366793.593750	7710.489258	-43061.980469	-141743.062500	-111322.773438	-123264.507812	-93895.046875	-63907.132812	-45117.476562	-41160.562500	-29716.734375	-19268.728516	-13451.284180	-11224.180664	-6492.548828	-3193.318604	-1677.099609	-844.412048	-279.780640	-43.982574	-0.000000	
-0.000000	-49.379074	-136.101486	75.316414	-48.150799	1277.065918	4585.232422	3722.045898	199.713547	-2579.028076	-5257.807617	-8008.213379	-4142.009277	1999.455322	-2607.266113	415.387878	7043.893066	-5483.795410	-13709.894531	-12689.629883	-10978.423828	-3960.327637	31273.871094	133881.484375	406312.218750	360488.031250	604323.812500	494061.875000	11343.293945	-69358.617188	-250726.718750	-217094.828125	-266274.562500	-225982.859375	-172579.687500	-137891.437500	-143888.296875	-120391.953125	-91972.132812	-77251.890625	-79720.484375	-59176.242188	-39333.527344	-30142.078125	-25059.996094	-17250.685547	-9951.528320	-13455.828125	-12374.123047	-7992.000000	-5993.039062	-5326.647949	-3860.888916	-2246.294678	-1332.496338	-579.312683	236.389633	-30.268969	-352.707336	-110.412659	15.250116	-15.354718	-6.625968	-0.000000	
0.000000	-24.236620	-222.354248	-427.584839	-610.837952	-321.521667	3431.228516	18849.722656	70748.054688	75524.437500	149167.187500	141330.890625	3711.476807	-25683.853516	-104176.015625	-100498.117188	-136541.343750	-127754.664062	-107147.789062	-93730.335938	-106823.265625	-97441.765625	-81051.507812	-74070.718750	-83144.335938	-67149.460938	-48597.644531	-40600.632812	-36867.035156	-27785.152344	-17603.078125	-26240.728516	-26730.435547	-19234.828125	-16184.060547	-16279.704102	-13496.821289	-9100.455078	-6360.177246	-3327.042969	1678.973022	-275.886078	-4344.453613	-1984.418335	452.584564	-946.739685	-1499.196289	-141.265213	-430.714081	-1450.824097	-72.832802	553.294617	-441.955200	-547.674622	-207.876434	-143.837799	-169.948517	-118.040939	-65.664101	-1.519868	-3.429205	-8.420403	0.397587	0.000000	
-0.000000	-564.634705	-1737.779053	-3158.301025	-5943.631348	-7910.870605	-8892.606445	-10428.718750	-14477.291016	-14068.221680	-11995.513672	-11614.179688	-12062.735352	-10288.985352	-7314.012695	-12147.428711	-13706.942383	-10874.005859	-10048.032227	-11065.965820	-10020.095703	-7365.645508	-5604.979980	-3190.037598	1751.081787	-313.058075	-5367.690918	-2672.962158	665.820190	-1524.884644	-2651.900879	-275.486755	-930.423523	-3491.785645	-196.683243	1691.020874	-1544.978394	-2218.804443	-992.221130	-826.072937	-1207.070557	-1075.882446	-808.813965	-27.316195	-101.770050	-519.184326	89.958275	241.241394	-261.831024	-337.505432	-238.769806	-35.059628	-49.338211	-64.853447	138.284363	-524.023010	2867.400635	-7942.596680	2565.133057	34236.222656	17099.480469	27649.998047	31352.890625	0.000000	
-0.000000	-48.059624	-162.964249	-372.874512	-557.516724	-597.984497	-614.953186	-449.138458	304.902557	-65.587578	-1324.924316	-764.625122	217.853500	-564.672668	-1101.854980	-127.529060	-477.106384	-1974.007690	-122.112717	1149.454590	-1146.998291	-1795.836182	-874.406372	-792.055847	-1258.911987	-1220.843384	-999.311707	-36.794235	-149.719101	-836.234314	159.125549	470.454132	-565.604370	-812.294617	-644.792175	-107.151878	-172.475555	-262.741974	660.049194	-3009.509521	20365.902344	-72392.679688	31595.886719	615318.812500	507468.968750	1704840.750000	7093927.000000	8961280.000000	7260405.500000	4958010.500000	1343319.750000	-92552.046875	-747147.562500	-510082.875000	-682277.000000	-767194.250000	-627216.500000	-436535.250000	-249454.718750	-162932.718750	-90590.890625	-34887.234375	-8150.841797	-0.000000	
-0.000000	-8.724482	-1.980488	38.731575	-63.818825	-145.796066	-95.935936	-111.516777	-219.204773	-255.774124	-246.663330	-10.525326	-48.987446	-309.661865	66.116074	217.783890	-290.032898	-459.213715	-400.325531	-72.835419	-128.046570	-212.655762	581.675964	-2885.580078	21240.580078	-82146.648438	39037.578125	828819.125000	746563.437500	2745935.000000	12548318.000000	17475738.000000	15683844.000000	11932742.000000	3627603.000000	-282864.562500	-2611863.750000	-2066508.250000	-3256596.250000	-4406063.000000	-4454847.000000	-3978794.000000	-3072645.000000	-2928347.750000	-2688506.500000	-2151073.500000	-1844215.125000	-1588152.000000	-1225050.500000	-936837.625000	-715877.875000	-552369.750000	-430392.156250	-331996.125000	-225208.406250	-144632.906250	-95739.203125	-57600.394531	-33647.554688	-19526.732422	-9962.008789	-3470.283203	-1270.351807	0.000000	
-0.000000	-2.029577	-6.492689	-2.454234	-7.124493	-17.264589	63.818871	-406.272644	3698.460693	-17210.222656	9635.771484	237091.234375	244272.328125	1016833.875000	5213779.500000	8089915.000000	8042425.500000	6745925.500000	2252232.750000	-192274.359375	-1939058.500000	-1672572.000000	-2869913.250000	-4224624.500000	-4646174.000000	-4514884.500000	-3796336.750000	-3944411.750000	-3955199.000000	-3464668.500000	-3262198.500000	-3097116.500000	-2646340.000000	-2254743.500000	-1933211.250000	-1688194.125000	-1504556.500000	-1345022.125000	-1074948.875000	-830639.375000	-679994.062500	-524997.937500	-414451.937500	-350948.906250	-295647.000000	-213970.375000	-287430.687500	13452.296875	521455.250000	282110.218750	31612.718750	-41909.679688	-113901.398438	-109069.781250	-26803.716797	-9195.729492	11095.151367	43907.109375	13291.547852	4238.871582	-3908.929688	-9094.222656	25886.349609	0.000000	
0.000000	29814.830078	36527.890625	-6478.802246	-107888.945312	-135788.796875	-314873.968750	-594802.187500	-809003.000000	-945895.750000	-937062.000000	-1128334.750000	-1294124.125000	-1282984.500000	-1355431.375000	-1433725.500000	-1357001.000000	-1274671.875000	-1200253.125000	-1147533.125000	-1116989.000000	-1088622.000000	-947311.125000	-796434.250000	-709198.500000	-595734.562500	-512066.687500	-472719.468750	-434941.375000	-344635.562500	-508430.906250	26233.841797	1126441.500000	678971.625000	85369.398438	-128087.523438	-398174.312500	-441876.406250	-127937.609375	-52811.871094	78804.046875	400190.718750	163717.921875	76184.140625	-116007.062500	-560730.687500	5857063.500000	13911957.000000	11271976.000000	9613239.000000	2046044.375000	-1851959.625000	-2634518.250000	-2764157.000000	-1832841.875000	-1430599.500000	-1045040.500000	81457.773438	501364.281250	156700.015625	95124.781250	-37885.449219	-16188.602539	-0.000000	
-0.000000	-5633.641602	-19466.333984	-38666.832031	-62149.109375	-88380.453125	-103934.718750	-112133.234375	-123487.351562	-124810.015625	-126395.062500	-135225.703125	-142310.937500	-127620.320312	-211251.140625	12144.240234	577621.312500	383842.343750	53002.425781	-87066.218750	-295606.250000	-357642.000000	-112746.500000	-50637.117188	82188.539062	454111.156250	202277.953125	102618.148438	-170663.906250	-903151.812500	10360453.000000	27130242.000000	24349592.000000	23136760.000000	5525294.000000	-5660099.000000	-9209698.000000	-11198481.000000	-8748392.000000	-8216057.000000	-7422469.000000	742445.687500	6175527.500000	2816329.000000	2823060.750000	-2335937.250000	-3662844.500000	-3789044.500000	-3599384.500000	-1400573.125000	655504.625000	3103589.750000	2441204.500000	2885925.000000	1561581.625000	-699861.687500	-833221.125000	-967205.062500	-551209.375000	-236351.156250	-71744.859375	4945.279297	577.715393	0.000000	
0.000000	1696.460205	859.621094	-2933.749512	-16447.490234	-29035.386719	-12370.039062	-7129.406738	14310.865234	95139.054688	49928.917969	29354.853516	-55840.492188	-334441.750000	4304729.500000	12559205.000000	12486083.000000	13079882.000000	3430433.000000	-3847396.000000	-6837317.500000	-9063727.000000	-7709621.500000	-7877725.500000	-7741250.500000	842480.500000	7630032.500000	3793525.250000	4153148.500000	-3762422.750000	-6479139.000000	-7389162.000000	-7775348.500000	-3370843.750000	1770174.750000	9485426.000000	8533916.000000	11691802.000000	7453631.500000	-4019366.500000	-5918008.000000	-8815577.000000	-6789491.500000	-4247878.500000	-2129204.250000	304915.531250	130714.281250	1803386.000000	1255913.250000	-1715173.625000	-1733410.125000	-1686798.750000	-1122774.625000	-686905.687500	-454068.437500	-288061.781250	-177479.359375	-88609.765625	-47384.187500	-32604.447266	-15108.033203	-4678.822266	-886.168091	-0.000000	
0.000000	57808.890625	55636.558594	-129640.359375	-380427.375000	-735844.250000	-845865.000000	-1109137.250000	-1347925.125000	176504.796875	1883345.500000	1085172.375000	1358892.250000	-1393244.500000	-2692058.000000	-3420610.750000	-3987075.000000	-1905635.750000	1099030.250000	6447623.500000	6335614.000000	9463006.000000	6568599.000000	-3853851.750000	-6172175.500000	-10003360.000000	-8388602.000000	-5721787.000000	-3132381.000000	491118.125000	231218.109375	3516852.500000	2713009.250000	-4128011.500000	-4681033.000000	-5155322.000000	-3924973.750000	-2782874.000000	-2167327.500000	-1654363.875000	-1260558.875000	-807632.437500	-583652.187500	-585991.312500	-448367.875000	-288486.343750	-200505.000000	-167264.500000	-123076.664062	-85859.648438	-55976.800781	-31197.884766	-24701.248047	-19326.419922	-11432.036133	-7258.732422	-3963.012695	-2463.616211	-1479.533447	-265.488647	133.616745	346.555847	21.797724	-0.000000	
-0.000000	-8422.299805	17824.648438	217256.609375	352512.687500	768260.062500	720677.125000	-542599.562500	-1074714.000000	-2095764.750000	-2070585.625000	-1636769.125000	-1024901.562500	181863.578125	96070.257812	1628030.750000	1391187.875000	-2333684.750000	-2906265.000000	-3504278.500000	-2913916.750000	-2252377.750000	-1909982.375000	-1586238.375000	-1314697.625000	-916450.312500	-721118.187500	-789315.750000	-659616.812500	-464656.125000	-354669.656250	-326188.937500	-265868.781250	-206643.593750	-151164.015625	-95349.335938	-86350.140625	-78297.484375	-54566.585938	-41687.531250	-28147.560547	-22454.593750	-18224.072266	-4771.559082	3965.404297	21367.906250	4931.967773	-16766.126953	-10122.192383	-6483.075684	-4022.455566	-2267.305176	-100.769600	1046.527344	-1146.449829	-1358.736206	599.517883	736.247009	-489.150513	-373.722260	-95.302246	-40.502045	-9.030452	-0.000000	
0.000000	-10314.138672	-47135.332031	-118078.812500	-162129.921875	-182860.671875	-209554.671875	-223332.984375	-228918.296875	-192001.921875	-177995.921875	-225790.937500	-215823.781250	-172064.562500	-147363.921875	-151000.265625	-136333.265625	-116821.617188	-93851.664062	-64812.757812	-64106.699219	-63371.718750	-48087.437500	-39970.867188	-29356.445312	-25480.054688	-22516.339844	-6427.171387	5833.708496	34416.632812	8724.068359	-32696.271484	-21865.841797	-15603.208008	-10862.545898	-6929.509277	-352.268402	4239.815918	-5472.153320	-7803.339844	4258.115234	6710.512695	-6025.084473	-6716.813965	-2828.327637	-2497.270996	-2043.236206	-1826.559570	-1767.646240	59.095982	2209.447021	28.464254	-103.567024	1738.724609	-2.858358	-526.246948	-1.699341	-305.343689	-204.792572	-101.258629	-11.507690	36.263577	0.471878	-0.000000	
-0.000000	-516.314148	-1522.135376	-2183.905518	-3566.887939	-5144.872070	-5275.937012	-5627.662109	-5111.614746	-5338.226562	-5557.780273	-1838.550781	1908.764160	12744.656250	3624.817871	-15135.845703	-11212.456055	-8820.946289	-6744.118164	-4710.264648	-261.525513	3431.584473	-4822.398438	-7482.003906	4440.993652	7614.666016	-7444.156250	-9047.381836	-4160.896973	-4022.277832	-3614.243408	-3562.044189	-3818.448975	142.229858	5966.559082	86.994606	-362.047607	7044.126953	-13.643312	-3022.281738	-12.069681	-2783.050537	-2522.521240	-1819.895142	-341.518890	2235.935791	106.767342	-1545.476196	-900.983398	-586.137451	-554.412537	-54.317932	563.949524	174.428635	-394.261566	-166.282516	13.289386	-38.722538	-55.113132	-34.410519	-16.641670	-3.734444	3.836842	0.000000	
-0.000000	-38.985756	-109.379639	-158.715256	-14.551243	278.595306	-529.091858	-1053.421875	773.276489	1595.318970	-1837.465088	-2588.085693	-1361.427490	-1489.470215	-1501.704590	-1648.951050	-1958.039795	80.406662	3704.396729	59.133713	-268.785614	5701.312988	-12.023327	-2897.826416	-12.588052	-3158.030273	-3116.644043	-2451.353516	-502.425842	3601.353516	188.858810	-3013.892578	-1946.293823	-1410.692261	-1497.177979	-166.010574	1971.443848	706.665955	-1881.861450	-954.974915	94.388741	-352.935974	-678.852966	-618.451416	-493.882294	-230.257965	868.126526	823.119751	-512.159973	-586.484619	745.635193	890.663757	377.838989	110.948441	-154.096497	-147.138977	-87.984749	130.784668	-1.865046	-86.448013	-17.292536	3.215133	-1.704631	0.000000	
-0.000000	0.355372	60.079845	1.992547	-14.955194	462.864624	-1.319145	-407.996826	-2.191862	-661.626526	-769.291260	-701.231934	-164.391571	1333.599731	78.470131	-1395.199219	-998.028503	-797.505249	-929.537598	-112.844032	1463.608032	571.955017	-1658.412109	-915.649719	98.442566	-400.489471	-838.741394	-833.038635	-726.575439	-370.869476	1535.613281	1605.197632	-1106.362061	-1411.527832	2013.570068	2722.114014	1320.842163	449.487488	-735.522522	-845.031860	-624.917480	1192.035034	-22.972603	-1553.707764	-513.198364	198.238327	-385.691010	61.488293	232.010803	-26.745152	604.231018	-61.877678	-206.250992	287.750061	-88.904694	-140.370911	-76.587410	-72.898834	-44.957977	-20.609652	30.057386	14.968770	-1.186657	-0.000000	
-0.000000	-3.524718	-15.075727	-3.802349	81.434944	46.434521	-181.953522	-128.918076	17.141056	-83.904984	-207.029236	-238.298279	-237.732346	-137.334885	638.041565	743.082397	-567.324890	-797.977661	1250.144653	1850.329834	980.598694	363.802185	-648.187744	-810.234070	-651.756531	1352.645996	-28.383278	-2092.805908	-754.992249	319.296417	-682.241821	119.910690	501.187042	-64.369164	1631.711548	-189.115234	-721.008179	1165.767212	-424.353607	-806.162292	-543.967102	-664.435364	-553.767456	-370.411926	892.026550	922.942871	-268.493744	-612.546753	-322.550903	-242.754059	-256.042816	-178.391068	-120.356537	-644.428711	2635.407959	-3773.036133	-768.322388	35780.414062	23703.281250	-928.487366	-2960.879150	-1380.490723	-218.955505	0.000000	
-0.000000	-3.526806	20.275501	62.347996	54.560371	29.535505	-71.116249	-114.076172	-113.485413	283.387573	-7.005936	-598.666138	-247.030212	118.237106	-283.468903	55.509377	257.000732	-36.389755	1013.064087	-128.549194	-535.279480	943.538269	-373.966522	-772.965088	-567.329529	-753.959351	-684.194763	-498.935669	1312.305786	1486.555908	-474.933685	-1194.551025	-696.770691	-584.250793	-691.437561	-545.212280	-420.740021	-2610.786133	12579.142578	-21668.875000	-5457.060547	326120.031250	291963.875000	-16687.462891	-87871.343750	-85118.156250	-49541.027344	74985.945312	73231.335938	-42723.738281	-41509.128906	-22828.128906	-22464.232422	-9775.952148	-2364.013184	5447.375977	6307.514160	-532.009521	-832.977112	-1648.853027	-725.879211	677.389038	77.493225	-0.000000	
0.000000	-0.160831	16.430405	-4.331544	-29.782875	76.601738	-41.029926	-108.828918	-98.784775	-157.959076	-168.881989	-142.725082	429.380768	550.479309	-197.333176	-552.984741	-357.292908	-330.293915	-429.285767	-370.602600	-312.359131	-2113.094727	11085.515625	-20776.566406	-5691.431152	370060.437500	360729.312500	-22477.599609	-129272.007812	-137097.203125	-87632.218750	146232.984375	158193.468750	-102825.789062	-112094.414062	-69769.054688	-78530.031250	-39605.496094	-11283.741211	31284.751953	44799.535156	-4848.993164	-10260.150391	-29634.410156	-21542.242188	41766.386719	17533.671875	-11969.965820	34425.304688	26077.613281	-29127.412109	33445.078125	114643.148438	33807.109375	-34067.324219	-25645.949219	9580.836914	25940.158203	2530.349854	1378.640015	4644.421387	-1032.740112	-498.585358	-0.000000	
-0.000000	-1.459793	-6.962381	-12.487681	-17.379618	-171.552902	1216.252930	-2925.217773	-991.005676	77529.914062	89039.976562	-6429.921387	-42297.246094	-50767.800781	-36410.859375	67694.570312	81119.093750	-58130.402344	-69594.914062	-47424.816406	-58301.019531	-32055.544922	-9943.927734	29996.468750	46723.593750	-5502.331543	-12676.695312	-39916.812500	-31691.890625	67271.843750	31014.992188	-23343.091797	74365.140625	62762.562500	-78657.890625	102217.375000	400767.281250	136963.375000	-162607.750000	-147286.906250	68048.531250	236431.203125	31167.445312	24777.941406	137834.578125	-63676.585938	-112810.265625	-85219.523438	-67227.351562	81699.406250	162519.484375	-17442.681641	-94305.414062	158815.578125	257260.843750	33531.085938	-50189.847656	-17943.625000	-4469.708984	14753.299805	-572.038208	-4942.274902	-266.163513	0.000000	
0.000000	-256.917755	-1128.726807	-1598.008301	-3243.860596	-2602.449219	-1091.003052	4223.325684	8135.624023	-1152.771973	-3129.029541	-11418.567383	-10369.450195	24911.109375	12886.613281	-10806.046875	38133.261719	35481.496094	-48835.519531	69481.242188	297531.281250	110854.195312	-143299.968750	-141221.750000	70971.085938	268287.187500	38508.230469	33375.273438	202775.484375	-102561.929688	-199548.031250	-166189.875000	-145223.734375	196630.875000	438880.000000	-53309.640625	-329671.031250	643412.500000	1227939.250000	192571.953125	-356476.718750	-163546.906250	-55055.398438	265157.250000	-16976.634766	-304730.312500	-60222.343750	60177.242188	-71845.046875	-80536.437500	79428.929688	175741.468750	139791.984375	221259.750000	120670.382812	-86603.554688	-84878.406250	-7301.439941	94282.929688	60086.441406	-10731.300781	-11942.300781	1922.453369	0.000000	
0.000000	156.816849	-792.040039	2341.212891	16554.599609	8999.766602	-15722.227539	-19883.187500	12357.656250	56207.800781	9505.110352	9547.299805	66347.265625	-37979.210938	-82911.460938	-76933.062500	-74468.421875	111161.132812	272482.937500	-36236.695312	-244749.125000	520759.500000	1082135.750000	184641.968750	-371786.718750	-185582.703125	-68022.445312	357160.218750	-24975.191406	-490819.781250	-106526.203125	117353.960938	-155198.828125	-193831.890625	214495.937500	537114.312500	488682.062500	896393.750000	575975.375000	-497371.718750	-602854.500000	-66548.867188	1161324.875000	1079918.125000	-318477.625000	-736337.187500	434975.625000	1412841.250000	1049227.125000	803831.937500	992017.937500	410038.781250	-135672.140625	111952.054688	-270980.437500	-176223.437500	-97824.945312	-63507.683594	53189.964844	-20937.212891	-51981.277344	-10682.693359	-1565.183228	-0.000000	
-0.000000	491.296600	4419.270996	-1221.017700	-13617.807617	42278.183594	118727.062500	25996.498047	-64736.394531	-38880.707031	-16790.199219	102168.929688	-8171.774902	-181753.093750	-44261.242188	54325.808594	-79583.492188	-109578.789062	133171.906250	365098.125000	362799.593750	725515.187500	507584.937500	-476890.312500	-628745.937500	-75515.453125	1434848.500000	1454622.875000	-468528.656250	-1185995.875000	769420.437500	2755236.250000	2266528.250000	1934630.750000	2678920.750000	1253191.500000	-474280.031250	453553.437500	-1293424.625000	-1012066.500000	-694808.187500	-578839.875000	655164.500000	-376299.125000	-1542671.625000	-658672.437500	-354139.437500	-272457.843750	-395381.593750	-632159.062500	-342932.468750	-169381.843750	-22841.718750	-44145.812500	-102444.273438	74233.281250	80228.257812	-23213.718750	-13769.852539	-15217.553711	-932.286133	-704.633423	97.056122	0.000000	
-0.000000	-484.303131	2159.851562	12302.204102	20186.119141	58901.398438	55689.937500	-67143.335938	-109478.757812	-15820.947266	354168.281250	416108.093750	-153300.562500	-439180.375000	319691.312500	1275461.250000	1162239.625000	1093702.875000	1663234.250000	851844.437500	-352107.468750	367093.062500	-1139845.500000	-970390.312500	-724648.875000	-656830.937500	809473.625000	-506865.593750	-2269503.000000	-1060903.500000	-626430.812500	-531330.562500	-854098.750000	-1521455.250000	-926080.937500	-517677.593750	-79849.640625	-178848.765625	-488979.750000	426328.156250	569826.500000	-211581.093750	-169609.406250	-273501.187500	-27667.875000	-43446.214844	21959.986328	101067.187500	-98261.703125	-190351.015625	-136192.468750	-55096.507812	-112754.101562	-109693.281250	-82397.757812	13713.529297	65824.593750	75899.210938	133550.375000	56432.226562	-7250.830078	-5455.918457	-2221.201416	-0.000000	
0.000000	4833.816406	26975.205078	28703.419922	-19591.208984	29802.677734	-125058.718750	-136625.218750	-126177.601562	-137610.078125	199804.984375	-144993.500000	-742571.562500	-392858.031250	-260279.656250	-245964.953125	-437968.250000	-860122.750000	-574966.437500	-351886.187500	-59280.699219	-144755.015625	-430919.062500	408772.281250	594299.500000	-240088.875000	-209557.046875	-368399.281250	-40703.621094	-69977.492188	38844.621094	197095.015625	-212263.781250	-458129.250000	-367784.500000	-168390.109375	-394163.593750	-444402.437500	-393295.187500	78757.992188	467523.531250	691782.250000	1644999.375000	1014241.812500	-215186.140625	-336400.468750	-502570.593750	-471457.812500	-296324.781250	-255941.296875	-185786.250000	-138699.437500	-98068.046875	-60648.214844	-35558.492188	-27080.906250	-20172.931641	-9433.306641	-4420.237793	-1065.197632	1495.792114	-217.636871	502.726959	0.000000	
-0.000000	-3801.467041	-9325.106445	-11857.020508	-3298.369873	-11752.025391	-47278.503906	57552.722656	103480.851562	-50300.082031	-51725.640625	-105383.960938	-13318.048828	-25913.025391	16139.793945	91239.750000	-108845.484375	-258993.765625	-228342.609375	-114461.500000	-292628.687500	-359686.468750	-346595.937500	75514.789062	487602.781250	784990.812500	2032441.750000	1366158.500000	-316571.281250	-541829.937500	-888988.000000	-919408.062500	-640117.312500	-615989.312500	-501711.343750	-423903.718750	-342824.375000	-245705.234375	-169725.296875	-155528.000000	-143279.578125	-85979.734375	-54446.035156	-19144.523438	44391.296875	-13419.032227	113747.343750	271817.937500	206532.609375	770439.687500	451272.718750	-267836.250000	-312446.687500	1378196.375000	1396133.375000	1354827.125000	1780777.625000	300193.906250	-5121.778809	-131441.250000	-80650.593750	37383.718750	13633.066406	0.000000	
-0.000000	-1144.669434	-3703.380127	-3856.850098	-16281.818359	-29201.369141	-38026.945312	10632.036133	84902.570312	164460.359375	501674.125000	390802.062500	-103580.757812	-200642.421875	-369371.187500	-425614.843750	-328241.968750	-348236.625000	-311492.406250	-288144.312500	-254514.218750	-198866.718750	-149572.375000	-149123.468750	-149433.171875	-97564.375000	-67269.562500	-25787.197266	65306.296875	-21613.625000	201205.609375	530082.625000	446149.343750	1854263.500000	1218651.250000	-818581.437500	-1092245.125000	5583512.500000	6663925.500000	7780889.500000	12648091.000000	2736113.000000	-63087.230469	-2362359.500000	-2393503.750000	2305001.500000	3084627.250000	2409099.750000	5614899.500000	546953.812500	-1165577.875000	-1816294.250000	-1716439.250000	-33938.664062	640599.437500	399048.875000	1183328.375000	172885.281250	-229400.687500	-249952.171875	-179137.875000	-20316.576172	7549.717285	0.000000	
-0.000000	-1539.094360	-5051.946777	-9709.199219	-14161.135742	-16145.117188	-16410.408203	-20995.703125	-26019.662109	-20440.332031	-16604.363281	-7376.661621	21367.939453	-8003.636719	83600.179688	245387.281250	228778.281250	1048268.937500	756611.562500	-556422.562500	-810887.250000	4519133.500000	5872661.500000	7460478.000000	13191303.000000	3104768.250000	-77945.992188	-3182039.750000	-3521205.500000	3712595.750000	5456341.000000	4698078.000000	12129240.000000	1316386.625000	-3147615.250000	-5551095.500000	-6000295.000000	-137496.343750	3057664.000000	2291772.250000	8404668.000000	1575760.375000	-2825630.500000	-4492326.000000	-5316355.500000	-1252677.375000	1708204.250000	123267.148438	2544984.250000	928690.312500	-1597481.750000	-1273969.000000	-1714321.125000	-686187.312500	209327.218750	-88040.429688	524384.125000	171454.890625	-280878.000000	-130040.851562	-124274.851562	-38912.031250	-2463.415039	-0.000000	
0.000000	4633.013184	12271.123047	-18748.998047	-45117.652344	366888.656250	644322.000000	1050391.250000	2296901.250000	650467.875000	-19239.660156	-910251.375000	-1152123.250000	1374793.250000	2267089.250000	2174847.000000	6219681.500000	744191.562500	-1954227.750000	-3773302.000000	-4454643.500000	-111285.562500	2694601.750000	2197398.750000	8765633.000000	1788073.375000	-3491143.500000	-6051051.000000	-7821161.000000	-2017649.250000	3021611.500000	240388.015625	5497645.500000	2235134.750000	-4313961.500000	-3893600.250000	-5992890.500000	-2779963.500000	999145.937500	-505623.812500	3724472.750000	1562723.125000	-3459699.500000	-2337190.750000	-3688160.500000	-2399234.000000	-557374.000000	-742219.750000	1471791.875000	450038.875000	-1188859.375000	-656867.500000	-1197147.875000	-786556.562500	-312293.875000	-231639.656250	135734.546875	928.536621	-113068.523438	-44914.347656	-51715.957031	-20219.494141	-3742.478271	-0.000000	
0.000000	3289.088135	-31694.687500	-127143.718750	-247855.750000	-9034.787109	295639.593750	309380.750000	1526293.125000	374612.250000	-861730.187500	-1730958.125000	-2559050.250000	-747145.875000	1255468.250000	111281.070312	2819105.000000	1263586.500000	-2678365.250000	-2646636.000000	-4449146.500000	-2250022.000000	880508.875000	-484802.593750	3884432.000000	1773279.500000	-4274553.000000	-3148137.750000	-5425841.000000	-3864373.000000	-985928.750000	-1447431.250000	3179347.500000	1083135.625000	-3210486.250000	-2007568.000000	-4184966.250000	-3186591.250000	-1490619.125000	-1330326.625000	964063.625000	8463.133789	-1392715.375000	-807233.937500	-1534797.625000	-1246691.500000	-846775.687500	-671369.625000	-191453.015625	-112561.804688	-298102.093750	-165783.437500	-149108.609375	-116989.929688	-73920.835938	-63226.703125	-40353.000000	-17831.580078	-12112.111328	-6833.110352	-3687.766113	-1302.322144	-335.395355	-0.000000	
0.000000	5584.647949	-43439.128906	-89180.015625	-247549.906250	-182669.437500	96605.476562	-68257.335938	676366.625000	371512.843750	-1055101.750000	-900553.437500	-1775311.750000	-1430997.125000	-409649.718750	-670048.750000	1630318.875000	612328.000000	-1993261.875000	-1364624.375000	-3106936.250000	-2579135.000000	-1313625.375000	-1275544.750000	1005468.375000	9603.429688	-1720737.875000	-1087324.125000	-2257919.000000	-2008008.000000	-1497846.125000	-1309263.875000	-413574.593750	-270909.281250	-805017.625000	-506679.906250	-521251.000000	-473963.468750	-352833.718750	-363116.468750	-286609.875000	-162525.671875	-149190.265625	-122809.726562	-109443.492188	-80298.453125	-75886.781250	-67483.640625	-40557.851562	-25975.945312	-22791.923828	-17010.148438	-10104.918945	-2196.457031	-5618.993164	-6059.346680	-4364.362305	-2967.821045	-1550.233276	-780.986084	-270.031830	-39.625568	-33.168900	-0.000000	
0.000000	2706.293701	-32327.765625	-45981.851562	-172869.484375	-209388.656250	-144125.062500	-179589.156250	175074.562500	2011.976929	-424735.250000	-311038.937500	-738781.375000	-743575.687500	-622349.500000	-606087.937500	-212074.468750	-153152.875000	-499803.093750	-344410.593750	-386978.875000	-383612.343750	-310938.812500	-348163.593750	-298919.218750	-184423.875000	-184328.656250	-165421.656250	-161007.890625	-129334.257812	-134234.750000	-131602.453125	-87612.593750	-62517.871094	-61549.050781	-51987.703125	-35324.578125	-8898.547852	-26820.181641	-34799.355469	-30998.171875	-27050.162109	-19094.914062	-14036.460938	-8013.855957	-2443.229248	-7504.817871	-6928.025391	-1672.405884	1015.970093	-2194.934082	-3161.895508	-1294.698608	785.264832	-313.692108	-211.065079	-135.083710	279.386536	-165.416763	-429.533875	-62.497456	113.563690	4.426248	-0.000000	
-0.000000	-676.886658	-8106.068359	-11605.125977	-21531.451172	-31143.804688	-34114.804688	-49019.375000	-52048.531250	-38637.925781	-45498.433594	-47320.367188	-52681.089844	-47893.140625	-55774.039062	-60921.757812	-44926.343750	-35343.167969	-38213.332031	-35338.121094	-26225.113281	-7202.227539	-23635.593750	-33366.343750	-32329.486328	-30694.816406	-23592.287109	-18906.763672	-11789.591797	-3935.234619	-13275.135742	-13510.608398	-3612.711670	2445.196289	-5927.367188	-9663.624023	-4525.981934	3181.357910	-1497.293091	-1212.165161	-959.440918	2546.464600	-2037.511963	-7719.901367	-1854.765015	7002.098633	1001.485901	-1781.359253	-1124.684326	-1432.462769	-1400.162476	-2464.234619	-495.207916	1948.699707	-235.149017	-1021.424744	22.172506	275.790009	-185.880783	-148.576843	10.431400	64.824966	-2.636484	-0.000000	
-0.000000	-156.205475	-619.763794	-1190.739624	-1459.161621	-584.717285	-2593.191162	-4697.783691	-5629.287598	-6430.750977	-5823.359863	-5408.451660	-3857.503662	-1457.237671	-5515.769531	-6254.367188	-1852.541016	1382.340454	-3680.063721	-6568.751953	-3360.107666	2574.899170	-1319.506836	-1162.249023	-1000.647156	2889.567139	-2517.401611	-10398.515625	-2728.639404	11278.066406	1771.510254	-3473.897217	-2429.530029	-3447.594238	-3781.105713	-7531.380371	-1731.138184	7894.803223	-1122.396606	-5866.130859	157.481689	2513.683838	-2289.576416	-2670.333252	309.577332	3996.971191	-596.532715	-2976.563965	-30.074894	2606.304443	-417.791016	-2278.528564	-1069.131958	-551.003357	-927.484985	400.561951	2264.135986	616.805115	-580.805969	201.887299	452.930725	36.552097	-57.431957	0.000000	
-0.000000	6.109502	-59.685204	-221.338120	-186.955917	209.044785	-144.770355	-163.637787	-174.235077	605.381958	-621.378357	-2974.589844	-892.799011	4176.326172	736.055908	-1608.145874	-1245.824341	-1949.025024	-2347.536377	-5119.380371	-1285.204102	6389.825684	-989.125061	-5624.567871	164.245239	2852.369873	-2828.834229	-3596.872314	455.434998	6437.799316	-1055.195923	-5804.711914	-64.967438	6272.749512	-1128.234741	-6963.811523	-3737.450928	-2232.290039	-4427.005859	2300.462158	16081.175781	5621.861328	-7154.045898	3628.468262	13441.829102	2253.725586	-12994.594727	32707.750000	62404.636719	44829.437500	192392.093750	162321.140625	-34966.808594	-61045.191406	-35911.214844	-24927.644531	-13622.360352	-8505.476562	-5785.608887	-2925.609131	-456.305634	107.043251	62.925694	-0.000000	
-0.000000	-8.614066	-38.073574	-172.500656	-71.508575	518.761963	-108.522354	-791.905945	28.598774	597.588867	-698.250244	-1028.917969	149.016373	2383.950195	-438.429932	-2687.132812	-33.314266	3546.167236	-700.475525	-4733.581055	-2774.698975	-1806.751099	-3901.350342	2205.730713	16771.832031	6379.333496	-8839.018555	4887.456543	19774.958984	3630.006836	-22985.902344	63784.640625	134805.765625	107893.703125	519550.281250	496098.156250	-122236.289062	-247313.515625	-171408.875000	-143161.625000	-96753.710938	-77523.039062	-71263.921875	-52581.218750	-13541.987305	6600.061523	14237.611328	-818.897339	5579.691406	32109.199219	14276.654297	-7587.046875	-13037.423828	-12668.813477	-9115.454102	2066.297607	10375.916016	3304.935547	-2369.296387	-452.958069	-358.545013	-525.302979	-52.886250	0.000000	
-0.000000	15.672923	-11.360680	-159.500916	-154.383865	-146.682205	-428.038605	310.553833	2920.351807	1336.509155	-2181.763428	1398.101318	6470.281250	1344.210205	-9550.556641	29527.357422	69126.250000	60995.441406	322567.875000	337217.750000	-90748.726562	-200168.406250	-151056.046875	-137266.328125	-100909.109375	-87968.250000	-88048.523438	-70825.593750	-19922.308594	10630.517578	25184.652344	-1596.963257	12053.184570	77279.140625	38553.765625	-23188.107422	-45575.972656	-51325.402344	-43509.242188	11866.926758	73695.632812	30122.785156	-29183.677734	-8140.898438	-10640.701172	-32389.076172	-11966.079102	325.696320	-7264.113281	-16993.902344	5907.047852	13548.115234	-8652.585938	-9533.424805	-4528.890625	-1313.502930	-153.103607	-1678.017578	-179.791443	238.095963	-289.608093	83.024902	85.131737	0.000000	
0.000000	269.580322	5231.574707	11362.758789	-5049.246094	-16250.796875	-16573.189453	-19326.289062	-17570.535156	-18429.884766	-21733.298828	-20260.304688	-6518.493164	3936.535400	10464.128906	-739.270508	6180.681152	43688.140625	23936.482422	-15761.883789	-33835.789062	-41541.296875	-38343.023438	11378.254883	76860.718750	34181.433594	-36057.230469	-10965.587891	-15654.078125	-52168.097656	-21166.580078	635.152954	-15691.852539	-40900.246094	15951.842773	41406.773438	-30247.541016	-38622.941406	-21616.982422	-7543.561523	-1087.428467	-15294.266602	-2214.571289	4279.237305	-8594.829102	5119.141113	19261.964844	7448.915527	-2892.605713	-5062.288086	-3311.933105	-2066.627930	1876.194946	3861.756836	-1677.323120	1107.752197	5186.473145	3304.751221	628.099915	-1091.547607	713.763855	288.443298	-6.616379	-0.000000	
0.000000	193.087601	388.214417	-531.106323	-1882.618530	-3372.555908	-4206.823730	1601.991089	13383.172852	7161.218750	-8900.122070	-3136.806152	-5121.946777	-19318.115234	-8794.634766	294.026703	-8046.532227	-23122.095703	9903.857422	28145.841797	-22455.900391	-31260.292969	-19050.214844	-7232.922852	-1134.131470	-17354.968750	-2736.163330	5764.026367	-12644.291992	8245.244141	34072.140625	14526.417969	-6248.573242	-12183.713867	-8943.796875	-6316.184570	6558.766113	15645.208008	-8006.080566	6361.916992	36837.269531	30121.105469	7736.586426	-19618.103516	21182.689453	17784.808594	-1497.026489	-91281.539062	115448.539062	569068.750000	555863.500000	697492.875000	203289.468750	-501360.312500	-15573.269531	2056938.250000	1822368.750000	982533.312500	79321.406250	-317677.062500	-120066.187500	-38442.222656	24391.201172	0.000000	
-0.000000	-102.192261	160.625946	948.391357	-1249.443115	-2537.886230	-2090.104004	-1018.352844	-197.477692	-3635.971436	-675.375977	1648.852173	-4137.157715	3053.256348	14156.846680	6724.608398	-3204.168945	-6887.806641	-5552.843750	-4293.363281	4869.254883	12662.779297	-7055.451172	6099.937988	38419.359375	34179.531250	9558.763672	-26425.097656	31162.935547	28645.447266	-2648.062988	-178011.640625	249390.593750	1369612.125000	1501096.125000	2131730.500000	710655.375000	-2031170.375000	-74333.234375	11813175.000000	12943495.000000	8955286.000000	977037.125000	-5709528.000000	-3563258.000000	-2370266.750000	5518770.000000	6877664.000000	4637836.000000	663987.312500	-4159256.250000	-2984284.250000	-2516811.750000	-382377.718750	2042957.750000	1449587.000000	768223.812500	-434027.125000	-559563.312500	-303255.875000	-191369.062500	14066.516602	25090.111328	0.000000	
-0.000000	-30.441898	-90.058922	-144.667511	270.924652	1028.035522	-774.092346	858.835205	6689.671387	7160.819824	2359.420410	-7559.139160	10196.377930	10607.556641	-1100.260254	-82405.632812	127883.531250	774281.437500	931970.187500	1449022.500000	527593.500000	-1643970.500000	-65507.023438	11326717.000000	13499394.000000	10161893.000000	1207156.000000	-7690592.500000	-5242090.500000	-3817716.000000	9762052.000000	13412397.000000	10018599.000000	1598058.250000	-11231973.000000	-9120795.000000	-8798222.000000	-1549133.875000	9751302.000000	8325104.000000	5456360.500000	-3955934.000000	-6892390.500000	-5450339.500000	-5679345.500000	867311.812500	5676906.000000	3290928.250000	1845983.500000	-1933885.875000	-2343875.000000	-2131797.250000	-2031365.375000	-302381.468750	420099.406250	-107358.117188	23874.626953	-268266.843750	-261680.937500	-111216.710938	-57240.101562	-14642.400391	2775.695801	0.000000	
0.000000	3422.075928	15115.180664	48825.699219	29355.228516	-133466.765625	-7187.135742	1594734.750000	2350546.750000	2128978.500000	297966.187500	-2199963.750000	-1715189.375000	-1413719.875000	4056096.000000	6208903.000000	5137378.000000	903428.687500	-6973480.000000	-6199769.500000	-6531836.000000	-1253824.250000	8593448.000000	7982282.500000	5690701.000000	-4488944.000000	-8515737.000000	-7341472.000000	-8355174.500000	1396952.750000	10041776.000000	6417766.000000	3987672.250000	-4654399.500000	-6329579.000000	-6515360.000000	-7101207.500000	-1225043.625000	2005188.750000	-616566.937500	169571.125000	-2445114.250000	-3223240.500000	-1998869.250000	-1698740.250000	-902819.687500	628030.875000	41841.214844	813554.000000	1853856.375000	-324628.281250	-313450.375000	-358682.062500	-473817.906250	7028.166504	-118930.539062	408606.625000	389174.687500	-99202.031250	-19849.869141	-22592.726562	-18625.044922	-762.759949	-0.000000	
0.000000	3992.865479	-113099.554688	-208905.031250	-363430.437500	-101792.492188	942834.437500	1123858.125000	990878.562500	-940461.125000	-2101966.750000	-2100094.750000	-2733777.000000	517298.781250	4172320.250000	2970929.500000	2044814.750000	-2631267.000000	-3929781.000000	-4428751.000000	-5271966.000000	-991514.875000	1767095.750000	-591177.187500	176853.875000	-2774561.250000	-3982401.750000	-2692427.250000	-2499103.250000	-1454144.000000	1110912.375000	81596.164062	1757429.875000	4461788.000000	-876650.937500	-957990.750000	-1253873.750000	-1919587.250000	33546.347656	-683028.437500	2902155.750000	3547126.750000	-1221915.500000	-356756.562500	-670494.500000	-1148381.125000	-172582.593750	-426394.343750	606256.125000	1642658.250000	-398354.000000	-379853.062500	-203400.515625	-423328.125000	-63731.449219	-14228.376953	24748.472656	391234.125000	27698.203125	-69412.710938	-7030.279297	-17992.326172	-2541.550537	0.000000	
0.000000	-11629.357422	-63735.246094	-149229.468750	-293331.437500	-80496.750000	193877.812500	-83234.250000	30794.222656	-581287.437500	-982989.062500	-770193.250000	-817695.812500	-538477.000000	461579.937500	37772.714844	901182.062500	2522378.000000	-544277.312500	-651184.625000	-930881.062500	-1553658.500000	29563.109375	-654901.812500	3026797.750000	4025055.500000	-1509710.000000	-480542.250000	-986398.625000	-1849662.375000	-305278.218750	-831528.000000	1309627.500000	3953484.500000	-1075745.500000	-1160935.625000	-711043.625000	-1715037.125000	-304198.468750	-81714.804688	175777.656250	3565897.750000	341171.093750	-1247536.750000	-208640.750000	-1109369.000000	-575053.000000	255776.500000	-236689.203125	1508065.750000	1095184.625000	-603343.500000	-124138.367188	-346360.000000	-336462.843750	-1597.098145	-44681.398438	49937.769531	247176.062500	-21502.439453	-35732.195312	-10830.990234	-4890.646973	-0.000000	
0.000000	11148.103516	-8827.375000	-21942.064453	-51794.093750	-126134.726562	3243.531250	-92206.304688	527033.312500	843273.687500	-372646.593750	-137463.468750	-322745.375000	-684939.500000	-126841.960938	-384933.187500	671556.125000	2235019.500000	-667887.125000	-789134.375000	-527881.687500	-1388101.500000	-268078.406250	-78349.851562	183326.984375	4046355.750000	421526.218750	-1680401.000000	-306942.062500	-1786826.750000	-1017200.750000	498799.625000	-511293.250000	3629552.500000	2957520.250000	-1843984.000000	-433960.500000	-1403214.750000	-1605980.750000	-9172.273438	-317352.593750	455157.093750	3044577.750000	-386457.812500	-1060440.500000	-667816.125000	-1106561.125000	-422155.343750	112617.875000	-296168.937500	966342.250000	769164.562500	-498693.437500	-162744.453125	-272654.593750	-243533.546875	-8486.211914	17583.353516	-24568.273438	137836.109375	19001.632812	-18247.076172	-1325.372681	-0.000000	
0.000000	9878.070312	-10832.142578	-26590.367188	-29371.263672	-112693.882812	-29412.357422	-11031.195312	31921.333984	847736.187500	104046.671875	-480693.968750	-100430.117188	-661671.187500	-422643.093750	230905.656250	-262183.031250	2051891.375000	1836205.375000	-1253429.750000	-322174.062500	-1135721.500000	-1415289.125000	-8794.565430	-330982.281250	516483.531250	3761658.750000	-520549.062500	-1560068.000000	-1075631.000000	-1957376.000000	-823261.437500	243275.828125	-712807.562500	2609584.250000	2350779.000000	-1743322.875000	-659329.625000	-1301415.750000	-1398634.250000	-60273.882812	160263.218750	-302618.375000	2477292.750000	563920.000000	-1125076.375000	-299879.750000	-849894.750000	-585633.062500	-10113.773438	-72470.000000	96194.968750	989347.625000	2849.722900	-240686.359375	-52511.015625	-191687.562500	-94433.578125	5385.864746	-6614.336426	5965.393555	33833.835938	-706.241943	-0.000000	
-0.000000	9068.702148	29780.541016	-42235.082031	-17925.718750	-92204.250000	-155279.156250	-1238.222778	-57631.429688	108206.445312	928502.375000	-148907.781250	-510447.500000	-398311.687500	-813282.375000	-381106.375000	124747.968750	-402970.812500	1620185.875000	1597918.500000	-1294250.125000	-533642.375000	-1146887.625000	-1341039.500000	-62862.535156	181856.578125	-373893.250000	3336851.750000	829611.437500	-1812126.250000	-530451.812500	-1657412.500000	-1265077.750000	-24341.425781	-195703.515625	293998.343750	3458542.250000	11545.135742	-1148827.125000	-301575.312500	-1361473.625000	-860713.500000	66340.093750	-118877.757812	177037.671875	2086123.250000	-159794.796875	-775632.000000	-261990.265625	-489371.312500	220510.671875	1230185.000000	755956.500000	1701058.125000	1153891.000000	-117487.335938	-118218.203125	-444365.437500	-344288.843750	-145234.000000	51477.222656	25855.117188	16009.672852	0.000000	
0.000000	-1781.001953	26277.023438	53842.843750	-72011.890625	-43324.085938	-125831.359375	-188810.437500	-10945.775391	38100.062500	-92289.273438	954536.750000	271445.281250	-671039.687500	-220400.750000	-767253.875000	-648711.687500	-13760.915039	-121504.445312	199842.437500	2567636.000000	9344.298828	-1012417.250000	-289156.656250	-1419946.375000	-976683.312500	81965.000000	-160125.390625	260449.140625	3360055.000000	-282658.093750	-1512589.875000	-565948.312500	-1177799.375000	595483.812500	3759784.500000	2642658.250000	6891528.500000	5507671.000000	-674740.000000	-839652.562500	-4050162.250000	-4240759.000000	-2610253.250000	1527712.625000	1594172.250000	3622359.500000	2912396.500000	-829940.437500	-677758.500000	-1633343.375000	-1560395.000000	-1195898.000000	239611.968750	738936.312500	825357.500000	1072379.500000	21191.388672	-134864.781250	-154516.406250	-122852.781250	-49819.117188	-2069.600830	0.000000	
-0.000000	-60.818836	-1970.622803	6733.812988	142862.906250	758.622681	-111077.867188	-40711.550781	-247244.468750	-204621.109375	20231.683594	-45805.320312	85217.835938	1244245.625000	-117443.382812	-700212.187500	-290209.281250	-665844.187500	369711.968750	2555676.000000	1961920.250000	5577804.000000	4853699.000000	-646954.687500	-875714.125000	-4595868.500000	-5239573.500000	-3515946.250000	2247496.000000	2567684.500000	6407526.000000	5679576.500000	-1792827.750000	-1631202.250000	-4410805.000000	-4768997.000000	-4180596.750000	970744.437500	3527038.750000	4740100.000000	7616646.500000	193148.593750	-1661189.500000	-2777083.500000	-3645957.250000	-3071742.250000	-468269.281250	2769450.500000	2260666.500000	4284966.500000	1481614.750000	-784466.750000	-1063095.250000	-1579724.875000	-1060656.000000	-566483.937500	564304.125000	550917.187500	557737.375000	351908.500000	-37598.554688	-34633.480469	-17937.970703	-0.000000	
-0.000000	-2942.817871	5996.182129	86115.070312	109160.968750	452837.468750	532526.000000	-91087.398438	-152481.437500	-962862.437500	-1293300.875000	-1005768.375000	735370.937500	950826.750000	2662303.250000	2629204.750000	-919333.500000	-922165.937500	-2738491.500000	-3241678.250000	-3103692.250000	785692.500000	3108243.750000	4544906.000000	7943767.000000	219172.828125	-2052445.000000	-3740662.500000	-5363753.500000	-4947561.500000	-828313.062500	5400812.000000	4883465.500000	10312886.000000	4001065.500000	-2397546.750000	-3716347.750000	-6399968.500000	-5062648.500000	-3253366.250000	4008007.500000	5021326.500000	6869899.500000	6324760.500000	-1115829.250000	-2135427.500000	-4058657.750000	-3511017.500000	-2523447.250000	-310518.250000	2338768.250000	1868101.375000	2705128.750000	762999.625000	-620713.000000	-809474.875000	-959655.937500	-483742.281250	-206729.890625	133078.187500	172607.093750	66095.492188	23995.199219	0.000000	
-0.000000	-4075.677979	-44414.289062	-109230.328125	-172689.000000	63786.933594	341022.531250	639895.875000	1383187.750000	45918.042969	-506611.593750	-1070050.500000	-1754997.000000	-1832107.375000	-344160.968750	2500158.500000	2504163.250000	5830174.000000	2484100.750000	-1629708.375000	-2759031.750000	-5179949.500000	-4461517.500000	-3119395.000000	4180144.000000	5697884.500000	8487949.000000	8519295.000000	-1641553.250000	-3439468.000000	-7179286.000000	-6846970.500000	-5451121.000000	-747342.937500	6315788.000000	5709433.000000	9456537.000000	3091154.750000	-2962743.500000	-4648884.500000	-6816020.000000	-4409062.000000	-2546384.000000	2391780.000000	5122538.500000	4075309.000000	5429170.500000	287748.031250	-1768994.375000	-2880648.500000	-3091745.250000	-1730231.125000	-867203.750000	919501.812500	1445578.625000	1132314.125000	1052520.375000	-88329.820312	-227197.812500	-278108.968750	-184705.734375	-56208.667969	-8684.537109	0.000000	
0.000000	25767.500000	40288.445312	-54914.023438	-153512.140625	-420537.406250	-489497.656250	-439192.375000	727856.687500	1193741.500000	2095107.625000	2437021.750000	-537109.125000	-1273652.625000	-2982966.500000	-3169618.000000	-2795248.250000	-422494.656250	3921218.750000	3880930.000000	7020571.500000	2501891.250000	-2610952.000000	-4457447.000000	-7108755.500000	-5003125.000000	-3146127.000000	3221668.250000	7536027.500000	6563976.000000	9603561.000000	561148.500000	-3821361.000000	-6933030.500000	-8349184.500000	-5288063.000000	-3031554.000000	3725195.000000	6899934.000000	6502978.500000	7475596.000000	-805080.812500	-2798496.750000	-4998380.500000	-5481595.000000	-3465708.500000	-1964969.500000	2220832.250000	3267733.000000	3851614.250000	3169172.750000	-835258.125000	-1205622.625000	-1817393.500000	-1496657.125000	-843039.312500	-451619.156250	233012.640625	309015.125000	296101.156250	157307.296875	-28452.218750	-9666.357422	-0.000000	
-0.000000	-1867.291016	63596.378906	130770.312500	390623.625000	203117.593750	-286461.906250	-627582.187500	-1237793.500000	-1048185.187500	-776568.625000	921587.500000	2465755.500000	2430674.000000	3990243.500000	259768.375000	-1959533.125000	-3919443.250000	-5183673.000000	-3594508.250000	-2250638.250000	3015065.000000	6080646.500000	6235190.500000	7796658.500000	-913554.875000	-3457619.000000	-6732694.500000	-8064253.500000	-5582111.000000	-3475798.750000	4330930.500000	7058918.500000	9269912.000000	8558276.000000	-2552779.000000	-4214592.500000	-7362840.500000	-7143738.000000	-4841648.000000	-3207655.000000	2123790.250000	3806277.000000	5321749.500000	4668479.500000	-1754304.000000	-2187116.750000	-3196153.500000	-2936580.750000	-1844636.375000	-1259481.500000	267409.031250	743345.187500	1024860.562500	1013996.687500	-279353.468750	-304341.812500	-310331.937500	-258365.515625	-124116.882812	-62584.375000	-6720.734375	1669.161987	0.000000	
-0.000000	-17322.683594	-84071.523438	-121119.156250	-125225.195312	244779.921875	667141.187500	877877.937500	1357572.875000	-191395.312500	-853455.250000	-1925948.375000	-2638589.000000	-2067084.375000	-1444181.375000	2004885.875000	3619701.250000	5240550.000000	5313489.000000	-1735226.000000	-3128930.750000	-5959270.000000	-6295502.000000	-4642272.500000	-3345417.750000	2409943.250000	4702759.000000	7168264.500000	6868038.000000	-2825603.750000	-3868751.000000	-6232942.000000	-6343567.500000	-4439597.500000	-3401199.750000	817275.750000	2598571.500000	4152036.750000	4839937.500000	-1604351.250000	-2161607.750000	-2828515.750000	-3182403.000000	-2230720.750000	-1857344.625000	-414386.343750	377665.750000	867369.062500	1866195.250000	-22975.103516	-440681.375000	-424527.156250	-735871.125000	-465295.843750	-320232.281250	-149464.406250	-39502.042969	-28951.453125	71515.843750	24686.177734	-15209.541016	-4421.380371	-2416.145996	-0.000000	
0.000000	23161.552734	86176.953125	-58469.503906	-174093.265625	-483807.031250	-690714.187500	-653604.500000	-582512.187500	504897.781250	1160797.125000	2050547.125000	2247192.250000	-1046335.625000	-1607451.625000	-2885370.250000	-3252880.500000	-2509833.250000	-2111668.250000	555535.000000	1929190.250000	3360538.500000	4265251.000000	-1538285.250000	-2254444.750000	-3209621.000000	-3931946.000000	-3004725.500000	-2732434.250000	-667439.437500	668046.062500	1691489.875000	4031333.250000	-55295.562500	-1190049.500000	-1297472.000000	-2572444.000000	-1885061.625000	-1528510.125000	-858387.062500	-280565.875000	-263877.593750	880892.437500	443678.312500	-451380.375000	-272613.031250	-546678.875000	-465865.406250	-291405.656250	-200881.968750	-99658.312500	-86617.406250	-11996.245117	52408.648438	-22647.869141	-23888.345703	-12349.040039	-21622.720703	-11826.390625	-5235.204590	-2515.724854	-1009.844727	-159.777145	0.000000	
-0.000000	-11092.659180	-34248.140625	18719.091797	107339.875000	272827.406250	467964.156250	-216581.468750	-392549.343750	-672435.187500	-970534.875000	-859529.000000	-894040.687500	-247156.265625	277570.656250	783029.000000	2067203.500000	-31260.185547	-738853.937500	-881943.687500	-1909793.000000	-1525714.375000	-1347017.250000	-823039.250000	-292615.656250	-299431.656250	1088366.625000	597623.687500	-664048.687500	-439089.468750	-967010.312500	-908502.062500	-629491.125000	-483474.718750	-269124.906250	-264726.687500	-41936.242188	212324.125000	-108101.210938	-137192.843750	-87709.875000	-197079.984375	-145670.921875	-94090.976562	-74660.296875	-62264.902344	-36151.289062	42157.156250	23582.958984	-33617.855469	-13276.279297	-5365.854492	-14896.203125	-8436.780273	-2279.052002	-3072.350830	-1190.745239	728.252136	-1108.760864	-1208.595459	-518.305359	-31.180798	-10.521826	-0.000000	
0.000000	-138.160004	-11983.120117	-29717.630859	-106260.617188	-123866.070312	-147788.671875	-115879.070312	-50950.941406	-62732.753906	268645.062500	170955.671875	-217273.859375	-162597.093750	-401789.156250	-420566.218750	-322793.031250	-273322.281250	-167088.828125	-179945.312500	-31133.638672	171849.015625	-95265.445312	-131543.343750	-91476.851562	-223633.921875	-179980.390625	-126738.210938	-109836.562500	-100288.179688	-63947.355469	82212.296875	50943.632812	-80910.109375	-35852.277344	-16399.531250	-52073.859375	-34180.085938	-10878.210938	-17644.777344	-8457.346680	6637.643555	-13657.101562	-21721.773438	-15381.980469	-1922.542480	-2380.675537	-9638.877930	-6902.655762	-4527.754395	-1011.247437	-187.746277	-569.455872	147.306046	-1284.212036	-1308.436157	300.463837	807.776978	13.617364	171.558823	802.982605	205.899643	-53.466412	-0.000000	
-0.000000	-1207.996948	-2709.934326	-6063.367676	-1732.271240	13951.667969	-10452.095703	-18520.525391	-15928.168945	-46852.667969	-44425.140625	-36254.617188	-35938.050781	-37137.226562	-26569.886719	38057.937500	26123.083984	-45740.832031	-22259.236328	-11147.416992	-38659.847656	-27664.375000	-9586.548828	-16918.177734	-8820.574219	7531.979004	-16873.722656	-29258.691406	-22629.214844	-3096.580322	-4211.133789	-18797.146484	-14911.037109	-10897.218750	-2730.849609	-573.804382	-1990.692749	596.783752	-6129.709961	-7514.462402	2134.064209	7362.471680	167.731140	3083.382324	23830.476562	12695.338867	-12097.347656	-3717.024902	5182.673828	-3217.769531	-3442.466797	-1440.828979	-2907.161621	-2031.073120	-1733.604126	-931.481323	-184.254379	118.201111	879.820801	415.912872	4.281174	37.579170	4.467524	0.000000	
0.000000	-202.159836	-361.011963	-375.619049	-2151.028564	-2245.949219	-1051.793091	-2381.979492	-1535.859497	1577.995483	-4164.995117	-8369.713867	-7404.181641	-1146.679688	-1749.710327	-8701.625977	-7646.142090	-6160.513672	-1695.474731	-390.037811	-1477.898560	483.019501	-5401.877930	-7205.022461	2225.718262	8354.467773	207.236404	4153.239258	35058.226562	20447.996094	-21398.779297	-7248.713379	11195.551758	-7744.399414	-9296.299805	-4403.570801	-10162.798828	-8228.524414	-8274.716797	-5349.578125	-1308.678955	1077.342285	10837.144531	7475.094727	127.054321	2317.052734	1010.824951	1250.785645	4941.259766	6771.581055	-674.167542	-2391.339600	3555.018799	5475.999023	3349.841064	1290.907349	-1804.117554	-1374.986816	-350.255585	681.812195	-22.272400	341.841034	426.495270	0.000000	
-0.000000	-27.227497	-27.498098	-13.142563	-82.230064	39.214237	-592.669739	-1014.424561	387.547424	1750.311890	51.152828	1188.071899	11470.900391	7571.998047	-8891.112305	-3355.593750	5740.900879	-4378.133789	-5771.698730	-2993.283203	-7544.903809	-6659.929688	-7292.189941	-5129.286133	-1364.884277	1222.500000	13389.587891	10068.766602	186.916092	3732.006104	1788.029907	2439.205322	10674.051758	16297.571289	-1820.573364	-7308.593262	12427.565430	22185.015625	15989.224609	7413.793457	-12813.864258	-12532.296875	-4314.254395	12254.034180	-660.988037	21077.199219	96499.117188	30909.498047	953.614258	45259.468750	-8030.365723	-8047.441895	2695.957520	29061.185547	64136.679688	52471.566406	99959.367188	22895.191406	-17400.779297	-7332.098145	-9959.337891	-2528.985352	-85.026863	0.000000	
0.000000	-19.349949	-93.608429	-100.860504	-419.797394	-540.690491	-800.066284	-722.173157	-237.656921	256.121216	3304.995117	2880.262207	61.158138	1381.981079	742.919739	1129.163452	5473.483887	9213.490234	-1130.320801	-4967.943359	9226.276367	17955.910156	14090.689453	7108.498535	-13364.196289	-14220.859375	-5330.378906	16505.880859	-972.413147	33948.402344	170695.531250	60277.804688	2059.986328	108928.687500	-21685.812500	-24595.199219	9424.475586	117736.117188	306132.687500	301348.750000	709968.062500	208677.890625	-214333.156250	-131777.906250	-295567.750000	-155931.921875	-19238.238281	199254.531250	625199.875000	620017.875000	1070047.125000	474617.093750	5203.936035	-146718.015625	-354624.968750	-187467.250000	-67202.906250	46807.597656	180640.953125	115130.632812	119572.406250	29868.517578	-1455.266357	-0.000000	
0.000000	40.720673	-18.332136	-167.397888	513.348694	1457.761719	1545.967041	1000.834595	-2327.005859	-2979.356689	-1315.714600	4721.656738	-318.169403	12571.267578	70923.359375	27903.962891	1056.328247	61580.550781	-13463.848633	-16718.341797	6996.770020	95292.210938	269782.968750	288939.437500	740459.875000	236794.500000	-264814.468750	-177501.562500	-434824.781250	-251154.781250	-34030.167969	388573.968750	1350549.500000	1492234.250000	2889636.750000	1450560.750000	18191.818359	-594401.437500	-1692670.875000	-1076640.625000	-477313.093750	426627.187500	2225035.250000	2069213.250000	3548604.000000	1841630.000000	-329269.593750	-673948.562500	-1642397.375000	-1136001.750000	-379675.625000	247122.140625	1585610.500000	1457712.500000	1505415.625000	711964.875000	-256041.656250	-264747.093750	-342268.343750	-192141.890625	-49005.328125	1472.002197	18396.712891	0.000000	
0.000000	272.166290	-218.363754	-563.334778	389.299286	7736.356934	29599.373047	40680.964844	128930.648438	49609.890625	-65365.003906	-50775.933594	-142272.781250	-93003.906250	-14139.408203	179879.703125	692540.312500	843603.312500	1794059.250000	986004.125000	13505.680664	-481091.343750	-1491685.875000	-1032305.375000	-497812.812500	484109.593750	2749091.750000	2787178.750000	5220532.500000	2966257.250000	-582439.000000	-1314293.125000	-3547887.750000	-2734083.750000	-1025305.062500	755273.375000	5542946.500000	5905657.500000	7185543.500000	4088876.250000	-1818552.750000	-2413033.750000	-4215871.500000	-3453316.750000	-1454353.125000	90760.562500	4162453.000000	5163445.000000	4849440.000000	3453288.250000	-1067305.000000	-1558736.500000	-2042580.875000	-1663470.375000	-865593.375000	-330376.031250	497088.968750	976330.750000	613408.312500	396558.656250	-32898.621094	-60053.273438	-18858.365234	-0.000000	
0.000000	3728.456543	29096.992188	33224.011719	751.454224	-39057.699219	-163661.062500	-145342.500000	-86680.359375	101423.906250	678567.125000	797297.812500	1708135.625000	1098420.375000	-242001.218750	-608416.062500	-1819300.375000	-1545656.875000	-636570.687500	513389.531250	4115106.250000	4779868.500000	6332343.500000	3920499.250000	-1896656.250000	-2738158.250000	-5208824.500000	-4651532.000000	-2139573.000000	146185.265625	7362887.500000	10069433.000000	10475704.000000	8311237.000000	-2882231.750000	-4763928.000000	-7140414.500000	-6739248.500000	-4131589.250000	-1897378.250000	3530607.250000	8898752.000000	7555623.000000	7127246.500000	-976347.187500	-3702758.750000	-4266906.500000	-4164983.250000	-2790917.750000	-1442469.750000	-260915.843750	2664838.500000	2642239.000000	2365521.500000	743169.000000	-901821.875000	-755259.437500	-714449.000000	-411409.687500	-181060.843750	-68081.906250	17855.998047	22990.646484	0.000000	
-0.000000	-6831.308105	-10324.236328	17298.974609	228963.937500	388056.593750	694756.250000	551983.125000	-330250.343750	-573660.812500	-1285710.875000	-1330612.875000	-700059.062500	54133.160156	3059252.250000	4661369.000000	5371774.000000	4698583.500000	-1789461.875000	-3238232.750000	-5301073.500000	-5454553.000000	-3641010.750000	-1819245.500000	3682240.250000	10097742.000000	9335179.000000	9600224.000000	-1436354.125000	-5963920.500000	-7547653.500000	-8122294.500000	-6028908.000000	-3471678.750000	-704597.062500	8144481.500000	9236688.000000	9583482.000000	3547241.750000	-5179241.500000	-5364280.000000	-6511834.500000	-5067516.500000	-3254159.750000	-2020497.250000	1100963.375000	5201880.000000	4358170.000000	4260243.000000	-455068.093750	-2051958.125000	-2152591.000000	-1966767.125000	-1216989.625000	-710943.062500	-449005.562500	469960.625000	752206.000000	509885.781250	316743.937500	-52556.187500	-40185.371094	-16244.507812	-0.000000	
0.000000	20766.232422	-29022.429688	-109114.234375	-294950.968750	-442831.250000	-399475.343750	-256139.031250	641160.500000	2115538.500000	2304232.250000	2746231.250000	-469968.875000	-2208470.500000	-3136022.000000	-3759994.250000	-3091528.000000	-1962640.625000	-437455.968750	5536130.000000	6857355.000000	7756593.000000	3126047.750000	-4965964.000000	-5594666.000000	-7389219.000000	-6261055.000000	-4383272.500000	-2972456.500000	1773288.000000	9201511.000000	8499035.000000	9202927.000000	-1095239.750000	-5541264.500000	-6578911.000000	-6875386.500000	-4930413.000000	-3393423.250000	-2578678.000000	3337926.250000	6855970.500000	6280490.000000	5692757.000000	-1559733.500000	-2477745.500000	-3675493.500000	-3385043.500000	-2360998.750000	-1338418.875000	-697446.687500	1607688.125000	2129610.000000	1852608.375000	1337500.500000	-386182.250000	-396206.531250	-576868.625000	-402744.656250	-199715.609375	-64141.371094	-18763.505859	11529.778320	0.000000	
-0.000000	-8674.243164	-7094.890137	186543.281250	381542.281250	629723.812500	342975.906250	-699178.375000	-974156.625000	-1548086.375000	-1545436.250000	-1253874.875000	-972574.937500	656657.687500	3823193.250000	3934396.250000	4719114.500000	-619170.812500	-3440348.250000	-4471949.000000	-5104315.000000	-3990533.500000	-2990493.500000	-2472489.750000	3481284.000000	7779723.000000	7759717.000000	7668002.500000	-2294603.500000	-3990829.000000	-6501514.000000	-6601304.000000	-5100202.000000	-3221253.250000	-1883438.250000	4913538.000000	7444649.500000	7505506.500000	6384063.000000	-2217878.250000	-2814083.000000	-5257861.000000	-4960785.500000	-3589437.250000	-1903552.250000	-1156918.250000	2608735.500000	3707075.500000	3524886.500000	3023072.000000	-710910.187500	-794622.562500	-1634556.750000	-1485989.625000	-956463.500000	-435385.281250	-220961.453125	368513.437500	431531.500000	237452.593750	165825.750000	-16401.082031	-6300.972168	-0.000000	
0.000000	-2736.536865	-55797.367188	-150685.062500	-284003.375000	-323973.937500	-328103.500000	-348111.968750	606169.562500	1629899.250000	1915355.875000	2193501.750000	-750784.375000	-1477824.500000	-2701354.750000	-3055893.250000	-2615302.500000	-1821068.000000	-1169351.125000	3339928.500000	5526938.500000	6074740.000000	5626029.500000	-2126547.500000	-2934942.750000	-5966288.500000	-6129185.500000	-4834882.500000	-2800412.750000	-1863413.000000	4614545.000000	7229311.000000	7614419.000000	7275809.500000	-1919796.125000	-2428585.500000	-5714052.000000	-6020217.500000	-4565324.000000	-2500455.500000	-1569393.250000	3358810.250000	5315366.000000	4267674.000000	4921285.500000	-1011256.312500	-1425662.375000	-2736632.750000	-3102604.000000	-2171811.000000	-1186111.375000	-608100.187500	794212.937500	1429971.625000	873666.437500	1174309.500000	-9020.748047	-162507.796875	-255293.046875	-273951.312500	-118117.750000	-33825.464844	-4705.574707	0.000000	
-0.000000	-8048.537109	-18965.148438	112540.937500	307518.093750	493181.531250	617262.625000	-299405.343750	-511039.250000	-1249973.750000	-1512886.625000	-1383062.125000	-916283.000000	-690031.437500	1917326.125000	3346612.000000	3904552.750000	4113226.000000	-1191924.250000	-1650806.750000	-4242135.500000	-4872590.000000	-4023244.500000	-2397488.500000	-1636795.875000	3811365.750000	6567279.500000	5748451.000000	7239953.500000	-1628799.625000	-2521828.250000	-5336813.000000	-6702209.000000	-5227028.000000	-3203065.750000	-1858521.875000	2776394.250000	5793270.500000	4170122.750000	6744161.500000	-64070.460938	-1481174.875000	-3144558.250000	-4923656.000000	-3505433.500000	-2085607.125000	-1064686.500000	1187965.750000	2309581.250000	1372135.875000	2550539.000000	148801.187500	-394324.625000	-639641.312500	-1143940.375000	-727021.937500	-386285.687500	-170703.296875	58348.964844	166341.937500	53187.042969	64999.890625	4571.361328	-0.000000	
0.000000	18179.142578	-19331.251953	-55624.945312	-236031.828125	-395584.218750	-441412.312500	-337552.218750	-285002.812500	798504.375000	1621022.750000	1644396.625000	2368881.500000	-603152.875000	-1047810.187500	-2470531.750000	-3436786.250000	-2954990.750000	-1988654.625000	-1263311.625000	2061206.500000	4688906.000000	3674969.000000	6466441.500000	-66822.164062	-1680743.750000	-3885187.500000	-6632042.500000	-5157022.000000	-3359223.750000	-1883304.625000	2316698.000000	4989130.500000	3302401.750000	6887670.000000	454777.437500	-1378472.250000	-2591390.750000	-5460175.500000	-4175350.250000	-2743619.750000	-1555872.750000	718710.187500	2989620.750000	1578455.750000	4007756.500000	1034319.437500	-784374.687500	-626732.750000	-2081524.875000	-1557025.375000	-1033983.062500	-734962.250000	46388.699219	513753.031250	218522.906250	647625.500000	141531.078125	-78852.632812	-27748.287109	-87136.726562	-32941.738281	-6075.406250	-0.000000	
-0.000000	-13060.112305	-32253.042969	-42568.058594	114685.242188	380671.718750	403201.062500	910436.812500	-11635.236328	-352126.062500	-958993.312500	-1897156.000000	-1687355.375000	-1243937.875000	-782506.062500	1072452.000000	2558346.750000	1866943.625000	4276277.500000	309130.437500	-1023383.500000	-2097396.750000	-4811843.000000	-4003412.250000	-2861453.000000	-1765506.125000	887986.062500	4026944.750000	2322146.750000	6455171.000000	1829588.875000	-1529639.250000	-1353860.875000	-5009731.000000	-4204710.000000	-3160137.250000	-2569266.750000	187935.406250	2452209.750000	1254996.000000	4599803.000000	1289983.000000	-971262.937500	-498712.812500	-2585995.750000	-2031118.375000	-1374625.625000	-1168329.500000	-123657.718750	594873.937500	216131.656250	1292659.375000	424534.250000	-197088.281250	53702.539062	-366471.875000	-277819.531250	-152231.609375	-122062.765625	-15284.258789	15546.226562	3044.720459	8458.413086	0.000000	
0.000000	8251.292969	69354.906250	10416.338867	-56940.917969	-170278.453125	-527933.750000	-563656.812500	-498243.062500	-369884.281250	219184.453125	1151944.125000	759796.375000	2390383.000000	760187.312500	-708104.687500	-694238.312500	-2832146.250000	-2610535.500000	-2148071.750000	-1907434.250000	152109.484375	2161038.250000	1203316.250000	4797356.000000	1463791.250000	-1200021.875000	-671753.750000	-3804390.250000	-3271460.250000	-2431550.250000	-2278404.500000	-267123.968750	1431718.875000	583658.375000	3950723.500000	1484078.625000	-798467.375000	256329.156250	-2104679.750000	-1973231.625000	-1387512.750000	-1503501.500000	-274700.031250	461372.375000	187731.062500	1913806.375000	680191.750000	-266667.718750	188636.328125	-627106.500000	-555979.250000	-349780.156250	-365831.187500	-49138.507812	97473.585938	35197.648438	242501.890625	59181.218750	-22377.068359	10661.942383	-12942.839844	-3722.587158	-0.000000	
-0.000000	-12517.179688	-42339.031250	-72380.593750	-106129.375000	12349.102539	237099.390625	169419.812500	835327.187500	306673.187500	-296205.250000	-192161.265625	-1244780.000000	-1211438.625000	-1010300.062500	-1054725.125000	-136976.906250	809392.250000	362370.031250	2685464.750000	1101786.125000	-646256.437500	225893.046875	-2018010.625000	-2057978.250000	-1574461.875000	-1857617.125000	-370014.125000	678748.375000	302372.687500	3385297.250000	1326468.125000	-576052.500000	454002.406250	-1693486.250000	-1699225.875000	-1222754.750000	-1482098.625000	-234544.468750	559799.312500	249993.625000	2210280.000000	728961.437500	-402177.281250	316419.250000	-798028.312500	-842275.187500	-552299.125000	-583539.875000	-78546.531250	191562.359375	48676.511719	590716.187500	163190.609375	-93456.835938	92061.250000	-114761.656250	-113331.171875	-48349.308594	-39875.898438	-677.973206	5357.655273	584.584351	0.000000	
-0.000000	3577.254395	5877.106934	90488.382812	61303.222656	-52466.730469	24783.968750	-284123.968750	-358340.125000	-329859.343750	-458521.593750	-105845.898438	222083.546875	111970.164062	1406578.375000	614052.187500	-295390.531250	256660.734375	-1051417.500000	-1155031.875000	-907778.125000	-1199567.750000	-206695.015625	536747.125000	260730.390625	2508086.250000	900651.750000	-541722.812500	465500.500000	-1285359.750000	-1489885.250000	-1077059.750000	-1260556.000000	-189042.671875	517309.593750	148768.828125	2065014.125000	661137.187500	-446081.593750	528715.750000	-815102.250000	-1032955.312500	-595540.000000	-716679.187500	-20120.515625	330341.781250	132268.453125	1103863.250000	299000.375000	-124762.242188	214407.921875	-332590.500000	-306486.250000	-154452.328125	-189853.031250	21631.652344	72902.164062	27603.857422	140823.781250	19477.513672	-6627.493652	4558.262695	-3034.553711	-0.000000	
-0.000000	1134.358154	-17052.439453	-38919.503906	-50508.648438	-97387.656250	-22677.648438	75570.828125	45399.000000	525459.312500	222310.765625	-154964.734375	152309.750000	-475975.343750	-619041.750000	-498595.406250	-646393.062500	-106871.304688	321176.718750	101124.125000	1533075.000000	535105.312500	-393114.562500	506943.625000	-850109.375000	-1172132.500000	-735805.875000	-965349.062500	-29600.316406	532071.375000	233967.265625	2152686.250000	645897.125000	-300272.812500	579003.500000	-1016488.250000	-1071408.750000	-625735.625000	-906193.125000	124232.460938	517792.437500	251594.953125	1734589.125000	350064.343750	-196687.109375	281052.906250	-686600.250000	-571963.250000	-359728.343750	-418541.218750	102231.218750	144962.640625	118908.765625	513789.843750	36678.050781	-28932.548828	32435.179688	-110727.656250	-55463.777344	-25824.458984	-19586.082031	3498.374268	472.362213	0.000000	
-0.000000	-472.336945	5209.012207	3407.439453	85300.078125	43442.855469	-43130.761719	71374.664062	-148023.093750	-245568.890625	-181621.343750	-276146.875000	-9685.095703	197028.781250	97212.523438	996527.250000	331205.750000	-169752.921875	359480.000000	-690947.750000	-795418.250000	-506452.312500	-798593.187500	119116.656250	540030.625000	285494.062500	2143132.250000	471527.968750	-289356.437500	452683.312500	-1214514.750000	-1115407.500000	-777081.000000	-1007328.312500	276072.968750	443045.781250	415678.968750	2081526.375000	175069.078125	-166162.140625	230373.015625	-1009225.625000	-683172.062500	-464136.312500	-581265.000000	215702.406250	106877.000000	408592.906250	989415.812500	-80656.101562	19328.193359	15679.619141	-338102.000000	-180007.937500	-165856.531250	-106409.164062	54762.128906	3079.864014	88999.273438	73762.984375	-7971.276855	6313.141113	-789.231201	-0.000000	
0.000000	-750.253540	5830.234863	-23281.908203	-44256.960938	-41116.644531	-87618.046875	16770.921875	94031.429688	59812.746094	528996.250000	134884.859375	-94676.179688	167630.953125	-504626.312500	-516347.437500	-398474.781250	-569471.937500	171402.609375	301155.968750	308601.781250	1684727.250000	154281.656250	-159319.703125	240267.109375	-1145205.500000	-844077.687500	-625180.125000	-855128.500000	347425.281250	189052.781250	796812.812500	2137324.500000	-194119.890625	52195.324219	47921.238281	-1181930.375000	-729269.500000	-791654.750000	-611117.062500	388951.625000	28071.376953	1096243.750000	1325723.000000	-236567.171875	389255.031250	-178572.000000	-695886.812500	-392656.437500	-444749.718750	-140367.796875	126766.500000	83218.031250	478691.593750	142706.406250	-44732.441406	55360.843750	-89675.898438	-64473.132812	-32621.658203	-19588.830078	2374.137207	325.801636	0.000000	
-0.000000	-2516.883545	2779.897461	10147.634766	17170.560547	136775.625000	16927.089844	-22431.271484	41835.886719	-239927.531250	-208346.406250	-178838.453125	-279794.375000	128653.367188	78550.726562	368862.718750	1095986.000000	-109741.609375	32405.978516	32573.984375	-877470.000000	-590249.687500	-697654.875000	-585951.687500	405656.375000	31853.625000	1354439.000000	1785716.000000	-348026.000000	626961.187500	-315872.750000	-1357075.750000	-848211.875000	-1070405.875000	-379059.875000	387433.343750	290911.968750	1939332.125000	681156.187500	-256902.281250	393204.062500	-817349.625000	-794144.250000	-586300.625000	-581346.500000	146384.312500	73716.109375	622298.875000	972110.937500	-43631.570312	82967.976562	-126021.359375	-346164.687500	-197793.625000	-202597.921875	-13744.670898	46352.210938	55654.964844	203814.906250	45687.281250	5545.710449	7135.350586	-3788.467529	-0.000000	
0.000000	-485.022736	525.577148	1097.600342	-48822.308594	-47919.785156	-76543.554688	-82498.539062	70633.859375	6673.528809	334320.531250	510820.281250	-113872.609375	232166.953125	-131243.953125	-628221.125000	-434949.562500	-605131.500000	-235343.031250	263353.968750	215974.250000	1569639.375000	600276.750000	-246323.234375	410091.437500	-927476.750000	-981186.937500	-789732.437500	-855248.500000	235776.734375	130395.078125	1213569.000000	2099942.750000	-105010.726562	224053.046875	-385156.000000	-1210115.750000	-801325.000000	-967026.125000	-78936.835938	329219.625000	507266.375000	2510479.000000	821125.687500	164582.546875	439950.718750	-857181.312500	-705210.250000	-698354.875000	-327878.968750	228129.359375	150617.312500	1135155.750000	655951.562500	-13335.522461	150900.718750	-211733.109375	-204017.593750	-112533.867188	-58252.777344	18638.871094	7207.910645	9931.290039	0.000000	
-0.000000	-2674.487305	-3816.916748	8873.873047	12016.776367	127432.140625	65859.664062	-34680.855469	71406.109375	-194312.031250	-242189.531250	-225910.125000	-279833.625000	87309.335938	54178.667969	561788.625000	1076817.250000	-59365.609375	139105.531250	-261805.953125	-898394.937500	-648569.312500	-852202.937500	-75686.273438	343359.000000	575613.812500	3101765.250000	1106035.875000	242125.765625	708615.187500	-1516252.375000	-1375257.625000	-1508578.125000	-789126.062500	616057.937500	460328.031250	3968255.500000	2657469.000000	-63652.171875	866635.937500	-1503848.375000	-1859515.375000	-1386129.750000	-1046962.187500	553154.187500	444424.625000	2247060.500000	2450533.750000	45500.910156	317983.218750	-693333.937500	-984599.062500	-678279.062500	-410062.062500	359103.406250	292990.093750	825560.000000	656698.625000	29275.886719	13615.767578	-89882.062500	-46349.839844	-8029.242676	-0.000000	
0.000000	-262.376984	2256.086426	-8821.711914	-49986.566406	-52654.500000	-93499.875000	-10656.180664	59786.496094	120594.609375	765618.687500	316391.625000	79222.507812	262403.843750	-629997.187500	-636638.000000	-773574.875000	-446115.843750	382485.593750	312903.375000	2946049.250000	2150878.500000	-56094.214844	830948.500000	-1568435.875000	-2110060.750000	-1712601.125000	-1410232.000000	813773.312500	715821.125000	3974784.500000	4778880.500000	98290.531250	765309.375000	-1872331.750000	-3009206.250000	-2371114.750000	-1661292.125000	1714047.000000	1682667.500000	5863594.500000	5985470.000000	360604.156250	244712.671875	-2667470.250000	-2857833.750000	-1816702.000000	-1081280.625000	1351049.875000	1692665.000000	3674565.500000	2749150.250000	-27818.804688	-317273.437500	-1185234.000000	-838735.625000	-406547.937500	-25176.714844	386796.812500	330262.031250	356996.500000	83938.742188	-4307.283691	-0.000000	
-0.000000	-1971.689209	6203.351562	10543.470703	163917.765625	174620.406250	-6154.404785	116992.640625	-273099.812500	-442070.562500	-422726.843750	-403409.687500	266263.125000	265072.250000	1651508.125000	2212252.000000	50401.820312	432651.593750	-1162455.500000	-2045477.875000	-1760325.375000	-1344601.750000	1510523.750000	1613376.500000	6115425.000000	6791933.500000	445536.250000	329621.906250	-3924251.500000	-4603025.500000	-3213531.250000	-2108647.000000	2918522.000000	4073838.750000	9923077.000000	8402161.000000	-97248.437500	-1285375.750000	-5657275.000000	-4816931.500000	-2887533.750000	-229472.796875	4764348.500000	5935714.500000	10594745.000000	5175486.500000	-974568.937500	-2740614.000000	-4266349.500000	-2132350.500000	-497581.343750	1394794.375000	2983649.250000	3140613.000000	3105463.250000	284120.468750	-793045.000000	-917192.687500	-631590.562500	-176104.328125	14027.711914	104642.406250	35611.761719	0.000000	
0.000000	1912.181396	-18853.312500	-68923.625000	-97944.257812	-109162.328125	165727.875000	227153.875000	1064832.500000	1422951.375000	109973.148438	94291.335938	-1283998.125000	-1704524.000000	-1335210.250000	-976140.562500	1496571.625000	2303059.250000	6160839.500000	5711285.000000	-72197.640625	-1040346.000000	-4985539.000000	-4618574.000000	-3011548.000000	-260391.250000	5886483.000000	7995260.000000	15586470.000000	8335998.500000	-1723897.250000	-5344577.000000	-9216118.000000	-5132056.000000	-1343706.625000	4262876.000000	10430183.000000	12723623.000000	14822778.000000	1631728.625000	-5632654.500000	-8359739.500000	-7779582.000000	-3165077.500000	416306.687500	6452031.000000	8057542.000000	9238252.000000	3558715.750000	-3661457.250000	-4631275.500000	-4324691.500000	-1910184.625000	-215086.203125	1555594.625000	2329008.500000	1838889.750000	994412.375000	-420559.468750	-545658.750000	-332887.812500	-108208.054688	-9628.401367	0.000000	
0.000000	10178.784180	99919.718750	192445.234375	-4017.066650	-84461.132812	-546990.937500	-650267.875000	-524377.937500	-54553.550781	1452979.500000	2287116.750000	5099825.500000	3086863.000000	-716272.875000	-2474126.000000	-4725878.500000	-2901300.250000	-834253.437500	2897647.500000	7743411.000000	10298133.000000	13062744.000000	1564535.125000	-5874566.500000	-9486105.000000	-9611886.000000	-4263281.000000	612450.000000	10392089.000000	14252840.000000	18015872.000000	7687496.500000	-8812250.000000	-12506649.000000	-13217449.000000	-6677586.500000	-871382.750000	7425054.000000	13375698.000000	13060836.000000	9063557.000000	-5180218.500000	-9806984.000000	-9879261.000000	-6671881.000000	-2178528.750000	1831418.750000	6330964.000000	5787617.000000	4072126.000000	-1345066.375000	-4031607.000000	-3379237.000000	-2234861.250000	-661217.375000	229579.984375	987124.562500	869367.812500	484858.156250	-8434.201172	-131275.812500	-33937.500000	-0.000000	
-0.000000	-12822.817383	-13530.358398	97638.000000	430842.312500	836060.312500	1433185.500000	220277.312500	-1022893.687500	-1987396.625000	-2372532.750000	-1219550.250000	200391.000000	3848244.000000	5922001.500000	8339955.500000	3942025.750000	-4981820.500000	-7764875.500000	-8984429.000000	-4957467.500000	-705272.000000	6543415.000000	12824896.000000	13621775.000000	10284752.000000	-6400301.500000	-13209764.000000	-14533884.000000	-10746195.000000	-3853560.000000	3571520.250000	13676074.000000	13929406.000000	10996680.000000	-4110893.250000	-14093613.000000	-13690366.000000	-10667282.000000	-3797428.750000	1630607.000000	8997132.000000	10708390.000000	8714231.000000	-250305.562500	-8094190.500000	-7678722.000000	-6085101.500000	-2849494.750000	-413065.843750	2943130.500000	3861609.000000	3330224.000000	571087.687500	-2171340.750000	-1922576.000000	-1273461.875000	-437945.750000	16492.353516	351285.093750	279690.750000	122001.671875	7887.968262	-0.000000	
0.000000	-22018.050781	-125934.820312	-302735.812500	-275832.812500	-57257.945312	717914.062500	1805669.625000	2371856.250000	2154718.250000	-1579807.000000	-3778772.750000	-4755424.000000	-3979371.500000	-1601139.750000	1653337.750000	7012873.000000	7874697.500000	6827396.000000	-2794338.750000	-10463157.000000	-11080586.000000	-9400665.000000	-3641053.500000	1700638.500000	10209378.000000	13230509.000000	11737852.000000	-368237.281250	-13037065.000000	-13582752.000000	-11866791.000000	-6155445.500000	-994150.375000	7947854.000000	11802141.000000	11641732.000000	2313658.250000	-10364090.000000	-11041521.000000	-9044847.000000	-3991650.000000	203143.671875	6313556.000000	8300507.500000	7522366.500000	1784737.250000	-5337614.500000	-5448658.500000	-4225039.000000	-1958235.000000	-389389.687500	1928924.750000	2377274.750000	2095622.750000	311875.968750	-1188088.625000	-917448.500000	-539401.687500	-206970.343750	-51695.753906	53132.007812	21353.849609	0.000000	
0.000000	34803.640625	110730.289062	-94156.953125	-582168.562500	-899584.250000	-1031398.750000	-512638.812500	296119.250000	2138926.750000	3265729.000000	3357719.250000	-120485.648438	-4827692.500000	-5643582.500000	-5493406.500000	-3156414.500000	-562022.062500	4934503.000000	8022387.500000	8642870.000000	1872608.000000	-9133474.000000	-10586839.000000	-9433306.000000	-4529472.500000	250989.546875	8504203.000000	12211300.000000	12116046.000000	3156989.250000	-10409088.000000	-11770129.000000	-10168655.000000	-5288167.000000	-1190082.125000	6743097.500000	9631097.000000	10002679.000000	1791130.625000	-8438478.000000	-8362070.500000	-6644050.500000	-3719824.500000	-1534198.125000	3276008.000000	4831537.000000	5562045.500000	865348.187500	-3450631.000000	-3245325.000000	-2510953.750000	-1558179.375000	-256298.375000	1381426.000000	1535863.875000	1260007.375000	-179355.859375	-549186.437500	-321730.906250	-145659.734375	-46094.089844	2457.906494	0.000000	
-0.000000	-2483.957520	80030.351562	270319.250000	480888.093750	152028.843750	-1002083.750000	-1490564.375000	-1642549.875000	-948952.062500	61952.558594	2432704.750000	3995484.750000	4486634.000000	1311717.250000	-4818603.000000	-6035534.500000	-5748636.000000	-3283210.250000	-808946.437500	5006103.500000	7795132.000000	8814976.000000	1717373.250000	-8800895.000000	-9488750.000000	-8208906.000000	-5010511.500000	-2257037.000000	5276566.000000	8546418.000000	10846759.000000	1869315.125000	-8304841.500000	-8763923.000000	-7674167.000000	-5447053.000000	-1038346.375000	6593725.000000	8820599.000000	8949286.000000	-1634736.250000	-6764574.000000	-5782386.500000	-4322809.500000	-2842064.750000	556127.625000	3504241.000000	4536151.500000	3172394.500000	-1732234.875000	-2368528.250000	-1875282.625000	-1416933.625000	-839533.312500	421005.875000	708482.812500	746751.500000	162316.515625	-229653.406250	-120872.234375	-57653.593750	-14240.256836	-0.000000	
-0.000000	-25407.128906	-53248.824219	-27257.947266	278538.875000	632852.625000	967139.562500	241796.000000	-1532432.875000	-1987950.875000	-2026230.625000	-1433302.250000	-738492.750000	1953939.625000	3551004.500000	5021211.000000	958555.062500	-4694967.500000	-5441167.500000	-5216438.500000	-4043914.750000	-840407.500000	5810796.500000	8457373.000000	9333641.000000	-1854995.500000	-8357816.000000	-7788731.000000	-6359505.500000	-4577627.000000	983724.000000	6833755.500000	9798942.000000	7635192.500000	-4677859.500000	-7238875.000000	-6555576.500000	-5740449.500000	-4007201.000000	2417873.250000	5032046.000000	6806255.500000	1999324.875000	-4127501.250000	-3587179.750000	-3554799.500000	-3222010.500000	-575818.125000	2509968.500000	3155246.750000	2832316.750000	-972252.687500	-1797197.625000	-1106988.625000	-940118.250000	-573424.437500	398596.906250	550868.812500	425888.031250	76456.398438	-122321.539062	-43808.921875	-10216.935547	-0.000000	
0.000000	-20750.253906	-88247.703125	-175771.078125	-225002.843750	-68229.007812	637534.437500	1190748.125000	1625196.000000	-388632.875000	-2062986.625000	-2228037.250000	-2080802.625000	-1695118.750000	408733.656250	3163500.250000	5024741.500000	4316396.000000	-2904294.750000	-4920553.000000	-4866887.000000	-4646154.000000	-3531392.250000	2318307.000000	5248163.000000	7723309.000000	2470220.500000	-5559642.000000	-5277283.000000	-5725607.000000	-5699355.500000	-1122925.125000	5422005.000000	7593922.500000	7648604.500000	-2971472.000000	-6282608.500000	-4484763.500000	-4487306.000000	-3293226.250000	2831061.000000	5020885.500000	5245852.500000	1374131.125000	-3630191.500000	-2701166.000000	-2311691.000000	-2419412.500000	330297.843750	2733196.750000	2720022.250000	2093335.750000	-809089.375000	-1165155.125000	-839488.562500	-853048.187500	-399980.750000	341128.125000	381500.562500	338295.187500	35721.191406	-54793.078125	-11055.291016	-0.000000	
0.000000	19077.087891	-47103.375000	-165801.046875	-270792.906250	-377200.875000	-387448.500000	326403.906250	913822.687500	1618080.250000	609732.437500	-1590386.000000	-1726704.250000	-2120221.750000	-2368061.000000	-519827.500000	2780317.750000	4293064.500000	4748711.000000	-2019828.500000	-4664234.500000	-3629838.000000	-3954490.250000	-3157613.500000	2952649.750000	5697384.000000	6481394.000000	1850920.500000	-5340559.500000	-4350686.000000	-4089108.000000	-4718189.500000	713505.562500	6578149.500000	7345355.500000	6397811.000000	-2828399.000000	-4720414.500000	-4006987.750000	-4899130.000000	-2840889.750000	3109207.500000	4699112.500000	6080092.000000	1060113.875000	-3378426.000000	-2501378.000000	-2669775.500000	-2388572.000000	569070.312500	2035310.125000	2272135.000000	1422001.125000	-817966.062500	-817267.437500	-721383.812500	-698400.562500	-108648.562500	301395.562500	248572.468750	152113.968750	-20796.115234	-11906.004883	-0.000000	
0.000000	18973.970703	77017.078125	-68059.359375	-259517.359375	-294690.656250	-433868.906250	-444573.312500	514122.437500	1193636.625000	1599823.250000	529472.625000	-1747408.000000	-1611081.375000	-1699009.125000	-2184157.000000	365874.281250	3718818.750000	4560436.000000	4348848.000000	-2099815.000000	-3820567.000000	-3531204.250000	-4697387.000000	-2962900.750000	3528132.250000	5805881.500000	8189733.000000	1559587.500000	-5441527.500000	-4424642.000000	-5206432.000000	-5159765.500000	1369615.750000	5496307.000000	6944270.500000	4971004.000000	-3313841.250000	-3900923.250000	-4142970.000000	-4960436.500000	-990275.687500	3712423.250000	4467528.500000	4514354.500000	-1282244.750000	-2693861.000000	-2033032.875000	-2507055.500000	-1335294.625000	1529212.875000	1938956.125000	2017688.125000	293365.000000	-912580.187500	-579781.187500	-604728.312500	-397991.625000	197453.718750	258221.968750	163745.328125	35084.656250	-12380.894531	-0.000000	
0.000000	16435.988281	73963.539062	146537.093750	-116833.414062	-310175.093750	-387427.843750	-661364.375000	-515907.375000	739165.187500	1433084.375000	2342747.500000	510290.312500	-2015025.625000	-1838422.125000	-2410175.500000	-2645845.500000	774283.562500	3412435.750000	4720298.500000	3690493.750000	-2682127.250000	-3437733.750000	-3972365.250000	-5173478.000000	-1123702.375000	4586800.000000	6017650.000000	6641297.000000	-2065272.500000	-4765122.000000	-3964695.750000	-5415712.000000	-3213734.000000	4129603.250000	5925984.500000	7053395.000000	1188515.000000	-4355863.000000	-3329733.500000	-4295122.500000	-3627488.750000	2432125.500000	4640957.000000	4859543.500000	2163246.250000	-2801309.750000	-2229797.500000	-2184506.250000	-2313794.500000	378747.062500	2156446.750000	1965355.625000	1394947.875000	-623897.125000	-772285.750000	-591437.937500	-513759.625000	-42565.171875	203311.718750	88964.187500	44205.136719	-4019.539551	-0.000000	
-0.000000	3422.085205	55344.671875	159053.359375	205338.562500	-217750.171875	-377172.687500	-559285.562500	-900818.375000	-235422.484375	1132174.625000	1721403.500000	2173003.750000	-764781.000000	-1979890.250000	-1835347.625000	-2777091.000000	-1816817.125000	2563904.500000	4028128.750000	5236469.500000	961949.750000	-3838655.000000	-3192617.500000	-4479590.000000	-4116245.250000	3004957.500000	6251253.500000	7149122.000000	3484274.500000	-4955186.000000	-4348414.000000	-4718945.000000	-5568748.500000	1022797.437500	6590696.000000	6870452.000000	5651378.000000	-2977941.750000	-4435304.000000	-4200727.000000	-4682654.500000	-524294.187500	3654069.250000	2640230.250000	2725595.750000	-909463.812500	-2324824.000000	-1753004.125000	-2059333.125000	-702151.312500	1703579.125000	1562061.625000	1609712.750000	193026.953125	-723098.812500	-482509.906250	-468574.750000	-225540.421875	146432.500000	114016.078125	64104.007812	7162.922363	-0.000000	
-0.000000	-8029.749512	41582.746094	135730.265625	291356.437500	78096.484375	-421159.937500	-449501.687500	-779997.000000	-862378.437500	741723.312500	1788227.875000	2339162.000000	1290244.750000	-2058861.250000	-2012979.500000	-2419800.000000	-3148175.250000	635013.812500	4479959.500000	5100652.000000	4574062.000000	-2624345.750000	-4252661.500000	-4381140.500000	-5313580.500000	-647779.750000	4921940.500000	3884177.250000	4390034.000000	-1608734.000000	-4533729.000000	-3786819.000000	-4956321.000000	-1896143.000000	5206607.500000	5460624.500000	6521459.500000	921342.625000	-4152819.250000	-3427058.500000	-4270818.000000	-2778082.000000	2631793.500000	3383706.250000	3952518.500000	1620687.750000	-2375039.000000	-1978756.625000	-2059478.000000	-1622751.250000	767734.312500	1466216.625000	1341717.750000	803584.125000	-551822.625000	-512838.812500	-413150.343750	-307960.031250	86575.718750	150326.343750	61298.625000	13749.257812	-0.000000	
-0.000000	-13913.925781	10298.986328	150954.984375	283799.562500	371348.062500	-287931.406250	-598749.625000	-762854.687500	-1113227.500000	-159893.562500	1407965.750000	1270886.000000	1625652.125000	-668423.000000	-2098766.000000	-1941820.500000	-2801952.000000	-1177238.875000	3539139.250000	4053990.250000	5278280.500000	811943.812500	-3981809.250000	-3574244.250000	-4846254.500000	-3432396.000000	3544960.500000	4977943.000000	6366201.000000	2866805.250000	-4631655.000000	-4274487.000000	-4956669.500000	-4382201.500000	2346407.500000	5125571.500000	5435726.000000	3835611.000000	-3169165.000000	-3642471.500000	-3765652.500000	-3793280.750000	1556003.000000	4461302.500000	3779544.250000	3110916.500000	-1679832.000000	-2251497.500000	-2007857.250000	-2048728.875000	150684.859375	1715335.500000	1283222.375000	1093816.375000	-255156.859375	-514842.812500	-398417.937500	-369622.906250	-1156.910522	171892.062500	69291.203125	18165.773438	-0.000000	
-0.000000	-12383.730469	-19093.078125	119253.468750	225563.453125	428520.468750	89082.828125	-560615.187500	-622356.000000	-1015319.812500	-847229.375000	1014068.187500	1628761.375000	2357437.000000	1191146.875000	-2144098.000000	-2191889.000000	-2802149.000000	-2720732.500000	1594947.125000	3805245.500000	4399519.500000	3380176.500000	-3038661.000000	-3798909.000000	-4273025.000000	-4686702.000000	2095897.500000	6563249.500000	6087596.500000	5502843.500000	-3275905.000000	-4863658.500000	-4832431.000000	-5532543.500000	460534.468750	5996436.500000	5198743.000000	5220927.500000	-1465388.000000	-3656705.250000	-3631374.500000	-4552810.000000	-20792.855469	5101318.000000	4272350.000000	4110200.500000	-1045543.312500	-2817829.250000	-2049125.250000	-2337189.500000	-942300.312500	1381157.500000	1275899.250000	1271837.875000	157626.640625	-571714.250000	-413743.812500	-368928.843750	-110719.164062	112681.632812	53990.945312	17335.710938	0.000000	
-0.000000	-12384.601562	-44126.265625	53742.718750	211723.328125	357177.718750	370857.750000	-427825.531250	-661475.125000	-895224.750000	-1156833.750000	599550.500000	2147467.000000	2254268.250000	2286411.000000	-1516490.750000	-2494006.750000	-2731913.250000	-3434934.000000	313043.687500	4451779.000000	4207712.000000	4601002.500000	-1405044.375000	-3813753.750000	-4120654.500000	-5625121.000000	-28007.458984	7504809.000000	6881343.500000	7270459.000000	-2038954.250000	-6087041.500000	-4931753.000000	-6311525.000000	-2879929.500000	4828223.500000	5169074.500000	6070646.500000	905263.437500	-4060638.000000	-3771062.000000	-4544261.000000	-1989926.875000	3344103.500000	3328968.250000	3922389.750000	815984.875000	-2273141.500000	-1877121.125000	-2171644.250000	-1046209.437500	1530171.625000	1486541.250000	1383354.125000	421992.031250	-572511.625000	-392965.968750	-383441.156250	-182131.859375	95790.765625	56110.933594	15761.435547	0.000000	
-0.000000	-12074.181641	-55709.558594	10548.199219	247696.359375	341605.718750	504801.312500	-197821.937500	-664060.000000	-863302.250000	-1388466.750000	-8011.788086	2455541.000000	2548197.000000	3020848.500000	-943878.187500	-3121338.000000	-2788063.000000	-3918572.000000	-1957603.375000	3584493.000000	4183699.500000	5349827.500000	867985.312500	-4235035.000000	-4279163.000000	-5614558.500000	-2680382.250000	4919681.000000	5361867.500000	6938244.000000	1591283.500000	-4910414.000000	-4517780.500000	-5864473.500000	-3197504.500000	5349144.000000	6022452.500000	6602928.000000	2423536.750000	-4066301.500000	-3581682.500000	-4723015.500000	-3273409.000000	2842825.500000	3459682.250000	3566193.250000	2416354.250000	-1862123.000000	-1943889.500000	-2164959.750000	-1689693.875000	1032190.562500	1555798.500000	1280720.375000	868083.062500	-453084.593750	-408078.593750	-368927.406250	-248716.546875	20970.498047	53656.195312	11593.979492	0.000000	
-0.000000	-12322.345703	-63553.453125	-65962.640625	199440.687500	339656.218750	586959.000000	122207.203125	-737414.437500	-896510.687500	-1385859.500000	-766747.687500	1609698.500000	1985527.125000	2882814.500000	736641.250000	-2517982.250000	-2554032.250000	-3641015.750000	-2173471.750000	3971226.750000	4874399.000000	5818907.000000	2323737.250000	-4240941.500000	-4064267.250000	-5835414.500000	-4409200.500000	4182225.500000	5572404.500000	6308174.500000	4712226.000000	-4022536.500000	-4678476.000000	-5846422.500000	-5164170.000000	3608311.750000	6303035.500000	6113044.000000	4985476.500000	-3218063.250000	-3719426.250000	-4544243.500000	-4470118.500000	622350.875000	3308328.250000	2623261.750000	3529115.250000	-709088.437500	-1745213.500000	-1843282.125000	-1940836.375000	-127685.531250	1114279.125000	616914.125000	1055581.250000	44235.917969	-315427.437500	-251083.109375	-241707.109375	-89841.203125	-12044.796875	-4782.752441	0.000000	
-0.000000	-11288.004883	-59051.902344	-73236.460938	220958.500000	395731.093750	638424.312500	327168.500000	-738442.937500	-851488.750000	-1440374.125000	-1261291.875000	1368406.125000	2063490.125000	2621023.000000	2181396.250000	-2062692.625000	-2644878.250000	-3629808.750000	-3510293.250000	2678825.500000	5101495.000000	5387191.000000	4780178.000000	-3356273.250000	-4220570.000000	-5614536.500000	-6021138.500000	915572.125000	5328623.000000	4640240.000000	6882263.500000	-1531764.625000	-4200310.000000	-4977739.500000	-5931731.000000	-446360.593750	4514300.000000	2944611.000000	6062294.500000	314188.531250	-2874958.750000	-3092702.500000	-4344139.500000	-2666257.750000	-742656.875000	-1082148.875000	354733.968750	614079.812500	-1245997.375000	-986011.687500	-909948.437500	-758706.187500	-451795.375000	-296306.156250	-180661.812500	-107117.796875	-65808.765625	-33792.433594	-15664.459961	-7180.925781	-1871.314819	-465.503662	-0.000000	
-0.000000	-11689.513672	-58870.136719	-118281.476562	149049.484375	414168.000000	591058.375000	673020.812500	-584402.312500	-884235.125000	-1385854.125000	-1722401.375000	299571.250000	1973216.500000	1928002.375000	3185956.000000	-785464.500000	-2374557.250000	-3090478.250000	-4032034.750000	-331379.937500	3653744.000000	2594972.500000	5812653.500000	327682.343750	-3262321.500000	-3821118.500000	-5851448.000000	-3922467.500000	-1196174.750000	-1914193.500000	691780.375000	1326528.125000	-2998816.750000	-2662701.000000	-2781053.250000	-2652270.500000	-1830367.000000	-1414307.625000	-1037556.437500	-760811.187500	-599813.000000	-416236.468750	-281533.281250	-213111.562500	-115381.335938	-105325.179688	-109191.070312	-72098.476562	-56968.402344	-10153.597656	20246.853516	-7484.335938	11200.044922	7003.466309	-16508.982422	-9795.373047	-5422.986328	-2178.558594	4087.979004	1393.315308	-353.344299	28.055624	-0.000000	
-0.000000	-10494.782227	-50122.996094	-135861.875000	-18437.933594	296631.468750	284708.718750	818387.250000	57056.835938	-683476.250000	-943178.937500	-1673859.875000	-1283414.375000	-442949.656250	-795340.250000	320240.843750	680222.500000	-1695318.125000	-1653164.000000	-1890393.125000	-1969056.500000	-1481446.125000	-1246375.000000	-994830.625000	-793486.625000	-680629.937500	-514271.531250	-379218.343750	-313519.281250	-185841.203125	-186307.796875	-212937.718750	-155746.296875	-137109.281250	-27419.550781	61879.964844	-26163.595703	45374.949219	33428.449219	-94812.523438	-69572.289062	-49427.730469	-26834.277344	73472.187500	41350.046875	-21786.466797	6347.884766	-21654.189453	-29670.871094	-12504.098633	-13817.378906	14948.114258	21434.263672	-9508.221680	-8420.695312	-2692.611572	-4976.682129	-3097.352539	-1466.124023	-16.920084	650.489685	-39.270668	-79.290779	-0.000000	
0.000000	-7492.763184	-26811.880859	-63697.953125	-109558.023438	-120272.117188	-136746.656250	-140066.265625	-138163.796875	-142596.125000	-126939.289062	-108478.851562	-102582.156250	-68817.953125	-77410.195312	-98573.703125	-79864.218750	-77511.851562	-17023.695312	42062.289062	-19423.960938	36725.171875	29459.208984	-90908.210938	-72560.289062	-56087.464844	-33154.480469	98965.218750	60832.160156	-35090.796875	11228.658203	-42228.667969	-64094.671875	-30094.367188	-37313.503906	45685.558594	74929.484375	-38520.832031	-40193.066406	-15463.902344	-35347.210938	-28230.775391	-18058.902344	-304.100311	19304.875000	-2421.346924	-17940.386719	-12068.638672	-1944.599365	2586.075195	-3702.342041	-3535.956299	-1649.168213	-3843.743408	1093.444458	5661.232910	748.380432	339.849091	739.295349	-524.035583	-332.101257	-166.083069	-19.636496	0.000000	
-0.000000	-342.577576	-276.099213	1417.314575	-1080.746460	2981.555908	3232.132080	-12799.338867	-12634.371094	-11750.666016	-8183.627441	28309.898438	19904.019531	-12994.302734	4665.465332	-19548.609375	-32866.726562	-17013.218750	-23166.455078	31054.300781	55627.957031	-31177.648438	-35420.605469	-14827.110352	-36865.308594	-32034.500000	-22312.267578	-409.615540	28400.384766	-3899.989502	-31734.423828	-23535.515625	-4200.700684	6224.062988	-9998.085938	-10806.857422	-5765.130371	-15572.228516	5219.151855	32512.951172	5315.421387	3097.549561	9106.229492	-9418.356445	-9855.918945	-10240.333008	-4442.966797	20220.218750	10148.081055	-9975.933594	-1492.916748	-1313.080200	-5348.615723	-3215.179443	-1644.903198	1300.062500	1472.090820	-691.983032	-713.332092	-344.477234	-154.498077	19.652683	7.174991	0.000000	
-0.000000	-75.192978	-375.725677	1046.393677	3095.131836	-2531.176758	-3886.189697	-2087.569580	-6419.076172	-6711.422852	-5507.408691	-117.174248	9292.483398	-1444.186157	-13185.534180	-10895.124023	-2154.052490	3518.643311	-6207.409668	-7345.853516	-4280.056152	-12603.711914	4599.437988	31174.091797	5543.708984	3514.903809	11250.995117	-12686.291992	-14499.543945	-16493.791016	-7859.083496	39432.230469	21921.765625	-24009.679688	-4031.586426	-4013.135010	-18697.587891	-13025.715820	-7851.335938	7466.372070	10455.623047	-6307.069336	-8786.429688	-6191.200195	-4585.108887	1211.743164	1623.418457	165.260971	7259.027344	5417.216309	-2543.993408	-4042.514404	-2414.724854	1206.259644	2044.225464	-427.219116	-122.863304	281.446320	-277.208954	-331.872528	-154.082001	-30.497404	-3.158241	-0.000000	
-0.000000	15.551276	-100.675026	-247.523026	-238.141739	-1023.240173	504.629639	4389.127930	965.283875	736.393738	2777.119385	-3629.028809	-4744.188477	-6107.735840	-3265.419678	18254.074219	11241.132812	-13573.369141	-2503.049805	-2727.888428	-13881.166016	-10542.637695	-6919.080566	7158.912109	10904.671875	-7156.863770	-10855.873047	-8339.393555	-6745.387695	1951.717651	2871.635498	322.281799	15680.866211	13037.940430	-6869.993652	-12355.038086	-8441.348633	4886.942383	9757.352539	-2453.556396	-872.644714	2565.238281	-3414.506104	-5964.659180	-4572.760742	-1880.405884	-714.585815	-1006.829895	-755.712646	-1653.562012	-731.874268	1081.433350	210.973892	-580.722717	-219.922409	-272.113342	-234.102234	-117.169052	-72.868858	-24.505455	21.695723	7.945364	-1.408314	-0.000000	
0.000000	-59.989941	-40.595772	-91.917870	-772.346130	-855.910583	-759.130371	1007.932556	1898.747681	-1499.406616	-2679.590088	-2385.559082	-2207.061768	722.731079	1193.153809	149.191559	8040.898926	7370.726074	-4265.302734	-8398.213867	-6266.892090	3955.349854	8598.780273	-2352.520752	-910.123230	2910.870361	-4218.715820	-8034.248047	-6727.221680	-3028.712402	-1264.017944	-1963.457764	-1632.481689	-3979.727051	-1976.409058	3305.158447	737.518433	-2352.692627	-1049.718140	-1562.770508	-1662.726562	-1067.935669	-897.558228	-440.430237	643.873718	489.894470	-318.646179	-510.553772	-426.285614	-442.891968	-286.006897	-151.332092	23.312304	390.038971	212.480850	-132.053299	-118.432831	-67.360489	-31.997940	12.069460	8.595276	4.984313	0.218431	-0.000000	
0.000000	32.576248	-69.176918	-282.982941	-348.688995	321.117523	943.419495	-331.221008	-158.472839	609.845093	-1041.319092	-2298.269531	-2201.117920	-1121.547729	-525.194702	-908.929138	-837.110596	-2249.855225	-1227.072998	2246.648438	547.536743	-1904.201416	-925.076233	-1498.416748	-1734.137573	-1211.825928	-1108.957642	-593.248596	947.235474	789.058044	-563.647461	-995.650574	-920.857239	-1065.934814	-772.354858	-462.512573	81.494698	1580.172119	1014.198608	-758.393555	-841.177002	-613.956238	-394.132874	216.921295	255.085861	307.322266	49.422436	-157.352219	35.598499	-101.715477	1.445805	47.486996	124.204651	-13.851993	-219.158951	229.082672	404.152252	-33.234356	-70.697098	-17.612026	-25.599991	-8.436950	-0.572429	0.000000	
-0.000000	-9.943640	-19.901312	75.702194	30.464869	-154.593781	-101.495201	-210.968231	-301.952209	-253.884918	-273.727600	-169.704147	309.931366	292.192261	-234.193405	-460.909241	-472.200928	-602.603882	-479.524078	-314.388306	60.501999	1278.945679	893.774292	-727.163452	-877.304016	-696.678772	-486.961945	292.187592	375.269806	494.994598	87.422447	-306.858612	76.899460	-244.804749	3.904362	145.133347	434.192200	-56.118835	-1046.073975	1315.641602	2870.518066	-302.914062	-870.807617	-316.536407	-759.742432	-520.204590	-129.518234	632.313538	629.971558	-285.568726	-205.152359	96.704605	-142.977295	-219.880478	-128.850250	-53.924690	-7.611136	-10.397017	25.232031	57.131016	18.383257	-3.747742	-2.013911	-0.000000	
-0.000000	-2.663316	-7.777173	-10.593506	3.366323	103.831993	98.060898	-102.380318	-152.758286	-145.958435	-120.198380	83.582916	122.786667	183.299057	36.323700	-142.051819	39.432819	-138.395233	2.424061	98.652946	322.346069	-45.420963	-921.864868	1261.464478	2993.801514	-343.727753	-1075.906616	-426.366669	-1117.695801	-837.877625	-229.102432	1233.098999	1360.857178	-687.295471	-554.009033	295.555939	-499.817230	-890.805847	-615.018921	-309.694183	-54.058598	-94.763458	310.794159	1026.801025	545.568176	-231.077881	-455.668854	-394.941772	-265.084595	119.400673	237.409775	-197.601898	-9.535397	247.209229	-25.012201	-137.652039	-22.300816	70.710579	-0.047662	-105.504890	52.149635	-12.861266	-34.920818	0.000000	
0.000000	-0.611663	0.039315	3.324171	17.935291	-3.687529	-101.142868	177.606735	521.287903	-72.013054	-265.569489	-121.966064	-365.705231	-310.270386	-95.191208	570.829529	697.825928	-388.548065	-343.961945	200.901184	-371.066376	-720.992554	-541.992554	-296.941193	-56.380310	-107.531586	383.994659	1383.075439	802.613159	-372.190094	-806.024353	-770.191162	-572.632629	287.368774	641.119446	-603.925842	-33.333652	1001.523376	-119.386475	-790.547607	-158.393021	644.490540	-0.587071	-1896.212158	1547.668091	-792.998596	-7901.208008	61538.539062	200058.296875	252070.406250	148194.546875	75366.093750	-1624.867065	-62651.570312	-47570.726562	-35867.578125	-19482.320312	-5151.455078	-4378.078125	-4618.622559	-2284.773682	-756.023865	-186.286407	-0.000000	
0.000000	-1.717258	-5.578555	6.769489	-20.646082	-58.534225	-59.464985	-41.807564	-9.817075	-22.528522	94.782639	395.641296	262.611572	-137.823898	-334.900116	-356.538940	-293.636902	162.457916	398.045288	-410.512573	-24.747042	810.604065	-105.210709	-757.993408	-165.195709	731.327209	-0.725342	-2554.150635	2276.853516	-1277.258667	-13976.303711	120008.671875	432163.593750	606673.000000	400195.875000	230339.546875	-5680.178711	-253821.468750	-227061.234375	-205990.609375	-138374.468750	-46952.859375	-53926.734375	-83009.312500	-67806.257812	-46614.843750	-42149.292969	-35923.167969	-28894.509766	-6752.660645	-3433.083740	-323.045380	6280.030273	-3900.730225	775.034363	-908.296570	-3281.010498	1575.065430	583.767395	-186.567184	207.551437	-175.828506	-20.212355	0.000000	
-0.000000	0.718012	6.455707	-13.832472	-1.376922	65.809395	-11.543246	-106.720993	-28.764273	153.217499	-0.179039	-730.638000	744.976624	-472.975464	-5807.102051	55554.738281	221606.609375	342969.843750	248465.515625	156571.000000	-4216.988281	-205435.750000	-200100.343750	-197508.062500	-144317.406250	-53279.140625	-66627.953125	-111811.484375	-99753.242188	-75081.101562	-74557.117188	-70055.156250	-62417.582031	-16252.035156	-9270.960938	-987.315674	21953.607422	-15803.101562	3699.339355	-5216.426270	-23303.593750	14355.911133	7190.523438	-3353.124023	6159.597168	-10841.216797	-4573.261719	1497.347900	-6395.153809	-4524.867676	-4431.705078	-3513.677734	-2981.908936	1492.063477	4216.666992	10342.170898	4266.369629	3055.355225	9506.102539	743.346497	-1153.572998	-1079.747192	412.873627	0.000000	
0.000000	1515.816895	4029.743896	5275.755859	-234.632629	-16678.429688	-21954.109375	-27807.968750	-25128.892578	-11162.304688	-16445.992188	-31984.691406	-32638.830078	-27802.919922	-30978.203125	-32430.121094	-32006.742188	-9187.747070	-5755.967285	-671.117981	16298.448242	-12790.573242	3260.085693	-5001.617676	-24304.439453	16290.181641	8884.087891	-4516.574707	9061.697266	-17461.617188	-8089.559082	2920.035889	-13814.737305	-10890.271484	-11967.713867	-10738.767578	-10424.099609	6044.824707	20126.697266	59395.984375	30302.171875	27847.992188	117090.906250	13359.974609	-34235.105469	-66574.937500	93417.070312	741035.187500	388004.812500	915811.500000	1024682.562500	-6082.410645	294.540070	-81958.671875	-117765.484375	237605.812500	230472.328125	207291.781250	380383.875000	26460.490234	-18013.539062	-10730.261719	-8275.416016	-0.000000	
-0.000000	-40.606899	-93.353287	-22.613731	906.843384	-1038.410645	357.681915	-704.198181	-4231.947266	3412.892090	2192.887939	-1292.007202	2964.948242	-6466.126465	-3361.181641	1351.750854	-7083.977051	-6156.586426	-7430.271973	-7299.569824	-7738.894531	4892.506348	17736.884766	56950.097656	31603.593750	31600.142578	144669.015625	17995.554688	-50365.007812	-107230.218750	165243.765625	1445121.250000	838163.437500	2204138.750000	2767130.750000	-18589.523438	1029.647461	-332040.718750	-562109.937500	1364590.750000	1636945.000000	1889357.875000	4685357.500000	475567.562500	-534595.937500	-661605.375000	-1872401.250000	-982215.687500	-364739.406250	548549.937500	381514.218750	1504937.750000	544821.562500	-208914.359375	-120614.007812	-517227.500000	-301393.062500	-43305.562500	133598.484375	36634.917969	127469.492188	36401.765625	-2928.814941	-0.000000	
-0.000000	-27.210140	-120.508049	-245.963470	-430.591003	397.201141	1946.011230	8018.237305	5502.893555	6620.422363	35709.117188	5147.791992	-16479.212891	-39707.902344	68658.164062	668979.375000	429796.875000	1246063.500000	1718000.250000	-12636.042969	764.414551	-268744.156250	-495365.875000	1308397.875000	1707248.750000	2143924.000000	5788887.000000	640577.687500	-786471.312500	-1065627.625000	-3312056.500000	-1915456.750000	-787905.812500	1320228.125000	1030270.062500	4599504.500000	1904576.750000	-846378.625000	-575706.312500	-2970482.250000	-2140664.000000	-394707.937500	1645592.125000	658429.937500	3782969.250000	2244456.500000	-662675.687500	-452379.125000	-1978305.125000	-1398964.625000	-789444.437500	519281.375000	453318.218750	1007431.500000	1167698.250000	-115570.593750	-67770.320312	-308887.062500	-271832.062500	-127650.476562	-8367.595703	16705.548828	4795.921387	0.000000	
0.000000	5507.201660	27863.427734	-425.779205	42.531918	-21818.160156	-54349.316406	184214.687500	297270.250000	449165.156250	1428889.625000	183243.078125	-257330.015625	-394607.375000	-1376147.125000	-886708.375000	-404025.562500	746363.250000	639653.250000	3126467.250000	1413965.625000	-685034.375000	-507347.812500	-2848160.000000	-2232601.750000	-447889.656250	2033174.000000	886888.750000	5565319.000000	3615077.250000	-1172195.000000	-882201.937500	-4273511.500000	-3366972.250000	-2131876.000000	1587067.000000	1584701.000000	4081425.750000	5573574.500000	-663731.937500	-481343.187500	-2815346.750000	-3348276.500000	-2294229.000000	-248328.890625	1030029.000000	1085128.500000	3506305.250000	692178.437500	-200096.531250	-643691.000000	-1522660.375000	-1031238.750000	-246641.859375	492262.156250	227468.546875	868224.375000	392699.937500	-4265.361816	-45555.675781	-121725.406250	-45761.464844	-10300.756836	-0.000000	
-0.000000	3298.686523	10374.231445	105348.226562	78672.851562	-55614.941406	-55663.921875	-401004.093750	-388745.968750	-93835.609375	501854.875000	253702.578125	1820948.375000	1338681.750000	-487042.625000	-408391.281250	-2191388.750000	-1903447.125000	-1323596.125000	1078793.000000	1176488.625000	3303388.000000	4911777.000000	-636399.937500	-502016.000000	-3194677.750000	-4136887.000000	-3090269.500000	-365329.281250	1659036.250000	1919464.125000	6837781.000000	1495235.750000	-481584.343750	-1738272.375000	-4653670.000000	-3604984.500000	-999224.812500	2349631.000000	1306371.625000	6166621.000000	3579257.750000	-52538.363281	-818760.375000	-3612499.500000	-2821555.750000	-2330656.250000	-326627.718750	581853.062500	760202.187500	2280639.500000	530271.687500	-4756.679688	-528312.937500	-905169.625000	-545411.875000	-216958.093750	209765.203125	100849.335938	233536.437500	103225.203125	254.427856	-474.349518	-0.000000	
-0.000000	-8412.625977	-21466.775391	36350.589844	65459.660156	268187.625000	538898.125000	-89601.351562	-87412.226562	-669304.437500	-1021121.125000	-883999.687500	-119534.164062	614349.687500	797530.187500	3165363.750000	766733.125000	-272253.593750	-1079223.375000	-3163285.500000	-2676355.250000	-808743.625000	2070639.500000	1252576.125000	6431466.000000	4061515.750000	-64912.582031	-1102849.875000	-5314532.500000	-4544593.500000	-4122655.500000	-636969.250000	1256912.250000	1829624.375000	6158812.500000	1620656.375000	-16628.308594	-2140364.250000	-4320491.500000	-3132348.000000	-1540959.250000	1911901.875000	1242206.125000	4197290.000000	3063460.750000	15687.487305	-107326.648438	-2539001.000000	-2170134.750000	-1444820.500000	-384205.437500	559940.750000	411681.906250	1395527.500000	542680.062500	-39043.589844	-133580.171875	-436625.625000	-226197.343750	-105734.437500	-2008.624146	20219.939453	6991.570312	0.000000	
0.000000	-1203.273682	-17503.410156	-106588.843750	-148912.031250	-65658.351562	227181.250000	176355.328125	1119862.250000	850912.312500	-16022.581055	-315480.218750	-1738892.000000	-1682886.375000	-1712948.000000	-294867.531250	644524.625000	1034339.750000	3823759.250000	1101625.000000	-12344.924805	-1732348.875000	-3807483.250000	-3003360.000000	-1607140.625000	2169505.500000	1534779.625000	5653645.500000	4506813.000000	25267.355469	-189848.156250	-4951403.500000	-4687900.000000	-3477336.500000	-1037537.625000	1711333.375000	1439149.625000	5653726.500000	2590282.000000	-224230.734375	-948762.000000	-3979618.000000	-2786173.500000	-1900337.750000	-59610.843750	1246719.000000	1581917.625000	3790354.250000	1009794.500000	18600.205078	-686855.687500	-1678918.625000	-986352.062500	-675701.187500	93629.140625	310344.312500	361889.156250	610908.125000	64119.785156	-10858.173828	-52321.894531	-47944.285156	-8480.989258	-0.000000	
0.000000	4571.450195	62015.730469	37119.925781	-686.869873	-140641.812500	-417739.937500	-422855.343750	-279839.187500	454524.625000	378834.593750	1617276.625000	1474609.875000	9356.631836	-78881.203125	-2292117.000000	-2403880.500000	-1965839.125000	-644165.375000	1163261.750000	1068430.625000	4575962.500000	2282716.000000	-214997.062500	-989509.562500	-4515819.500000	-3442393.250000	-2559707.750000	-87696.546875	2008052.250000	2798225.250000	7391716.000000	2181346.250000	44766.234375	-1854837.500000	-5131238.000000	-3448070.250000	-2737480.750000	446904.000000	1782334.375000	2570341.750000	5568113.500000	789791.937500	-195151.156250	-1552780.375000	-2956144.000000	-1918914.500000	-1566023.875000	-425646.343750	561987.312500	591025.375000	1824780.375000	544093.625000	-216612.718750	-239130.812500	-566525.500000	-352175.125000	-236522.468750	-57734.207031	41038.746094	16293.292969	48837.773438	6654.016113	-0.000000	
-0.000000	-8688.378906	-10447.412109	39196.816406	59447.328125	371502.343750	250449.343750	-30270.316406	-172295.781250	-946091.625000	-849697.000000	-732227.625000	-28693.931641	743592.062500	1162652.125000	3421793.000000	1118559.625000	25307.652344	-1151594.000000	-3487908.000000	-2559861.750000	-2215637.750000	393839.312500	1708939.125000	2680733.250000	6318343.500000	975809.500000	-262863.781250	-2284374.250000	-4761371.000000	-3394333.000000	-3053963.500000	-919476.250000	1352568.625000	1596049.875000	5577032.000000	1902031.875000	-877567.125000	-1141402.375000	-3253605.000000	-2501347.000000	-2155780.500000	-711137.937500	737578.750000	483543.375000	3011234.500000	1505542.375000	-182017.140625	-135289.656250	-1302541.250000	-1031405.187500	-829943.250000	-410054.625000	117216.796875	-14472.727539	375549.593750	327478.250000	-28930.792969	179.773849	-73708.843750	-46160.734375	-15948.418945	-3999.413086	-0.000000	
0.000000	111.851715	-18677.154297	-117527.187500	-142430.343750	-179877.921875	43210.281250	240608.531250	466775.687500	1323731.500000	240862.203125	-75194.570312	-747437.437500	-1763160.125000	-1410332.750000	-1413749.000000	-471492.781250	764646.312500	990923.187500	3790931.750000	1412076.375000	-710277.500000	-1005874.000000	-3119623.750000	-2608775.250000	-2446243.750000	-878630.312500	993500.312500	711365.312500	4850103.500000	2663126.500000	-354958.656250	-292251.156250	-3134904.500000	-2785285.250000	-2536535.250000	-1433461.000000	474882.593750	-69080.203125	2156814.000000	2325935.750000	-263689.281250	2214.354492	-1324750.000000	-1369932.750000	-983346.000000	-904909.937500	-307187.593750	6614.044434	30262.193359	688945.062500	201873.187500	1448.106445	-62363.421875	-303883.531250	-188472.968750	-117498.445312	-3978.106201	45501.082031	-10883.404297	11512.910156	10168.736328	-688.737549	-0.000000	
-0.000000	3379.491699	16071.311523	127737.765625	78567.726562	-57664.316406	-110359.968750	-439224.593750	-454246.218750	-512502.968750	-216875.156250	284199.781250	232755.656250	1796018.250000	1106519.125000	-164318.406250	-149861.734375	-1772252.500000	-1729271.625000	-1724184.500000	-1064207.375000	384356.250000	-60877.726562	2067997.875000	2425830.500000	-299217.968750	2735.895508	-1784405.375000	-2015378.000000	-1583845.375000	-1600678.750000	-599058.375000	14287.582031	72833.843750	1860479.750000	616980.125000	5062.262207	-252654.093750	-1450475.375000	-1082416.625000	-834540.437500	-36258.390625	560457.125000	-195604.625000	341673.781250	626982.937500	-155834.234375	-62790.679688	-387924.437500	-412751.875000	-270022.937500	-207574.750000	-113264.562500	-53264.738281	-59489.914062	-52878.105469	-28390.839844	-8963.889648	-1954.081543	-7729.885742	-3012.716309	-744.148499	-161.962372	0.000000	
-0.000000	-7832.788086	-28046.232422	-58097.453125	-59212.351562	31204.199219	-6679.230469	291161.875000	422391.437500	-62687.984375	675.309875	-510445.375000	-659423.000000	-586506.062500	-665076.062500	-277317.687500	7326.444336	41175.085938	1155097.125000	419386.062500	3758.244385	-204490.921875	-1278248.250000	-1037843.437500	-870382.437500	-41143.734375	692460.062500	-263474.562500	502653.718750	1009862.250000	-275652.343750	-122450.523438	-837989.875000	-993394.750000	-729190.500000	-634405.625000	-395948.062500	-215792.437500	-283953.062500	-303683.562500	-201647.812500	-81701.242188	-24069.292969	-138927.250000	-89409.742188	-45882.632812	-36645.718750	432626.656250	349171.593750	-28488.441406	-126883.093750	47865.699219	187082.453125	152381.796875	507186.500000	144316.171875	-65128.144531	3803.223389	-70833.320312	-39841.894531	-17003.710938	-8208.178711	-1566.284912	-0.000000	
0.000000	181.980682	18733.968750	14131.469727	209.108185	-16601.722656	-140243.656250	-146122.218750	-151553.078125	-8619.863281	170922.140625	-75369.296875	164466.125000	373957.187500	-114532.523438	-56685.125000	-429707.875000	-561594.875000	-452725.062500	-431230.906250	-293953.468750	-174656.156250	-250236.921875	-291178.093750	-210308.218750	-92709.414062	-29738.267578	-187131.546875	-131535.218750	-73901.757812	-64821.945312	843681.875000	754276.437500	-68564.851562	-342644.781250	146290.765625	653999.187500	617347.187500	2420866.750000	828820.312500	-462576.937500	34664.425781	-872485.500000	-716068.062500	-504626.781250	-506099.031250	-354388.718750	-260209.687500	-179526.390625	-124629.406250	-87933.906250	-63169.894531	-42869.554688	-26162.521484	-15903.772461	-11147.637695	-7032.447754	-3739.083984	-2438.084961	-1171.370361	-398.893005	-191.210281	-46.293884	-0.000000	
-0.000000	-2482.069580	-7342.532227	-14530.588867	-16355.530273	-14179.568359	-27454.869141	-40996.152344	-36619.371094	-19423.185547	-7340.392090	-53530.679688	-43037.757812	-27366.201172	-26933.277344	390559.500000	386780.968750	-38761.699219	-212734.359375	99439.687500	485531.718750	499663.000000	2133417.000000	794690.062500	-482443.781250	39335.000000	-1077979.625000	-964525.875000	-742382.187500	-815158.250000	-626871.750000	-507444.937500	-387810.812500	-299953.093750	-237463.421875	-193064.609375	-149862.562500	-105992.710938	-75910.765625	-64021.851562	-49948.425781	-34079.824219	-30030.978516	-21052.738281	-11838.126953	-11789.624023	-10474.486328	-4583.182617	-1866.119019	-3517.759277	-2957.280273	-2368.285156	-1583.380005	-378.623291	223.611008	-31.945705	-603.221680	-122.682304	897.313538	247.582520	186.385147	176.080124	-13.608915	-0.000000	
0.000000	-171.314285	-3450.237305	3350.681152	27014.916016	40565.449219	234068.906250	111887.671875	-84004.265625	8240.921875	-266081.187500	-275911.406250	-242904.250000	-301857.312500	-260462.875000	-234907.765625	-198863.203125	-169572.187500	-147431.484375	-131233.734375	-111258.585938	-85787.437500	-66897.242188	-61385.476562	-52093.617188	-38671.632812	-37104.093750	-28357.513672	-17415.671875	-18989.187500	-18528.128906	-8937.840820	-4031.168701	-8466.403320	-7986.065430	-7238.132324	-5535.148926	-1533.923584	1067.324219	-183.466965	-4284.421875	-1118.186035	11052.610352	4449.736816	5531.435547	10856.730469	-3079.162598	-4453.858887	-2074.218994	-1852.966187	-1143.568237	-1168.257446	521.774597	12.345031	2570.959473	2144.838379	1278.150635	1569.206421	-778.404114	-402.431061	61.863266	-15.807301	22.311411	0.000000	
-0.000000	-749.454773	-2391.121094	-4422.000977	-6190.412109	-6964.706055	-7339.664062	-8642.711914	-9070.666016	-8101.942871	-9158.522461	-8111.924316	-5698.333008	-7031.793945	-7698.368164	-4137.529297	-2067.119141	-4786.303223	-4958.226562	-4920.048340	-4109.317383	-1241.513428	940.591858	-175.911926	-4468.430176	-1268.846924	13655.801758	5993.685059	8137.576660	17486.605469	-5446.674805	-8685.641602	-4480.703613	-4459.645020	-3088.178955	-3570.516602	1824.009521	50.013653	12271.522461	12317.993164	9078.149414	14302.508789	-9587.950195	-7232.789551	1835.943970	-974.644897	5048.195312	3269.095703	1534.326904	-2171.081299	-735.774475	5971.866211	4915.439941	4865.536621	3514.637939	6606.451660	3214.442627	268.052246	-262.266388	-1595.800537	-856.440613	-209.142380	-25.242340	-0.000000	
-0.000000	-21.153927	-80.415123	-165.784042	-228.641846	-100.793037	103.197510	-24.767359	-778.053772	-265.831177	3370.705566	1714.547974	2662.580078	6475.379883	-2263.072998	-4020.780762	-2297.633545	-2521.166748	-1917.326050	-2427.022949	1354.152222	40.479603	10814.421875	11810.747070	9468.039062	16229.583984	-11846.173828	-9742.387695	2700.950684	-1569.830811	8929.661133	6375.189453	3314.435303	-5225.271973	-1986.941406	18251.667969	17183.298828	19711.839844	16775.820312	37941.425781	22830.791016	2443.158447	-3230.451904	-28680.912109	-25416.972656	-12895.280273	-5711.349609	-2278.679199	-403.196716	-6201.723633	-7476.117188	-1074.663818	-743.518921	-3433.214111	7691.570312	14960.922852	6981.022461	5266.959961	394.867737	-2271.851562	115.165031	266.965424	142.256561	0.000000	
-0.000000	-11.142750	-31.096199	-81.780029	75.344833	3.286362	1186.509644	1662.883423	1648.597656	3400.196777	-2924.029297	-2786.898682	883.739380	-581.316406	3710.240723	2951.219727	1699.589600	-2953.997803	-1233.612061	12406.389648	12756.952148	15954.193359	14783.886719	36379.023438	23811.330078	2772.341797	-3991.311523	-38632.476562	-37392.203125	-20770.033203	-10102.702148	-4443.740234	-870.980835	-14926.061523	-20189.076172	-3284.468750	-2599.178955	-13909.043945	36712.863281	85921.875000	49583.171875	48005.628906	4863.761719	-40831.402344	3417.804443	16460.525391	32187.066406	77975.968750	62164.269531	-23166.492188	-39076.164062	-12373.646484	4926.908203	5948.880859	-16588.880859	-13472.125977	3683.684326	8414.380859	3219.488037	527.353027	10935.023438	4282.240234	-423.092224	-0.000000	
0.000000	-13.055724	-20.007366	418.040894	709.794983	1295.251099	1622.021606	5121.951660	4146.085938	580.822510	-985.188232	-11051.170898	-12234.568359	-7691.250488	-4197.634766	-2057.108154	-446.625092	-8438.135742	-12534.585938	-2232.584961	-1929.641113	-11257.578125	32353.634766	82383.679688	51712.679688	54473.757812	6009.310547	-54998.882812	5028.105957	26512.466797	56935.117188	152063.937500	134286.531250	-55756.191406	-105524.257812	-37817.273438	17223.390625	24100.812500	-79180.875000	-77371.585938	26163.611328	76692.750000	39655.867188	9477.980469	324523.593750	264033.937500	-95729.132812	-24087.332031	-19186.652344	-88901.390625	-41011.699219	-2128.067627	-21769.726562	-32772.914062	-18244.470703	-5479.421875	994.569336	3188.706787	-2712.568115	-3881.053711	-5.065636	-336.583191	-121.037727	0.000000	
-0.000000	-37.293858	-203.292480	-75.228317	-107.364967	-913.953491	3549.695312	11599.134766	9004.335938	11412.583984	1483.297363	-15732.930664	1645.174683	9817.703125	23656.328125	70393.843750	68859.992188	-31520.593750	-65515.765625	-25705.914062	12786.715820	19506.500000	-69779.062500	-74185.484375	27287.289062	87026.093750	48995.910156	12766.603516	477423.218750	425271.375000	-169333.531250	-46973.632812	-41446.781250	-213964.328125	-110751.117188	-6503.961426	-76102.187500	-132773.515625	-87083.218750	-31468.794922	7063.994629	29063.421875	-33411.910156	-69753.179688	-150.335159	-20753.011719	-27386.080078	382751.375000	364042.312500	-36385.679688	11301.432617	55403.683594	1741.459351	133637.328125	121949.273438	-21092.617188	-64074.574219	-48719.808594	-19181.628906	-1037.528564	1492.543579	148.476685	-183.904007	-0.000000	
0.000000	-139.310928	-1062.568970	-866.176514	711.451050	1583.647339	-7655.845215	-10444.877930	4751.328613	18232.496094	12093.817383	3652.002930	156210.812500	157480.187500	-70357.445312	-21745.160156	-21253.250000	-120960.242188	-68760.914062	-4421.002930	-56498.578125	-107463.046875	-76743.093750	-30172.931641	7367.380371	32979.335938	-41281.324219	-93955.796875	-221.165710	-33426.242188	-48442.742188	746418.187500	786399.937500	-87571.609375	30519.250000	169328.921875	6087.759766	541407.375000	582079.625000	-121136.734375	-455093.906250	-444055.968750	-236268.656250	-18647.234375	44294.886719	9154.760742	-41610.250000	-103010.531250	-151690.171875	291380.281250	575473.187500	35524.066406	-194134.718750	-79282.257812	-46586.117188	-54048.835938	-38710.226562	-17444.281250	22095.666016	24465.464844	4850.465332	-312.898956	-110.143303	0.000000	
-0.000000	-534.605530	-1115.200562	-148.968399	-3143.572998	-8724.454102	-8419.907227	-4248.170410	1282.825928	6909.371582	-10189.602539	-26876.910156	-72.364464	-12377.909180	-20127.777344	345533.906250	403253.375000	-49506.769531	18948.175781	115099.640625	4519.578125	438199.500000	512964.437500	-116148.406250	-474639.343750	-503886.687500	-291916.375000	-25117.361328	65164.464844	14745.292969	-73603.617188	-200884.812500	-327679.343750	701282.437500	1554051.625000	108571.335938	-678652.375000	-321197.687500	-222361.562500	-310407.156250	-274941.937500	-158995.656250	272162.156250	439711.500000	143949.437500	-19292.691406	-24921.099609	131632.031250	-56684.820312	299086.812500	394108.562500	-136674.171875	-198816.578125	-84960.046875	-48828.195312	-54299.003906	-45576.097656	8813.267578	16421.107422	-11004.722656	-4541.598145	4568.872070	1071.572754	0.000000	
0.000000	-218.804062	307.311432	3878.353027	251.468689	35575.496094	56280.148438	-16353.009766	-82645.343750	-105567.328125	-72054.656250	-7185.049316	21321.531250	5460.257812	-30582.025391	-92994.132812	-168028.765625	396455.312500	964848.125000	73800.281250	-503834.343750	-259968.125000	-195958.703125	-297624.812500	-286750.187500	-180418.234375	336263.781250	592280.437500	211771.343750	-31074.150391	-44082.480469	256700.687500	-122449.890625	719830.187500	1064280.750000	-417713.968750	-695019.125000	-344200.218750	-233063.296875	-311843.906250	-323707.250000	80328.398438	202266.093750	-197785.046875	-134783.046875	281707.062500	242454.812500	31412.044922	-122992.171875	-104333.835938	-109481.718750	-30699.091797	107290.406250	81414.679688	-26928.070312	-75988.343750	-28294.949219	17470.328125	17858.833984	-3917.197754	-9322.481445	-505.400665	561.637329	-0.000000	
-0.000000	1752.205444	15648.412109	2486.745850	-28033.271484	-21105.671875	-21499.707031	-41903.812500	-49929.632812	-37798.718750	83001.070312	169427.203125	69290.671875	-11506.917969	-18316.105469	118832.570312	-62790.355469	406940.906250	660769.125000	-283936.906250	-515985.062500	-278585.718750	-205389.718750	-299002.406250	-337609.875000	91151.593750	249905.281250	-266411.531250	-198286.218750	453736.968750	428873.906250	61257.839844	-265686.250000	-251106.515625	-295652.781250	-93824.882812	375063.718750	329836.781250	-128531.171875	-436407.687500	-200966.750000	159233.062500	219975.218750	-70402.781250	-276667.468750	-31161.943359	127076.460938	-13892.436523	-150069.531250	-102928.343750	36069.660156	10438.986328	-61352.000000	-21031.978516	262837.593750	216447.796875	76968.585938	112422.960938	10705.055664	-35298.371094	-18916.019531	-8250.064453	-1735.559814	-0.000000	
-0.000000	1798.548462	10716.700195	-9567.427734	-28709.337891	-22617.154297	-22534.437500	-42097.769531	-58785.441406	19096.814453	61684.925781	-76209.437500	-64878.394531	168021.125000	178195.500000	28357.642578	-136239.687500	-141957.796875	-183558.921875	-63776.531250	278448.843750	266960.375000	-113269.578125	-418436.718750	-209597.890625	180687.625000	271785.375000	-94830.804688	-407019.625000	-50191.589844	224783.234375	-27092.175781	-324178.437500	-247723.843750	97405.257812	31904.419922	-214473.140625	-85207.242188	1254557.875000	1243078.500000	546674.437500	1024677.375000	131858.937500	-634408.500000	-561379.250000	-508681.625000	-392688.968750	-81547.523438	-99126.117188	210136.218750	400604.250000	12443.338867	-33365.847656	-15182.876953	-130091.906250	66727.640625	203242.703125	5122.219238	5052.838379	19764.699219	-13782.886719	-3991.073975	-1216.374512	-0.000000	
-0.000000	-627.408020	-2977.054688	-2148.989258	15492.855469	21673.341797	-12427.428711	-58913.417969	-36495.687500	37855.156250	67085.664062	-27127.210938	-133175.062500	-18586.203125	93396.593750	-12541.583008	-166233.546875	-140045.468750	60475.007812	21686.710938	-159225.734375	-68964.281250	1105593.625000	1191889.375000	570153.125000	1162739.250000	162915.328125	-854532.500000	-825873.562500	-819317.937500	-694620.375000	-159028.968750	-214131.093750	505747.500000	1081822.250000	38030.273438	-116639.679688	-61510.671875	-620945.500000	383222.625000	1443544.750000	46686.390625	62238.058594	355225.843750	-409040.937500	-246081.234375	-275217.750000	-395487.437500	-236166.609375	-230408.000000	-180594.859375	393416.625000	342198.875000	-115140.914062	-86286.992188	62614.878906	14227.223633	34658.261719	27754.470703	-16561.574219	5412.505371	1424.897217	-1302.578369	0.000000	
-0.000000	-618.956116	980.815369	730.747009	-8859.297852	-5598.907715	121300.765625	167810.984375	99276.429688	243600.953125	40212.914062	-244446.781250	-270222.281250	-303397.656250	-288612.156250	-73618.117188	-109803.015625	285913.718750	671659.937500	25850.697266	-86593.781250	-49784.960938	-547215.437500	367441.781250	1505542.375000	52976.769531	76896.820312	478480.375000	-601760.937500	-396355.531250	-486827.656250	-771255.312500	-510164.375000	-554536.812500	-487692.125000	1202389.625000	1196252.250000	-466472.500000	-411859.000000	359602.687500	101049.796875	315892.218750	341864.187500	-297656.906250	160629.359375	87856.171875	-294722.281250	245292.531250	765244.875000	-37598.359375	-503092.562500	-229452.250000	-81339.187500	-134672.078125	-99356.742188	-37612.195312	80279.156250	126148.921875	83599.914062	72489.015625	4238.709961	881.601624	2995.595947	0.000000	
-0.000000	1263.647095	10893.333008	871.055115	-4818.065918	-4041.822754	-60038.015625	51733.632812	262148.656250	11098.956055	18980.689453	136873.656250	-196893.593750	-146772.484375	-202275.062500	-357031.593750	-261604.171875	-313495.750000	-302788.437500	817312.375000	888102.562500	-377549.375000	-362955.500000	344794.500000	105389.695312	358454.531250	422382.531250	-400936.437500	236310.031250	141507.250000	-521328.906250	478354.437500	1653073.000000	-90490.234375	-1358589.500000	-701269.312500	-284343.937500	-545599.500000	-474242.593750	-216010.109375	570188.000000	1149782.500000	1029737.375000	1302826.375000	125794.093750	54357.703125	677785.625000	394640.250000	303657.937500	-121252.945312	-252677.093750	324513.781250	399865.343750	-53431.074219	-433701.625000	-274766.156250	-66033.476562	-101898.218750	-73066.710938	-24769.408203	-6114.360352	6056.895020	1961.463867	0.000000	
-0.000000	-1385.550781	-4910.781250	27539.839844	49413.902344	-30651.578125	-39821.843750	48545.031250	18350.707031	75098.406250	104258.039062	-114691.507812	77319.625000	52400.863281	-216610.203125	221441.109375	847669.500000	-51156.753906	-843493.625000	-476680.812500	-211098.109375	-441592.437500	-417931.781250	-207114.968750	594676.562500	1304700.500000	1272268.625000	1754874.875000	185062.109375	87552.296875	1198922.625000	769603.187500	655958.312500	-291826.781250	-682348.500000	991803.562500	1397841.500000	-216466.312500	-2070114.000000	-1578005.875000	-469007.156250	-928749.812500	-899995.250000	-445174.187500	-181458.609375	373455.437500	443802.187500	284225.312500	287784.156250	145534.875000	798606.062500	1261280.250000	867944.750000	110454.578125	-570539.750000	-346785.187500	-85426.140625	-172966.484375	-113661.921875	-34230.925781	-11491.416992	-7676.553711	-2237.225342	0.000000	
0.000000	-226.096466	-13680.220703	-16062.051758	-11745.469727	-35850.957031	-45853.593750	-29160.562500	103546.507812	273342.718750	314038.156250	501997.875000	60551.519531	32421.064453	498147.875000	356266.750000	336365.000000	-164978.140625	-423642.750000	674168.562500	1037763.312500	-175201.562500	-1824311.875000	-1513024.750000	-489150.125000	-1053886.625000	-1111968.625000	-599638.562500	-266953.000000	601513.250000	785033.625000	554278.687500	621668.000000	350267.531250	2156616.750000	3854820.250000	3034144.250000	447486.687500	-2723260.000000	-1991617.500000	-606744.812500	-1576500.500000	-1400024.500000	-615223.562500	-341035.937500	-473320.156250	-506196.125000	193652.187500	207353.000000	52350.667969	-78016.328125	-68395.679688	381080.062500	575363.875000	286381.718750	-50080.578125	-137951.421875	-38566.468750	68168.851562	83785.023438	-6693.473633	-24012.003906	556.538269	0.000000	
0.000000	-729.150513	-6870.859863	22716.523438	57741.003906	-14223.847656	-200155.296875	-213024.953125	-85172.000000	-220795.671875	-274470.812500	-171532.062500	-87345.875000	222743.453125	326178.531250	256588.187500	318781.437500	198016.406250	1338956.625000	2620275.500000	2252561.250000	362182.781250	-2399904.500000	-1909604.125000	-632803.375000	-1788913.250000	-1729768.500000	-828690.875000	-501715.343750	-762362.312500	-895401.125000	377648.593750	447921.531250	125995.500000	-210681.250000	-209036.046875	1332172.375000	2330982.250000	1366937.000000	-287617.125000	-979809.125000	-351513.500000	839666.062500	1505846.625000	-198645.234375	-1480529.750000	125922.742188	1254120.750000	252691.703125	241718.671875	703774.250000	1283988.750000	748599.750000	-448452.125000	-397732.375000	-356764.875000	-370382.906250	-181203.984375	-70206.546875	-47330.324219	-4237.853516	2391.396240	-895.526001	0.000000	
0.000000	875.169067	21715.898438	88291.789062	125332.195312	29404.033203	-263306.718750	-268860.968750	-110185.242188	-374788.218750	-426964.312500	-237054.546875	-164159.093750	-282306.687500	-372035.843750	174822.093750	229687.031250	71228.914062	-130803.515625	-142090.171875	989010.250000	1886629.750000	1204629.000000	-275773.250000	-1021890.125000	-398875.312500	1037430.375000	2028338.000000	-292237.125000	-2384644.000000	222742.453125	2445709.250000	545861.687500	581758.875000	1900525.625000	3924223.500000	2616940.500000	-1816822.375000	-1898428.125000	-2048931.625000	-2630669.000000	-1651581.125000	-864765.312500	-850655.750000	-125768.679688	147448.468750	-202622.343750	418252.593750	2360394.250000	1511670.250000	-600839.250000	-866576.500000	-585640.000000	-244866.343750	-199575.750000	93715.507812	384755.812500	93058.359375	2034.513428	6403.507324	-15958.411133	2954.931885	585.257080	-0.000000	
0.000000	314.808960	-2121.439941	-4787.815430	55028.390625	153167.203125	132166.468750	-38827.242188	-177933.953125	-83566.812500	256072.281250	580224.500000	-95618.726562	-883045.937500	92548.656250	1132174.250000	279909.187500	328885.156250	1179960.000000	2667451.750000	1942827.375000	-1470483.500000	-1673011.750000	-1964558.125000	-2743651.500000	-1874110.000000	-1068441.125000	-1145812.125000	-185024.718750	237490.734375	-358414.968750	815650.500000	5098896.500000	3638227.750000	-1622552.125000	-2648496.500000	-2047269.000000	-992031.562500	-952600.875000	538216.312500	2732753.750000	848179.062500	25060.007812	115088.585938	-473604.937500	182194.890625	132420.671875	-540755.187500	-95039.242188	-161354.000000	-571478.250000	-619481.000000	-313907.906250	306440.656250	493349.000000	73364.367188	-192531.125000	-171488.484375	6361.317871	65080.589844	30943.695312	3534.068848	884.166626	0.000000	
0.000000	1453.567017	19137.208984	89881.414062	108098.640625	-119382.117188	-183555.328125	-276598.187500	-477731.156250	-392637.437500	-263726.750000	-327769.968750	-60539.289062	87944.046875	-148920.078125	377583.125000	2614632.750000	2056795.750000	-1007377.375000	-1800289.125000	-1519901.000000	-802921.687500	-839490.500000	516052.937500	2850120.250000	962460.062500	30962.324219	155021.468750	-696744.375000	293455.750000	234236.515625	-1054547.500000	-205302.671875	-388340.375000	-1543263.375000	-1893304.625000	-1097353.125000	1241488.750000	2354818.750000	421337.937500	-1367465.000000	-1563029.250000	78355.179688	1169676.625000	918329.937500	217903.265625	200052.156250	607058.625000	-503032.843750	-1024710.000000	-591255.812500	-87921.898438	-131601.765625	-253812.828125	-146965.156250	12642.119141	13224.104492	-44986.425781	-19089.005859	-12582.138672	-9569.114258	2822.925537	2104.178955	0.000000	
0.000000	9090.377930	-16338.173828	-60661.843750	-84567.078125	-65185.695312	-92105.125000	72657.203125	496269.812500	201641.234375	7642.530273	44345.296875	-227971.750000	108668.171875	97324.398438	-488173.968750	-105275.945312	-219540.078125	-958150.187500	-1286954.875000	-814679.500000	1004825.062500	2075211.250000	403987.562500	-1426195.125000	-1773626.875000	96809.968750	1575525.375000	1351002.000000	350970.125000	353868.625000	1183848.500000	-1086645.625000	-2466231.250000	-1596672.250000	-268713.562500	-460050.906250	-1028276.625000	-701483.687500	72604.789062	93925.078125	-410028.125000	-235127.796875	-226135.531250	-283986.906250	174055.656250	476092.968750	18675.931641	-248463.406250	-135990.031250	-43833.859375	130753.546875	222753.796875	61253.785156	-94349.578125	-57635.656250	-26755.865234	-14226.074219	-10525.245117	-4405.334473	331.879211	-2393.407715	-1469.015259	-0.000000	
-0.000000	-970.296814	-15539.781250	-43364.734375	-45328.652344	81577.343750	227682.843750	56879.062500	-248332.515625	-371585.625000	23895.916016	450693.343750	442042.000000	129966.046875	147031.093750	548030.312500	-557214.625000	-1394232.125000	-991309.625000	-182655.359375	-341543.687500	-832257.375000	-618190.625000	69614.976562	97958.984375	-465274.031250	-290506.812500	-304598.937500	-417787.593750	280346.125000	842152.187500	36420.652344	-536727.750000	-327295.406250	-118372.289062	399618.875000	778698.437500	248158.593750	-450342.718750	-331006.593750	-190035.296875	-129663.343750	-129644.132812	-79175.937500	9849.329102	-147572.484375	-332380.406250	-237037.125000	-84648.531250	-5929.053223	-12627.609375	-41334.953125	-71970.296875	-35522.863281	15026.891602	11491.716797	-5907.357422	-9032.357422	-2882.666748	810.426880	1938.981445	635.734985	-270.522400	-0.000000	
-0.000000	-6162.059082	-16077.578125	-6154.684082	-19003.443359	-67567.328125	-67825.093750	9801.376953	17056.853516	-97477.742188	-71706.726562	-87133.296875	-136698.296875	103813.609375	349911.093750	16859.947266	-275225.437500	-185029.578125	-73492.593750	271636.937500	578108.937500	200852.390625	-396869.750000	-317375.968750	-198196.953125	-147133.781250	-160178.859375	-106648.023438	14489.849609	-237690.500000	-587941.625000	-462255.218750	-182856.765625	-14269.809570	-34100.558594	-126331.015625	-251592.359375	-143914.437500	71725.296875	65997.929688	-41957.394531	-82325.289062	-35507.089844	14565.592773	57544.023438	39198.082031	-61208.589844	-61921.289062	39982.542969	19961.238281	-54778.968750	-40385.679688	-11786.208008	-16398.083984	-20217.050781	-11146.778320	-7259.408691	-4766.284180	-2006.792236	-1092.833618	-481.217499	5.749615	-5.324069	-0.000000	
-0.000000	-817.771484	-1191.941406	9152.972656	32165.898438	16306.325195	-43542.761719	-44684.660156	-34510.531250	-30825.421875	-39537.464844	-30507.636719	4741.016113	-88018.015625	-244287.546875	-213988.421875	-93766.039062	-8067.137207	-21171.666016	-85872.242188	-186783.203125	-116480.187500	63208.750000	63280.179688	-43759.386719	-93417.539062	-43869.976562	19619.492188	84655.945312	63135.152344	-108270.757812	-120755.093750	86369.820312	48041.914062	-147929.312500	-123429.773438	-41202.000000	-66433.867188	-96498.601562	-64016.914062	-51560.429688	-43442.230469	-24718.552734	-19641.216797	-14281.308594	354.509186	-1204.627686	-7340.639160	-6674.680664	3307.922607	-7107.480957	-9064.834961	-6278.352051	-4990.396973	-3468.104248	-2974.276367	-1419.269409	41.646564	-374.641327	-325.013641	-203.861099	-100.345566	-31.307865	-0.000000	
-0.000000	-35.654163	-343.373169	-2893.517822	-10392.590820	-9456.516602	6934.979980	8909.475586	-7619.489746	-19571.542969	-10828.567383	5612.333984	27699.060547	23379.271484	-44986.097656	-55900.269531	44289.070312	27159.488281	-91843.359375	-83900.156250	-30588.533203	-53769.648438	-85040.507812	-61380.746094	-53774.855469	-49295.500000	-30540.447266	-26456.232422	-21009.960938	570.997070	-2130.843994	-14315.263672	-14418.567383	7961.376465	-19193.583984	-27704.632812	-21947.740234	-20217.689453	-16553.710938	-17081.527344	-10080.455078	379.587006	-4614.624023	-5841.386719	-6050.077148	-6187.096680	-7083.739258	-3877.073975	-1054.777832	-2640.416504	-1301.175293	-471.396942	-525.599304	-664.235352	-852.441040	-263.704742	-729.811279	-407.698639	-125.388580	-50.529705	-13.471180	-34.962193	1.085976	0.000000	
0.000000	120.036232	-1489.563721	-2827.067139	-1701.941772	-4365.322266	-9330.262695	-8642.045898	-9363.406250	-10327.707031	-7538.396973	-7568.045410	-6874.368164	211.443161	-885.357727	-6626.860352	-7393.611816	4500.797363	-11916.524414	-18831.947266	-16294.093750	-16363.613281	-14588.148438	-16378.122070	-10513.391602	430.731354	-5701.494141	-7868.202637	-8900.577148	-9965.368164	-12530.296875	-7560.831055	-2278.518799	-6354.849609	-3513.792969	-1440.718994	-1837.379883	-2691.028809	-4068.811523	-1514.479248	-5183.532715	-3715.963379	-1544.467041	-908.157349	-399.790253	-2155.695312	245.713715	223.745850	-1838.785522	-1034.743774	-329.152649	-425.788208	-273.272614	-218.181000	211.209198	410.262787	-1.514543	-201.584259	-158.424469	7.431576	33.959023	-9.722007	-3.452970	-0.000000	
-0.000000	19.892082	-193.268433	-634.554016	-906.601074	-1328.489990	-1600.546143	-2305.942871	-1830.616943	90.240845	-1407.318115	-2250.770752	-2912.230469	-3690.227051	-5206.291504	-3500.080322	-1168.388062	-3592.580811	-2181.572754	-979.314331	-1364.078369	-2178.041016	-3585.687256	-1452.114014	-5406.155762	-4216.640625	-1908.231201	-1223.265381	-588.151794	-3472.112549	434.638519	436.335419	-3972.123047	-2490.380127	-888.868896	-1301.326050	-955.301086	-883.920715	1008.128784	2356.174805	-10.757143	-1837.336670	-1951.384644	133.565796	1007.817139	-599.438538	-781.271423	-708.349365	840.064697	1366.302612	-590.238098	-668.612122	-525.383606	217.670822	956.157227	-86.029251	-323.338043	-20.718376	-25.909878	-26.545671	10.116373	-2.357813	-2.626270	0.000000	
-0.000000	-15.878057	-35.381889	-32.998596	-75.897133	-176.825607	-393.405487	-204.449066	-941.332825	-883.411865	-471.014832	-349.926178	-192.440735	-1285.741211	180.590683	201.989563	-2036.841431	-1407.884155	-551.862976	-884.563416	-709.219482	-715.419922	888.425171	2259.149170	-11.219142	-2084.893799	-2410.989014	179.909805	1482.651123	-965.497314	-1381.976807	-1381.379395	1814.697998	3288.362793	-1593.923828	-2043.462891	-1836.625854	881.853821	4563.862305	-494.073456	-2296.529785	-188.837326	-319.143524	-477.098480	300.228149	-145.377777	-594.221558	273.380402	732.507568	-349.955414	-304.900696	581.522522	-189.362808	-459.239624	-34.038483	-2.589670	-87.085472	-72.022781	66.517250	51.014126	-25.992001	-8.738905	1.994494	-0.000000	
-0.000000	-6.222397	-8.950402	-29.805906	-39.460873	-58.081806	97.474014	318.074860	-1.953504	-436.797943	-595.112183	51.464832	485.117035	-357.528625	-574.206177	-639.471863	930.548279	1859.006836	-989.603271	-1389.023438	-1363.518555	713.747009	4021.956543	-473.727844	-2395.161377	-214.280685	-394.310516	-642.639832	441.680939	-234.155533	-1051.107788	533.129639	1582.354370	-842.258728	-823.377075	1777.293091	-661.970825	-1860.526001	-162.470078	-14.872698	-618.530334	-656.450623	819.322571	916.863708	-771.376282	-538.822510	451.275635	-342.463196	-1227.779541	810.324951	2306.095947	97.645004	-653.206116	-276.651611	-236.987854	-82.942551	-17.761211	47.621994	-54.890087	-22.559425	28.233738	6.135794	-2.778120	-0.000000	
0.000000	8.216215	-16.049904	-46.803997	-75.865982	57.945992	441.270966	-66.698082	-417.051270	-44.893108	-97.328934	-183.832962	144.516098	-86.709000	-436.731354	246.797821	811.406128	-476.153290	-511.201721	1208.097290	-491.449890	-1505.855957	-143.178635	-14.260251	-645.095093	-744.898682	1012.295410	1234.992676	-1134.811035	-867.864929	798.253235	-667.850708	-2652.234863	1950.257935	6227.557617	298.430023	-2283.465088	-1120.803833	-1131.173706	-476.346283	-126.150177	434.049957	-676.105652	-405.454742	837.905273	378.320160	-628.579346	-546.134583	277.086823	201.598938	-412.212311	-26.708502	387.071533	157.727524	-259.894714	-207.516083	-109.402596	-58.833500	-26.688881	11.434757	18.815767	-3.609573	-1.751217	0.000000	
0.000000	-2.104445	-8.290937	40.707577	-27.344202	-122.253853	-15.708916	-2.007759	-112.325500	-156.060806	249.868134	353.280853	-371.305267	-321.374847	331.671234	-309.163239	-1360.023926	1102.537354	3866.440186	202.854843	-1695.254028	-907.146240	-996.859924	-456.730682	-131.568100	492.532501	-835.347046	-546.137451	1232.685181	609.348755	-1111.882568	-1065.038086	598.559753	485.200317	-1113.169556	-81.628540	1353.117065	639.004456	-1240.511230	-1191.782959	-777.039185	-536.237061	-328.738831	205.513931	558.403931	-222.558701	-396.231506	594.654846	778.158997	-113.213547	-106.815765	-77.882790	-383.019562	106.099792	-88.742409	-87.560898	453.503540	73.283142	-6.132730	35.368618	-37.635635	-7.129768	-0.236921	-0.000000	
-0.000000	4.872862	62.707951	6.835318	-94.323692	-73.647232	-109.370987	-64.304977	-22.908953	103.188560	-206.191391	-156.227585	403.329285	225.644974	-461.983032	-493.030273	306.931915	274.297821	-691.122192	-55.486187	1004.559692	517.191772	-1093.214844	-1142.706177	-810.411560	-608.487976	-406.165802	276.822174	821.496521	-358.468506	-700.886719	1159.659424	1680.970093	-272.477875	-288.453430	-238.031265	-1338.952271	429.844086	-423.579010	-502.869812	3221.038818	667.938110	-75.539574	635.671021	-1116.929688	-439.606537	-53.605873	-270.629211	-283.680969	-7.715227	54.450317	71.354790	118.326111	77.089745	-41.277122	54.469620	119.758163	46.283871	-2.948768	-8.754866	41.103622	23.612160	-4.459103	-0.000000	
0.000000	1.212308	-11.208982	-1.869641	55.893562	41.988533	-119.942612	-160.886276	-141.110809	-127.481934	-100.255211	79.187492	268.790131	-132.742722	-291.215820	536.832642	861.974670	-154.039642	-179.089127	-161.799377	-994.043701	347.903381	-373.283905	-482.161987	3359.376465	757.934021	-93.331200	856.233093	-1643.172119	-708.060791	-94.822456	-527.764465	-612.804321	-18.568701	147.041794	218.079910	413.642120	312.315094	-197.021057	312.823761	850.590271	421.853668	-36.321293	-157.348953	1219.850708	1455.876221	-1008.919739	-533.243164	164.991577	-487.519653	-559.786865	-352.195526	-98.736679	-108.823761	-103.899681	4.185950	-49.077736	3.471337	58.184200	-5.551993	-8.047328	-6.349419	-2.633610	0.000000	
0.000000	-0.680806	-2.904561	-5.451929	-55.308453	28.244751	-40.955029	-67.885559	584.942688	158.791794	-23.037241	244.933258	-537.638855	-262.198578	-39.398376	-244.314148	-314.236298	-10.497425	91.292336	148.237640	307.089600	252.778809	-173.627090	299.941895	887.121521	478.692902	-44.875950	-211.945129	1794.584595	2344.935303	-1784.659790	-1039.898071	356.412872	-1173.342896	-1511.691162	-1076.406616	-345.161774	-440.879730	-495.926636	24.040272	-348.577881	31.639448	716.680725	-99.784538	-238.824173	-391.491852	-595.882507	2648.577148	3478.934082	525.369812	465.638214	238.385513	-680.925110	-581.775940	-402.534851	-309.825226	-123.680649	-147.981506	-72.580322	9.877647	-28.937975	-8.822863	2.662282	-0.000000	
-0.000000	-0.046395	1.480627	4.994958	17.086424	20.522005	-19.049583	42.230045	154.467728	100.289078	-11.076875	-60.628830	587.180298	868.341614	-741.519470	-481.392395	182.762848	-663.324768	-938.548218	-731.676636	-256.249512	-356.835327	-437.041077	23.050312	-363.548645	35.902451	885.478577	-134.407288	-351.346405	-630.563965	-1054.045776	5165.092285	7515.153320	1264.439087	1257.444946	728.571838	-2380.364746	-2356.959717	-1921.350952	-1779.353149	-878.450012	-1348.775269	-894.004150	177.528412	-858.805298	-543.999207	602.369873	-82.265945	-129.416672	321.155304	-48.951370	-393.399536	-327.638458	619.513794	342.272919	-96.440887	574.783936	232.741821	-25.019258	-21.474211	-33.776062	34.094666	6.972391	0.000000	
0.000000	-2.931683	-15.221867	-24.654293	-14.257687	-28.969896	-47.950184	3.245347	-63.301964	7.521782	218.565521	-38.448425	-114.959030	-233.501083	-437.952057	2391.038330	3853.650879	714.824097	780.697021	495.239410	-1767.192627	-1907.655029	-1693.212769	-1706.080688	-916.177795	-1530.505005	-1104.566528	239.126358	-1263.432251	-876.202881	1065.521118	-160.429993	-279.564392	772.943787	-132.192017	-1202.337402	-1145.352173	2509.847900	1633.713013	-553.868408	4082.440918	2121.322021	-308.173340	-385.950439	-1002.387390	2102.205322	1577.578003	447.912231	399.740295	-961.773315	-1104.591797	-991.526123	-457.687988	227.157303	45.391418	-279.191528	191.637436	164.696457	-141.275925	-61.963387	-33.321800	-18.189785	-1.633724	0.000000	
0.000000	3.159294	12.661753	16.687395	-98.326347	-154.874161	-185.771683	-240.206070	-159.527069	-320.650116	-272.643707	68.404266	-413.389587	-324.462433	442.720032	-74.266685	-143.356155	436.967560	-82.072708	-817.276794	-850.314148	2031.398193	1439.728516	-531.060486	4257.773926	2407.142334	-380.756592	-519.865662	-1474.663208	3385.958008	2790.549072	873.490906	863.514343	-2314.757812	-2982.923828	-3030.377197	-1599.976807	920.286560	216.659103	-1603.421143	1361.117554	1501.123535	-1740.158447	-1113.651978	-988.906067	-1121.543945	-369.647491	273.018707	-397.020569	-316.351074	731.449463	170.825317	-392.581940	-188.108459	-83.169586	-94.604149	-18.917183	5.726609	-12.758204	9.970895	1.876906	0.299527	2.242348	0.000000	
-0.000000	1.931257	-1.331098	-27.538643	-47.311359	164.920319	157.960541	-74.770180	741.373840	504.310974	-93.983368	-148.712296	-482.503418	1253.837646	1159.462769	404.358765	442.796417	-1308.599731	-1851.977417	-2059.868652	-1187.829346	744.853394	190.933350	-1537.393433	1419.575073	1703.380127	-2150.013184	-1500.061523	-1454.830078	-1806.436523	-653.862732	532.424316	-857.639221	-761.381165	1975.261963	522.089294	-1372.380249	-762.087280	-396.979218	-543.319824	-134.360550	52.195091	-157.148468	179.204330	55.701771	18.468199	507.355286	610.369995	-289.435425	-278.277893	-190.808762	-310.738983	56.484589	224.913162	-40.056702	-36.910130	-28.484293	9.927541	80.161644	13.640951	-21.507551	-7.307384	-1.362838	-0.000000	
0.000000	-5.783592	-30.036341	-69.408531	-66.090660	60.471382	20.948349	-216.455902	247.179810	356.868530	-530.694702	-429.106201	-476.014130	-668.932739	-271.677521	246.471283	-439.783722	-430.430847	1226.360718	354.884979	-1018.860779	-616.811401	-349.842529	-520.946289	-140.131088	59.227692	-194.161224	241.383774	81.945717	29.746162	897.451538	1190.306030	-625.235046	-669.748108	-515.274536	-949.703979	197.457718	911.194885	-191.195816	-211.978073	-202.311584	90.484421	987.386658	245.165298	-638.289307	-450.557922	-308.356628	-46.550922	68.884041	-24.385735	-167.987671	23.710331	266.290344	6.973023	-134.352570	84.919868	126.194817	-0.846408	-20.572266	-18.347071	-8.446968	0.161987	1.599502	0.000000	
-0.000000	-1.902367	19.889761	11.958066	-56.689274	-50.076218	-38.383148	-73.346161	-24.399961	12.408563	-47.925438	69.050018	26.812284	11.015158	372.887756	551.019714	-320.610565	-378.628052	-319.913239	-645.551819	146.593430	737.494812	-168.493530	-203.248962	-211.000488	102.676010	1219.943115	330.231567	-939.019897	-725.699890	-545.446411	-90.780754	148.802505	-58.690613	-453.646729	72.465302	930.892578	28.249937	-641.282227	487.702179	896.307007	-7.714576	-253.397766	-329.747162	-250.684464	9.987749	361.904419	77.910866	-188.770279	-185.403412	-41.495178	35.466099	-128.111771	-95.690010	45.366749	18.805584	-45.730499	-13.491456	49.825600	39.662350	4.348456	-3.743600	-0.459249	-0.000000	
-0.000000	-1.673415	-5.188520	-21.752264	8.156438	59.873974	-18.486351	-28.616253	-36.739910	21.511250	301.122498	94.465744	-307.243256	-268.730408	-226.630951	-42.024467	76.303558	-33.179508	-281.651001	49.257568	691.098511	22.864683	-565.137390	467.618958	934.801758	-8.754014	-313.079865	-444.161224	-368.794678	16.086962	640.166138	151.936981	-407.779358	-446.221558	-112.056747	108.394173	-447.850647	-387.670715	216.541367	108.002098	-324.803894	-122.967682	613.724121	712.841187	129.051086	-230.822540	-103.910019	-61.074726	-76.851624	-14.864270	-116.442940	-162.801483	47.185944	86.147705	-17.088747	22.244963	36.391903	101.010971	46.068508	-18.832964	-1.616019	-0.461863	1.390522	0.000000	
0.000000	-0.146643	-4.567964	1.659764	38.452625	1.856283	-62.004333	65.837982	162.769928	-1.834019	-77.278503	-127.056351	-120.668030	5.957085	265.986633	70.335075	-209.102753	-252.261978	-69.571526	73.679855	-332.486176	-313.769470	190.829590	103.554649	-338.753632	-139.535965	758.272888	960.179382	189.853638	-371.778809	-183.804535	-119.104179	-166.013977	-35.774734	-314.451416	-497.566193	164.951706	349.011780	-81.566803	127.754745	258.475891	920.663025	567.446350	-338.480011	-47.959332	-28.477524	314.620361	374.076416	856.370728	1333.815186	1038.848511	1244.173950	85.209251	407.738312	526.395081	-103.907257	-228.035538	58.632538	280.984253	29.072538	-14.670585	7.011417	-6.420855	-0.000000	
-0.000000	-1.114917	-1.128347	2.482688	-18.499483	-25.473568	20.936964	14.579883	-58.984592	-29.233633	187.166931	274.668030	62.119289	-137.671616	-76.370094	-55.136024	-85.129326	-20.224495	-195.230225	-338.215668	122.460831	282.480042	-71.881691	122.493896	269.576965	1044.710327	701.095398	-455.924164	-70.555420	-45.867878	556.526245	729.500793	1849.922119	3210.173096	2805.385742	3802.538574	297.872833	1651.877808	2512.551758	-596.748413	-1619.637451	534.405396	3461.008057	522.513245	-435.385529	432.309235	-1452.786987	-682.804321	-676.143005	-616.741882	-102.373573	-82.476921	-236.774017	-339.669342	-90.202812	48.994915	-263.650116	-247.174866	35.629044	52.975018	-43.560596	-19.441008	0.563354	0.000000	
-0.000000	-0.089386	-3.166346	-11.396383	6.813704	22.933319	-7.886536	17.246418	46.939388	218.873169	173.053635	-130.421249	-23.085428	-16.985111	231.234573	337.702484	948.610596	1814.804077	1741.751221	2584.737793	221.142029	1336.982178	2214.215332	-572.174744	-1689.197876	606.409546	4276.169922	703.812317	-640.517822	696.307312	-2569.808594	-1331.563110	-1460.596191	-1484.349731	-276.457397	-252.072189	-827.710022	-1376.108643	-430.549713	281.382050	-1872.592407	-2252.871582	438.858826	952.106323	-1292.767334	-1198.691650	127.464912	1.716025	-237.535675	-46.007912	-418.674774	-270.444763	179.143524	177.110428	-270.071320	-227.630280	151.283310	110.769478	-88.363861	-50.296082	13.243834	4.821215	-0.018895	0.000000	
0.000000	8.020853	28.248632	87.094315	12.304312	108.543724	242.933746	-80.558823	-294.127197	127.046494	1055.500732	201.331909	-209.574677	257.846161	-1067.745850	-616.410767	-748.970520	-839.145996	-171.641281	-171.343552	-614.495300	-1113.782593	-379.426910	269.794922	-1953.016724	-2556.416504	542.222046	1282.463623	-1901.855957	-1930.696045	225.470367	3.346485	-513.121765	-110.730011	-1130.621338	-826.553711	626.246460	717.530762	-1289.085449	-1307.300537	1074.499634	1009.606812	-1088.416992	-903.958496	393.043243	297.265961	-4.275094	278.750732	-151.371506	-186.573364	12.488861	-14.979165	-129.612045	-58.463139	105.834869	69.817818	-96.330032	-73.434944	26.929766	58.149284	0.712803	-12.787427	-2.819967	-0.000000	
-0.000000	-3.708756	-2.783768	-5.773526	-34.190434	-90.423126	-41.629017	37.985531	-340.063965	-535.584839	133.838409	366.860352	-622.279053	-714.946716	93.682098	1.549164	-263.120697	-62.598888	-701.957275	-561.841614	464.927948	580.748657	-1136.021484	-1253.466797	1120.647461	1145.638062	-1344.768921	-1217.609619	578.225952	478.797211	-7.562136	543.602539	-326.990967	-449.037323	33.725872	-45.780457	-453.095276	-236.852798	505.163544	400.969788	-684.190430	-669.321716	331.705933	1045.102051	21.154188	-788.445862	-638.047729	-235.269119	9.230984	80.253548	-3.533462	-82.100388	-52.750580	-0.193645	12.414646	-79.962402	-78.096443	21.658096	48.413414	-16.548628	-11.572618	11.268750	3.950714	0.000000	
-0.000000	-0.276667	-11.384711	-18.931597	25.868526	47.148438	-124.639168	-176.480713	195.129822	240.018158	-331.933624	-348.308289	189.193024	177.301071	-3.142039	251.645935	-167.675766	-253.853836	20.939039	-31.118809	-336.379822	-191.701813	445.181213	384.458130	-713.575134	-759.504028	409.831726	1407.726562	31.121002	-1269.925659	-1128.630981	-458.807404	19.940664	193.151031	-9.542031	-250.921417	-184.404465	-0.784518	59.256710	-459.231018	-554.685181	197.402390	596.329590	-297.424225	-343.445801	694.807434	893.891235	95.947144	-329.237183	-342.090668	-170.242325	-76.819588	-37.976593	-10.220817	-75.973541	-35.762524	39.294689	38.772007	-16.377012	17.367140	30.356930	-3.516610	-1.864470	-0.000000	
-0.000000	-1.121953	0.339600	-1.048567	-18.716125	-15.563431	48.843281	54.129433	-124.249413	-159.120712	101.160080	402.692963	10.182658	-470.260010	-468.941956	-212.392349	10.225255	109.193886	-5.924263	-170.561325	-136.902634	-0.634966	52.220665	-440.320190	-578.507874	223.999771	736.781494	-400.623047	-505.260620	1119.105103	1581.187988	187.110214	-711.214355	-823.330200	-459.735321	-234.781830	-132.757843	-41.407784	-362.631531	-205.387283	279.093140	353.386902	-201.722946	312.135132	900.916199	-216.826782	-421.856384	-197.068237	-146.039856	19.034658	128.338196	315.016632	26.408184	-227.563339	-1.540594	82.620049	-39.479324	-64.179871	-19.184458	18.842983	0.623736	-3.729054	1.732252	0.000000	
0.000000	0.482602	-0.096083	-5.747169	-7.617243	-0.051550	5.729416	-61.994484	-100.731178	46.929317	181.862152	-114.601860	-165.319092	414.410370	656.977722	86.617569	-364.699402	-465.452454	-285.431183	-159.590607	-98.559967	-33.514263	-319.573242	-196.929581	291.079681	401.001160	-249.234207	420.438293	1325.383789	-349.236267	-746.214050	-384.310364	-315.473602	45.811859	346.574249	962.777649	92.317215	-921.931580	-7.353453	474.494110	-280.404510	-584.966492	-236.303513	338.660095	18.510889	-229.925629	391.940430	639.145020	108.711975	-87.545403	-167.349228	-239.413925	-150.046539	-85.505081	-22.455572	-30.352076	-45.956478	31.636805	47.348007	-12.320528	-1.242647	12.995821	0.821903	-0.000000	
-0.000000	-2.057151	-4.629272	-5.377503	-5.483863	-2.720876	-35.062138	-27.726522	50.683491	84.012184	-61.519283	120.270187	433.659851	-129.323990	-310.049164	-177.905975	-161.769836	25.898773	215.174026	654.438477	68.536682	-746.184753	-6.480316	454.954773	-292.447357	-663.783081	-291.959442	456.166718	27.232313	-370.334198	693.296265	1246.421387	234.838348	-210.700790	-451.922607	-731.714966	-524.529785	-346.408325	-107.183350	-174.314606	-326.408905	288.353180	583.206482	-221.433670	-36.878590	801.295044	185.964233	-419.880554	-265.065796	-160.074463	145.268387	450.513763	198.845993	-90.692749	-128.224945	-92.901207	-64.115913	-31.924448	-24.951532	-0.987181	26.362759	5.101133	-1.318202	0.000000	
-0.000000	0.114464	3.489805	22.051704	3.813371	-60.579472	-0.710991	64.054947	-50.921638	-139.066589	-72.065292	130.490631	8.910295	-137.136658	288.062012	576.996704	120.421364	-119.115273	-280.580566	-497.375916	-389.413086	-280.372864	-94.456573	-167.136459	-340.427582	327.204987	720.567505	-298.265656	-54.253971	1290.621460	328.948761	-818.825256	-572.592041	-385.260864	392.293823	1376.894165	695.121948	-367.425232	-612.034302	-533.539673	-455.387543	-290.974915	-307.339142	-17.742346	782.379456	314.525146	-298.257263	360.892883	452.293762	-91.562599	-196.356384	-148.951385	-126.455101	-108.069176	-37.477787	107.126999	-0.590300	-35.168655	81.542328	35.532314	-16.444464	-5.394512	1.017538	0.000000	
0.000000	-0.526451	-4.550602	-16.759386	-21.666889	-22.762245	-10.363350	-23.531826	-59.276066	68.551437	177.860001	-85.321594	-17.751665	477.923767	136.676971	-379.052795	-293.616089	-217.799133	243.559464	935.930054	516.061401	-297.383362	-539.362305	-511.568878	-474.945587	-330.179962	-379.725891	-23.898500	1150.998291	506.596039	-527.581848	703.791077	977.039734	-220.369217	-530.255737	-455.236481	-442.059265	-437.822662	-178.886322	615.239685	-4.192647	-320.544189	1004.393188	638.613098	-488.029755	-332.614258	230.228836	73.802284	-323.898529	-263.586761	-131.564972	19.205507	176.651505	155.081940	-15.933197	-100.551132	-52.708153	-2.218927	-7.341076	-17.575165	-3.931424	15.475409	3.410850	-0.000000	
-0.000000	-0.962602	3.950175	31.536737	28.713583	-24.143251	-59.176407	-72.025879	-82.698662	-69.174713	-93.728966	-6.836383	376.601654	187.595123	-219.208282	325.800873	501.010437	-124.581108	-329.214478	-309.442444	-328.186615	-354.361023	-157.645645	589.904541	-4.372714	-363.733307	1240.955200	860.195984	-717.965454	-535.731628	407.247620	143.924683	-699.681824	-634.390137	-355.288086	58.697323	617.534912	628.286316	-76.051208	-577.473877	-374.363129	-20.224382	-90.423302	-315.873901	-116.674637	954.181213	771.741333	-357.872101	-355.594482	-11.973626	113.917809	-8.158993	-145.348389	-117.370857	-61.534836	-48.976059	3.287973	37.290794	-9.253729	11.887838	19.354017	0.579413	-1.369637	0.000000	
0.000000	-0.550609	-5.339373	-10.426852	-18.260258	-28.769018	-17.296171	83.055077	-0.761387	-76.204338	306.308960	246.066864	-234.915192	-198.384186	169.209854	66.625999	-358.785706	-358.639130	-220.584091	39.898918	458.460449	508.516785	-67.021011	-553.693909	-390.441345	-22.949352	-111.720459	-425.474304	-171.645996	1536.870483	1365.119141	-697.900146	-768.151062	-28.817648	307.632355	-24.936129	-508.106079	-475.506744	-293.713745	-281.273743	23.353046	339.886383	-113.982300	213.657043	574.377869	35.725407	-309.894928	30.093704	576.804321	183.725525	-304.924927	-234.354507	-56.374386	6.280453	-12.829578	21.309502	-23.723083	-40.274681	-9.941056	5.998506	-1.336802	-3.352923	2.115256	0.000000	
-0.000000	-1.585070	-3.577548	1.344419	25.508675	41.284252	-7.353244	-77.956833	-67.984581	-4.808029	-27.576321	-121.710785	-56.161831	569.111084	567.201904	-323.073822	-393.895630	-16.291452	190.996552	-16.950085	-377.220062	-384.861420	-258.838623	-269.691101	24.356016	385.681610	-140.828247	287.790741	844.996521	57.541821	-548.167480	58.686893	1246.005981	442.183289	-823.442505	-716.251953	-197.072495	25.444118	-61.237236	122.382317	-168.494766	-367.082977	-122.448418	107.809593	-39.672874	-206.734207	478.599213	853.884888	5.148272	-399.216309	109.784393	662.206238	211.545761	-249.233658	-166.096451	-119.619812	-84.507217	-42.828602	-3.439564	2.023010	-3.368411	1.466353	0.567270	-0.000000	
-0.000000	-0.072003	3.097682	-0.571144	-20.988470	-31.245213	-28.398611	-37.970913	4.240928	80.802650	-34.761089	82.325157	276.479218	21.308033	-227.761536	27.167494	638.932007	249.979034	-511.242340	-486.865143	-146.307434	20.593733	-53.966022	117.342697	-175.731308	-416.542603	-151.288361	145.216843	-58.364788	-332.980499	846.585449	1665.193848	11.121237	-960.817932	296.470154	2023.884766	739.517578	-1009.724976	-792.799866	-686.986938	-600.218079	-390.360657	-42.366638	36.359028	-99.965828	90.412254	128.350891	-112.716400	-170.618225	558.274353	580.657227	-200.538330	-238.338684	-103.396049	-88.784134	72.683243	103.053444	-9.086824	-36.744301	-21.065083	0.957249	6.613842	-0.008315	-0.000000	
0.000000	1.104827	-8.291596	-16.405218	-8.140525	1.671915	-5.920909	16.521158	-30.598757	-87.268211	-37.342995	41.540596	-19.096706	-123.304390	351.753082	770.856018	5.702793	-543.178284	184.066391	1375.715454	549.020874	-817.242188	-698.664062	-658.697327	-625.996338	-442.956635	-52.345139	48.974709	-147.064835	145.624268	227.037552	-219.812607	-368.567505	1343.632446	1568.051025	-612.900452	-833.179749	-418.890320	-423.778168	417.426147	731.943909	-82.821732	-452.595947	-378.597290	28.408699	407.795624	-1.881289	-325.765656	-107.150299	174.588562	48.663574	3.260697	17.157179	-55.762222	100.799812	105.906944	-3.114155	-27.607115	-36.339058	-19.778111	-7.616560	-3.778607	0.574102	0.000000	
0.000000	-2.400674	2.985285	46.355576	30.547445	-66.348312	-76.654282	-92.740692	-108.999985	-92.802109	-12.920519	14.009660	-48.118977	53.925411	94.333260	-101.756241	-188.995544	759.594421	973.539856	-416.612946	-618.556091	-339.037720	-373.459412	400.236847	763.379517	-93.980865	-559.194641	-509.961151	41.793484	656.823914	-3.327778	-635.288147	-231.464844	420.192810	131.414825	9.965590	59.977734	-225.910522	481.130554	608.232788	-22.118488	-251.624649	-447.604340	-355.466858	-226.040070	-232.980972	129.896683	352.896118	-45.588512	-199.842270	50.722149	97.345985	-53.222637	-75.577751	-69.068130	-13.667731	58.905216	15.810406	-23.686420	-14.276382	-4.321919	-0.047285	1.267084	0.000000	
-0.000000	3.357164	15.789379	-14.038028	-34.416374	-27.524986	-40.974285	56.350983	132.921478	-19.689564	-138.027817	-145.879013	13.674648	243.225281	-1.382679	-294.089294	-118.691483	237.547180	81.590179	6.774010	44.527714	-182.845444	424.001862	583.186218	-23.068438	-285.527771	-553.027405	-478.805023	-332.539062	-375.255341	229.771881	688.196289	-98.479774	-480.972443	136.973953	297.516174	-186.054672	-306.189545	-329.671112	-78.494965	418.378174	144.103714	-291.756195	-256.585724	-128.263535	-2.915507	286.691376	389.463135	183.815552	139.876312	22.388344	-114.683762	-145.370667	-110.527824	-23.932894	6.769506	-27.192341	-23.776062	-15.337135	21.974161	41.797348	7.039142	-1.952767	-0.000000	
-0.000000	1.049882	1.323272	0.228254	2.477516	-14.844420	46.519581	82.109169	-4.016732	-59.819805	-136.505524	-136.966522	-108.805351	-138.958984	95.469360	318.581696	-50.498859	-271.907684	85.041626	202.233643	-138.127747	-247.820953	-290.526489	-75.262604	436.346741	163.519791	-360.472748	-345.614624	-188.695007	-4.695919	507.123138	759.507080	397.076233	336.648743	60.459190	-350.505188	-508.183929	-447.783417	-114.234802	38.877857	-193.135406	-216.706573	-188.914322	394.935944	1240.438721	434.018677	-441.834351	-323.408966	-152.903320	170.878876	363.065826	160.933853	-150.107315	-162.077179	-82.679863	-66.312477	-38.464725	-26.783360	-16.726486	-4.855275	3.525270	4.726320	2.492683	0.000000	
-0.000000	-1.201745	1.379250	6.814386	-7.685409	-20.119497	-31.875259	-10.596529	75.977745	34.258392	-88.976646	-98.866196	-61.740192	-1.738923	210.707764	351.593048	203.614365	190.317291	37.536678	-238.252396	-377.277832	-362.422974	-100.670738	37.276897	-201.430206	-245.904938	-233.408813	531.968872	1824.872559	699.060608	-781.552734	-630.692261	-330.299988	411.264496	980.450623	491.858215	-524.742249	-656.626282	-394.641693	-380.838318	-273.198273	-244.116531	-206.027573	-87.262596	104.621025	291.414978	563.996155	532.296631	-106.031647	-342.743500	-202.622787	-69.883102	69.089973	52.040630	-57.373413	-68.711578	-29.365145	-17.008398	-1.775211	38.146351	42.530426	12.183959	-1.505078	-0.000000	
0.000000	0.841141	0.608790	-8.028060	-20.991686	-29.423532	-11.045141	5.248367	-35.073513	-51.518581	-57.613045	152.174530	597.090454	258.865753	-324.732239	-291.961761	-169.372574	232.499741	608.722412	334.335724	-389.570801	-531.454346	-347.782562	-365.155670	-284.931610	-277.008026	-254.552704	-117.540550	153.913315	469.373230	997.642517	1038.052124	-229.048325	-824.901367	-547.178040	-213.582016	241.523392	210.833176	-273.850739	-394.616577	-208.567886	-155.022797	-21.866062	685.594482	1262.194580	751.237305	-340.539886	-561.049927	-304.608673	-230.322861	-160.265305	-68.298019	72.932526	133.491852	45.816887	-52.159569	-28.080177	23.412132	-1.166596	-19.591181	-8.463052	1.846183	1.042204	-0.000000	
-0.000000	1.027574	9.872579	11.265647	-21.675665	-43.146450	-38.157139	-51.411758	-49.612976	-58.034870	-62.832062	-33.623543	50.359772	173.811325	414.516724	480.537872	-117.452339	-466.340698	-339.720856	-145.180237	179.307968	170.642273	-241.334122	-378.366547	-217.525497	-175.910080	-27.016117	923.478760	1856.878784	1209.994995	-602.374817	-1094.125000	-658.012085	-554.331909	-432.792664	-208.737579	254.956100	540.817993	218.689926	-299.556915	-199.441315	213.389542	-14.369485	-352.107239	-251.161789	113.831779	235.809875	-17.272615	-148.080429	-110.675255	-60.145477	-34.351112	-15.632903	90.675728	81.829346	-34.750225	-41.168240	-2.391842	15.029426	12.356155	-1.546790	-3.487059	-0.641357	-0.000000	
-0.000000	-2.061076	-5.509770	-4.891937	9.976670	13.853699	-26.478096	-53.271774	-37.876060	-36.854233	-6.668475	264.169495	607.562683	448.067383	-250.284500	-506.495300	-337.418121	-313.379913	-268.703552	-141.887283	189.280457	437.722473	192.723038	-287.221375	-208.006958	242.140976	-17.753891	-474.279694	-369.496918	183.345383	417.119812	-33.683990	-319.881622	-266.368805	-162.421432	-104.986473	-54.649197	367.356293	390.582062	-199.573563	-292.400146	-21.800406	185.124130	222.073990	-45.904785	-215.004715	-145.113983	-96.448631	-30.848701	97.124222	133.446152	28.921534	-52.689407	-55.282410	-3.158309	42.903885	36.553288	0.431452	-16.627043	-10.816689	-3.097972	1.666910	0.633506	-0.000000	
-0.000000	-1.385039	-4.357975	-4.780979	10.531538	35.536770	21.144705	-40.439075	-36.218670	50.730011	-4.382250	-135.672012	-120.897797	67.893738	173.311722	-15.593083	-164.030197	-150.586014	-100.840935	-71.363503	-40.571789	297.327545	344.204956	-191.355255	-304.958191	-24.737722	228.725922	299.128143	-67.532867	-346.301544	-256.689484	-188.088196	-66.639008	233.754715	360.368164	88.392174	-184.190613	-223.966660	-15.075020	246.400742	259.622131	3.932462	-204.802689	-194.405563	-91.939919	102.778198	143.337402	-44.449409	-78.173470	-12.889687	27.802462	2.406075	-34.118645	-0.066609	28.929760	9.341359	-19.571827	-10.445567	3.712054	-1.167847	-1.707312	0.564160	0.037978	0.000000	
-0.000000	-0.665542	-1.635491	-2.404637	-2.257409	24.138721	37.764618	-26.941690	-53.100052	-5.182703	56.457153	85.568329	-22.096462	-128.237244	-106.653519	-87.070290	-34.171421	132.148331	223.738098	60.083698	-136.743866	-181.272141	-13.285036	236.254135	270.772430	4.462310	-253.039322	-261.859467	-135.257492	165.541702	253.546936	-86.682510	-168.869415	-31.022385	75.079887	7.353627	-119.271294	-0.269856	138.085480	53.648239	-139.010193	-95.205963	45.723026	-20.989407	-50.668671	34.784893	8.592915	34.058342	124.342323	57.688671	-15.726818	-33.715618	-38.868240	-9.722720	15.607113	-0.879190	-18.028101	-15.813950	-9.893770	-2.655853	5.952464	4.561920	0.964248	0.000000	
-0.000000	0.584053	3.628702	2.024557	-7.608409	-14.716691	-1.457574	33.263187	47.147545	0.934881	-62.458508	-74.907280	-44.255669	61.300941	105.347801	-40.127300	-86.593544	-17.537855	46.614082	4.998554	-88.547501	-0.218413	121.689430	51.439041	-144.980423	-108.033714	56.492046	-28.272209	-74.541260	56.026966	15.199851	66.418488	268.602844	138.842789	-42.469898	-103.044220	-135.874847	-39.389839	74.494766	-5.049263	-128.045776	-144.136002	-121.865974	-47.732964	176.653946	281.278381	218.171509	118.735878	-72.942245	-157.470184	-71.529831	-41.168800	-49.093739	-12.204628	30.294264	35.301643	14.446915	13.701124	-4.562710	-12.391850	-2.829201	0.202798	-0.391655	-0.000000	
-0.000000	-0.077512	0.756012	0.168429	-4.926771	-0.017732	13.351217	7.242313	-25.244339	-22.633722	13.944114	-8.087523	-24.389580	20.747074	6.315481	30.746624	137.735260	78.491859	-26.367853	-70.043274	-100.874046	-31.880997	65.649376	-4.841338	-133.545105	-163.556442	-150.568741	-64.295113	259.884613	453.046478	385.919617	231.551407	-157.569000	-378.992950	-193.164612	-125.823204	-171.620941	-49.444836	144.598450	202.740402	102.610168	124.878693	-56.200935	-222.715515	-83.963470	12.504082	-88.616150	-78.617043	244.328156	218.624374	-80.532547	-0.157677	50.521965	-46.107433	-59.257111	-20.300720	5.038610	-8.187198	-10.436233	3.245204	4.035830	-0.123881	-0.115102	0.000000	
0.000000	0.346909	-0.427648	-2.360151	-5.612618	-2.588279	7.202754	-0.681632	-23.253195	-34.266071	-37.165363	-18.392202	85.033127	167.765442	160.348160	107.190399	-80.798874	-214.255722	-119.928139	-85.527069	-127.412094	-40.019222	127.429054	194.391693	107.017082	141.704453	-69.437790	-299.992249	-123.522942	20.139942	-156.751495	-153.314117	527.794861	526.176453	-217.476242	-0.481904	176.613708	-186.795898	-282.841858	-116.588799	35.787060	-74.622093	-128.547714	58.325222	119.773155	-7.638212	-26.043119	272.064667	259.962463	-126.341431	-168.505997	-59.823380	-37.096970	-32.477051	1.482643	30.939432	35.762779	24.779043	1.815449	-10.990598	-6.502703	-2.075933	-0.550431	-0.000000	
-0.000000	-0.946942	-1.945057	-2.881887	-7.089191	-3.248985	13.980943	27.369202	18.634071	29.687946	-17.139553	-85.815506	-40.416172	7.457924	-65.129662	-70.972580	270.644806	297.462799	-135.022247	-0.327570	131.118744	-151.187195	-249.257660	-111.787758	37.324047	-84.676437	-158.824219	78.562630	176.204391	-12.302634	-46.067200	530.563843	561.567932	-304.073517	-455.046448	-182.836731	-129.682861	-131.574875	7.076846	177.687836	254.007507	225.848236	22.361689	-197.531174	-192.983643	-127.997673	-124.540985	-96.164078	136.876099	340.542755	234.693237	137.973938	86.215027	-87.291786	-123.922798	-67.082314	-36.861225	-23.378704	-14.242937	3.274959	11.411219	8.418230	1.501369	0.000000	
0.000000	1.314690	-2.189862	-0.011038	7.295429	-12.274226	-27.347429	-15.739056	6.498953	-17.740231	-39.203091	22.473553	57.653316	-4.555729	-19.140749	245.610031	287.963074	-171.901581	-282.520050	-124.281441	-96.277092	-106.492905	6.236553	170.370789	264.916656	256.278320	27.628477	-266.069580	-283.908051	-206.161942	-220.298294	-187.533264	295.678162	819.604736	633.783508	421.686371	301.388794	-353.646820	-591.499573	-385.259552	-261.809296	-213.084854	-175.436600	58.859985	338.655884	519.050354	339.700867	58.844864	-2.739400	-162.671097	-215.709717	-136.493942	-87.399323	-53.137543	-23.242533	17.641842	64.923744	61.488018	11.615498	-11.123038	-8.170341	-3.225915	-0.446211	-0.000000	
0.000000	-0.759750	-4.582058	-4.187739	-5.356844	-8.645693	0.684247	23.987200	46.127926	53.691868	6.819626	-76.111618	-92.893494	-76.342827	-91.533119	-86.813400	151.619064	463.346313	393.490692	286.637115	223.752289	-286.231506	-521.265808	-369.394836	-273.053497	-241.795242	-216.756699	79.282936	498.213898	836.018555	600.890686	114.755638	-5.917621	-391.510315	-582.518982	-417.163116	-305.528839	-215.277115	-110.939621	101.318626	461.125183	560.431641	143.073257	-199.911499	-242.474899	-198.903122	-100.959984	-11.246813	127.516335	149.084824	1.781979	-104.358833	-64.777870	42.915306	42.334267	-25.665260	-39.767700	-13.380073	-1.960565	-3.921399	-1.269280	1.545943	0.722518	0.000000	
0.000000	2.047842	6.381838	9.658413	12.449546	-23.237883	-57.190941	-52.008610	-47.544731	-50.657578	-53.502754	22.679604	163.013443	309.581970	249.667831	53.122990	-3.034461	-221.332138	-361.662598	-283.562469	-226.825867	-174.239075	-97.766823	97.146400	480.929657	635.942444	176.770920	-269.275818	-356.717194	-320.367188	-178.586288	-21.932842	275.459290	358.811401	4.812193	-318.949341	-226.449219	173.863586	202.066940	-147.397812	-282.452728	-121.952477	-24.149157	-70.478294	-37.669003	95.319565	163.477432	92.743202	77.298004	120.651703	37.565224	-84.096489	-103.868881	-68.936508	-32.654968	5.173018	-1.918642	6.149176	23.021418	15.225755	5.680349	-1.518445	-0.994777	-0.000000	
