0.000000	0.000000	0.000000	0.000000	0.000000	0.000000	0.000000	0.000000	0.000000	0.000000	0.000000	0.000000	0.000000	0.000000	0.000000	0.000000	0.000000	0.000000	0.000000	0.000000	0.000000	0.000000	0.000000	0.000000	0.000000	0.000000	0.000000	0.000000	0.000000	0.000000	0.000000	0.000000	0.000000	0.000000	0.000000	0.000000	0.000000	0.000000	0.000000	0.000000	0.000000	0.000000	0.000000	0.000000	0.000000	0.000000	0.000000	0.000000	-0.001001	0.000322	0.008156	-0.030291	0.066698	0.226321	0.273653	0.306594	0.174965	0.068422	0.056679	0.061560	0.041216	0.010432	0.001763	0.000000	
0.000000	0.000000	0.000000	0.000000	0.000000	0.000000	0.000000	0.000000	0.000000	0.000000	0.000000	0.000000	0.000000	0.000000	0.000000	0.000000	0.000000	0.000000	0.000000	0.000000	0.000000	0.000000	0.000000	0.000000	0.000000	0.000000	0.000000	0.000000	0.000000	0.000000	0.000000	0.000000	-0.002162	0.000774	0.022025	-0.092577	0.233163	0.916900	1.306183	1.760799	1.242703	0.623635	0.698143	1.106408	1.223177	0.643245	0.398813	0.920503	0.651386	0.283247	0.264518	0.272344	0.137336	0.271990	0.356218	0.102380	0.112221	0.107436	0.026620	0.036768	0.029260	0.010061	0.001111	0.000000	
0.000000	0.000000	0.000000	0.000000	0.000000	0.000000	0.000000	0.000000	0.000000	0.000000	0.000000	0.000000	0.000000	0.000000	0.000000	0.000000	-0.001109	0.000438	0.013675	-0.062928	0.173101	0.742113	1.151089	1.688290	1.296075	0.707662	0.862574	1.490303	1.799478	1.036055	0.705454	1.795109	1.407115	0.681707	0.714325	0.832359	0.480095	1.101919	1.700273	0.587979	0.797058	0.979224	0.327886	0.660824	0.868373	0.620349	0.251431	0.302315	0.289193	0.431839	0.495137	0.290854	0.333494	0.338552	0.202776	0.129876	0.101842	0.054674	0.039532	0.027434	0.019009	0.016274	0.003197	0.000000	
-0.000000	0.000002	0.000222	-0.002120	0.009631	0.060249	0.126292	0.237701	0.225676	0.148259	0.212912	0.426315	0.588782	0.383656	0.293113	0.830997	0.721546	0.385389	0.443496	0.565788	0.356425	0.891861	1.498385	0.563766	0.831291	1.111162	0.405112	0.890113	1.277507	0.999177	0.444751	0.589557	0.624712	1.039333	1.337107	0.888931	1.165823	1.371582	0.967877	0.745891	0.723339	0.498330	0.486929	0.493070	0.564132	1.003404	0.723392	0.270818	0.754950	0.761418	0.217478	0.240671	0.252279	0.111986	0.113310	0.143359	0.160304	0.121413	0.052858	0.040967	0.028354	0.007964	0.001807	0.000000	
0.000000	0.001703	0.007193	0.019065	0.019831	0.072406	0.164396	0.079375	0.144746	0.232795	0.099995	0.254625	0.417995	0.370000	0.184792	0.272919	0.320343	0.587565	0.830156	0.604242	0.865511	1.110119	0.852953	0.715176	0.754405	0.565473	0.601614	0.664153	0.829924	1.616152	1.279595	0.528133	1.630833	1.832550	0.587294	0.735556	0.881911	0.453690	0.540842	0.823324	1.138567	1.106618	0.651070	0.736283	0.841488	0.491015	0.408961	0.454171	0.679194	0.807183	0.366901	0.121521	0.246409	0.189781	0.178895	0.168938	0.183139	0.121042	0.027955	0.019166	0.017587	0.008544	0.003281	0.000000	
0.000000	0.002597	0.013464	0.020360	0.048157	0.090126	0.093582	0.100693	0.131359	0.118470	0.148498	0.189987	0.271547	0.598469	0.531667	0.244485	0.836265	1.035994	0.364627	0.499987	0.654735	0.367204	0.476623	0.789420	1.187466	1.255720	0.804414	0.991756	1.237956	0.790863	0.723404	0.885697	1.467187	1.942697	0.990808	0.371401	0.861392	0.768861	0.853890	0.970224	1.300760	1.103236	0.344328	0.344473	0.521926	0.526834	0.742438	0.912398	0.678830	0.191398	0.126096	0.236095	0.210064	0.258469	0.193153	0.120100	0.155578	0.085529	0.038041	0.032811	0.033822	0.010875	0.001629	0.000000	
0.000000	0.004579	0.005914	0.016847	0.036429	0.029812	0.052293	0.111146	0.206765	0.263081	0.198556	0.283701	0.405054	0.292861	0.300572	0.410009	0.752350	1.098263	0.615153	0.252456	0.639501	0.622294	0.752500	0.930271	1.356626	1.251883	0.425427	0.463997	0.767832	0.848556	1.313286	1.779302	1.466401	0.460648	0.340519	0.721572	0.734337	1.047141	0.921945	0.689743	1.105002	0.779553	0.468566	0.589711	1.003751	0.670560	0.368550	0.805242	0.589556	0.191526	0.516124	0.435072	0.185160	0.178080	0.180038	0.170906	0.103446	0.057577	0.084812	0.047657	0.009536	0.008715	0.002864	0.000000	
0.000000	0.004854	0.009977	0.008507	0.035582	0.050521	0.082561	0.130977	0.236219	0.262277	0.105010	0.132731	0.251231	0.314224	0.545665	0.823679	0.751947	0.260418	0.211415	0.490481	0.545175	0.847525	0.812474	0.661340	1.152459	0.884587	0.578926	0.794326	1.476669	1.080050	0.651921	1.570333	1.273552	0.460957	1.393780	1.329700	0.647279	0.721459	0.859345	0.981530	0.734730	0.524786	1.044666	0.856530	0.282996	0.537358	0.648050	0.471899	0.454027	0.497992	0.350347	0.189921	0.304788	0.359726	0.219540	0.071942	0.057347	0.060544	0.055217	0.044911	0.024677	0.010715	0.002782	0.000000	
0.000000	0.001151	0.003429	0.016527	0.030333	0.068807	0.089141	0.093113	0.200669	0.185326	0.142898	0.227224	0.483160	0.399948	0.270871	0.726943	0.653057	0.260592	0.865342	0.903850	0.480543	0.583928	0.757308	0.941111	0.766285	0.595494	1.290713	1.153724	0.416330	0.865507	1.146323	0.920268	0.980784	1.198548	0.946104	0.580450	1.065472	1.457363	1.047891	0.413171	0.407309	0.551829	0.680127	0.807179	0.732360	0.660691	0.629527	0.653221	0.588379	0.531221	0.410596	0.192190	0.197391	0.199481	0.138040	0.099451	0.091121	0.079932	0.047907	0.051145	0.035025	0.009449	0.001828	0.000000	
0.000000	0.001152	0.014035	0.030456	0.026737	0.047407	0.083088	0.132503	0.133427	0.124760	0.318591	0.330033	0.136221	0.320502	0.476293	0.426013	0.502931	0.677574	0.587398	0.394555	0.791011	1.179547	0.923466	0.396157	0.424802	0.626181	0.840315	1.087250	1.077412	1.064155	1.113558	1.273871	1.271010	1.278522	1.108804	0.587387	0.690036	0.808162	0.658881	0.571158	0.647193	0.728537	0.590092	0.919217	1.039439	0.582628	0.413696	0.476506	0.438787	0.513806	0.625492	0.641299	0.398680	0.091690	0.063712	0.111884	0.155702	0.086217	0.039560	0.039456	0.021448	0.006707	0.003353	0.000000	
0.000000	0.002995	0.009527	0.013295	0.044012	0.095762	0.101319	0.055776	0.073967	0.131189	0.207418	0.311018	0.352525	0.394062	0.462679	0.589704	0.651754	0.722786	0.688412	0.399270	0.512286	0.654103	0.580646	0.547638	0.674989	0.826698	0.729074	1.238162	1.529172	0.938421	0.731780	0.929253	0.947863	1.236608	1.689126	1.959985	1.393697	0.371463	0.304105	0.642561	1.105885	0.785821	0.487281	0.709127	0.636524	0.413545	0.758748	0.915689	0.484493	0.217263	0.230422	0.412637	0.422860	0.162076	0.159190	0.188547	0.092922	0.039692	0.066130	0.071774	0.019041	0.005911	0.002440	0.000000	
0.000000	0.003194	0.011165	0.013454	0.028504	0.053104	0.063706	0.077104	0.117531	0.173198	0.179960	0.354187	0.500338	0.347502	0.304052	0.430172	0.486049	0.699091	1.048711	1.332281	1.034686	0.300652	0.267996	0.616100	1.153381	0.891700	0.602049	0.955177	0.936423	0.666085	1.342135	1.785721	1.046596	0.522899	0.622248	1.261132	1.478227	0.656622	0.759833	1.082844	0.659984	0.361774	0.814558	1.289974	0.565092	0.364454	0.552025	0.598351	0.620435	0.340475	0.108432	0.188354	0.265622	0.203604	0.183840	0.134713	0.112208	0.139490	0.061164	0.028972	0.034192	0.012482	0.000900	0.000000	
0.000000	0.003090	0.017009	0.044892	0.057570	0.024409	0.029403	0.086743	0.200829	0.186817	0.148606	0.273237	0.306394	0.246655	0.557652	0.826651	0.536678	0.295610	0.386329	0.857242	1.097442	0.531451	0.669612	1.038254	0.688329	0.410519	1.006408	1.737563	0.831335	0.587015	0.976468	1.166867	1.340256	0.819441	0.292818	0.575662	0.928555	0.824864	0.877494	0.773670	0.796967	1.271380	0.753384	0.520712	1.014719	0.769585	0.203550	0.252653	0.447679	0.448164	0.414884	0.321419	0.276099	0.261567	0.178012	0.183572	0.137090	0.060970	0.047167	0.044925	0.024512	0.009095	0.002111	0.000000	
0.000000	0.001307	0.006266	0.028885	0.061062	0.043146	0.073467	0.146180	0.119854	0.086006	0.248415	0.497046	0.272009	0.217375	0.405719	0.540169	0.687262	0.463254	0.181799	0.391301	0.689363	0.667621	0.773302	0.741811	0.831195	1.442682	0.930827	0.701386	1.492805	1.239547	0.360056	0.492708	0.967071	1.078624	1.120384	0.982346	0.965181	1.059692	0.849672	1.054270	0.973693	0.555708	0.580972	0.807419	0.727461	0.560799	0.477525	0.750391	0.809863	0.297280	0.178336	0.393526	0.297870	0.322026	0.289950	0.116024	0.179849	0.095777	0.038308	0.044056	0.026685	0.008926	0.001569	0.000000	
0.000000	0.002047	0.002949	0.013185	0.038356	0.054201	0.084843	0.104443	0.144730	0.302251	0.229759	0.200638	0.488440	0.459011	0.149602	0.228085	0.495899	0.609778	0.695602	0.667740	0.716554	0.857684	0.748783	1.010856	1.015512	0.630583	0.717807	1.087573	1.070205	0.903262	0.844685	1.463367	1.749457	0.715482	0.481593	1.202724	1.041287	1.304631	1.383968	0.666337	1.277390	0.872960	0.471862	0.791805	0.791932	0.550352	0.354969	0.406204	0.374520	0.409411	0.292811	0.272036	0.297870	0.189584	0.228282	0.249742	0.083398	0.021798	0.040952	0.031818	0.028770	0.014020	0.001628	0.000000	
0.000000	0.002695	0.011282	0.022500	0.039869	0.069632	0.082153	0.142323	0.176823	0.132111	0.177179	0.311110	0.350166	0.334483	0.350964	0.677426	0.897094	0.404483	0.299002	0.817539	0.773056	1.055930	1.219638	0.638898	1.332252	0.990580	0.582998	1.066542	1.165052	0.886435	0.627899	0.792155	0.809033	0.985354	0.790728	0.831417	1.041288	0.768065	1.089619	1.434292	0.592342	0.198674	0.504424	0.571849	0.853815	0.864415	0.368343	0.339406	0.575064	0.539373	0.488135	0.463602	0.254960	0.181172	0.279805	0.193718	0.057946	0.053703	0.072233	0.033628	0.006368	0.008356	0.003250	0.000000	
0.000000	0.001788	0.004849	0.027547	0.043013	0.085726	0.133813	0.089953	0.231975	0.207532	0.143903	0.305094	0.381200	0.328251	0.260890	0.366707	0.414859	0.557049	0.490931	0.565147	0.773057	0.621650	0.960239	1.375229	0.617782	0.225442	0.623230	0.770266	1.256090	1.392287	0.651556	0.661890	1.242247	1.298142	1.318196	1.416896	0.891283	0.733986	1.335545	1.112541	0.411566	0.489477	0.889729	0.604394	0.188976	0.515209	0.735345	0.473549	0.375053	0.635974	0.476999	0.249019	0.207787	0.198795	0.221647	0.201987	0.166619	0.067479	0.018869	0.028531	0.021877	0.011531	0.002637	0.000000	
0.000000	0.002462	0.007962	0.019043	0.043013	0.050469	0.105353	0.193624	0.107570	0.047232	0.153834	0.220342	0.410987	0.515571	0.270719	0.306404	0.637004	0.733877	0.818415	0.963121	0.661692	0.594067	1.176965	1.066727	0.429242	0.555427	1.099285	0.814104	0.278012	0.829832	1.300739	0.923485	0.810186	1.530636	1.288125	0.761069	0.726377	0.805381	1.057951	1.160029	1.183421	0.615034	0.232415	0.512783	0.649266	0.710997	0.596658	0.568843	0.567187	0.328693	0.469365	0.426837	0.165924	0.162226	0.177599	0.111201	0.071993	0.074878	0.073562	0.055704	0.027899	0.009087	0.001858	0.000000	
0.000000	0.003244	0.013273	0.032453	0.036816	0.048230	0.129131	0.150189	0.074741	0.116365	0.271340	0.232882	0.090964	0.307291	0.540452	0.427502	0.415451	0.865313	0.799745	0.517329	0.539265	0.651852	0.932332	1.112260	1.234246	0.697902	0.287155	0.690706	0.955168	1.145182	1.055417	1.109322	1.225231	0.791086	1.267510	1.304533	0.580033	0.657229	0.847704	0.638639	0.511338	0.682479	0.906091	1.001158	0.827982	0.560300	0.420379	0.331723	0.335997	0.580087	0.470317	0.211470	0.220916	0.211069	0.240623	0.210378	0.076129	0.057036	-0.460591	1.407886	-0.886334	-1.238738	3.297894	0.000000	
0.000000	0.003824	0.012971	0.017432	0.030005	0.052921	0.102291	0.156600	0.214910	0.146215	0.070879	0.197583	0.312527	0.424067	0.438522	0.513530	0.628279	0.447224	0.786946	0.886743	0.430619	0.531942	0.747049	0.612340	0.533299	0.774434	1.119500	1.348535	1.218086	0.902458	0.743601	0.646906	0.725816	1.396130	1.270079	0.646309	0.772272	0.855107	1.148527	1.208220	0.540712	0.519855	-5.673305	25.303564	-26.304125	-76.377975	746.183838	1105.285156	326.255554	-155.285416	-125.395676	-55.067074	43.114964	236.334763	8.825503	1.562696	68.944931	-44.616684	-38.279179	-12.799609	23.438564	15.645240	-0.378659	-0.000000	
0.000000	0.001977	0.012763	0.029879	0.023960	0.043186	0.081963	0.086214	0.092859	0.162249	0.276330	0.385761	0.398553	0.334185	0.308964	0.299467	0.372187	0.789273	0.788541	0.439322	0.573338	0.692098	1.012153	1.158467	0.563934	0.589899	-7.009522	34.083271	-38.697338	-123.019669	1319.911011	2155.459229	704.773438	-373.734772	-338.628021	-168.300156	150.720444	957.467468	42.125271	8.974701	489.685913	-406.658112	-471.501678	-230.044083	695.596802	964.652588	-85.675537	-192.007156	-173.845566	-21.854942	389.765320	220.392578	-90.993507	-218.312775	-174.993195	3.111498	32.134693	-47.137241	72.768532	68.106499	-21.068377	-5.844049	2.044564	0.000000	
0.000000	0.003488	0.012789	0.014803	0.031900	0.056188	0.111049	0.163105	0.098194	0.123587	-1.730183	9.749829	-12.661602	-45.554817	548.418091	997.810974	361.396606	-211.283112	-210.240524	-114.400345	111.895485	774.946472	37.123383	8.605129	510.717010	-461.449951	-582.553162	-309.863647	1023.327881	1553.736572	-151.549896	-374.440552	-375.539185	-52.599602	1052.552002	673.580444	-318.093353	-884.454590	-835.265137	17.869606	228.238785	-429.631683	896.322449	1224.060547	-625.255676	-360.331818	462.604431	239.693954	365.064392	66.691711	-408.960663	-291.325195	-168.971313	397.467133	584.732727	27.665461	-194.404068	-101.874298	-35.773537	-15.532903	10.501768	-1.370082	-1.090922	0.000000	
0.000000	-0.933804	-3.409791	-3.854790	6.225849	62.914509	4.073010	1.211551	88.927277	-96.676575	-143.793472	-88.639313	334.828461	575.356628	-62.968418	-173.337021	-192.570511	-29.736082	653.487244	457.859589	-236.153809	-715.851990	-736.087097	17.133749	238.041214	-487.518921	1107.430786	1648.779175	-919.845459	-580.375427	818.292542	467.436432	788.607849	160.510956	-1104.388550	-890.370117	-590.686646	1610.265991	2791.005127	158.885147	-1380.767700	-928.531799	-440.638611	-279.168854	311.665680	-84.476357	-246.832794	58.610893	-117.576378	-219.101852	-166.683777	22.094398	-118.496567	-68.598328	-24.708174	9.163096	42.357716	-0.283588	-11.207785	14.148363	6.358615	-2.335400	0.785610	-0.000000	
-0.000000	-0.131424	10.598598	15.427859	-13.139565	-58.116886	-80.760162	2.412330	41.448307	-102.138184	273.350708	471.648254	-300.969482	-214.916016	339.997498	216.386917	404.385559	90.741501	-685.670471	-605.220215	-438.528198	1303.302734	2459.605469	152.342361	-1440.069092	-1053.639282	-544.421021	-376.033508	458.507263	-136.063477	-436.618042	114.299362	-253.987122	-527.325623	-450.125580	67.526573	-414.238007	-277.913666	-117.935310	52.624458	300.848480	-2.584762	-138.051285	254.284882	188.707474	-143.995850	177.752701	-105.789902	30.441053	625.563721	434.894135	-43.030212	-174.023621	-118.079002	-109.674202	-34.140190	-61.524181	-3.853836	-9.751132	-5.280441	8.371729	-8.470138	-0.839004	0.000000	
0.000000	0.401048	-11.120563	-20.393265	-24.399649	105.809441	269.856873	21.448906	-250.748291	-220.743835	-134.381195	-107.567802	150.021606	-50.385006	-181.413162	52.911770	-130.240555	-298.112457	-279.464874	45.900513	-307.532013	-224.935303	-103.931862	50.457420	313.769379	-2.933025	-170.566132	342.515411	277.617188	-231.929703	314.423523	-206.304962	65.758408	1505.581787	1174.421265	-131.512192	-608.348389	-478.375641	-523.489136	-196.070068	-436.979584	-35.125736	-120.109039	-94.903999	248.451553	-522.250854	-189.833557	147.943497	-78.714462	167.850601	31.295980	-194.524353	47.630383	154.233871	106.288651	12.596375	-23.611397	17.481190	15.466578	8.389790	-3.119658	-1.646126	0.572196	-0.000000	
-0.000000	-1.317562	-4.532507	1.546646	-17.111038	-18.261511	-11.402936	7.104106	54.634274	-0.614487	-42.101387	97.979645	90.835144	-85.884766	130.641800	-95.503250	33.719868	851.149109	729.150940	-89.394096	-451.640381	-387.183411	-461.330872	-187.996048	-455.747040	-39.858467	-148.397995	-127.833336	365.509735	-841.173523	-335.793121	288.510315	-170.038055	403.976166	84.514053	-594.520020	166.505371	624.850525	507.329498	72.342072	-167.701508	159.332047	190.508728	150.787521	-92.583504	-101.496674	129.465500	-227.399078	-236.558243	197.683365	110.439804	-276.664185	-225.960724	-99.917229	-69.407219	51.834091	196.420532	122.739693	5.803876	6.350380	-7.167094	-9.830121	-0.613021	0.000000	
0.000000	3.761806	11.825751	-3.012189	-25.129208	-31.433725	-50.615150	-26.468733	-79.355766	-8.350592	-36.629555	-36.567886	119.593208	-311.490875	-139.520782	133.557968	-87.192810	228.379440	52.471375	-404.119080	123.614273	505.735962	447.089996	69.363075	-174.903976	180.799942	235.378738	203.107040	-136.204315	-163.477585	229.009186	-443.459686	-511.010376	475.776459	298.240082	-845.561951	-789.909119	-404.796539	-331.289642	297.687683	1395.089844	1118.709106	71.488922	114.133751	-212.701080	-606.104614	-138.702515	81.950867	16.144953	-198.573242	-185.816406	-172.884735	-107.630150	-65.252747	-47.767574	85.796944	15.370591	-39.258469	-26.325687	3.143779	4.242974	4.059348	2.788801	0.000000	
-0.000000	1.009364	0.851008	-13.617040	6.877881	41.058487	49.052704	9.765911	-30.454699	37.878689	58.099289	58.100613	-44.565464	-60.536591	95.152458	-205.287552	-262.037994	268.970245	185.165268	-574.762329	-586.431763	-327.630615	-291.952850	285.429108	1455.006348	1269.440430	88.326515	153.735321	-312.915405	-976.234131	-245.348358	159.815536	34.876141	-477.918182	-501.792786	-528.383362	-376.251404	-264.359680	-228.000824	492.739288	109.170639	-357.820740	-324.265228	56.502331	125.920654	250.290878	630.996155	791.607849	1105.997192	414.791229	-451.513428	298.217896	915.380066	270.758820	-377.793213	-182.541275	138.515335	24.493954	-100.032715	-63.292984	-23.803425	-13.098020	-3.200987	-0.000000	
-0.000000	1.188762	3.003107	-19.366968	-32.628983	-26.598894	-32.031754	40.186733	253.349197	265.955505	21.801918	43.977386	-102.384567	-361.504517	-101.941322	73.982239	17.883930	-270.181000	-311.542969	-359.163330	-279.330597	-213.965088	-200.928360	472.448639	113.859314	-406.032379	-400.638550	76.107239	185.248291	403.135864	1116.157593	1543.744995	2389.162354	998.302979	-1219.301270	911.436035	3199.968018	1096.930298	-1803.255981	-1048.350342	983.814270	223.249786	-1232.147583	-1137.548462	-706.424927	-807.596313	-724.257507	-246.279648	7.996192	18.045731	-100.368874	-7.897666	106.915802	45.662914	134.607391	103.526665	3.641049	-42.049034	-14.053922	17.544077	-1.654182	-5.604810	2.599842	0.000000	
0.000000	-1.194113	-5.052767	-12.102228	-15.541915	-17.370888	-22.044956	66.517975	19.825459	-85.066254	-98.890900	21.771166	60.612442	149.283279	463.759308	714.634583	1225.124390	564.369629	-757.015137	619.539551	2375.669434	887.823669	-1589.140137	-1005.180054	1026.067261	253.329758	-1522.351929	-1532.249512	-1039.257690	-1300.770752	-1281.125977	-480.279419	17.273283	43.431744	-271.043762	-24.137444	373.754181	184.995026	642.498474	594.562622	25.860790	-383.255310	-173.108414	315.315155	-49.091911	-345.580780	588.242004	810.123657	513.873047	527.987305	-172.108612	-195.458191	102.837593	-285.326385	-320.684967	-62.883362	21.650578	-86.180695	-56.197906	-8.393933	-2.146042	8.657768	2.846459	-0.000000	
0.000000	2.494333	-12.277668	20.875765	132.181915	72.078514	-174.353317	-141.523407	178.661301	53.074127	-375.767029	-438.313904	-340.040619	-481.682098	-532.303040	-222.332245	8.857464	24.553225	-168.280167	-16.407187	277.476654	149.729614	566.209229	570.078979	26.971464	-434.893921	-213.880173	424.721710	-72.221611	-556.616455	1040.530518	1579.853394	1110.062500	1270.738770	-464.775238	-597.374146	359.497650	-1155.947998	-1530.670898	-361.144592	153.774658	-785.492676	-692.214661	-150.862000	-63.689060	533.819763	644.041870	-110.580536	-264.496490	-54.322128	-201.491760	-235.369125	8.415967	177.686234	259.373505	31.811115	88.181732	193.861191	12.907091	-34.633987	6.427974	-13.708904	-2.465165	0.000000	
0.000000	0.108517	-2.729256	-0.552850	15.438762	12.155892	62.121933	80.263748	4.696336	-91.112923	-52.792728	121.495499	-23.630600	-206.117920	432.336548	731.349976	569.222412	718.385498	-288.560242	-406.059082	266.892548	-935.590942	-1348.921387	-346.272919	160.378983	-891.327454	-855.250122	-203.207367	-93.696220	859.807251	1139.233887	-215.647354	-571.362244	-130.740326	-544.123718	-719.352905	29.420376	719.863525	1238.023315	182.693985	626.316589	1766.944946	158.982391	-622.467773	190.765869	-845.262207	-557.769958	1680.744751	1122.196777	-623.756653	-746.057190	-401.472534	144.304184	432.609436	-11.499531	-228.286728	-195.187012	-32.415092	56.492989	-3.369685	-26.229597	-7.436680	-0.270549	-0.000000	
0.000000	3.175034	-4.680021	-13.682410	14.849864	-75.956528	-147.997589	-48.753181	27.925575	-186.738541	-211.104126	-58.129314	-30.657000	318.391052	473.347443	-99.828056	-292.985474	-73.911301	-337.824524	-488.972961	21.841808	582.636719	1091.022339	175.170776	653.215698	2005.017578	196.427078	-838.448608	280.645386	-1361.437988	-986.629089	3277.685059	2424.156494	-1501.232666	-2014.709717	-1227.010620	504.455780	1752.638672	-54.888752	-1311.070435	-1386.328613	-295.446869	695.849304	-60.562473	-778.427490	-458.530060	-61.214668	-189.285095	42.455692	439.074829	-60.624981	-108.403450	407.159241	93.922585	-130.744904	54.368679	-17.907766	-78.850098	-87.088440	-21.747141	23.557158	3.129191	1.116956	0.000000	
-0.000000	-0.326664	-5.479015	-16.476242	1.215275	47.301723	119.702072	24.663012	113.739487	420.063416	48.484726	-239.845840	91.825966	-504.147522	-409.940704	1517.314819	1243.068848	-848.690430	-1250.852295	-834.048279	374.510071	1418.535156	-48.371346	-1257.081543	-1445.868896	-335.254456	859.740784	-81.576149	-1145.184326	-738.540344	-108.281517	-369.132141	91.712296	1056.747803	-163.716309	-331.310822	1423.339355	380.510284	-624.062378	312.244049	-127.191093	-718.678101	-1072.707153	-390.855743	699.116333	192.939331	252.723343	592.891907	-266.792389	-432.280853	-107.261139	390.413879	386.542755	-106.418816	-194.296692	-41.269928	100.747169	42.028004	-50.915154	-26.938728	-15.270926	-8.752545	-1.406458	-0.000000	
0.000000	-3.750940	-20.286978	-28.103765	20.837687	115.164650	-5.307086	-176.989655	-251.758163	-70.237854	212.212585	-23.335598	-374.699402	-273.485291	-44.990562	-170.879639	47.028603	597.410217	-101.644875	-225.205215	1056.692993	307.974030	-549.962219	299.386047	-132.653717	-815.510498	-1325.358887	-526.472961	1028.505615	310.761475	447.037720	1156.221313	-576.321777	-1040.396362	-289.656158	1193.212402	1351.268677	-431.136536	-927.403320	-237.016785	715.563477	383.063629	-627.144592	-484.162811	-453.202118	-539.663574	-318.226135	-41.983559	119.237144	-2.215905	109.569893	126.373505	37.655647	189.304413	104.923309	-64.402061	-3.836107	9.734266	1.458776	3.148096	-4.264883	-7.851763	1.455464	0.000000	
0.000000	2.640362	-1.648530	-7.588428	58.794250	25.003063	-60.339378	42.151787	-23.097982	-170.854416	-327.142609	-150.602371	336.522614	115.076576	185.742508	535.241089	-295.528656	-588.166199	-179.835861	811.074219	1003.187439	-348.949463	-817.284912	-227.256592	746.295593	434.676422	-774.854248	-652.155273	-666.728760	-869.219604	-562.904419	-81.873756	257.574707	-5.333153	295.890900	386.232269	131.635880	766.932495	500.812531	-369.866608	-27.246201	88.722824	17.968397	56.579918	-126.570839	-484.123230	329.314331	243.964935	-366.935364	-34.152882	-91.231987	-308.109161	2.634832	25.753643	-233.060837	202.852844	440.760132	122.408020	35.567280	8.456764	2.090932	-6.117160	-2.959869	-0.000000	
-0.000000	-2.599506	-2.916672	27.329641	55.817207	-28.329678	-89.668823	-31.996386	129.946777	91.067360	-191.259766	-186.554947	-218.150757	-321.876495	-233.884689	-37.901218	132.080200	-3.014986	183.706757	262.537537	97.727020	620.732971	441.346832	-354.635773	-28.416374	100.677063	22.200445	76.211746	-186.204803	-779.762512	582.518127	475.765411	-792.649536	-82.197800	-246.369827	-941.666565	9.210793	104.336212	-1112.429565	1165.001587	3130.528076	1115.686157	438.098022	151.991226	62.053528	-377.171204	-669.701904	-360.569427	-455.921051	-466.461456	-427.768524	-156.832184	554.823120	557.663696	-54.614109	-279.764191	-90.050011	14.710639	49.887524	50.313095	6.208451	-5.035208	-1.730382	-0.000000	
0.000000	-0.013325	2.979452	8.846363	5.437518	50.394592	48.422592	-49.930622	-4.947927	21.092459	5.479807	21.801062	-60.925411	-288.750061	242.034119	220.242599	-406.458069	-46.468800	-152.961121	-640.088440	6.838131	84.446716	-980.341370	1117.027588	3264.978516	1266.010132	541.282043	204.728409	91.290108	-607.498169	-1184.623535	-703.160339	-984.875305	-1122.660889	-1155.178711	-479.322357	1939.540039	2259.273193	-260.680206	-1606.710083	-639.586182	134.079895	614.486816	904.264282	184.250977	-310.460327	-391.517517	-412.455292	-458.086182	-271.956207	-57.650509	-14.807293	-6.553009	-80.759369	-148.753128	5.131671	80.115433	49.008457	21.752554	-15.831760	-2.590985	3.826447	-0.502197	-0.000000	
-0.000000	-0.205377	-2.480803	-21.568171	0.380473	6.855859	-107.558647	157.270889	568.505859	265.236847	133.606384	58.564423	29.869728	-224.959702	-492.206665	-325.508881	-505.028381	-634.672791	-717.204041	-325.814575	1439.922485	1828.590454	-229.727463	-1540.546875	-667.055176	152.145401	759.215271	1218.021484	271.061005	-500.048950	-692.548218	-804.344971	-989.552490	-654.533386	-155.683823	-45.255165	-22.907881	-327.181915	-710.017944	29.471632	569.025146	446.686859	267.935913	-284.540131	-76.893837	235.930679	-113.627457	-131.943359	369.244873	276.787964	67.644188	-142.522781	-118.371048	-34.125557	-125.458412	-9.381454	52.208805	55.009361	120.657524	43.875660	11.714054	5.912025	-2.116748	-0.000000	
-0.000000	-2.805050	-11.631990	-10.978522	80.117088	148.455246	-25.204664	-216.899902	-116.149254	31.875389	187.399551	348.426117	88.689987	-185.170700	-287.751190	-372.349518	-507.426758	-370.026703	-96.657829	-30.761747	-17.006907	-264.811584	-625.711548	28.258011	593.463745	506.872040	331.042114	-383.268494	-113.122444	380.006317	-200.993546	-257.307831	797.638489	666.162231	182.671524	-435.588898	-413.799225	-138.253494	-598.829224	-53.878502	370.816498	501.382019	1486.192505	788.565918	347.643250	364.523041	-478.936890	-471.963715	670.296082	1042.737793	-397.246277	-512.842163	-106.043564	20.436676	53.644901	-134.804657	-139.279053	-80.983818	-17.030222	8.229557	-6.725743	-2.245604	-0.697954	-0.000000	
-0.000000	-1.635400	-1.567647	-1.036536	-0.946262	-21.498894	-68.650253	3.978561	103.335335	106.192780	81.712189	-109.637436	-37.013176	140.718292	-83.512062	-119.113632	409.016327	376.600830	113.413406	-296.087219	-307.206238	-111.898384	-527.725220	-51.659824	386.742371	568.936646	1836.231323	1062.178711	511.435699	587.126099	-847.182739	-920.394592	1447.965820	2509.619873	-1072.754150	-1567.386963	-370.705048	82.795479	256.054047	-774.194885	-989.238708	-738.125793	-209.768829	147.907700	-199.602905	-138.459229	-157.919540	-416.074036	7.178770	121.220825	16.050398	-5.729824	448.446106	268.419128	-218.762772	-113.299904	-46.337734	5.512975	45.253933	20.984604	-2.599074	-7.188507	-1.661479	-0.000000	
0.000000	1.664455	1.839398	-9.976840	-17.092913	-9.084539	-57.899635	-7.273398	67.340508	119.195702	453.242889	303.845886	167.339554	217.415833	-352.001251	-426.071533	742.493774	1418.760986	-666.029907	-1065.415649	-275.212952	67.012268	225.650604	-742.314087	-1031.724609	-837.578613	-259.175110	199.227997	-293.645996	-223.012054	-279.341003	-811.402039	15.507496	291.749451	43.343719	-17.511923	1567.669189	1087.451416	-1044.182983	-650.691162	-329.116821	50.247929	557.412842	377.150879	-77.133888	-443.228210	-375.927277	-30.652733	-151.212585	84.302147	350.051392	377.806427	-123.497299	-123.319199	323.607849	68.289696	-161.228897	-53.509510	26.810492	15.006204	-4.401320	-9.907723	-0.449269	0.000000	
0.000000	6.270469	-10.802022	-35.899830	-15.312810	5.440433	24.757370	-104.513435	-179.646378	-175.477814	-63.973030	56.990978	-96.079704	-82.582512	-116.065140	-375.616394	7.951997	164.934433	26.910372	-11.903554	1163.844116	880.151733	-920.198364	-623.896179	-343.251770	57.018177	688.698792	508.012848	-113.475594	-713.894165	-664.970947	-59.777077	-326.647675	202.895050	945.305420	1154.680542	-431.719452	-499.605347	1544.622070	392.193634	-1145.138916	-487.711639	330.236786	269.702637	-130.619965	-610.889404	-101.651909	344.829041	-183.276688	-332.535858	58.757523	36.011913	-111.232468	71.448509	132.099518	-23.569551	-134.368622	161.033615	395.041321	108.094604	-36.652668	-9.663896	0.356124	-0.000000	
0.000000	0.728957	0.436447	-0.401098	64.756126	71.455666	-100.960030	-87.840897	-59.767822	11.945655	169.993729	145.321686	-37.128723	-264.358673	-276.292938	-27.672165	-167.499725	114.702461	586.902161	784.882568	-320.510315	-404.366150	1361.216064	376.043396	-1194.320435	-553.424377	408.016541	363.282745	-192.161697	-983.940918	-179.810211	672.464417	-395.912170	-800.334106	158.673294	110.062332	-388.844299	289.460693	630.528137	-135.361984	-954.362061	1467.738525	4865.899902	1942.756348	-1087.757690	-595.855469	80.576889	-299.073547	200.945984	503.718475	42.229195	-303.919647	-301.116058	-130.096664	-219.191879	-69.396683	25.920914	-87.231224	-74.656265	-24.939249	-1.773943	0.293076	4.814213	0.000000	
-0.000000	0.506948	9.518686	26.447098	-17.833149	-32.828716	149.346512	52.944687	-207.957947	-115.945778	100.712036	103.920326	-62.874477	-364.358398	-74.710472	311.299011	-203.017471	-452.452087	98.513863	74.813774	-288.679626	234.281113	555.660217	-129.787872	-995.350159	1665.497070	6011.952148	2616.844482	-1600.255737	-959.726257	142.530991	-583.234863	434.081177	1212.329590	114.038933	-928.862183	-1052.635742	-527.063049	-1046.231201	-398.551147	184.105011	-795.067688	-919.574463	-448.226685	-52.646107	18.070446	1089.267090	722.262695	-659.186462	-583.618591	-88.300346	-126.945686	-116.772812	-19.063433	-67.936623	81.298485	46.881287	-25.051067	-21.984556	-23.032827	2.501975	-5.088686	0.178007	0.000000	
-0.000000	-1.999693	1.597749	2.520896	-16.062094	19.020258	60.964539	-18.273365	-173.312759	348.931763	1483.949463	748.572144	-523.596802	-355.391571	59.221092	-269.992645	222.589920	685.365051	70.802193	-631.384827	-781.481079	-426.589600	-922.003357	-382.139099	192.011978	-902.192627	-1136.159302	-603.750183	-77.450371	29.105516	1926.784790	1408.512329	-1423.966919	-1404.630005	-238.452988	-387.980988	-408.212128	-77.232040	-324.270294	466.904236	332.977448	-228.327591	-270.793579	-413.963074	74.252220	-313.757721	40.275936	504.846130	28.675821	-446.089233	-438.578461	-287.463318	129.205414	399.505402	100.229614	-57.450451	-39.964283	-25.469418	-13.534875	-9.152059	-12.963889	2.083779	3.686043	0.000000	
0.000000	3.029094	1.148307	-21.274897	-43.481499	-34.632942	-101.158066	-53.802929	33.433586	-189.014862	-280.441864	-172.708221	-25.341427	10.777923	800.571899	652.032288	-730.187561	-794.078064	-148.045868	-263.726196	-303.058380	-62.509380	-285.766937	447.677460	347.278198	-259.091736	-334.572845	-557.597961	109.236229	-505.359955	71.243370	984.519897	61.945175	-1073.629883	-1184.370728	-878.567078	451.673798	1618.523682	478.408936	-329.942932	-283.848969	-232.140625	-166.715073	-164.487579	-384.735168	128.481415	834.006653	422.843903	-270.499786	-254.861847	-23.889137	73.520760	-62.630436	113.314896	-19.426287	-159.756241	75.893509	52.090008	-46.204220	-14.952828	32.692093	17.215282	-1.112147	-0.000000	
-0.000000	-3.509571	-2.401085	-8.886416	-16.862125	-5.074863	-31.353064	63.030338	60.468914	-54.281296	-82.583694	-159.505966	35.741623	-187.137390	29.601355	455.756592	31.764500	-606.954102	-735.328125	-597.197205	335.324493	1309.986206	421.603394	-316.356110	-296.039734	-263.418518	-205.981033	-221.560684	-566.003540	206.941086	1475.259155	824.604187	-584.330505	-613.391357	-64.512047	224.699692	-218.942261	459.074738	-92.724174	-917.493958	539.038635	474.773621	-569.117920	-268.743347	970.217957	1061.458130	-251.635162	-698.450195	-4.371567	1210.976440	1275.577271	-52.792580	-588.712402	-389.244720	-190.853317	-152.530624	-145.795288	-56.829678	-6.665867	-2.564186	-6.069457	-1.675988	-0.704927	-0.000000	
0.000000	-2.682543	-11.925937	-20.122925	18.657408	106.352043	46.256428	-44.541073	-51.547150	-55.187786	-50.842960	-63.379448	-185.193909	76.631348	612.964661	381.727997	-299.635376	-346.767914	-40.052937	152.737381	-162.543640	371.561829	-81.714256	-879.712219	562.189392	538.743103	-703.160767	-361.990601	1427.337036	1709.658203	-445.112885	-1362.074585	-9.443407	2914.529785	3444.666260	-161.348679	-2058.009521	-1576.954346	-910.967590	-875.996582	-1035.520630	-517.973267	-82.106461	-46.085453	-180.126007	-103.337921	-159.497284	-239.253265	463.731079	785.185669	265.683014	-29.278984	-268.140717	-140.078934	-64.534676	-105.955406	22.787182	126.319016	13.114766	-7.845375	38.622513	16.574003	-0.388671	-0.000000	
-0.000000	-1.532603	-0.649599	5.146579	-9.043905	30.165478	-8.965321	-123.858276	97.889763	112.869965	-173.563431	-103.550697	467.018524	633.095276	-184.942734	-630.535217	-4.842429	1647.668213	2138.654785	-109.675156	-1527.874634	-1276.341309	-802.800720	-839.923645	-1079.994385	-587.763367	-101.444771	-62.075958	-264.992523	-166.443237	-282.131836	-466.576996	1001.746460	1889.753540	717.470642	-89.484642	-937.361084	-567.504395	-308.032379	-608.511108	161.847473	1151.332886	161.540421	-141.002899	1146.217773	1021.918213	-87.941055	-573.180359	-512.986755	-333.919525	-199.634750	-182.357178	-194.296082	-69.973839	16.737011	96.877632	22.235502	-35.155624	-13.561073	-12.948927	-16.145267	-2.288508	1.683285	-0.000000	
-0.000000	7.282166	34.685822	-3.695571	-85.010735	-103.620552	-88.079689	-118.256287	-188.051208	-123.139999	-25.039940	-17.757393	-86.704414	-61.634789	-117.224724	-215.989075	513.679626	1068.332520	445.448669	-60.826294	-695.900757	-459.321655	-271.457092	-583.453064	168.798508	1306.459839	199.587585	-189.927399	1686.259277	1645.972534	-155.557327	-1117.781128	-1108.148071	-803.664185	-539.108887	-557.333801	-679.216492	-283.486298	79.887924	556.376648	157.929123	-320.425415	-167.037781	-232.727737	-479.150360	-141.104599	380.861206	-37.412724	-11.136664	134.193420	-38.624992	66.855553	394.091888	172.590286	-131.442490	-161.406860	-58.166042	84.092346	49.392982	23.003698	9.862163	2.470984	1.410821	0.000000	
0.000000	4.721687	7.224520	-2.049579	-38.719822	-37.290314	-29.783051	-82.146744	29.391603	273.711304	49.264847	-54.330456	551.736755	609.512085	-64.633492	-517.446228	-568.240723	-454.334686	-334.711029	-378.842102	-504.253113	-229.445618	70.402153	533.465454	164.711884	-363.598541	-206.379730	-313.478485	-704.902527	-227.272858	673.698486	-72.959991	-24.057293	322.971405	-104.305878	204.329010	1377.658813	699.218262	-627.392029	-926.973572	-413.128174	766.458435	608.395386	413.439514	292.683838	152.355652	319.213440	16.477615	-284.616119	-485.253357	-209.376968	103.721359	-8.380633	3.167277	32.549309	-28.108362	125.763687	25.847322	-28.789865	31.964558	7.138259	-11.302920	1.035144	0.000000	
-0.000000	-2.008014	-5.428519	-12.765316	-28.056572	-18.627684	7.724208	75.108780	28.680029	-76.176109	-50.941372	-89.673363	-230.641068	-84.160309	279.919189	-33.774837	-12.336197	182.585098	-64.759323	138.890594	1022.779541	565.927063	-552.896484	-888.801453	-430.871246	869.728638	751.689087	556.892761	430.582092	245.394592	564.650818	32.133633	-614.824402	-1167.888428	-565.417542	317.001038	-29.296856	12.831650	155.362076	-161.428772	893.244934	235.585037	-354.617584	574.490723	211.845322	-696.914307	234.212448	732.126160	-220.182999	-683.732300	19.717566	358.644623	-165.016464	-285.076416	-61.947414	85.580338	57.746967	-64.807663	-48.431274	-25.764545	-0.000227	5.534616	0.823199	0.000000	
-0.000000	0.806968	-1.050301	4.680004	56.907310	45.945137	-60.661316	-125.137993	-75.024338	182.213455	185.541840	159.304230	140.884613	90.870880	234.610321	14.875387	-315.272156	-660.241211	-351.045013	215.478302	-21.750107	10.385567	136.914627	-154.781250	931.608093	267.327026	-438.139709	773.824768	311.656433	-1122.498657	414.294128	1427.747437	-475.636749	-1645.579712	53.246815	1096.116821	-576.861389	-1154.935303	-295.683044	491.495300	410.151642	-590.688477	-596.549561	-463.059540	-0.006724	341.252808	186.257477	2349.129395	2116.091797	-218.973358	5.742408	-107.119484	-386.427704	-297.551880	-207.306015	-99.301109	-28.770521	-31.227398	-55.311497	42.752533	20.277161	-16.305609	7.310624	0.000000	
-0.000000	-2.918055	-5.693432	7.260673	-1.210173	0.843159	15.021657	-21.792284	162.213837	56.006641	-108.147430	221.359604	101.972641	-415.666992	172.137665	660.936646	-243.898941	-930.293945	33.058807	745.074463	-428.264252	-934.771240	-260.574097	471.255859	427.766907	-670.276001	-737.053284	-623.729675	-0.009892	549.645447	329.467468	4581.127930	4571.157227	-527.016357	15.507236	-327.386688	-1350.866455	-1205.477417	-989.498474	-570.294861	-204.344528	-284.621674	-681.296326	768.380249	601.774414	-1005.369568	1654.106812	2676.641113	-256.852173	1071.636719	2781.387451	346.669556	-1257.651978	-497.091553	-156.853989	-498.313232	-321.845551	-181.756195	-64.813560	18.314337	-7.489490	-13.351912	-1.718879	-0.000000	
-0.000000	-4.111601	0.536165	25.105740	-23.828564	-75.889984	-28.589018	66.350044	74.483803	-140.426910	-181.929230	-178.423538	-0.003236	203.536545	136.892502	2120.708008	2344.016602	-297.937653	9.627819	-222.537827	-1002.888794	-975.678589	-872.006958	-546.810547	-213.120743	-322.970703	-841.760254	1034.989136	885.301025	-1619.318115	2925.919434	5219.820801	-554.849060	2579.172607	7511.070801	1059.517700	-4396.475098	-2013.876221	-748.684448	-2861.856201	-2285.929443	-1656.614258	-798.337463	329.158844	-222.268967	-823.250793	-388.914642	-358.524414	-423.874054	-289.553070	-176.547028	-25.140940	91.902809	42.714119	39.782425	117.846657	-30.777506	-56.048302	-19.800541	-17.630671	-7.632323	-1.233321	0.846096	-0.000000	
0.000000	-1.316789	0.156149	-7.498548	-55.800594	-79.211067	-95.672684	-76.987694	-37.109097	-67.664330	-207.774384	296.068024	289.666687	-599.641785	1215.708618	2416.373535	-284.517761	1458.081177	4663.321777	720.196533	-3263.961426	-1629.973145	-659.786804	-2744.007080	-2384.105957	-1879.821167	-986.367737	443.368774	-326.991180	-1325.984863	-687.944031	-699.172241	-915.647827	-696.884766	-476.761047	-76.837639	321.272064	173.048508	189.886673	676.803589	-218.599274	-510.851440	-243.892090	-316.871490	-226.507874	-76.043991	191.438370	-92.238205	64.264992	467.602539	683.720337	356.700287	-146.642975	320.576782	437.049164	61.619587	-38.498600	-27.017235	-40.382771	-72.943710	-30.193987	-0.603862	-0.999108	0.000000	
-0.000000	6.444252	75.632202	24.267464	-181.606354	-132.330383	-72.388840	-386.339966	-415.126221	-393.833984	-243.468323	126.829666	-106.990105	-491.019043	-285.838165	-323.662689	-469.529633	-393.969177	-296.001770	-52.229618	238.513702	140.060455	167.339828	648.933289	-227.987701	-579.681946	-301.335327	-426.818024	-333.227264	-122.481735	338.631866	-179.877274	138.824493	1125.407227	1846.370483	1090.174316	-512.631653	1298.758667	2086.092285	353.886627	-273.438843	-246.248184	-497.412567	-1310.998535	-896.080566	-37.232838	-226.058838	42.705952	267.076843	8.796649	110.097427	-39.403076	-335.620911	70.501213	342.099182	59.604389	-38.195469	-90.608879	2.281632	115.014069	50.730751	-1.765135	-3.715014	-0.000000	
-0.000000	-1.741218	-4.800712	-1.759909	13.270868	11.370895	18.359774	91.365974	-39.697765	-121.446899	-74.379570	-122.095169	-109.030525	-45.355618	140.700272	-83.269272	71.186989	636.225342	1146.337158	741.035156	-380.579865	1051.177734	1838.392822	339.313843	-285.182556	-279.426910	-614.566772	-1765.882446	-1318.269775	-59.969795	-399.871368	83.282524	576.936279	21.171423	297.315491	-120.426659	-1173.257080	285.622894	1632.883667	342.313202	-271.285828	-825.853271	28.103884	2067.118164	1505.559326	-108.834518	-840.561646	-725.001770	-762.364685	-409.221985	-143.306686	-359.686676	-244.835526	-83.870850	-103.544052	-1.452982	17.514338	-39.064640	61.696430	62.895222	-12.554097	-0.169426	2.096156	-0.000000	
0.000000	2.811912	18.591896	24.969633	-21.175411	85.340515	201.700195	47.773384	-49.656670	-58.541637	-151.695496	-505.146729	-431.332184	-22.207123	-166.145065	38.553368	295.843750	11.968820	184.591217	-81.858818	-871.030884	231.174911	1438.997559	328.216980	-282.937073	-937.126160	34.723114	2784.356689	2214.905029	-175.296432	-1486.854248	-1413.853882	-1646.851318	-984.899170	-386.996277	-1099.301636	-855.891296	-339.787537	-494.229156	-8.344603	124.396744	-356.054108	759.942444	1130.399658	-372.573578	-10.446472	474.277740	-210.789871	117.980141	491.099243	306.909363	-285.171997	-330.452454	-93.960777	-53.239994	11.760733	16.432304	-17.981674	-3.791268	-3.907653	-18.462343	-3.534148	2.672655	0.000000	
0.000000	0.052898	2.993797	-2.758283	-48.464035	18.768078	157.880341	46.211010	-49.265678	-196.333633	8.570818	796.490540	724.707336	-64.913170	-617.782349	-654.505066	-844.479187	-556.792053	-240.270432	-747.239319	-635.417236	-275.014221	-435.545166	-8.000978	129.739349	-404.027710	938.929626	1522.620239	-548.112000	-16.825813	838.941223	-411.069427	254.859329	1181.958130	828.801453	-871.564209	-1155.189331	-380.665039	-254.121384	67.542908	116.711525	-163.893707	-46.698742	-70.231239	-547.915283	-217.908112	604.716736	43.167919	-185.147797	127.202217	165.953873	181.481720	268.309235	111.166840	-129.523315	-67.820091	55.533783	-15.899854	-24.989090	-10.211596	-26.456217	-6.971734	1.209938	0.000000	
-0.000000	-2.460843	-3.896832	-25.178686	-35.354527	-22.327198	-47.786057	-1.126490	22.590528	-84.646271	231.759018	435.559326	-179.339874	-6.230685	348.576965	-190.293365	130.687805	668.195190	514.569519	-592.437073	-857.617310	-308.099274	-223.947403	64.761536	121.724068	-185.976227	-57.697567	-94.599731	-806.066040	-350.977936	1069.672485	84.183418	-399.954102	306.145233	448.154480	554.658142	937.950256	450.372284	-618.231506	-389.496674	394.432373	-144.918991	-307.801758	-183.530365	-785.153076	-429.862427	273.761444	103.375549	-148.393112	28.052208	405.366180	215.581970	-205.896759	-234.238205	-127.393112	62.528599	79.123993	-45.134872	-21.004948	2.038600	13.760511	1.193048	-0.720416	0.000000	
0.000000	2.953209	8.345558	-19.962530	-47.717705	-25.013231	-24.570503	9.118042	21.194887	-38.963154	-14.241676	-27.061111	-263.741333	-129.968933	444.444916	38.970417	-205.090103	173.072784	278.241089	377.023346	696.338135	364.518311	-544.823669	-373.457489	411.372498	-164.444916	-380.297485	-247.210846	-1155.078613	-692.366333	484.251617	201.596649	-320.557068	67.514938	1094.681763	658.877930	-719.769897	-948.973572	-608.063782	359.107178	561.983398	-411.381134	-258.727295	36.639236	408.376862	73.560860	-163.001724	336.744476	715.763733	420.358734	-111.301231	211.052780	564.592102	444.757111	90.461693	-152.821960	-211.533691	-128.494507	-61.932163	-50.239407	-10.617078	-0.570212	0.715671	0.000000	
-0.000000	0.764926	4.512660	12.704032	38.744156	29.593645	-59.775604	-52.580605	71.629166	-34.452213	-93.870049	-70.716904	-377.936768	-256.386810	201.204742	93.323662	-164.376556	38.168152	679.643921	447.865692	-534.360168	-768.071777	-535.863281	344.319397	586.119507	-466.809326	-319.664642	49.352142	600.784058	118.482224	-288.330780	656.698364	1546.184448	1011.702637	-300.566345	645.035461	1973.690186	1801.852661	431.785339	-877.669800	-1502.432007	-1171.161377	-762.846008	-902.939880	-315.087769	-35.158066	161.928131	227.778122	-229.576157	-114.347649	470.672028	326.523071	-5.603439	124.205818	220.055664	-23.667742	17.009447	111.105064	-48.259823	-49.937160	-18.489639	-8.057091	-2.572558	-0.000000	
-0.000000	0.168691	11.022820	15.091108	-29.731724	-62.356384	-58.792507	48.478138	102.056541	-97.799400	-78.903854	14.117629	196.573944	43.874577	-119.800362	304.000580	792.858765	571.944885	-186.609558	438.456421	1465.275635	1458.367432	380.515839	-841.528015	-1566.958740	-1328.959961	-942.517090	-1216.237549	-463.541687	-56.628021	286.431732	444.198883	-495.927734	-275.207367	1271.038574	997.944519	-19.588392	503.197357	1050.354126	-135.925903	120.810722	1012.665466	-594.437683	-897.507690	-548.725342	-496.783295	-582.068665	-541.338135	-5.524822	-5.558028	-250.078140	249.694717	370.083862	514.843323	540.789062	-34.470673	-180.083206	-49.891743	26.314713	-11.572472	-10.267989	4.925425	0.269775	0.000000	
0.000000	2.527813	-3.026531	14.774057	81.527733	118.398468	41.748486	-118.482170	-272.842621	-278.425201	-232.644516	-347.915802	-151.668839	-20.969648	119.011307	205.629745	-254.303848	-155.582718	789.136719	678.342834	-14.542503	407.273376	925.636780	-130.328568	125.999313	1149.108887	-734.444031	-1208.920532	-807.257812	-800.153687	-1029.610718	-1055.684326	-11.934657	-13.376842	-675.330078	763.135864	1293.732056	2085.794434	2581.256104	-197.968063	-1279.052856	-454.737579	324.130035	-207.989059	-304.727722	303.691345	61.039555	174.315689	1701.887451	1228.242554	-375.859528	-783.998413	-282.490814	-18.475569	-218.247498	-34.252514	86.300522	148.576508	148.006622	71.450974	0.976748	-5.171749	-2.665346	-0.000000	
-0.000000	-0.687626	12.798634	22.857176	-0.809143	33.064743	101.556702	-18.349491	21.939302	240.745300	-181.285187	-345.822693	-264.131287	-296.301025	-427.799377	-488.700226	-6.119902	-7.562316	-419.285278	518.734009	960.471985	1688.181641	2274.761963	-189.815887	-1333.985840	-516.007507	400.471497	-280.156097	-448.300476	489.146362	107.971764	339.939728	3676.397461	2956.085205	-1014.999756	-2396.115234	-987.525879	-74.850410	-1041.723633	-196.715149	612.955200	1354.198364	1823.063477	1284.169922	28.987404	-318.879181	-603.063049	-468.607361	-118.246460	-427.723785	-902.529480	-734.512573	-7711.435059	-103688.218750	373206.656250	-79086.906250	-1524033.500000	8359835.000000	10053430.000000	-124.257553	-1394694.750000	369465.781250	33825.769531	-0.000000	
-0.000000	-0.033423	-6.800189	17.479059	53.440525	137.056076	249.576645	-26.724955	-232.276810	-108.106712	98.849670	-80.141190	-146.681976	181.133408	44.861862	157.365814	1885.198120	1671.160767	-630.172546	-1628.735352	-733.143311	-60.581760	-918.030945	-188.614563	639.280457	1536.658813	2252.444580	1729.744995	42.644848	-513.608948	-1066.747192	-913.849304	-255.434631	-1029.428589	-2437.259277	-2244.872803	-26957.484375	-420074.000000	1781363.625000	-454202.968750	-10824549.000000	76195592.000000	123832576.000000	-2233.249023	-41390984.000000	22780484.000000	7653442.500000	-29668182.000000	-18845746.000000	-11460970.000000	-7834868.500000	-5997962.500000	-4404100.500000	-2643992.000000	-1732482.500000	-1146151.000000	-681254.812500	-341361.968750	-171862.453125	-105941.570312	-52239.785156	-17738.912109	-3329.109619	-0.000000	
0.000000	7.385995	-10.220469	-54.881233	-40.791992	-4.918368	-100.722229	-26.555817	111.313049	321.939392	555.978149	494.809265	13.953210	-190.192047	-443.229492	-423.041565	-130.982803	-581.965881	-1513.196289	-1525.929932	-20013.347656	-339995.750000	1569847.375000	-435499.218750	-11289443.000000	86461952.000000	152998528.000000	-3008.130859	-60892388.000000	36691832.000000	13538035.000000	-57857064.000000	-40710360.000000	-27583806.000000	-21157876.000000	-18331426.000000	-15395769.000000	-10711654.000000	-8269363.000000	-6582444.500000	-4838657.000000	-3111338.500000	-2116906.250000	-1904060.500000	-1550343.625000	-1093744.000000	-753246.625000	-557704.500000	-409024.437500	-292349.750000	-214394.656250	-165372.328125	-10678.206055	62905.535156	-27263.167969	-50494.691406	-29774.039062	-17411.884766	-11538.923828	-6475.716797	-3031.805908	-79.151291	105.370323	-0.000000	
-0.000000	-2.572103	-24.541811	-51.417145	-1113.539795	-27602.767578	172236.593750	-61315.718750	-1965744.875000	18114304.000000	37765120.000000	-860.503174	-19923726.000000	13587174.000000	5625003.000000	-26783348.000000	-20875624.000000	-15593926.000000	-13136074.000000	-12460604.000000	-11429883.000000	-8669703.000000	-7287472.000000	-6311384.000000	-5046468.500000	-3530550.500000	-2615495.500000	-2564722.250000	-2280789.500000	-1761660.125000	-1332404.250000	-1087601.125000	-883569.875000	-703615.750000	-578967.687500	-505423.406250	-37328.667969	254850.359375	-130130.632812	-289995.406250	-211472.078125	-158700.375000	-142130.062500	-116386.382812	-89976.265625	-4880.302246	23841.162109	-42305.929688	-27103.347656	-1647.162231	-16291.566406	-22839.394531	-9121.952148	8166.794434	16434.523438	4601.569336	-6884.431152	6540.852539	3555.048828	-2300.623535	-1506.976318	74.930107	232.281631	-0.000000	
-0.000000	-68920.156250	-213047.734375	-419867.656250	-635957.062500	-703855.187500	-799548.687500	-888605.562500	-878703.187500	-739671.875000	-645591.187500	-733662.062500	-746264.500000	-652351.812500	-553609.000000	-503475.218750	-453080.562500	-397774.406250	-359457.750000	-343556.500000	-27712.957031	206268.515625	-114679.125000	-278053.593750	-220554.421875	-180083.156250	-175605.578125	-156769.562500	-132368.671875	-7860.553711	42172.199219	-82502.421875	-58548.335938	-3964.324463	-43994.988281	-69803.484375	-31888.343750	33086.285156	78444.101562	26427.210938	-48897.128906	59616.503906	43789.117188	-41348.515625	-44723.214844	4620.032715	52556.203125	-29985.960938	55125.902344	120821.515625	-45704.000000	-22134.777344	68869.773438	-2856.590820	-37086.402344	1679.211426	14863.436523	-1526.278687	-5039.778320	-4304.412109	-1538.361938	756.938171	17.890493	-0.000000	
-0.000000	-1758.035522	-5829.874023	-11576.346680	-1541.944946	16746.037109	-12582.078125	-39148.304688	-38403.464844	-37728.519531	-43345.289062	-44845.359375	-43310.457031	-2910.803467	17522.390625	-38192.242188	-30022.654297	-2241.147705	-27314.718750	-47448.222656	-23674.037109	26779.083984	69129.773438	25338.958984	-50997.167969	67649.046875	54102.652344	-55695.421875	-65794.601562	7441.345703	92965.710938	-58476.777344	119082.335938	290788.406250	-123422.570312	-67649.976562	240753.609375	-11572.958984	-177018.203125	9643.856445	105568.539062	-13911.245117	-62077.195312	-77362.085938	-45654.660156	46671.218750	4047.915527	-59894.570312	-31647.984375	-28708.494141	-11459.444336	32434.392578	56421.828125	6198.070312	-19124.949219	-177.218094	-8374.423828	-6667.690430	1982.566406	-348.897217	-1636.180298	-680.316772	18.577812	0.000000	
-0.000000	-9.905154	-443.004425	-1598.796875	-1317.220093	2174.076416	7584.607910	3567.575684	-8879.749023	14172.886719	13354.331055	-15932.181641	-21527.708984	2755.568604	38626.906250	-27070.228516	61063.527344	164391.125000	-76628.109375	-45984.398438	178736.468750	-9366.818359	-155999.328125	9246.729492	110102.515625	-15785.602539	-76698.070312	-104204.812500	-67164.898438	75171.906250	7160.284180	-116802.703125	-68365.601562	-69094.460938	-30945.957031	99128.445312	197238.328125	25110.357422	-91285.859375	-1017.778870	-59479.898438	-60772.566406	24420.154297	-6270.639648	-48557.656250	-41946.902344	4203.428711	38517.234375	-3466.621826	-11082.378906	4094.138184	-10268.021484	-7740.898926	14788.762695	2087.570557	-12003.094727	-2308.197266	128.772903	-2394.820312	-1170.825806	26.204983	341.823029	175.566467	0.000000	
0.000000	726.556091	-1242.794800	-1549.472412	9944.872070	-760.450989	-17115.544922	1301.884888	19171.314453	-3307.179932	-18931.630859	-29808.732422	-21976.064453	27836.542969	2975.071289	-54070.621094	-35056.792969	-39061.101562	-19213.099609	67381.570312	146430.546875	20323.597656	-80446.718750	-975.867493	-62034.449219	-68960.875000	30171.765625	-8446.396484	-71435.640625	-67562.593750	7435.368652	75113.937500	-7488.556152	-26672.628906	11056.123047	-31381.902344	-27060.484375	59913.988281	9964.245117	-68934.812500	-16394.123047	1173.698730	-29498.068359	-21042.949219	777.697021	21076.089844	39723.789062	8643.043945	-16395.765625	6032.412598	6141.016602	7835.540039	3728.805176	2772.103271	-1116.852905	-10719.506836	-5581.373535	-1875.163208	-1900.729736	-407.881165	60.042038	375.115662	169.298080	0.000000	
-0.000000	-172.637558	-311.608124	2270.463379	8147.375000	1649.983887	-8826.251953	-137.396378	-10801.586914	-14447.722656	7447.394043	-2416.168213	-23373.433594	-25018.777344	3089.367920	34771.945312	-3840.012207	-15078.811523	6864.302246	-21331.535156	-20089.814453	48492.648438	8781.106445	-66096.125000	-17098.220703	1331.839233	-36445.667969	-28344.330078	1144.109741	33946.613281	70266.687500	16855.132812	-35417.941406	14518.570312	16583.669922	23947.570312	13035.084961	11230.673828	-5330.883301	-61563.054688	-39642.074219	-17091.148438	-23412.134766	-7330.743164	1781.894531	23128.841797	38305.500000	2709.062256	-22533.101562	-6998.373047	-4076.565186	-13584.963867	2358.912354	12348.560547	-2557.118652	-5336.745117	-1294.179199	-569.672852	-661.224976	-400.822845	-432.602539	-8.523834	127.433022	0.000000	
-0.000000	-66.643517	111.328850	-718.779114	-1117.794434	3936.905762	963.423462	-9305.944336	-2977.183105	279.028442	-8996.001953	-8108.152832	374.347778	12570.605469	29195.546875	7802.623047	-18161.755859	8207.769531	10296.133789	16278.122070	9677.300781	9089.782227	-4697.902832	-59027.933594	-41344.625000	-19393.955078	-28926.332031	-9874.329102	2621.435791	37252.921875	67757.906250	5283.046875	-48675.742188	-16843.406250	-11008.666992	-41519.394531	8246.240234	50027.953125	-12205.458008	-30649.388672	-9191.993164	-5192.274902	-8144.602539	-7203.885742	-12838.540039	-525.561707	28833.083984	16963.210938	10797.024414	-2265.665283	-12780.884766	12293.653320	5993.832031	-7681.625488	-5335.446289	-1531.755615	-295.166412	-2148.687500	4406.219727	5420.678223	356.474487	-322.462891	-84.102394	-0.000000	
-0.000000	36.275711	166.988083	548.501282	538.443665	737.959595	-515.432739	-8310.784180	-7199.025391	-4063.151855	-7139.979492	-2824.641602	857.722473	13794.948242	28153.156250	2445.642090	-24960.146484	-9522.066406	-6834.838867	-28222.392578	6122.042480	40491.179688	-10756.201172	-29387.269531	-9586.772461	-5891.866211	-10062.878906	-9703.455078	-18887.431641	-846.506226	51002.320312	33080.613281	23323.607422	-5452.913086	-34514.476562	37572.792969	20953.123047	-31120.712891	-25466.777344	-8797.005859	-2096.438965	-19584.181641	54273.371094	97424.453125	10579.252930	-19882.384766	-19029.066406	-18334.921875	-19061.173828	-16955.802734	10348.477539	24544.898438	7108.039551	11034.989258	6693.371094	-9073.749023	-7782.731445	-1993.017944	-484.813934	-804.023315	-601.694885	-228.387451	15.603730	0.000000	
-0.000000	-42.084484	-110.850998	-950.970825	340.629608	3287.301514	-1180.121948	-4137.553711	-1669.271851	-1234.381836	-2483.852783	-2775.761475	-6179.885742	-313.465607	21191.273438	15313.766602	11959.974609	-3082.690186	-21428.650391	25539.730469	15555.684570	-25188.205078	-22442.892578	-8434.750977	-2186.477295	-22222.892578	67056.234375	131228.312500	15563.678711	-32023.949219	-33660.167969	-35755.636719	-41175.726562	-40808.550781	27945.818359	75015.976562	24848.146484	44706.257812	31948.326172	-52111.332031	-55277.363281	-18165.332031	-5971.668945	-14450.502930	-17856.769531	-14081.890625	3530.510742	8892.922852	-176.100189	870.775269	2586.862549	4432.465332	6096.785645	738.476807	-4059.319580	-4404.882324	21602.896484	49896.281250	16596.761719	-3419.381104	10720.735352	4029.480713	-819.111389	-0.000000	
0.000000	-13.624503	-347.541077	860.576843	865.516113	-2044.920044	-2462.333252	-1187.563110	-380.714661	-4655.831543	16551.705078	37539.050781	5092.368652	-11858.632812	-13985.674805	-16552.095703	-21114.257812	-23070.257812	17350.435547	50991.359375	18447.365234	36183.953125	28154.832031	-49965.421875	-57651.425781	-20612.873047	-7378.160156	-19464.468750	-26270.003906	-22681.271484	6245.056641	17342.431641	-380.409576	2095.747314	6985.761230	13546.834961	21313.025391	2991.804688	-19375.658203	-25297.621094	153436.000000	454778.906250	204429.703125	-61455.652344	318164.062500	248449.312500	-185332.703125	-206894.453125	-107173.328125	-51534.414062	-32866.628906	-40445.097656	-117.215157	4327.094238	-24566.697266	-18601.722656	-3534.632324	-2056.572998	-3560.599609	-1599.846680	-643.725525	-483.162445	-76.312889	0.000000	
-0.000000	-101.963150	281.398438	1718.185059	1026.408813	2937.616455	3089.021484	-7034.836426	-10038.404297	-4318.522461	-1821.175049	-5567.988281	-8595.431641	-8398.991211	2594.797607	8028.204590	-195.067978	1184.786743	4337.178223	9208.326172	15822.877930	2421.480225	-17075.023438	-24255.882812	160025.796875	516054.406250	252578.484375	-82779.234375	468067.375000	400169.718750	-327831.656250	-403472.843750	-231514.578125	-124030.976562	-88755.546875	-123611.359375	-409.758484	17530.437500	-117260.023438	-106831.312500	-25104.960938	-18744.603516	-43857.492188	-28753.630859	-19104.130859	-29790.779297	-17266.607422	13110.952148	-5582.188965	-15521.546875	16733.347656	10518.807617	-9591.137695	937.505066	-401.818909	-5933.643066	640.166809	2126.423340	-1054.166870	-1341.607178	-82.528816	225.553680	33.967911	-0.000000	
-0.000000	5.236378	70.342628	310.280182	880.382690	196.589371	-1873.394653	-3415.084961	27864.076172	108116.539062	62344.761719	-23679.751953	153149.625000	148184.906250	-136212.828125	-186776.734375	-118716.984375	-70118.312500	-55104.750000	-84023.585938	-304.206390	14188.628906	-103336.750000	-102432.070312	-26183.171875	-21270.193359	-54187.128906	-38730.425781	-28105.060547	-47983.101562	-30542.587891	25568.171875	-12058.579102	-37356.640625	45188.011719	32148.375000	-33528.511719	3798.131836	-1917.933716	-34077.425781	4546.827148	19381.255859	-12984.643555	-24112.359375	-2449.244873	13907.166016	7685.603027	-9600.664062	-17005.677734	-8658.167969	-2097.852295	-3757.631104	-778.420776	23306.427734	24452.861328	-2251.756592	-6167.597168	4041.072754	6744.596680	3600.880371	555.075623	-475.062042	-170.481461	0.000000	
-0.000000	-309.900482	-893.717712	-2831.226318	-16.926001	1151.912598	-11337.643555	-14421.830078	-4559.076660	-4456.234863	-13375.182617	-11079.190430	-9195.854492	-17768.388672	-12690.331055	11836.086914	-6183.447754	-21118.792969	28055.417969	21852.537109	-24891.705078	3074.098145	-1690.201294	-32674.142578	4742.104980	21992.625000	-16042.881836	-32478.750000	-3603.208984	22399.847656	13594.923828	-18722.625000	-36735.464844	-20838.134766	-5665.199707	-11484.356445	-2721.188232	94421.765625	116716.671875	-12932.033203	-43805.765625	36832.296875	83076.203125	64717.695312	16473.228516	-29291.328125	-38573.253906	14092.846680	51633.281250	5866.124023	-36859.945312	-32950.304688	-17254.066406	-12394.544922	-9912.194336	-1628.559448	-1532.987671	-2517.960205	444.629791	1573.584106	802.420837	101.157196	-89.998787	-0.000000	
-0.000000	-93.338295	455.017456	736.334595	-1384.970947	249.572556	-185.441284	-4600.326172	825.706726	4607.588867	-3959.916016	-9290.841797	-1178.954468	8294.778320	5648.640137	-8667.127930	-18837.361328	-11780.401367	-3517.294922	-7806.376465	-2020.221436	76422.250000	102857.921875	-12399.500977	-45687.144531	41794.964844	102642.921875	87173.125000	24234.607422	-47178.648438	-68231.523438	27483.001953	111537.617188	14118.353516	-99539.406250	-100705.210938	-60316.429688	-50214.250000	-47312.187500	-9352.958008	-10888.146484	-22949.910156	5476.703125	28281.621094	23813.804688	6237.140137	-20363.187500	-1763.550293	43402.457031	31333.335938	-547.329041	-10121.705078	-12326.971680	-12494.069336	-9665.498047	-3108.331543	1503.741333	1023.952698	-191.356949	-833.629578	-726.308350	-221.077057	17.118937	0.000000	
-0.000000	-52.065601	-57.045330	-263.040649	-112.404839	6204.387207	11285.108398	-1745.776489	-7955.155273	8756.299805	25335.681641	24936.664062	7929.458496	-17470.496094	-28349.943359	12722.505859	57194.714844	7981.514648	-61800.015625	-68453.359375	-44779.164062	-40641.964844	-41694.414062	-8967.809570	-11355.771484	-26042.109375	6766.616211	38094.640625	35033.703125	10045.970703	-36020.070312	-3439.167480	93757.484375	75411.828125	-1478.049194	-30934.722656	-43092.390625	-50617.453125	-46134.671875	-17851.417969	10680.422852	9332.801758	-2357.028809	-14982.609375	-21554.980469	-13631.146484	3873.342285	11628.856445	908.194580	-7412.502930	-7945.984375	-5186.609863	-1373.740234	-2033.624878	-777.247009	1985.292236	1584.640991	143.068756	779.140869	433.903473	-123.816956	-114.923828	-37.390202	-0.000000	
0.000000	35.275738	-1002.304993	-2306.577881	-2491.506592	-3299.542969	-4574.523438	-1262.614624	-1977.294189	-5455.980469	1670.225708	10897.318359	11462.875977	3720.074707	-14966.205078	-1592.068604	48077.347656	42632.492188	-917.661255	-21027.568359	-31991.966797	-40968.304688	-40656.714844	-17116.310547	11139.126953	10590.274414	-2912.173340	-20181.203125	-31710.628906	-21955.271484	6851.484863	22677.882812	1961.871338	-17840.117188	-21457.941406	-15851.708984	-4802.294434	-8238.862305	-3709.900635	11401.705078	11255.017578	1303.998169	9597.024414	7798.435547	-3674.571533	-7085.961914	-8459.932617	-7325.168457	-3779.820557	-3614.814209	-4503.058594	358.002380	3565.376221	-1330.300049	-2637.374023	-979.094666	-350.989838	-494.119202	43.837601	468.974030	-1108.549194	5817.371094	-2923.246826	0.000000	
0.000000	188.421967	-14.883111	-708.536804	-1780.028564	-3326.037109	-4460.671875	-2409.875244	1939.571533	2218.727051	-718.821106	-5773.016113	-10375.581055	-8130.150391	2846.766357	10498.106445	1006.016418	-10085.536133	-13322.373047	-10775.041016	-3565.243164	-6668.296875	-3269.392822	10932.191406	11738.399414	1479.694824	11857.385742	10504.298828	-5405.849609	-11413.142578	-14964.621094	-14285.092773	-8165.124512	-8699.991211	-12160.402344	1094.153931	12463.773438	-5389.469238	-12588.528320	-5623.025879	-2492.928467	-4503.642090	539.967285	8428.749023	-32898.914062	358686.875000	-661415.875000	3141.483643	9881634.000000	10673981.000000	1205712.000000	-2669669.000000	-1569407.375000	537081.937500	427371.562500	-1022975.375000	-653127.250000	-302475.156250	-287044.531250	-126317.531250	-48706.972656	-7843.986816	445.735199	0.000000	
0.000000	-44.574837	-216.069229	-363.071594	-198.369644	-541.369812	-358.703064	1539.187988	2043.918335	310.005066	2926.796875	3004.850098	-1768.770630	-4226.345215	-6217.744141	-6612.893555	-4186.945801	-4918.357422	-7549.904785	743.740173	9253.156250	-4362.080566	-11093.786133	-5391.473633	-2599.995117	-5110.449219	667.144287	11353.316406	-48399.265625	577726.000000	-1169966.500000	6126.328613	21346190.000000	25689712.000000	3255996.750000	-8159244.500000	-5486304.000000	2175890.000000	2039899.750000	-5875036.500000	-4638879.500000	-2756905.500000	-3535655.250000	-2270272.500000	-1445498.750000	-483643.750000	100852.359375	598220.437500	524219.937500	-718894.000000	-574376.250000	573510.187500	-125669.531250	-269567.875000	59197.128906	-350159.781250	3853.994873	461061.187500	84996.289062	-75360.539062	-24069.960938	-6055.751465	2348.270020	0.000000	
-0.000000	-21.737564	-122.448311	25.060781	514.844360	-354.138214	-1217.160278	-759.087585	-452.717407	-1070.670166	164.673370	3247.719238	-15836.031250	213934.906250	-486116.718750	2836.016357	10945986.000000	14523139.000000	2021517.375000	-5546165.000000	-4073054.500000	1761102.500000	1797685.250000	-5633106.500000	-4838110.500000	-3128362.250000	-4368398.500000	-3058000.500000	-2126546.750000	-778990.187500	178395.906250	1166612.625000	1132413.875000	-1730205.500000	-1551089.375000	1752805.125000	-439313.125000	-1092105.375000	282555.562500	-2010998.000000	27373.253906	4202335.500000	1046937.125000	-1354435.500000	-714335.000000	-373384.906250	531321.187500	117729.796875	-922153.000000	-861523.875000	-470094.750000	1658741.375000	-2866219.750000	5167036.000000	20990540.000000	8763438.000000	619007.187500	-247876.000000	-669644.875000	-587416.375000	-439374.062500	-188922.796875	-40057.585938	-0.000000	
0.000000	64187.625000	32786.027344	-186881.421875	-226624.187500	142976.203125	197233.937500	-793108.125000	-842423.437500	-655410.937500	-1078265.875000	-874768.812500	-695796.937500	-288464.093750	74122.828125	540051.500000	580683.812500	-978135.375000	-963009.000000	1191451.875000	-326147.875000	-883918.500000	249005.359375	-1928186.500000	28548.884766	4768545.000000	1293519.375000	-1824391.000000	-1050894.625000	-601399.687500	939844.437500	229589.406250	-1992024.250000	-2073481.250000	-1269479.625000	5069571.000000	-10019676.000000	20933308.000000	100190560.000000	50329184.000000	4396539.500000	-2259262.250000	-8248314.000000	-10557483.000000	-13039501.000000	-11648583.000000	-9063457.000000	-9874309.000000	-8901713.000000	-7056936.000000	-3760542.500000	870624.062500	-4431360.000000	6541310.500000	20867864.000000	9780179.000000	1734244.375000	-608842.500000	-934356.187500	-994530.750000	-592167.812500	-211028.281250	-64791.902344	-0.000000	
0.000000	-4323.044922	-15618.584961	40146.699219	-18146.822266	-71761.468750	27319.748047	-271477.281250	4971.000000	999039.250000	319283.531250	-521883.625000	-343848.187500	-222701.390625	390501.843750	106282.148438	-1021478.312500	-1172199.125000	-788168.875000	3445990.250000	-7438648.500000	16942816.000000	88294088.000000	48256664.000000	4585362.500000	-2563668.250000	-10191017.000000	-14220668.000000	-19183076.000000	-18762016.000000	-16032184.000000	-19256270.000000	-19229376.000000	-16984352.000000	-10155256.000000	2660867.250000	-15491062.000000	26500934.000000	99605016.000000	56168420.000000	12317585.000000	-5549286.500000	-11508881.000000	-17874444.000000	-17574030.000000	-13011561.000000	-14659861.000000	-13846100.000000	-9356233.000000	-6600309.500000	-3593366.000000	-2202956.000000	-5808029.500000	11808015.000000	23087904.000000	7299966.500000	1438271.000000	-573010.750000	-1070141.250000	-883169.500000	-619097.812500	-229074.406250	-63542.257812	-0.000000	
-0.000000	-5180.744629	-12782.935547	116114.750000	-413885.375000	1375512.875000	9687231.000000	6794253.000000	798414.375000	-537104.062500	-2515481.500000	-4067951.000000	-6276619.500000	-6947671.500000	-6661312.500000	-8914164.000000	-9860518.000000	-9601747.000000	-6304990.000000	1808697.875000	-11500628.000000	21449090.000000	87778072.000000	53855444.000000	12846602.000000	-6296979.500000	-14219537.000000	-24076434.000000	-25854052.000000	-20957324.000000	-25931562.000000	-27001812.000000	-20211226.000000	-15885362.000000	-9703799.000000	-6732840.500000	-20303598.000000	47838032.000000	110201552.000000	41924344.000000	10215415.000000	-5222698.000000	-13181406.000000	-15872977.000000	-18373244.000000	-14124247.000000	-14377115.000000	-13472646.000000	-9692409.000000	-7434138.500000	-3295280.250000	-2653253.500000	-7120724.500000	13266777.000000	21748696.000000	2556275.500000	-1870594.125000	-1487434.125000	-1278839.375000	-909022.812500	-536794.187500	-191745.406250	-34461.839844	-0.000000	
-0.000000	-42436.648438	-102257.625000	60945.183594	-639893.375000	1741357.625000	9630616.000000	7582528.500000	2236881.250000	-1319255.625000	-3509854.000000	-6887282.500000	-8459334.000000	-7760604.500000	-10774467.000000	-12499751.000000	-10363995.000000	-8980456.000000	-6024699.000000	-4576581.000000	-15073475.000000	38718720.000000	97116392.000000	40197928.000000	10654148.000000	-5926388.000000	-16285987.000000	-21380506.000000	-27029814.000000	-22749492.000000	-25431418.000000	-26273526.000000	-20937428.000000	-17892188.000000	-8898826.000000	-8109073.500000	-24892490.000000	53747944.000000	103809336.000000	14680912.000000	-13286019.000000	-13557197.000000	-15752034.000000	-16337632.000000	-15930682.000000	-11822619.000000	-7797360.000000	-8587348.000000	-7022530.500000	-4932786.500000	-2776067.250000	-2099720.000000	-2011716.500000	-1532172.375000	187676.593750	605791.375000	-314740.812500	-323869.031250	-170655.406250	-120651.304688	-56710.312500	-21223.080078	-4539.613281	-0.000000	
-0.000000	-39690.738281	-97711.718750	-154210.703125	-838686.000000	3143403.250000	10655174.000000	5659630.500000	1855125.750000	-1241614.375000	-4019922.750000	-6116088.000000	-8844039.000000	-8424254.000000	-10566659.000000	-12162611.000000	-10736380.000000	-10114973.000000	-5524923.000000	-5512062.000000	-18480288.000000	43502032.000000	91483184.000000	14076363.000000	-13856629.000000	-15383851.000000	-19462068.000000	-22006384.000000	-23436438.000000	-19042330.000000	-13792608.000000	-16746518.000000	-15169988.000000	-11872034.000000	-7496704.000000	-6417322.500000	-7032519.500000	-6207318.500000	895804.687500	3479112.250000	-2235467.500000	-2951899.500000	-2102038.750000	-2168434.750000	-1683017.500000	-1308570.500000	-1027136.000000	-546354.625000	-241071.953125	-331848.031250	-319801.093750	-171508.921875	-20655.814453	161659.796875	171189.250000	227382.156250	494557.000000	201570.921875	-88102.195312	-55555.707031	-35085.523438	-14980.525391	-2879.809326	-0.000000	
-0.000000	-44704.941406	-89606.093750	-185732.296875	-1028240.625000	3531739.250000	10037123.000000	1981868.625000	-2412749.500000	-3223010.500000	-4803885.000000	-6295126.000000	-7668301.500000	-7051473.000000	-5730777.000000	-7752343.000000	-7778928.500000	-6711605.500000	-4654402.000000	-4362111.000000	-5220971.500000	-5024024.000000	789438.250000	3335845.000000	-2331476.500000	-3349629.250000	-2597126.250000	-2920827.750000	-2475972.750000	-2107674.500000	-1816882.250000	-1065467.250000	-520760.843750	-798678.625000	-863615.250000	-524178.531250	-72208.195312	654935.375000	817108.437500	1305875.375000	3512623.750000	1837215.250000	-1085194.000000	-998488.437500	-1041248.812500	-923667.687500	-651587.625000	-490882.562500	-335015.718750	31436.142578	-45424.347656	-163407.968750	-57634.507812	-42775.679688	62935.363281	105798.289062	150554.687500	361780.187500	148949.140625	-36421.761719	-24748.218750	-11334.446289	-2218.562500	-0.000000	
-0.000000	-29663.146484	-75487.531250	-146984.000000	-290494.125000	-407878.531250	86613.609375	469667.250000	-405962.312500	-701767.750000	-641057.000000	-835529.312500	-810127.625000	-780482.750000	-754907.750000	-493228.937500	-267037.875000	-451516.218750	-536184.000000	-356305.125000	-53607.664062	530085.750000	720086.312500	1252100.375000	3663484.250000	2084755.875000	-1340786.750000	-1344939.125000	-1531834.125000	-1487723.375000	-1152581.500000	-957289.000000	-723697.000000	75659.257812	-122667.375000	-499419.781250	-201477.593750	-173297.906250	300398.656250	607608.750000	1069324.625000	3297440.250000	1834672.875000	-654598.937500	-734464.062500	-698858.125000	-501973.500000	-664886.312500	-714288.812500	-50864.761719	492342.531250	-71651.429688	-142559.312500	-58426.234375	-70174.132812	43365.488281	84100.210938	360811.906250	264445.250000	-6286.022461	3193.378418	-9891.605469	-3488.732422	-0.000000	
-0.000000	-1995.557007	-8696.112305	-12005.918945	-2982.722900	43035.339844	79004.632812	176288.343750	637894.687500	436769.062500	-330950.718750	-384732.031250	-501209.531250	-550911.625000	-478893.312500	-443150.781250	-371100.312500	42772.371094	-76159.242188	-339475.625000	-149577.796875	-140262.312500	264729.781250	582587.875000	1115250.125000	3741727.000000	2266788.500000	-881728.500000	-1080507.500000	-1125629.500000	-887931.812500	-1296620.500000	-1542998.375000	-122419.281250	1329559.250000	-218986.515625	-498356.062500	-236703.281250	-334950.218750	249051.750000	597327.312500	3288615.000000	3257289.750000	-112977.054688	94771.320312	-609895.562500	-789363.000000	-593547.375000	-696762.750000	-531935.375000	935862.125000	837252.562500	22716.835938	42496.601562	-269932.687500	-236967.734375	77981.156250	1053278.250000	745433.375000	-93785.523438	-25610.593750	-17430.978516	-10056.541016	-0.000000	
-0.000000	189.040192	-1235.190430	-11438.838867	-8322.487305	-11387.283203	29044.960938	82024.929688	194190.031250	783914.562500	559518.687500	-252226.437500	-353537.375000	-416826.375000	-368932.343750	-600235.000000	-791225.000000	-69207.171875	825469.937500	-148853.906250	-369981.593750	-191580.796875	-295178.750000	238795.984375	622981.375000	3731712.500000	4024470.500000	-152177.296875	139422.921875	-982340.187500	-1396289.875000	-1157499.625000	-1505138.750000	-1280240.875000	2527273.250000	2558874.500000	79413.078125	172167.265625	-1288423.750000	-1360926.250000	553866.312500	9600090.000000	9181835.000000	-1685583.000000	-760057.062500	-1074757.500000	-2275400.000000	-1261344.875000	-1146272.875000	-1422897.500000	147407.234375	1394050.125000	61773.574219	147724.000000	-128890.625000	-760542.625000	-229503.468750	1999793.250000	1632806.500000	-141317.312500	-177304.359375	-29190.585938	-16503.205078	-0.000000	
-0.000000	-305.873535	13387.903320	-5015.723145	-20585.724609	-15553.605469	-32385.687500	33621.062500	108475.015625	781816.500000	993373.000000	-43531.695312	45618.578125	-363765.625000	-580153.187500	-535832.812500	-771811.187500	-723757.312500	1569082.375000	1739369.375000	58956.593750	139347.218750	-1135438.250000	-1304884.250000	577653.875000	10893576.000000	11344408.000000	-2270438.500000	-1118158.750000	-1731079.125000	-4024913.750000	-2459797.250000	-2476165.250000	-3424573.000000	398069.718750	4260601.500000	215946.859375	598477.000000	-615211.625000	-4367862.500000	-1630063.625000	18227086.000000	20112004.000000	-2539859.500000	-5261941.000000	-1799830.250000	-3734026.500000	-3250863.250000	-2360053.500000	-2126065.250000	-952363.687500	706309.437500	-506275.000000	-406440.843750	229171.265625	-1109693.625000	-114504.617188	4271428.000000	2777859.750000	-373748.500000	-310192.031250	-33276.417969	-25382.951172	-0.000000	
-0.000000	-3198.775391	25448.201172	58609.117188	3280.336670	11312.989258	-124575.187500	-183720.000000	100582.476562	2282270.500000	2800176.750000	-649479.562500	-365856.718750	-641027.500000	-1672336.625000	-1138695.875000	-1269738.125000	-1936010.500000	247145.484375	2896101.250000	160319.843750	484390.000000	-542162.375000	-4187997.000000	-1700071.875000	20682946.000000	24848930.000000	-3421127.750000	-7741109.500000	-2898931.500000	-6605052.000000	-6339633.500000	-5098160.000000	-5116929.000000	-2571835.500000	2158676.500000	-1769826.250000	-1646621.250000	1093864.125000	-6373067.000000	-813276.625000	38931864.000000	34216136.000000	-6717285.500000	-9205709.000000	-2051753.875000	-5743164.000000	-6860648.000000	-3833867.500000	-2939897.250000	-2276692.250000	860627.437500	-78663.578125	-866489.000000	-171779.687500	-1010269.125000	-436598.312500	2868200.250000	1955976.375000	-328790.593750	-255452.453125	-35876.210938	-17100.195312	-0.000000	
-0.000000	-8556.545898	4008.334961	97585.898438	8920.173828	39325.500000	-59483.617188	-589645.250000	-296020.593750	4333203.000000	6133541.500000	-978644.625000	-2532857.750000	-1073489.250000	-2744374.250000	-2934760.250000	-2614255.500000	-2892748.500000	-1596749.250000	1467338.750000	-1313926.375000	-1332727.750000	963980.437500	-6110628.500000	-848205.312500	44177424.000000	42274972.000000	-9048016.000000	-13542987.000000	-3304697.250000	-10158979.000000	-13379214.000000	-8281876.000000	-7075627.500000	-6148153.000000	2630314.500000	-274990.625000	-3510423.000000	-819926.687500	-5802063.000000	-3100968.500000	26142168.000000	24092632.000000	-5909268.500000	-7581177.000000	-2212051.750000	-3869101.750000	-5008135.500000	-3732810.750000	-2732480.750000	-1367272.625000	1309844.375000	-423264.281250	-859604.875000	278709.062500	-888346.875000	-539513.000000	2832309.750000	2234572.500000	-117522.296875	-284675.218750	-57739.695312	-13512.834961	-0.000000	
-0.000000	-12785.021484	-25896.916016	49442.875000	-73106.679688	-108198.320312	105763.593750	-860340.375000	-147691.546875	9255439.000000	10434867.000000	-2588267.250000	-4431207.000000	-1223746.375000	-4221017.500000	-6193541.500000	-4246814.500000	-4000057.500000	-3817141.000000	1787930.125000	-204154.156250	-2841235.000000	-722569.875000	-5563138.500000	-3234149.250000	29664482.000000	29767104.000000	-7959638.000000	-11153056.000000	-3562884.250000	-6843984.000000	-9766558.000000	-8063574.500000	-6576426.000000	-3692287.250000	4003245.500000	-1479639.000000	-3482533.000000	1330314.375000	-5101853.000000	-3831926.500000	25815044.000000	27524224.000000	-2112197.750000	-8448434.000000	-3560108.250000	-3057423.500000	-4956556.500000	-4633051.500000	-3069067.000000	-605880.375000	3214136.500000	578594.500000	-1331305.875000	-204511.609375	-982754.437500	-568357.312500	3505178.500000	2780390.000000	-236800.718750	-437887.406250	-102689.671875	-15994.744141	-0.000000	
-0.000000	-17678.972656	-61908.394531	60245.398438	-11359.109375	-230667.421875	-79277.117188	-783257.000000	-563137.812500	6214890.000000	7347510.000000	-2276926.750000	-3649231.750000	-1319354.375000	-2843649.750000	-4521161.000000	-4134872.500000	-3717844.500000	-2292392.750000	2721166.250000	-1098490.125000	-2818661.500000	1172355.000000	-4891762.500000	-3996500.750000	29293282.000000	34006928.000000	-2845078.000000	-12428922.000000	-5734157.500000	-5408220.500000	-9665972.000000	-10008264.000000	-7386508.000000	-1636165.625000	9823287.000000	2022639.375000	-5393544.000000	-976160.375000	-5644044.000000	-4036795.500000	31947898.000000	34247300.000000	-4255958.000000	-12995381.000000	-6331629.000000	-3618981.750000	-5265867.500000	-5460394.500000	-3699354.750000	-1093128.125000	2891455.750000	844977.250000	-1116628.750000	-512173.406250	-821894.562500	-508264.750000	3166946.500000	3315116.250000	101916.882812	-527546.250000	-140848.156250	-21030.818359	-0.000000	
-0.000000	-16431.681641	-37179.226562	91691.359375	-61119.835938	-228834.781250	128625.515625	-688731.250000	-695880.312500	6137121.000000	8394040.000000	-813860.437500	-4066689.500000	-2123388.000000	-2247095.500000	-4474598.000000	-5132078.500000	-4175807.250000	-1015829.437500	6677281.500000	1501615.750000	-4365379.000000	-860252.625000	-5411626.500000	-4210168.500000	36252456.000000	42313476.000000	-5732670.000000	-19118168.000000	-10198162.000000	-6401551.000000	-10269171.000000	-11795481.000000	-8903460.000000	-2951966.750000	8837085.000000	2953855.000000	-4523819.000000	-2444670.000000	-4720211.500000	-3609984.000000	28865086.000000	40833764.000000	1831725.875000	-15656226.000000	-8684402.000000	-4758447.500000	-5209359.000000	-5927270.500000	-4488121.500000	-2720051.750000	2173280.750000	1709129.875000	-987479.312500	-922328.500000	-795430.750000	-1123486.250000	1135331.750000	3927442.500000	1541300.875000	-397327.531250	-197942.031250	-25628.474609	-0.000000	
-0.000000	-18455.730469	-16475.253906	224995.078125	83549.695312	-354405.968750	-94383.046875	-761925.000000	-733084.625000	7595110.500000	10444371.000000	-1639882.250000	-6255382.000000	-3776431.750000	-2659820.500000	-4753832.500000	-6048535.000000	-5033384.000000	-1832757.375000	6006920.500000	2192954.250000	-3661448.250000	-2154393.750000	-4525837.000000	-3765026.000000	32754278.000000	50451232.000000	2467289.250000	-23032672.000000	-13987700.000000	-8417132.000000	-10158972.000000	-12804021.000000	-10801832.000000	-7345435.000000	6642145.000000	5974743.000000	-4000593.250000	-4402393.000000	-4568228.000000	-7979636.000000	10347965.000000	48376060.000000	27701402.000000	-11791667.000000	-12204689.000000	-5798716.000000	-5715999.000000	-6789542.500000	-4191794.250000	-3404965.750000	-1285924.500000	62074.671875	-659725.375000	-756001.937500	-1183486.625000	-655498.812500	-263765.156250	647990.125000	1032545.687500	67733.781250	-81200.320312	-8659.915039	-0.000000	
-0.000000	-22245.945312	-29724.619141	202406.859375	122015.664062	-297256.937500	-236370.375000	-637211.062500	-655575.375000	6862220.500000	12453040.000000	705790.500000	-7536191.000000	-5179717.500000	-3497286.750000	-4702818.500000	-6565698.000000	-6106589.000000	-4560485.000000	4514932.000000	4435674.000000	-3237964.500000	-3879660.000000	-4380111.500000	-8322346.500000	11742217.000000	59769940.000000	37313100.000000	-17347322.000000	-19657720.000000	-10257244.000000	-11146990.000000	-14666690.000000	-10088644.000000	-9195029.000000	-3930139.750000	216999.437500	-2672757.500000	-3608495.250000	-6796866.000000	-4655723.500000	-2404083.500000	7981582.500000	18557678.000000	2010165.750000	-5006641.000000	-1959398.375000	-2326380.500000	-2422811.250000	-1773612.625000	-1850124.125000	-1120219.125000	442402.468750	-130384.265625	-182554.718750	-833817.187500	-661938.000000	-94103.781250	-184926.531250	60604.507812	177687.500000	-9358.154297	-9823.810547	-0.000000	
-0.000000	-26989.167969	-73964.335938	152133.390625	246800.265625	-262876.156250	-425658.843750	-616693.812500	-1449106.875000	2460066.000000	14753207.000000	10673751.000000	-5675969.000000	-7279355.000000	-4261846.500000	-5160194.500000	-7520845.000000	-5703403.000000	-5708824.000000	-2671473.250000	161101.281250	-2163252.750000	-3180028.000000	-6516976.000000	-4855678.000000	-2728002.250000	9861463.000000	24996730.000000	2957257.250000	-8064043.500000	-3465944.250000	-4536764.500000	-5233729.000000	-4268660.500000	-4996216.500000	-3423698.250000	1546542.000000	-528228.187500	-871357.250000	-4788684.500000	-4701458.500000	-857707.562500	-2277822.500000	1089229.125000	5273311.500000	-577004.125000	-2222742.250000	-1336952.000000	-1469388.750000	-1125997.875000	-843005.375000	-664542.625000	-358504.937500	-74009.789062	-157996.375000	-148834.015625	-90381.882812	-55148.425781	-22683.634766	-10805.783203	-8248.731445	-3320.190674	710.578979	0.000000	
-0.000000	-25207.214844	-92588.695312	-90016.921875	8963.652344	-175625.015625	-348898.375000	-917551.750000	-845482.312500	-571533.062500	2434136.750000	7150541.500000	967601.812500	-2986156.750000	-1440086.875000	-2100171.250000	-2683773.000000	-2413197.500000	-3101949.750000	-2327224.750000	1148159.125000	-427532.625000	-767893.687500	-4591490.000000	-4903377.500000	-973272.375000	-2814311.750000	1467164.625000	7757837.500000	-929362.937500	-3931768.250000	-2607241.750000	-3174156.500000	-2710007.000000	-2276516.000000	-2031025.500000	-1253254.500000	-299837.218750	-754137.187500	-854766.687500	-641943.312500	-502649.500000	-279404.437500	-194209.546875	-244801.296875	-204715.984375	160776.093750	202989.656250	-93924.648438	-158804.218750	-107692.445312	-69514.835938	-32743.572266	-18517.722656	-16259.340820	-7099.438965	-8833.603516	-6106.153320	2174.336670	1413.413818	719.162598	699.318420	18.847250	-0.000000	
-0.000000	-10665.560547	-50309.046875	-78417.265625	63883.414062	-34709.500000	-84249.843750	-646454.687500	-853787.812500	-203906.484375	-694665.625000	419695.750000	2538331.000000	-344147.875000	-1633635.000000	-1206951.375000	-1627657.000000	-1532045.500000	-1413397.250000	-1380569.250000	-930421.312500	-242679.593750	-664592.125000	-819568.000000	-669513.562500	-570374.937500	-345211.812500	-261595.437500	-360139.656250	-329729.781250	284393.906250	395857.968750	-202894.937500	-382203.656250	-290820.875000	-212456.484375	-114464.343750	-75021.195312	-77607.937500	-40772.695312	-62741.253906	-55654.445312	26782.271484	25402.921875	21342.912109	43118.503906	4264.392090	-44321.226562	-41933.566406	-6918.292969	10625.110352	10675.919922	9733.900391	718.954285	290.590637	-1596.458618	-9099.598633	-5917.344238	-2482.979980	-952.559814	-418.842438	-331.287872	41.288540	0.000000	
-0.000000	-6771.150391	-22923.216797	-46519.128906	-51768.511719	-19702.091797	-72916.054688	-115390.335938	-116577.312500	-119497.023438	-85209.742188	-74831.750000	-117836.148438	-122100.632812	118164.609375	183251.625000	-104041.296875	-216070.812500	-180558.984375	-144415.171875	-84978.796875	-60719.988281	-68392.890625	-39093.703125	-65435.875000	-63153.152344	33090.226562	34217.105469	31398.644531	69449.656250	7543.205566	-86432.531250	-90584.406250	-16650.671875	28692.859375	32628.554688	34027.578125	2912.712646	1387.026733	-9168.600586	-64630.500000	-53933.546875	-30583.968750	-17120.111328	-12430.174805	-20426.515625	9341.973633	19560.781250	6608.158691	-3532.154297	-7602.493164	11115.262695	4062.545166	-14407.345703	-7534.195801	-2216.024170	1744.659302	2555.473633	-163.492920	2943.677246	1630.575439	164.295517	94.383179	0.000000	
-0.000000	-954.963806	-2928.400391	-4866.157715	-4728.208496	-4929.589844	-7503.760742	-5504.162598	-11393.851562	-13230.969727	8167.767578	9788.113281	10273.500977	25717.566406	3134.173584	-40011.582031	-46450.242188	-9413.108398	17814.242188	22178.933594	25262.214844	2357.465576	1222.333374	-8791.043945	-67406.257812	-61200.386719	-37787.328125	-23060.365234	-18286.664062	-32900.363281	16524.847656	38146.230469	14274.868164	-8501.048828	-20530.351562	33971.308594	14201.766602	-58368.750000	-35961.691406	-12726.819336	12391.557617	23291.828125	-2013.815186	52905.953125	48391.320312	10130.116211	21355.203125	10189.475586	-22554.042969	25788.943359	135596.843750	73287.492188	-202725.562500	318994.843750	825984.000000	69505.085938	-206625.296875	-55177.886719	-33058.617188	-24011.582031	-13671.876953	-4637.105957	-647.127930	-0.000000	
-0.000000	-41.602921	288.920715	747.332764	1405.586060	191.392303	134.108917	-1237.727051	-11736.939453	-12821.853516	-9327.167969	-6596.626953	-5983.317871	-12183.173828	6866.012207	17658.755859	7319.925293	-4805.889160	-12746.469727	23091.656250	10543.450195	-47241.976562	-31691.656250	-12202.737305	12923.751953	26430.095703	-2488.123779	71263.007812	71190.937500	16316.269531	37774.832031	19870.888672	-48720.980469	62067.800781	366176.062500	223986.781250	-708684.062500	1292349.750000	3942528.500000	399173.750000	-1467569.875000	-502918.031250	-407197.687500	-431553.968750	-405746.437500	-285914.218750	-146419.625000	-110826.117188	-104671.531250	-47996.878906	-19602.074219	-2244.012451	128456.585938	78111.265625	-28975.904297	-41198.937500	-5294.436035	4758.294922	-8831.791016	-6182.236816	27.007267	1077.598511	-22.903034	-0.000000	
0.000000	-21.240492	-206.728928	778.087524	586.636108	-3835.369385	-3477.066162	-1718.073364	2250.314697	5537.266113	-614.151550	20385.429688	23293.367188	6041.998535	15695.300781	9198.685547	-24983.343750	35088.726562	227343.984375	152252.781250	-526130.000000	1045990.500000	3474399.000000	382736.062500	-1530599.250000	-570679.625000	-503103.875000	-581292.500000	-596914.250000	-460513.281250	-258999.000000	-216126.281250	-226110.234375	-115516.976562	-52934.937500	-6858.320801	449056.031250	316453.625000	-138305.750000	-236609.062500	-37604.082031	43369.410156	-108785.101562	-111111.742188	801.506836	66442.460938	-5182.056641	-115760.101562	-11650.715820	28968.404297	1445.723022	44685.250000	52726.097656	79810.046875	22126.687500	-34748.019531	-15767.890625	26448.115234	10590.639648	-5689.594727	-4425.933594	-141.313461	33.099773	0.000000	
-0.000000	155.080933	3687.183838	5130.250488	-29273.798828	84919.382812	381195.437500	53886.976562	-266511.625000	-119560.859375	-124182.750000	-166284.000000	-195307.781250	-170530.437500	-107613.117188	-100049.757812	-115945.726562	-65305.101562	-32865.175781	-4661.875000	333381.031250	256128.421875	-121883.539062	-226865.671875	-39219.109375	49212.871094	-134406.968750	-149664.765625	1179.137573	107016.843750	-9166.445312	-225748.234375	-25167.742188	69720.000000	3904.140869	136570.437500	184318.875000	323335.937500	105613.546875	-199560.890625	-111992.492188	241060.953125	130449.625000	-102257.617188	-131350.421875	-8713.091797	7489.178223	98574.406250	253933.937500	15315.834961	-32380.400391	46288.531250	37455.644531	-10986.551758	-56039.191406	-85438.687500	157436.687500	184936.078125	-12649.027344	-28085.074219	-7355.462891	-2858.559814	780.825928	0.000000	
-0.000000	-288.627625	-533.024597	-157.084732	18549.275391	20793.945312	-13372.513672	-31941.345703	-6828.925293	10310.395508	-33176.101562	-42812.964844	385.808716	39628.890625	-3808.623779	-104503.976562	-12905.617188	39414.738281	2423.924072	92832.390625	136839.093750	261698.765625	93073.156250	-191343.109375	-116802.359375	273540.750000	161174.062500	-137738.468750	-193236.296875	-14033.910156	13247.470703	192233.750000	548545.125000	36861.542969	-87442.500000	141470.515625	130936.710938	-44510.023438	-267482.312500	-490681.812500	1118204.500000	1685597.125000	-155803.703125	-504765.781250	-218291.375000	-176252.796875	176670.218750	1200.565063	-278600.750000	-153380.109375	-130360.093750	-125589.460938	-10328.353516	-19994.056641	2187.359863	119218.507812	53379.578125	80313.140625	58019.277344	-3226.386475	-18451.933594	-7868.950684	-1226.569946	-0.000000	
-0.000000	174.200531	39.312469	3128.044189	7613.707520	21246.175781	10211.568359	-26939.978516	-20337.906250	57308.453125	39783.113281	-39401.339844	-63226.082031	-5196.829102	5504.274414	88989.367188	281285.218750	20838.898438	-54289.535156	96163.164062	97207.953125	-36025.125000	-235721.875000	-470475.906250	1166229.250000	1912709.250000	-192499.718750	-679907.000000	-321139.562500	-283885.000000	312508.750000	2341.268311	-601830.062500	-369149.125000	-352034.312500	-383836.000000	-36105.656250	-81002.296875	10440.551758	684682.250000	379131.968750	732012.937500	714649.312500	-57987.011719	-547606.312500	-485182.968750	-277524.562500	-133657.453125	-91017.460938	-53569.339844	-111664.460938	-122829.789062	-101791.976562	78.928299	40791.109375	-7277.311523	-12110.167969	11934.457031	25084.033203	-10874.467773	-6275.406250	31182.908203	5303.381348	-0.000000	
0.000000	92.101257	-880.496094	3240.276855	5408.636719	-2924.722168	-25862.343750	-66240.226562	203066.640625	400724.218750	-47515.324219	-194493.562500	-105075.484375	-105124.070312	129846.210938	1083.826172	-308608.875000	-208690.703125	-218563.953125	-260908.703125	-26804.988281	-65560.914062	9200.857422	656487.500000	395415.000000	830642.062500	882968.750000	-78107.062500	-805611.562500	-781469.375000	-490908.156250	-260650.562500	-196614.859375	-128928.554688	-301547.218750	-375401.687500	-355842.406250	319.763702	194701.234375	-41794.234375	-86013.265625	108776.437500	308971.218750	-195444.000000	-186238.046875	1922672.625000	1199946.750000	-651459.750000	-335481.781250	-489397.187500	309359.531250	1110681.250000	33233.527344	-433939.218750	464743.781250	-507013.968750	937519.250000	4907401.500000	1670656.000000	-787007.062500	-266495.093750	-103529.898438	-28269.792969	-0.000000	
-0.000000	-922.346069	-3544.784668	-8791.478516	-1491.425781	-5322.603516	1009.476685	92429.562500	68850.609375	174024.562500	217946.015625	-22343.234375	-263592.625000	-289382.125000	-203970.500000	-120661.054688	-100820.968750	-72887.046875	-187218.531250	-255175.546875	-264178.875000	258.807495	171582.718750	-40073.175781	-89707.375000	123432.632812	381742.375000	-263258.218750	-273984.281250	3096790.000000	2122564.000000	-1270436.750000	-724703.812500	-1177861.625000	835418.062500	3394548.250000	116177.117188	-1758026.000000	2218282.250000	-2911825.250000	6658792.500000	44728440.000000	20578214.000000	-14144675.000000	-7908895.000000	-6383436.000000	-6396343.000000	-3910615.250000	-3221181.500000	-3258776.000000	1844027.875000	5050312.000000	-518426.562500	-1335589.500000	-123915.320312	-1871659.625000	7919123.500000	8067740.500000	-994395.062500	-1327447.750000	-387186.062500	-233207.750000	-45181.964844	-0.000000	
-0.000000	-322.137421	-3036.408447	-8598.295898	-14698.875000	21.011446	18825.283203	-5642.066406	-15620.063477	25859.888672	94226.695312	-75307.406250	-89646.476562	1146757.250000	881917.437500	-588114.000000	-371616.593750	-665879.375000	518677.468750	2307410.250000	86250.367188	-1422895.375000	1954886.875000	-2791918.500000	6944775.500000	50755012.000000	25424944.000000	-19052526.000000	-11635178.000000	-10281605.000000	-11314375.000000	-7626241.500000	-6958359.000000	-7843092.500000	4979753.500000	15435145.000000	-1812305.500000	-5410898.500000	-591463.875000	-10749104.000000	56246100.000000	73533304.000000	-12248407.000000	-23857874.000000	-11490695.000000	-14379100.000000	-10222902.000000	-6999144.000000	-6109349.500000	-4182661.500000	2362528.250000	3184858.250000	-2384656.000000	-1004925.562500	-432660.093750	-2096452.625000	7326388.000000	7305160.000000	-999721.812500	-1258524.500000	-344113.187500	-218528.531250	-43426.558594	-0.000000	
-0.000000	-2942.973633	8412.182617	77749.601562	4798.958496	-115518.640625	214481.390625	-393085.625000	1209241.000000	10633484.000000	6275721.000000	-5450148.000000	-3806980.000000	-3807331.250000	-4701080.500000	-3530360.250000	-3568135.750000	-4433927.500000	3091728.500000	10491886.000000	-1345463.000000	-4379425.000000	-521234.375000	-10306463.000000	58661764.000000	83440944.000000	-15133241.000000	-32135964.000000	-16904548.000000	-23159976.000000	-18083106.000000	-13649301.000000	-13197346.000000	-10066663.000000	6379951.500000	9733804.000000	-8336234.000000	-4071273.500000	-2065142.625000	-12040109.000000	52036156.000000	66582776.000000	-12314019.000000	-22619136.000000	-10212401.000000	-13474010.000000	-9825723.000000	-5973729.000000	-6000407.000000	-3621883.750000	3882040.750000	2263086.750000	-2764469.250000	44170.789062	-741409.437500	-2193644.000000	8189989.000000	7162004.000000	-1343261.250000	-1119895.375000	-341140.781250	-236125.437500	-43381.539062	-0.000000	
-0.000000	-19596.541016	50143.273438	353530.500000	-74861.375000	-355546.312500	-57187.492188	-1451089.125000	10214327.000000	17481386.000000	-3735386.500000	-9192785.000000	-5531095.000000	-8576259.000000	-7513463.000000	-6318571.000000	-6767389.000000	-5690976.500000	3961055.250000	6616456.500000	-6188854.500000	-3295171.000000	-1819930.875000	-11544306.000000	54271012.000000	75553928.000000	-15214306.000000	-30467414.000000	-15023984.000000	-21702176.000000	-17380544.000000	-11649600.000000	-12962009.000000	-8717006.000000	10483359.000000	6916617.000000	-9663978.000000	178949.937500	-3538843.250000	-12598288.000000	58169940.000000	65277980.000000	-16545548.000000	-20127592.000000	-10124188.000000	-14558998.000000	-9815537.000000	-6581615.000000	-6203773.500000	-2521028.000000	4441615.500000	715448.375000	-2814269.000000	644906.875000	-135194.609375	-3202605.750000	7901699.500000	10333605.000000	-603270.875000	-1421355.250000	-331306.781250	-294387.312500	-56537.503906	-0.000000	
-0.000000	-25152.292969	64242.468750	222945.546875	-344347.000000	-267520.500000	-199674.640625	-1625370.125000	9449799.000000	15829009.000000	-3755396.250000	-8715481.000000	-4915783.000000	-8036427.500000	-7221551.000000	-5392864.000000	-6646712.000000	-4927976.000000	6508696.000000	4701501.500000	-7174577.000000	144836.906250	-3118646.500000	-12079500.000000	60668232.000000	74073328.000000	-20442476.000000	-27111366.000000	-14894209.000000	-23449734.000000	-17362524.000000	-12835061.000000	-13401319.000000	-6067510.000000	11994477.000000	2186607.500000	-9838067.000000	2612723.250000	-645301.375000	-18392842.000000	56122344.000000	94185488.000000	-7430756.500000	-25545650.000000	-9832340.000000	-18151304.000000	-12792215.000000	-8933387.000000	-6625008.000000	-2933252.500000	2688837.000000	886829.625000	-2510167.250000	139880.937500	25230.875000	-3526637.250000	3961842.500000	10403248.000000	918537.937500	-1430821.750000	-265454.625000	-286987.500000	-58671.148438	-0.000000	
-0.000000	-21780.076172	105561.437500	158419.968750	-399192.468750	11758.673828	-342163.875000	-1700722.125000	10563698.000000	15518814.000000	-5045882.000000	-7755452.500000	-4873321.000000	-8683557.000000	-7214064.000000	-5941641.000000	-6871983.000000	-3430139.500000	7446888.500000	1486324.625000	-7303821.500000	2114662.750000	-568679.312500	-17635438.000000	58532696.000000	106875752.000000	-9180902.000000	-34409356.000000	-14464857.000000	-29235750.000000	-22627916.000000	-17421342.000000	-14311265.000000	-7059635.500000	7261140.000000	2710395.750000	-8774994.000000	566702.250000	120430.226562	-20253784.000000	28139248.000000	94820248.000000	11314041.000000	-25715790.000000	-7878016.500000	-17695046.000000	-13274974.000000	-9585059.000000	-6821496.500000	-3805000.750000	-854655.625000	-498247.718750	-1867438.750000	-311564.062500	2582.607910	-2306956.250000	1587095.250000	8254406.500000	1783560.375000	-1110906.000000	-188054.937500	-232629.531250	-51311.996094	-0.000000	
-0.000000	-15160.118164	120777.539062	50082.617188	-406383.593750	171680.203125	-62392.933594	-2482965.500000	10191853.000000	22391120.000000	-2266151.750000	-9843109.000000	-4732839.000000	-10826149.000000	-9401815.000000	-8064735.000000	-7338589.000000	-3991016.750000	4508150.000000	1842364.500000	-6514591.500000	458672.437500	106130.531250	-19419748.000000	29347776.000000	107596032.000000	13978806.000000	-34638528.000000	-11589752.000000	-28500870.000000	-23481860.000000	-18692192.000000	-14735717.000000	-9157725.000000	-2307977.250000	-1522782.375000	-6528156.000000	-1262245.375000	12327.121094	-13249050.000000	11272449.000000	75234664.000000	21968908.000000	-19966026.000000	-5580991.000000	-14343448.000000	-11609888.000000	-8241632.500000	-5768533.500000	-4439031.500000	-199998.031250	1189162.875000	-1814928.250000	-310761.781250	303399.156250	-1923058.375000	19527.619141	7463805.000000	2756933.000000	-912180.312500	-142836.437500	-204528.531250	-49757.246094	-0.000000	
-0.000000	-17639.015625	73115.539062	62079.597656	-362470.968750	37237.605469	11644.165039	-2734185.750000	5110105.500000	22542024.000000	3450433.750000	-9908666.000000	-3792116.750000	-10554019.000000	-9756625.000000	-8653040.000000	-7556241.000000	-5177127.500000	-1432930.250000	-1035096.125000	-4846530.000000	-1021624.875000	10863.418945	-12703464.000000	11756579.000000	85371552.000000	27143186.000000	-26893742.000000	-8210480.500000	-23102554.000000	-20536520.000000	-16072325.000000	-12461119.000000	-10683685.000000	-540089.937500	3634409.250000	-6344590.500000	-1258995.000000	1448163.375000	-11044291.000000	138696.203125	68028736.000000	33958372.000000	-16394381.000000	-4239021.500000	-12610800.000000	-11258109.000000	-8307194.000000	-5262019.000000	-4792915.500000	-632202.312500	2225114.750000	-1803625.250000	-634488.062500	-89171.640625	-1258489.250000	-1007325.687500	5806712.500000	3632857.000000	-572347.312500	-115969.039062	-198970.953125	-52401.589844	-0.000000	
-0.000000	-22881.244141	-23240.013672	-34878.195312	-269660.250000	-82941.250000	1191.885376	-1788572.625000	2047083.875000	17885860.000000	6699840.000000	-7693199.000000	-2686433.750000	-8554995.000000	-8532847.000000	-7440244.000000	-6389863.500000	-6039797.000000	-335320.125000	2470453.500000	-4710250.500000	-1018994.125000	1276210.750000	-10589495.000000	144652.953125	77194720.000000	41956496.000000	-22082824.000000	-6236240.500000	-20311830.000000	-19914264.000000	-16200179.000000	-11366952.000000	-11535399.000000	-1707247.250000	6800564.000000	-6305078.000000	-2570513.500000	-425627.781250	-7227613.000000	-7154597.000000	52925196.000000	44747516.000000	-10286651.000000	-3441665.250000	-12268131.000000	-11856420.000000	-8453931.000000	-6796874.000000	-5971469.000000	-306346.000000	1954845.375000	-1771646.250000	-510051.468750	-184375.125000	-710252.687500	-1190572.750000	2720160.750000	2774318.750000	-240263.062500	-199327.609375	-112678.585938	-35042.402344	-0.000000	
-0.000000	-26693.968750	-5438.397461	83243.437500	-262077.671875	-82727.671875	140020.109375	-1490938.375000	25187.318359	16172764.000000	10356257.000000	-6316992.500000	-2040470.875000	-7521575.500000	-8274302.500000	-7499430.500000	-5828792.500000	-6521295.500000	-1059961.250000	4622615.500000	-4680916.000000	-2080499.250000	-375089.406250	-6929985.000000	-7461874.000000	60056172.000000	55286776.000000	-13855863.000000	-5063209.000000	-19759904.000000	-20972606.000000	-16486336.000000	-14682528.000000	-14371894.000000	-827280.125000	5974546.000000	-6193286.500000	-2066381.000000	-880046.375000	-4079042.750000	-8456122.000000	24792864.000000	34172520.000000	-4318186.000000	-5915535.000000	-6947525.000000	-7928718.500000	-6250183.500000	-4335965.500000	-3500194.000000	-1135900.500000	411007.906250	-1149220.375000	-544161.875000	112761.460938	-264363.687500	-1062807.750000	2071654.875000	3177093.000000	128138.507812	-223775.156250	-88478.742188	-33860.335938	-0.000000	
-0.000000	-28822.037109	-17191.005859	155761.859375	-260445.515625	-168906.625000	-41153.121094	-975700.937500	-1299279.375000	12582134.000000	13646613.000000	-3963595.500000	-1656660.250000	-7317194.000000	-8714040.000000	-7631899.000000	-7528967.000000	-8124848.500000	-513624.937500	4061138.000000	-4597921.500000	-1672469.000000	-775551.000000	-3911070.750000	-8819296.000000	28133378.000000	42221080.000000	-5816489.500000	-8702645.000000	-11190166.000000	-14024966.000000	-12188723.000000	-9366503.000000	-8424127.000000	-3067472.250000	1256153.375000	-4017422.250000	-2204573.000000	538225.062500	-1518263.625000	-7548662.500000	18882068.000000	39133672.000000	2303000.250000	-6641076.000000	-5455413.500000	-7661262.500000	-6098537.500000	-4523777.500000	-3000346.000000	-1608586.875000	-1136344.500000	-971120.500000	-852855.375000	-75291.390625	289226.562500	-852436.812500	1093531.500000	3069049.500000	596601.437500	-200730.000000	-95219.898438	-31216.156250	-0.000000	
-0.000000	-35909.226562	-8330.238281	136842.531250	-255827.703125	-135780.437500	-85089.968750	-550655.625000	-1535637.000000	5894114.000000	10421565.000000	-1663859.625000	-2847468.000000	-4143776.000000	-5827321.000000	-5642436.500000	-4802993.500000	-4762403.500000	-1904470.125000	853857.750000	-2982551.000000	-1784317.750000	474317.062500	-1455742.625000	-7872863.500000	21426180.000000	48350720.000000	3102084.250000	-9770025.000000	-8786868.000000	-13551868.000000	-11892993.000000	-9772211.000000	-7221113.000000	-4343950.500000	-3472982.000000	-3394824.250000	-3455189.000000	-359375.562500	1661053.375000	-6054489.000000	9966977.000000	37802848.000000	10722564.000000	-5957154.500000	-5871059.000000	-7062989.500000	-5636464.000000	-4480896.000000	-2969129.750000	-2048790.750000	-1418885.125000	-966331.062500	-976174.437500	-417061.843750	249629.937500	-230135.843750	-112393.398438	2074721.125000	1147337.000000	-128691.109375	-86447.617188	-21073.947266	-0.000000	
-0.000000	-21048.298828	-30887.695312	28771.259766	-165948.718750	-144860.937500	52039.933594	-204959.953125	-1370841.875000	4488915.000000	11934563.000000	887379.375000	-3196710.000000	-3253822.500000	-5630750.500000	-5505536.500000	-5011034.500000	-4082304.750000	-2696984.250000	-2360724.750000	-2520331.500000	-2796530.000000	-316703.875000	1592652.375000	-6314518.000000	11309897.000000	46706452.000000	14443028.000000	-8763874.000000	-9456335.000000	-12493593.000000	-10991886.000000	-9679579.000000	-7145983.500000	-5532710.500000	-4336504.000000	-3378081.500000	-3954793.750000	-1990690.125000	1433646.375000	-1634555.000000	-1024407.937500	25555264.000000	20620792.000000	-3819223.750000	-5330178.500000	-4768206.000000	-4345829.500000	-3776630.500000	-2550709.000000	-1864220.750000	-891699.937500	-374756.781250	-555587.250000	-522528.031250	189699.625000	268434.531250	-616610.187500	1368008.875000	1796117.375000	166525.296875	-89513.984375	-23749.740234	-0.000000	
-0.000000	-18042.478516	-43741.101562	-79546.070312	-140230.890625	-227038.031250	-34747.324219	224236.046875	-1099499.000000	2369492.250000	11528704.000000	4131559.250000	-2867501.500000	-3501729.750000	-5191041.500000	-5088393.000000	-4963534.000000	-4039831.750000	-3435037.500000	-2947695.250000	-2507901.500000	-3200895.750000	-1754318.750000	1374609.875000	-1704756.125000	-1162433.500000	31574226.000000	27775694.000000	-5618654.500000	-8585156.000000	-8434393.000000	-8474970.000000	-8158233.000000	-6138945.000000	-5034284.000000	-2725280.750000	-1310067.500000	-2250861.000000	-2494094.000000	1089461.500000	1906573.875000	-5620084.500000	16850374.000000	32281154.000000	4942046.000000	-5519244.500000	-5373633.000000	-5349858.000000	-4785575.000000	-3537657.750000	-2672084.750000	-2034509.000000	-503896.812500	-178714.812500	-728493.375000	-309207.656250	206385.968750	-211437.500000	14394.099609	1508114.250000	722367.812500	-38463.570312	-26419.417969	-0.000000	
-0.000000	-17854.761719	-55711.238281	-99324.390625	-139539.296875	-259866.703125	-192475.968750	193536.953125	-296836.218750	-243536.890625	7793568.000000	7945489.500000	-1838399.625000	-3179127.250000	-3504458.750000	-3923256.000000	-4183412.000000	-3470523.750000	-3125584.500000	-1852482.375000	-972599.500000	-1821781.875000	-2197949.250000	1044598.187500	1988457.750000	-6377317.000000	20819098.000000	43481912.000000	7270496.000000	-8889678.000000	-9505321.000000	-10432964.000000	-10337744.000000	-8514294.000000	-7215901.000000	-6218020.000000	-1761512.625000	-724030.687500	-3477193.250000	-1775806.375000	1465870.000000	-1927144.000000	177298.531250	27104948.000000	21438034.000000	-2371582.750000	-5977675.500000	-5466361.500000	-4558282.500000	-4017038.750000	-3048746.750000	-2596938.750000	-1283763.000000	1843071.750000	962256.937500	-689166.062500	-80949.773438	134339.843750	-251574.421875	46577.574219	816111.062500	237278.640625	-22250.646484	-0.000000	
-0.000000	-15338.602539	-50692.367188	-62420.527344	-54115.300781	-147902.484375	-241149.093750	147073.250000	346235.031250	-1336086.750000	5138845.000000	12438396.000000	2378875.000000	-3291893.500000	-3949425.500000	-4829656.000000	-5301030.500000	-4813377.500000	-4480063.000000	-4226637.000000	-1307754.250000	-586009.500000	-3064316.750000	-1702680.000000	1528826.375000	-2186801.250000	219057.171875	36509692.000000	31538586.000000	-3819836.000000	-10573802.000000	-10660162.000000	-9846749.000000	-9668049.000000	-8233068.500000	-7936961.000000	-4487754.000000	7466871.000000	4592977.000000	-3957940.500000	-574951.125000	1224438.625000	-3098754.250000	837126.687500	24220096.000000	14630103.000000	-5034446.500000	-5460420.500000	-4940396.000000	-4029939.250000	-3304087.250000	-2610773.500000	-2091525.250000	-1116120.875000	892533.625000	646825.937500	-398890.343750	-182025.265625	127751.828125	-111768.062500	76725.625000	336552.093750	45369.734375	-0.000000	
-0.000000	-21273.585938	-72660.007812	-142419.125000	-72763.265625	-47575.542969	-336203.062500	-239727.281250	266202.906250	-458148.218750	54070.585938	10443929.000000	10319289.000000	-1414505.000000	-4393375.000000	-4934831.000000	-5049256.000000	-5465628.500000	-5111581.000000	-5395070.000000	-3331727.000000	6043469.500000	4047614.000000	-3794955.500000	-599644.250000	1389415.625000	-3828595.250000	1127588.875000	35631416.000000	23564260.000000	-8905341.000000	-10648576.000000	-10672186.000000	-9699097.000000	-8922609.000000	-7979243.000000	-7311513.500000	-4521761.500000	4260178.500000	3714777.500000	-2833145.000000	-1659066.625000	1573576.125000	-2008778.500000	2277020.750000	20751094.000000	10265388.000000	-4702632.000000	-3988935.500000	-3354195.500000	-3177095.500000	-2499333.250000	-1788434.875000	-1426075.000000	-810844.750000	-110840.257812	-8696.364258	-118154.578125	-197553.156250	22714.421875	29716.218750	62984.410156	69508.085938	0.000000	
-0.000000	-24156.326172	-82902.296875	-181790.187500	-185376.828125	490642.812500	444086.000000	-534307.312500	-104411.492188	291091.031250	-945024.500000	322557.031250	11658446.000000	8725967.000000	-3700135.750000	-4929467.500000	-5472527.000000	-5483181.000000	-5539689.000000	-5423811.000000	-5428097.500000	-3659783.000000	3754331.500000	3561805.500000	-2954823.250000	-1882604.125000	1944196.375000	-2705774.750000	3349841.500000	33423154.000000	18158258.000000	-9170784.000000	-8616852.000000	-8072744.500000	-8579671.000000	-7638651.000000	-6251976.000000	-5777484.000000	-3870266.750000	-636565.250000	-61766.500000	-1076918.125000	-2433350.250000	408240.437500	881901.562500	3883486.500000	15726948.000000	7574035.000000	-2331738.250000	-2736958.500000	-2552062.750000	-1973272.375000	-1688511.125000	-1271595.625000	-1160124.875000	-507891.250000	634071.937500	171804.546875	-177883.781250	-65381.332031	-26604.843750	-11494.131836	17931.164062	0.000000	
-0.000000	-24233.904297	-89845.578125	-182758.625000	-302018.593750	-297121.750000	411908.375000	501481.187500	-514500.937500	-394417.031250	479892.218750	-774011.437500	1096053.625000	12376766.000000	7544688.500000	-4245364.000000	-4418584.500000	-4563756.500000	-5326772.500000	-5192297.000000	-4641493.000000	-4676128.500000	-3410717.500000	-610351.937500	-64419.257812	-1222018.750000	-3006470.750000	549889.750000	1297410.375000	6255013.000000	27819112.000000	14770418.000000	-5036994.000000	-6587202.500000	-6891784.500000	-6030864.000000	-5902664.500000	-5151639.000000	-5537426.000000	-2916863.500000	4503538.000000	1565910.125000	-2191073.750000	-1175081.875000	-789563.937500	-708704.000000	4057117.750000	14487231.000000	6576533.000000	-2616841.250000	-2380476.250000	-1647134.750000	-1720802.625000	-1485606.500000	-1057923.375000	-871378.500000	-442912.093750	115832.281250	1736.325317	-100839.742188	-28687.458984	-13923.699219	-6935.671387	-0.000000	
-0.000000	-20170.341797	-86392.390625	-174957.625000	-258252.000000	-379634.375000	-374208.562500	-85933.945312	-11216.835938	-256020.375000	-742096.812500	157300.953125	424507.062500	2316263.500000	11558737.000000	6837561.500000	-2582890.250000	-3723936.750000	-4278832.000000	-4099419.750000	-4382162.500000	-4169588.000000	-4879921.000000	-2796749.250000	4696956.500000	1776895.875000	-2707131.500000	-1582806.000000	-1161567.750000	-1141487.875000	7176561.500000	28252106.000000	14206550.000000	-6298109.000000	-6428419.500000	-5034098.000000	-6015548.500000	-6018665.000000	-5049605.500000	-5004402.500000	-3145812.500000	1055751.625000	21387.091797	-1812366.750000	-851370.625000	-858506.000000	-1569269.875000	-490683.218750	4333943.500000	2505224.250000	-1559501.875000	-1271866.625000	-841578.312500	-720984.187500	-640996.375000	-386510.468750	-210800.562500	-138968.500000	-69546.046875	-39779.304688	-20329.515625	-2712.495605	-1069.653809	-0.000000	
-0.000000	-16458.607422	-69396.335938	-138132.453125	-243822.906250	-338510.562500	-535403.000000	-393765.750000	817845.375000	372270.500000	-668210.000000	-452776.031250	-380059.937500	-422698.843750	2981834.500000	13078541.000000	7284893.000000	-3560503.750000	-3991147.250000	-3421877.750000	-4465968.000000	-4871333.500000	-4450023.000000	-4798324.500000	-3280919.250000	1198000.250000	26424.335938	-2441213.000000	-1252494.625000	-1382769.375000	-2775853.000000	-956900.250000	9362134.000000	6029474.000000	-4211397.500000	-3887175.000000	-2941973.000000	-2920936.750000	-3059558.750000	-2219763.000000	-1497224.875000	-1266626.375000	-856629.687500	-714943.187500	-603328.187500	-167246.781250	-242020.609375	-235836.656250	-285258.750000	111623.765625	977340.250000	239425.484375	-376514.312500	-207443.484375	-161159.656250	-118164.320312	-63551.574219	-40815.144531	-20428.318359	5648.314453	-1029.348999	-3323.581787	-236.828293	-0.000000	
0.000000	-15736.286133	-64730.519531	-115302.265625	-248485.828125	-395482.250000	-488236.531250	-675575.750000	-571281.500000	250988.359375	6522.403809	-698331.125000	-409810.843750	-512046.625000	-1153356.500000	-442970.812500	4800753.500000	3408636.750000	-2614687.500000	-2642268.500000	-2184133.000000	-2364121.750000	-2696271.500000	-2128354.750000	-1561528.000000	-1437287.625000	-1058389.375000	-963010.687500	-887586.875000	-269379.281250	-428105.875000	-459914.156250	-616212.625000	268651.625000	2639284.000000	731750.250000	-1316211.375000	-840419.625000	-769235.875000	-678627.937500	-451379.281250	-372009.031250	-251624.703125	101515.695312	-30548.453125	-204925.078125	-53584.933594	-53507.339844	-77903.921875	-55379.980469	-45168.957031	119786.070312	162789.343750	-8243.639648	-60476.957031	-32761.109375	-16994.679688	-12333.416992	-8496.370117	-2812.766357	-681.055237	-615.948547	-138.518097	0.000000	
0.000000	15065.082031	-42406.371094	-89032.851562	-121524.851562	-191932.687500	-295822.781250	-299659.781250	-271897.000000	-301120.500000	-261245.640625	-275477.968750	-290414.593750	-99752.539062	-177876.390625	-212904.687500	-315984.031250	151876.562500	1638625.375000	497399.937500	-977160.812500	-680211.375000	-677898.000000	-650682.500000	-470765.156250	-422132.343750	-310889.187500	136739.125000	-44941.386719	-330066.562500	-94785.414062	-104346.726562	-168287.140625	-133286.328125	-121977.695312	366099.250000	569075.812500	-33397.609375	-288664.343750	-188149.890625	-120705.835938	-112412.750000	-104653.570312	-50553.121094	-20211.980469	-37978.093750	-31341.201172	23545.187500	33397.003906	2826.159912	-1941.840698	-2702.959473	-10222.145508	-12485.100586	-477.294067	5839.708496	849.659851	52.268169	-683.137451	-1655.800049	-961.903564	114.277695	26.662123	-0.000000	
-0.000000	671.245789	26576.083984	16760.195312	-54369.089844	-55223.382812	-74375.921875	-91612.250000	-81970.757812	-88439.296875	-76737.773438	39115.468750	-14704.627930	-122225.343750	-39382.984375	-48304.468750	-86294.968750	-75350.625000	-75731.046875	248852.312500	422484.218750	-27031.060547	-254388.796875	-180402.015625	-125889.929688	-127558.890625	-129302.343750	-68093.804688	-29734.875000	-61170.156250	-55438.878906	45916.375000	72143.820312	6801.889160	-5243.895020	-8260.989258	-35734.378906	-50581.121094	-2278.186279	33537.953125	6034.765625	476.397461	-8414.508789	-29759.267578	-28546.843750	7046.122559	6032.590332	-14592.657227	-16473.697266	-15416.588867	-3767.394531	-1659.572266	-385.395844	6957.937988	-762.383423	10921.606445	9172.464844	-6120.293945	2756.498047	9568.529297	2548.542725	-472.231140	126.465973	0.000000	
-0.000000	-333.025635	-1228.245728	8385.230469	23506.962891	-2194.533447	-27910.394531	-25399.537109	-21920.255859	-26724.365234	-31916.113281	-19478.849609	-9729.123047	-22651.623047	-23034.646484	21255.732422	36994.203125	3845.305420	-3255.723389	-5615.324707	-26529.349609	-40938.898438	-2007.678101	32156.884766	6293.947266	540.585754	-10396.355469	-40084.992188	-41996.714844	11348.974609	10670.939453	-28457.703125	-35586.289062	-37104.031250	-10173.758789	-5072.109863	-1347.259277	28188.824219	-3638.954834	62723.734375	65148.035156	-55783.328125	33953.011719	171972.703125	75634.250000	-29116.779297	28614.279297	24813.900391	13433.510742	12640.075195	-48630.554688	26784.833984	63911.644531	-19079.615234	-22682.314453	-9647.414062	-6160.438965	2559.421631	-2210.929199	-2413.427246	-506.946167	347.889648	48.862389	-0.000000	
0.000000	16.995018	-52.803028	-189.211807	-1476.089233	-3323.649658	-220.273407	4527.499512	1095.917236	113.256012	-2566.165771	-11466.676758	-13741.144531	4202.583496	4433.735352	-13173.716797	-18248.082031	-20975.986328	-6316.478027	-3447.716309	-1000.210876	22815.218750	-3206.871094	60140.816406	67946.023438	-63299.402344	41949.875000	231642.968750	111269.398438	-46897.507812	50615.277344	48390.542969	29018.912109	30421.630859	-131325.656250	81861.835938	223421.078125	-77297.601562	-108265.625000	-55405.937500	-43754.925781	23327.812500	-27232.998047	-43375.902344	-15044.869141	21450.144531	11055.637695	-34669.128906	14422.126953	7534.521484	-3890.104736	74735.367188	51421.199219	-18630.783203	-8170.741699	11111.708984	-8985.658203	4297.750000	1956.194336	4673.093262	5917.813965	-576.640625	-406.878052	-0.000000	
-0.000000	-92.707138	-102.443947	-116.172905	-55.651592	1852.267700	-351.843475	8467.471680	11830.924805	-13261.610352	10354.622070	66263.578125	36406.867188	-17366.388672	21030.458984	22401.080078	14880.436523	17198.230469	-81534.820312	55644.761719	165868.734375	-62562.445312	-95410.335938	-53124.359375	-45634.121094	26470.927734	-33647.113281	-58426.265625	-22133.273438	34549.093750	19556.117188	-67609.609375	31154.509766	18133.787109	-10505.135742	228411.875000	179757.234375	-75479.234375	-39000.007812	63815.507812	-63821.234375	39171.777344	24095.316406	83988.304688	175625.625000	-35554.449219	-92060.507812	-49404.488281	-16115.339844	53246.917969	-27945.718750	-55768.785156	-5406.231934	-30491.130859	-8163.749023	14117.688477	5211.440430	-140.322327	-8561.088867	-2066.782959	4431.884277	2449.073975	251.356018	-0.000000	
0.000000	76.010666	-1322.374390	1874.984375	9228.913086	-5079.170898	-10467.992188	-7479.595703	-7945.922363	5545.820801	-8305.225586	-16713.363281	-7241.911621	12793.707031	8125.493652	-31298.021484	15975.537109	10251.555664	-6522.216309	155260.687500	133452.500000	-61090.710938	-34369.207031	61187.632812	-66562.234375	44449.660156	29770.421875	113130.156250	258371.812500	-57266.464844	-162844.156250	-96345.593750	-34812.167969	128152.562500	-75466.750000	-170444.781250	-18899.001953	-123529.289062	-38966.628906	81079.109375	37014.601562	-1278.965820	-105450.742188	-37145.757812	131527.031250	151004.750000	56871.988281	-12439.487305	-41720.550781	10147.313477	38442.910156	-5399.434570	-34381.203125	-41906.687500	-32130.990234	-20055.228516	-11010.704102	-4796.208496	-847.322021	-626.219177	-890.672119	76.578842	-29.985216	-0.000000	
0.000000	45.308590	-105.780716	5231.604004	7425.278809	-4959.687012	-3770.834961	8614.857422	-11589.976562	9312.474609	7348.329102	32361.908203	84538.140625	-21206.066406	-67661.140625	-44600.562500	-17851.126953	72448.367188	-46854.269531	-115858.132812	-14030.696289	-99981.031250	-34339.792969	77740.328125	38604.308594	-1451.289673	-130287.273438	-50034.410156	193496.109375	243218.734375	100599.828125	-24258.722656	-90124.242188	24422.150391	103814.164062	-16502.160156	-120189.140625	-169777.343750	-153365.375000	-115178.921875	-78204.250000	-43714.968750	-10436.842773	-11254.875000	-26432.876953	4721.690430	-6784.476074	-1791.377319	60280.375000	12537.466797	-28863.169922	-20425.001953	-7655.356445	4261.127441	3313.603271	-4138.627441	-5013.154785	-1196.346558	1522.538940	226.461609	-358.437164	-89.596611	-17.621719	0.000000	
-0.000000	320.198547	-759.907104	-3903.910645	-780.665955	-8117.022461	-3767.607910	10945.378906	6721.875000	-304.054016	-32159.226562	-14312.797852	63311.093750	90065.148438	41798.851562	-11229.913086	-46214.277344	13806.550781	64454.039062	-11217.178711	-89228.914062	-137412.875000	-135155.015625	-110435.929688	-81562.976562	-49604.988281	-12895.003906	-15160.038086	-38886.753906	7605.083008	-12000.936523	-3493.434082	130216.968750	30174.675781	-77944.304688	-62424.433594	-26761.447266	17263.185547	15816.257812	-23768.496094	-35606.265625	-10904.083008	18753.791016	4070.135986	-10637.500000	-5524.338867	-3987.102539	35296.964844	33231.644531	32240.613281	27092.679688	-23362.376953	-26075.513672	-11445.492188	4385.534668	6875.164062	-2128.119385	-4871.210449	-3153.947266	-1213.464111	-391.615265	664.814087	24.387014	0.000000	
-0.000000	61.020531	1045.349365	-377.969696	-4964.684082	-11155.949219	-14828.600586	-15548.726562	-14201.941406	-10392.546875	-3182.915283	-4336.666504	-12723.578125	2816.201416	-4986.344238	-1617.189819	66773.187500	17058.619141	-48392.484375	-42432.386719	-19867.808594	13972.322266	13938.259766	-22789.726562	-37135.488281	-12373.264648	23170.820312	5482.372070	-15649.369141	-8897.883789	-7052.712891	68833.968750	71786.609375	77595.421875	73163.140625	-71401.867188	-91154.273438	-46369.335938	20932.724609	39484.664062	-15115.108398	-44398.578125	-38848.574219	-21809.277344	-11622.142578	40991.039062	5517.822754	46967.964844	104053.390625	-16695.814453	-33344.355469	-257.107208	8872.667969	12237.265625	7370.375000	-3987.863525	4281.932617	6698.614746	-5679.418457	-4336.705566	12.499138	416.044495	152.964371	0.000000	
0.000000	75.393631	-784.854675	-1429.785156	-1105.442139	1134.351685	1529.243164	-3208.658691	-6466.120117	-2592.274414	5719.328125	1568.282349	-5120.405762	-3294.932129	-2930.375977	31864.806641	36811.031250	43866.945312	45424.050781	-48534.707031	-67673.312500	-37530.000000	18447.207031	37858.714844	-15764.274414	-50380.703125	-47998.472656	-29376.554688	-17097.925781	66023.015625	9760.376953	91594.039062	224774.921875	-40182.824219	-90045.640625	-785.790527	31016.900391	49577.062500	35179.753906	-22902.646484	30412.710938	61054.425781	-69955.929688	-77942.484375	370.942535	25652.429688	34609.824219	22490.123047	-15959.285156	-43937.140625	-25535.839844	16000.673828	28366.054688	36086.914062	-1448.982056	-3739.747314	612.453918	-7586.591309	3196.797119	1868.361450	-29.723696	-520.029297	-126.172974	-0.000000	
0.000000	193.877838	736.711060	-1635.406616	-3765.333496	-3046.896240	2023.944580	5330.283203	-2744.913330	-10555.064453	-11847.617188	-8403.429688	-5594.367676	24448.662109	4055.399902	42400.960938	115261.000000	-22716.515625	-55905.714844	-534.133240	23027.076172	40126.242188	31002.564453	-21959.531250	31718.878906	69280.710938	-86432.460938	-104986.593750	545.712463	41317.585938	61220.687500	43858.855469	-34475.062500	-105746.164062	-68958.929688	48902.468750	99161.507812	146199.578125	-6916.178711	-21477.693359	4349.994629	-69147.875000	39376.375000	33579.578125	-882.123474	-32063.914062	-28547.984375	-43670.250000	-51653.250000	-31961.976562	-9184.384766	4358.764160	11765.728516	6693.391602	-8565.812500	-6749.234863	-4315.876465	5002.457520	2624.020508	-1189.211914	5440.826660	1948.739624	-81.596764	0.000000	
0.000000	-100.399719	-906.708191	-17.997948	1281.223267	3257.673828	3401.461914	-3091.772217	5522.967285	14514.730469	-21334.402344	-30032.369141	178.554764	15300.114258	25436.966797	20303.259766	-17678.263672	-59781.375000	-42813.824219	33240.964844	73617.906250	118329.718750	-6094.962891	-20593.257812	4536.818848	-78464.640625	48650.585938	45230.855469	-1297.736816	-51644.367188	-50498.011719	-85163.039062	-111580.750000	-76924.812500	-24802.212891	13321.583984	41130.402344	27117.060547	-40885.734375	-38761.441406	-30653.796875	45594.828125	32321.230469	-21373.398438	161469.859375	120155.187500	-18462.140625	38648.113281	-27983.699219	12023.730469	28536.636719	-40788.195312	-23029.712891	-1767.555054	-8344.820312	-9190.561523	-4638.097656	-3722.093994	-3273.196533	-1747.748047	-498.544250	-272.750763	-112.936577	-0.000000	
-0.000000	-264.214539	-694.377014	1120.074707	4096.090332	9606.670898	-668.711914	-2899.408936	789.961792	-16438.820312	12008.580078	12938.697266	-424.613861	-19124.175781	-20981.734375	-39423.902344	-57216.832031	-43487.828125	-15398.697266	9055.213867	30535.380859	21947.765625	-36031.027344	-37165.273438	-31970.322266	51738.132812	39933.761719	-28789.437500	237546.531250	193530.296875	-32657.343750	75369.171875	-60450.058594	28938.236328	77062.507812	-124659.968750	-80506.820312	-7160.928711	-39830.906250	-52782.191406	-32942.398438	-33924.972656	-40317.417969	-31411.824219	-14795.521484	-16817.240234	-25553.109375	-20177.716797	2683.309814	14627.203125	5849.040527	1943.235352	-4170.147949	2559.109131	3688.139160	148.868027	16914.105469	15049.499023	-3347.816406	-2762.545654	1291.296875	-262.086121	-23.642366	-0.000000	
-0.000000	-192.202271	-249.744141	305.120972	1698.984375	1781.842896	-3953.162109	-5232.650879	-5566.749023	10839.454102	9856.978516	-8235.479492	77724.203125	71665.265625	-13569.003906	34890.097656	-30997.828125	16359.624023	47845.015625	-84736.367188	-59768.597656	-5795.848633	-35101.449219	-50608.656250	-34357.210938	-38495.914062	-49813.269531	-42310.945312	-21766.447266	-27087.013672	-45200.429688	-39349.343750	5796.454590	35204.167969	15795.195312	5939.062500	-14577.921875	10367.766602	17603.964844	854.961975	120133.554688	137168.437500	-41236.546875	-49650.523438	38322.398438	-16159.679688	-5349.338379	-121509.414062	328888.406250	1456813.625000	2419472.750000	1594732.375000	163167.875000	73381.390625	-111647.828125	-202143.515625	-77949.554688	-98850.242188	-108157.679688	-48555.664062	-23218.583984	-10581.899414	-2308.354492	-0.000000	
-0.000000	72.304298	775.975525	-2855.243896	-3325.516357	-470.539581	-3851.173096	-7125.399902	-5982.359863	-8065.128906	-12295.570312	-12103.430664	-7121.887207	-10030.460938	-18780.609375	-18215.703125	2972.329590	19901.939453	9806.601562	4037.018555	-10822.708984	8391.371094	15513.698242	819.755249	125293.070312	155650.078125	-50948.878906	-66878.023438	56378.035156	-26027.902344	-9462.346680	-236960.187500	710460.875000	3506201.000000	6533729.000000	4873942.000000	570399.125000	297291.375000	-532909.562500	-1160927.750000	-553641.875000	-900969.062500	-1332226.250000	-872678.437500	-689068.312500	-652457.687500	-522289.875000	-529920.750000	-420751.125000	-248136.375000	-213848.703125	-216796.687500	-142373.687500	-85567.218750	-66512.296875	-48499.933594	-32038.125000	-20685.529297	-11107.414062	-6283.721191	-4489.912109	-1364.444092	-87.107986	-0.000000	
0.000000	87.960190	159.048599	136.029816	-602.174011	681.258606	1702.093262	115.416695	21816.330078	32609.640625	-12575.875977	-19131.064453	18446.648438	-9638.266602	-3931.569824	-109694.242188	364313.031250	1982157.125000	4056529.500000	3313013.250000	423466.656250	240619.062500	-469632.687500	-1113121.500000	-577419.750000	-1022362.812500	-1646002.000000	-1175476.125000	-1013723.562500	-1050893.625000	-923869.062500	-1033418.875000	-908901.625000	-597204.750000	-577493.312500	-662590.437500	-497707.156250	-346660.062500	-317471.781250	-278539.343750	-227552.906250	-188537.937500	-136814.968750	-112935.703125	-133249.140625	-84128.750000	-19709.113281	-43778.207031	-55717.214844	-19447.339844	-13110.690430	-26807.263672	-15884.185547	-4872.521484	-4652.393555	-2554.739014	-3278.049316	-2644.454346	262.870117	745.330994	-155.690735	-128.645859	21.472841	-0.000000	
0.000000	8760.500000	65790.921875	111634.007812	23561.625000	19534.806641	-51525.988281	-156720.937500	-100541.710938	-214191.234375	-406287.968750	-336255.625000	-331685.968750	-389151.312500	-383864.156250	-478393.062500	-466070.312500	-337617.156250	-358542.406250	-450389.250000	-369499.843750	-280576.625000	-279775.687500	-267069.281250	-237325.875000	-213940.953125	-169038.625000	-152121.578125	-196029.609375	-135503.609375	-34863.093750	-85373.570312	-120359.679688	-46805.082031	-35405.105469	-81930.390625	-55527.628906	-19740.136719	-22206.476562	-14672.087891	-23282.562500	-24102.839844	3237.888184	13395.641602	-4620.503906	-7932.033691	4858.459961	-5072.289062	-14832.273438	5862.492676	13634.903320	-14300.695312	30235.527344	-20854.664062	-68529.257812	581240.937500	699885.125000	99190.968750	-23662.541016	-11293.233398	-31446.251953	-7859.100098	-2383.140625	-0.000000	
-0.000000	-1492.159790	-5815.028320	-15176.141602	-20558.919922	-22778.789062	-30695.730469	-37601.777344	-41323.750000	-44821.933594	-41724.347656	-43515.761719	-64140.042969	-50177.683594	-14485.484375	-39521.359375	-61718.527344	-26460.271484	-21981.607422	-55691.363281	-41223.941406	-15977.095703	-19569.714844	-14067.901367	-24282.503906	-27350.380859	4000.499268	18043.595703	-6797.458496	-12775.884766	8594.041992	-9891.666016	-32040.503906	14109.614258	36820.730469	-43706.867188	105696.765625	-84488.882812	-327099.031250	3338117.250000	4970980.500000	904074.625000	-291462.062500	-202970.375000	-933244.562500	-484575.593750	-539211.062500	-508503.125000	-311006.125000	-413471.656250	-302521.343750	-152730.140625	-131714.125000	-109982.929688	-87789.492188	133464.609375	192822.734375	-4395.698730	-22143.925781	-5838.011719	-12920.189453	-3650.306641	-761.180298	-0.000000	
-0.000000	-116.945923	-356.509216	-1876.554565	-2293.694336	-1297.110474	-2147.101074	-1980.677368	-4228.127930	-5730.071289	987.456116	5161.534668	-2224.099121	-4730.975586	3570.792236	-4579.076660	-16429.861328	7976.574219	22860.511719	-29709.306641	78469.718750	-68382.859375	-288259.812500	3200656.000000	5184475.000000	1025886.812500	-360109.312500	-273396.062500	-1372943.625000	-780491.125000	-953800.625000	-991651.562500	-671831.812500	-995127.062500	-816951.750000	-466785.406250	-460443.687500	-445575.875000	-419030.625000	766498.812500	1369536.250000	-40064.535156	-272756.593750	-104925.078125	-383438.281250	-225070.234375	-172225.187500	-204011.078125	-138224.343750	-98696.218750	-64857.652344	-60941.542969	-49281.921875	-17919.734375	-12093.941406	-18311.091797	-9737.517578	-4270.222168	-2131.859131	2749.906250	-10170.564453	9124.277344	8131.779785	0.000000	
-0.000000	35.253902	370.763733	-1001.073242	4366.043945	-5551.705078	-31626.570312	450633.437500	902733.250000	214929.531250	-88886.937500	-78207.421875	-449221.250000	-289019.875000	-396300.593750	-459058.000000	-344504.656250	-562574.187500	-507212.468750	-317292.718750	-341835.281250	-360636.250000	-369275.593750	734934.937500	1428355.250000	-45462.703125	-336998.218750	-141331.468750	-564095.562500	-362513.750000	-304646.000000	-397849.875000	-298590.593750	-237538.125000	-175146.546875	-186254.156250	-172278.781250	-72598.554688	-57725.945312	-105162.187500	-69161.367188	-38920.878906	-26259.058594	49423.355469	-301836.406250	562583.812500	1839902.125000	424298.156250	92596.195312	228048.171875	-353554.062500	-111694.320312	-34501.929688	-189301.109375	-104884.539062	-28708.486328	-36604.410156	-26381.941406	-17277.828125	-12038.516602	-4177.360840	-1275.087524	-549.096924	-0.000000	
-0.000000	-2486.397949	-8226.237305	-10691.372070	-19019.667969	-29278.476562	-40515.257812	103474.492188	248708.640625	-9524.712891	-83182.359375	-40429.152344	-184569.640625	-134240.703125	-126579.273438	-184173.734375	-153112.515625	-134287.187500	-108741.453125	-126604.398438	-127900.484375	-58759.171875	-50871.656250	-100831.687500	-72131.718750	-44164.957031	-32443.785156	66572.031250	-444046.906250	906136.562500	3254569.500000	827440.187500	200025.218750	548857.250000	-954764.312500	-341368.625000	-120611.171875	-766919.125000	-500627.468750	-164875.328125	-259985.250000	-240457.812500	-212818.687500	-216365.140625	-123973.406250	-78619.218750	-124239.046875	-94191.203125	-28384.468750	-29370.312500	-75469.453125	58344.214844	199417.687500	32013.269531	-50046.621094	-22004.767578	8774.839844	13140.836914	-7265.355469	2135.660645	1059.743774	-2555.726562	-361.987610	-0.000000	
-0.000000	-593.506348	-1763.625854	-4266.012695	-7116.364746	-4770.399902	-5581.409668	-14196.505859	-12559.748047	-9252.827148	-8008.203613	19043.533203	-145290.234375	335547.031250	1352261.500000	383040.843750	102569.750000	310284.937500	-592774.750000	-232041.921875	-89542.234375	-620722.187500	-441183.750000	-158085.875000	-271151.125000	-272856.343750	-262943.312500	-291438.468750	-182383.593750	-126629.570312	-219764.187500	-183685.890625	-61315.796875	-70687.296875	-203803.453125	178316.000000	697120.500000	129695.953125	-238879.000000	-126375.289062	62323.878906	119771.960938	-89490.617188	38383.675781	31450.494141	-157580.734375	-81903.570312	-38517.609375	-55437.742188	412269.250000	633295.750000	109186.617188	17338.865234	96404.171875	-26584.953125	-61234.890625	47976.328125	-6410.270996	-4556.198730	66321.929688	-30643.578125	37974.445312	49969.710938	0.000000	
0.000000	1371.359985	-9613.931641	-7818.794434	-4982.117188	-50393.714844	-48404.699219	-22257.558594	-47213.484375	-57165.066406	-64903.140625	-83368.625000	-59675.125000	-46891.582031	-91311.195312	-85032.367188	-31441.765625	-39961.578125	-126533.375000	121208.523438	517545.125000	104972.156250	-210514.890625	-121171.242188	65000.574219	135909.656250	-110568.101562	51701.859375	46268.421875	-253810.468750	-144877.734375	-75114.671875	-119755.960938	992233.250000	1710200.000000	333704.375000	60612.867188	390564.000000	-126893.421875	-351677.281250	340755.031250	-58426.320312	-56120.730469	1191986.875000	-909423.250000	2341424.500000	11306181.000000	4602388.000000	-2304832.500000	-358125.437500	-249913.656250	-1292482.750000	-945289.937500	-614965.437500	-507713.687500	-370097.750000	-240224.218750	-168950.171875	-116743.476562	-62212.613281	-28209.455078	-11654.133789	-2505.304443	-0.000000	
-0.000000	-176.617386	-2052.184570	4084.195312	28796.138672	8522.229492	-23096.746094	-17060.195312	11318.055664	28473.902344	-27291.880859	14789.786133	15138.828125	-93987.320312	-60196.156250	-34772.285156	-61408.953125	560938.250000	1061794.500000	226832.218750	44999.242188	316111.218750	-111826.296875	-337195.468750	355389.812500	-66298.500000	-69338.695312	1605576.750000	-1337898.875000	3771260.750000	19999298.000000	8975294.000000	-4978872.500000	-861922.062500	-674885.875000	-3950183.500000	-3304526.250000	-2491421.000000	-2423383.000000	-2125503.500000	-1706208.375000	-1539893.875000	-1437981.375000	-1118131.250000	-837184.687500	-718569.375000	-566851.937500	-415426.343750	-320760.750000	-220395.921875	-122530.460938	-109207.804688	-90196.828125	-61942.859375	1232.780151	67463.109375	-53937.160156	13317.989258	406186.156250	235200.125000	-28643.878906	-14148.999023	-91.051651	-0.000000	
-0.000000	2479.167236	17220.738281	7643.250488	2503.751709	25663.685547	-12269.078125	-47475.128906	61881.328125	-13889.939453	-17115.093750	459289.812500	-437754.718750	1396517.250000	8309634.000000	4154867.250000	-2553086.500000	-487269.531250	-419009.500000	-2685097.750000	-2453294.000000	-2016484.125000	-2135634.500000	-2037976.750000	-1779486.875000	-1747374.375000	-1776665.250000	-1506095.000000	-1231625.000000	-1157377.750000	-1002694.125000	-810138.937500	-692903.625000	-530440.125000	-330890.593750	-333769.156250	-315308.312500	-250950.250000	5884.218750	387446.468750	-383092.250000	121386.617188	5003175.500000	4227191.000000	-850077.250000	-872397.500000	-20601.410156	-430643.875000	-703754.562500	-442736.187500	-194775.656250	-168063.484375	14030.265625	16900.066406	-383303.968750	854660.500000	1411103.875000	100576.437500	-186776.640625	-35400.941406	-35994.019531	-25546.013672	-5984.091309	-0.000000	
-0.000000	-2153.575195	-6795.715820	-90476.015625	-136500.937500	-163709.515625	-234312.203125	-286935.093750	-309848.531250	-366085.562500	-438540.000000	-430832.156250	-402982.406250	-428582.937500	-416615.656250	-375031.687500	-355309.937500	-299873.187500	-205436.656250	-226876.250000	-234086.187500	-203111.875000	5185.536133	371491.687500	-399545.343750	137741.859375	6181560.000000	5693921.500000	-1250592.000000	-1405144.000000	-36441.460938	-839815.250000	-1520242.375000	-1065559.875000	-525987.000000	-513648.312500	49046.730469	68467.554688	-1829559.375000	4908389.500000	10022459.000000	916702.500000	-2300611.250000	-636252.000000	-1068210.750000	-1575113.625000	-1353964.625000	-996418.000000	-384941.750000	-2879.847168	-37444.234375	-315825.437500	-270771.437500	-470721.906250	173432.062500	1439989.125000	460509.000000	-256930.890625	-94955.445312	-48723.796875	-37778.148438	-22623.130859	-4237.731934	-0.000000	
-0.000000	-1325.343506	-3331.879395	-7644.733887	-13024.523438	-16489.763672	568.933716	52303.835938	-69569.796875	28857.759766	1525814.375000	1628798.000000	-409188.281250	-520332.062500	-15141.290039	-388769.531250	-779556.062500	-602391.875000	-326564.187500	-349147.312500	36412.492188	55415.660156	-1612320.375000	4706265.500000	10452905.000000	1040216.125000	-2842467.750000	-857015.625000	-1571499.250000	-2536987.250000	-2395003.500000	-1943153.125000	-831546.687500	-6931.101562	-101117.257812	-965249.625000	-946557.500000	-1907044.500000	827813.687500	8269982.500000	3270795.750000	-2341793.000000	-1169608.500000	-875700.250000	-1121159.125000	-1394894.750000	-958832.187500	-153106.953125	-172466.531250	-228827.218750	146139.234375	-124897.406250	-571862.187500	1165762.750000	1635312.375000	-47932.843750	-166406.312500	-83365.343750	-129832.507812	-75035.742188	-35164.761719	-12639.994141	-890.698486	0.000000	
-0.000000	-2662.379150	-5296.389160	-11764.732422	2025.986084	4498.954590	-176896.546875	662614.375000	1820084.875000	217931.609375	-701615.500000	-245157.093750	-514187.750000	-939459.437500	-995115.000000	-899529.625000	-426403.906250	-3918.352783	-62779.640625	-656118.750000	-702728.187500	-1543506.625000	729520.437500	7929430.500000	3411270.250000	-2657318.750000	-1445083.250000	-1179546.500000	-1649394.375000	-2246714.250000	-1696060.875000	-298579.781250	-372560.187500	-550732.250000	394645.531250	-381720.906250	-1999104.625000	4722876.000000	7805557.500000	-275282.500000	-1181911.875000	-759832.187500	-1599204.750000	-1348598.000000	-1043600.500000	-779355.500000	-201530.046875	133635.515625	147830.625000	-52878.253906	-168250.015625	-692814.937500	388666.031250	2367624.750000	587317.437500	-507847.500000	-180027.421875	-136520.390625	-84305.109375	-89071.968750	-47806.250000	-4561.942871	2138.300049	0.000000	
-0.000000	-17.317863	-1018.193115	-22108.324219	-39099.699219	-125310.546875	80039.695312	1116417.000000	593978.562500	-556724.437500	-356694.531250	-337420.000000	-539674.687500	-831969.875000	-704706.937500	-138219.343750	-191042.937500	-311344.906250	245019.546875	-259470.968750	-1484143.500000	3822559.500000	6878738.000000	-263946.562500	-1232672.750000	-862209.562500	-1975861.250000	-1816528.000000	-1535293.875000	-1255284.125000	-356482.843750	260607.781250	319342.000000	-127265.273438	-454355.187500	-2117433.500000	1358691.125000	9592002.000000	2803342.000000	-2916612.250000	-1278656.625000	-1244313.125000	-1038423.562500	-1600867.500000	-1418767.625000	-281279.812500	483813.250000	158850.453125	220130.640625	316700.843750	-1178120.500000	716576.687500	6298316.000000	2889505.500000	-1475783.000000	-520586.031250	-434755.093750	-494264.000000	-244001.328125	-149443.703125	-54952.691406	2561.800049	-1768.517456	-0.000000	
-0.000000	-1376.044800	3973.855225	-8743.033203	-82577.539062	310336.843750	754704.187500	-37162.117188	-214635.937500	-180638.156250	-487708.187500	-519634.343750	-502341.531250	-464838.156250	-148117.296875	120641.250000	163753.500000	-71946.750000	-282090.875000	-1439304.250000	1008697.937500	7763489.000000	2470477.500000	-2796508.250000	-1333572.625000	-1411968.000000	-1283000.625000	-2156328.750000	-2087221.250000	-453048.812500	855808.437500	309780.406250	475523.656250	762222.937500	-3181486.250000	2190055.750000	22017530.000000	11706308.000000	-7044103.000000	-2989770.750000	-3087877.000000	-4504962.000000	-3005473.000000	-2685913.000000	-1630855.625000	157955.218750	-400146.000000	-855753.312500	-65638.242188	-143949.906250	-1051708.500000	-129018.007812	2576352.500000	987228.687500	-684332.187500	-225923.218750	-243867.125000	-170665.390625	-116260.679688	-79239.796875	-23950.261719	34601.746094	7069.666504	-0.000000	
0.000000	-317.981598	-4575.097168	-48498.238281	56123.812500	630283.687500	271049.687500	-393731.843750	-232204.859375	-295815.906250	-316687.187500	-616837.437500	-682929.812500	-167766.312500	355585.218750	143404.375000	243840.968750	430906.750000	-1975256.875000	1488668.500000	16345905.000000	9474747.000000	-6207697.500000	-2866654.250000	-3220495.500000	-5111946.500000	-3713344.000000	-3617858.250000	-2399235.000000	254413.640625	-707810.937500	-1668837.500000	-141790.968750	-346452.906250	-2840114.000000	-394314.593750	9006363.000000	3999578.000000	-3266406.000000	-1297496.625000	-1732082.375000	-1555527.250000	-1432034.625000	-1424156.500000	-710782.687500	2133471.000000	1599587.625000	-258090.406250	714225.562500	65296.890625	-1363950.125000	506987.687500	2894193.000000	408437.187500	-906095.250000	-224223.343750	-314635.781250	-206242.343750	-115779.625000	-102858.414062	-46013.617188	38757.644531	12800.704102	-0.000000	
0.000000	1904.469849	-32035.750000	50161.597656	909483.875000	769213.187500	-681080.625000	-403607.968750	-560760.375000	-1070983.875000	-916576.625000	-1034921.187500	-785019.312500	94210.679688	-294092.812500	-772542.687500	-72708.156250	-195859.875000	-1763312.625000	-268031.406250	6686361.500000	3237143.000000	-2878558.000000	-1244066.625000	-1806472.125000	-1765114.125000	-1769317.875000	-1918303.375000	-1045668.625000	3436316.750000	2829481.500000	-503312.062500	1542861.750000	157153.953125	-3683314.750000	1549494.125000	10117463.000000	1654709.125000	-4324910.000000	-1287734.125000	-2234721.500000	-1879792.875000	-1426109.250000	-1848647.750000	-1365566.750000	2389714.750000	2896296.250000	-411649.406250	-187295.375000	155279.609375	-1222813.750000	-555215.625000	2497105.000000	1224466.750000	-777398.187500	-228106.640625	-195883.015625	-230379.296875	-148999.078125	-84926.625000	-37279.605469	900.096191	3182.662842	0.000000	
-0.000000	-865.637878	-28598.326172	-9031.482422	372028.218750	262809.437500	-315822.437500	-175157.234375	-314547.250000	-369802.156250	-436726.406250	-548748.125000	-342138.281250	1272485.750000	1175639.000000	-232994.578125	791155.000000	88843.695312	-2286822.000000	1053253.125000	7511246.500000	1339273.750000	-3811377.000000	-1234706.125000	-2330698.750000	-2133070.250000	-1761996.875000	-2490082.500000	-2008954.875000	3849040.750000	5123206.000000	-802773.375000	-404593.312500	373720.781250	-3302179.750000	-1696892.000000	8729331.000000	4960705.000000	-3710622.000000	-1310036.250000	-1391272.125000	-2099788.750000	-1835287.875000	-1526364.250000	-1106363.625000	55498.039062	720111.500000	107050.679688	962365.125000	768270.000000	-834043.500000	-710509.812500	2741957.750000	2625460.500000	-481257.906250	-730954.937500	-341693.656250	-187621.156250	-111997.867188	-133541.437500	-66908.429688	-8777.464844	3116.668701	-0.000000	
0.000000	392.660675	-37088.878906	35490.007812	417924.718750	108729.773438	-418167.125000	-173839.328125	-405826.843750	-446891.218750	-434919.343750	-712310.750000	-657321.375000	1425319.500000	2128672.750000	-371622.000000	-207469.000000	211275.203125	-2050190.500000	-1153445.375000	6480691.500000	4015051.000000	-3270028.750000	-1256089.875000	-1451024.625000	-2382707.750000	-2267548.250000	-2055974.750000	-1627628.000000	89389.000000	1273792.125000	208763.656250	2078889.875000	1849041.625000	-2252314.500000	-2171513.750000	9585282.000000	10636577.000000	-2297106.250000	-4197937.500000	-2426901.750000	-1710070.375000	-1379527.625000	-2400105.750000	-1985671.625000	-541200.000000	705179.625000	-223779.656250	748164.312500	1880176.500000	-66409.148438	-1335089.625000	580631.062500	1776445.250000	-104342.320312	-623394.312500	-235185.437500	-276746.531250	-161356.078125	-85722.500000	-46411.281250	-14721.620117	-1501.067627	-0.000000	
-0.000000	933.768738	-33251.062500	-38866.046875	360584.781250	325964.406250	-358772.843750	-176850.031250	-252655.890625	-499191.781250	-559706.250000	-588130.250000	-532552.812500	33101.207031	529255.875000	96641.437500	1066021.625000	1045316.875000	-1398371.625000	-1476064.750000	7116153.500000	8608938.000000	-2024351.375000	-4025069.500000	-2531132.750000	-1940479.875000	-1704444.000000	-3232882.750000	-2921222.750000	-871694.375000	1247379.375000	-436401.343750	1616175.875000	4525134.000000	-179336.328125	-4080402.000000	2029758.750000	7196946.000000	-498039.375000	-3580207.750000	-1670420.125000	-2522402.250000	-1987494.750000	-1540668.375000	-1377368.375000	-907704.187500	-339632.593750	-311373.125000	-467392.375000	-263043.062500	-114426.875000	-107089.226562	-95027.867188	-81998.007812	-43810.058594	58630.683594	75855.695312	2103.122803	-28508.591797	-17142.099609	-4766.107910	-1193.203003	-488.092316	-0.000000	
0.000000	4619.965820	-22679.523438	-49736.906250	395941.781250	698921.937500	-222102.734375	-566706.000000	-440726.906250	-406542.343750	-420713.375000	-924795.500000	-955811.437500	-322792.906250	518281.468750	-202020.078125	828749.250000	2558189.500000	-111342.718750	-2773612.500000	1506901.250000	5825000.000000	-438902.968750	-3432777.250000	-1742161.625000	-2862262.750000	-2455604.000000	-2075242.000000	-2026316.875000	-1462011.375000	-600769.937500	-607220.687500	-1009655.562500	-633081.562500	-309007.062500	-327294.187500	-332196.593750	-332200.062500	-209111.078125	336721.093750	538770.125000	19168.882812	-351153.031250	-308090.531250	-141445.921875	-73570.382812	-110436.101562	-108651.132812	-56995.015625	-50147.984375	-36964.695312	61005.753906	149370.984375	128813.992188	38342.734375	-29536.648438	-40929.503906	-2258.057617	21270.007812	4924.648438	-5314.796387	-3239.279053	-710.709045	-0.000000	
0.000000	11306.377930	-1805.814575	-93458.570312	83843.773438	472906.218750	-48154.460938	-483314.750000	-303349.343750	-599661.500000	-606124.625000	-593641.812500	-663002.125000	-541390.312500	-249617.656250	-281096.250000	-517735.281250	-357899.375000	-191850.062500	-222474.953125	-246624.109375	-268873.125000	-184281.562500	322855.156250	561909.312500	21751.636719	-433859.125000	-414990.281250	-208088.312500	-118497.578125	-195348.421875	-211884.765625	-123119.968750	-120694.171875	-99822.273438	186450.390625	522168.218750	521866.531250	183014.828125	-169631.546875	-290704.500000	-20581.033203	261992.156250	88509.437500	-157729.609375	-199727.140625	-160805.531250	-113316.179688	-85345.242188	-44686.085938	18453.300781	18703.765625	-22305.605469	-19554.701172	11954.765625	20333.970703	10363.414062	3229.053955	-2068.123047	-5064.906738	-837.348267	1009.477905	76.649261	-0.000000	
-0.000000	-1581.800659	-3111.524658	-7496.429688	-13722.130859	-21828.630859	-20218.542969	45456.101562	97840.992188	4557.100586	-107090.843750	-118711.734375	-68085.601562	-43880.261719	-81166.539062	-98086.265625	-63133.957031	-68231.914062	-61975.636719	126737.789062	387659.843750	422383.687500	161283.937500	-162646.234375	-303189.718750	-23354.058594	323698.468750	119220.015625	-232044.062500	-321694.406250	-284445.968750	-220982.250000	-184361.796875	-107548.687500	49832.703125	57163.863281	-77975.507812	-79222.328125	57061.644531	116779.757812	73606.835938	29431.166016	-25473.994141	-91030.265625	-24850.361328	62242.285156	17342.714844	-50862.007812	-62485.945312	-37449.324219	-22612.458984	-20779.011719	-9768.254883	-2358.850342	-5108.487793	-5874.913574	-2154.920654	1021.063599	1445.246582	802.044495	202.031357	-215.870682	-2.837853	0.000000	
-0.000000	-301.563202	-1005.153320	4270.507324	21569.337891	34291.480469	17695.349609	-22899.628906	-52792.125000	-4892.817383	79899.531250	34103.968750	-75923.812500	-119125.093750	-118186.234375	-102297.695312	-94537.789062	-60800.394531	30939.121094	38856.566406	-57889.335938	-64120.257812	50286.234375	111970.851562	76768.109375	33396.628906	-31473.814453	-122615.500000	-36558.632812	100251.750000	30677.214844	-99187.960938	-134981.406250	-90131.546875	-61064.406250	-63506.386719	-34147.675781	-9556.454102	-24383.472656	-33740.136719	-15305.467773	9306.468750	17801.746094	14414.938477	5995.775391	-13310.132812	-642.094604	43026.425781	43857.953125	5175.960938	-20897.763672	-18098.560547	-3211.545410	1050.042358	-3064.161621	-3998.561035	-3255.078369	-1787.062012	-462.312622	220.023773	354.131042	-93.475029	-54.734077	0.000000	
-0.000000	-268.718262	501.786865	1309.295776	-3220.954590	-5205.643066	5517.179688	15764.833984	13367.047852	6996.797363	-7768.783203	-35075.277344	-11961.827148	37123.738281	12746.267578	-45916.355469	-69216.320312	-50953.976562	-37912.433594	-43167.832031	-25351.375000	-7734.717773	-21488.216797	-32350.744141	-15962.808594	10560.393555	21994.542969	19416.564453	8820.690430	-21438.224609	-1135.789429	83907.492188	94741.445312	12457.296875	-56433.914062	-55314.191406	-11226.858398	4254.056152	-14625.639648	-22964.083984	-23119.410156	-16288.150391	-5694.510254	3954.430420	10509.706055	-5763.474121	-12384.170898	1905.686401	6429.917480	16230.121094	22751.625000	12900.525391	1775.884155	-3739.872803	-7501.560059	-7748.610352	-2559.573730	890.056580	460.632965	-171.722229	42.885048	-13.852033	-54.407845	-0.000000	
-0.000000	-225.200256	-614.883728	-1454.566528	-1410.546875	-627.947876	-2357.590576	-4554.793457	-2779.482666	2212.466797	5428.983398	5554.284668	2886.091797	-7938.684570	-471.916260	38842.683594	48581.902344	7042.471680	-35037.546875	-37599.269531	-8334.866211	3443.110107	-12889.014648	-22018.439453	-24112.345703	-18482.765625	-7035.723145	5326.519531	15461.364258	-9283.051758	-21906.134766	3716.352539	13889.833008	39062.007812	61440.222656	39427.558594	6208.101562	-15151.416016	-35805.917969	-44500.941406	-18179.541016	8112.407715	5673.821289	-3086.319336	1272.718750	-854.087219	-12310.357422	-6991.799805	1326.978394	-6759.424805	-9728.230469	-3314.869873	1070.364990	1704.374756	-750.990479	-1764.420898	-1315.705566	-985.936157	-433.407410	-314.357788	-147.638870	18.083061	21.613369	0.000000	
0.000000	31.125467	-568.257324	-1266.930420	-463.750763	279.531036	-1414.124756	-3100.066162	-4198.499512	-3872.251953	-1736.650146	1523.699341	5058.891602	-3437.561768	-9101.916992	1720.383911	7122.485352	22082.886719	38145.765625	26800.490234	4608.919922	-12263.118164	-31554.378906	-42668.425781	-18960.318359	9205.448242	7010.161133	-4157.195312	1872.361450	-1375.652222	-21775.566406	-13634.977539	2866.523438	-16268.314453	-26270.855469	-10131.155273	3741.761230	6904.965332	-3584.574707	-10133.222656	-9344.885742	-8986.300781	-5338.472168	-5649.871094	-4381.544922	1114.963623	4890.255859	19800.566406	15016.488281	-195.050568	15462.251953	12746.334961	18315.908203	12125.325195	-6136.312500	-4908.314941	-342.662018	4337.381348	1947.082764	1262.363403	1939.613647	387.396149	-59.722485	0.000000	
0.000000	97.599281	618.667969	903.058899	256.439667	-995.588867	-3462.004639	-6007.461914	-3301.416260	1928.597412	1730.340576	-1189.203491	612.628601	-509.411072	-9047.666992	-6311.940430	1469.907593	-9196.950195	-16310.517578	-6886.551758	2777.898926	5588.679199	-3158.947998	-9715.943359	-9746.231445	-10197.086914	-6595.828125	-7610.236328	-6445.914062	1795.837891	8650.284180	38613.847656	32438.441406	-469.439941	41755.441406	38956.312500	64028.394531	49123.554688	-29289.412109	-28188.878906	-2433.779785	39533.000000	23983.085938	22688.130859	57562.785156	23886.031250	-13512.851562	41433.910156	83219.570312	-1295.287231	-281.407654	5755.860840	-34482.730469	12586.954102	88074.265625	97322.195312	-50079.878906	21965.787109	355574.562500	223568.078125	-7916.032227	-13545.882812	554.279175	-0.000000	
0.000000	-40.647575	-264.532532	-232.046585	154.561905	453.720367	-346.585571	-1367.947388	-1697.037109	-2136.351807	-1628.069458	-2176.977051	-2109.075195	665.007996	3594.160889	17875.226562	16633.916016	-265.388031	25924.275391	26480.164062	47534.945312	39759.183594	-25811.634766	-27028.082031	-2538.305908	44859.550781	29631.755859	30560.349609	84683.546875	38472.503906	-23902.636719	80801.859375	179769.937500	-3117.445557	-759.934631	17591.496094	-120544.062500	50993.761719	420389.875000	558929.812500	-355695.656250	200206.843750	4379770.000000	4018131.500000	-234927.640625	-835210.625000	125411.593750	-520595.781250	-879466.812500	-634448.000000	-46868.039062	343308.437500	-202041.000000	-171706.593750	777040.812500	180569.734375	598708.937500	2109916.750000	668945.062500	-262287.000000	-52517.929688	-51674.382812	-16660.037109	-0.000000	
0.000000	-1.172930	420.453491	892.265381	2644.837646	3227.874023	-2831.936279	-3805.394043	-441.975922	9398.349609	7314.101562	8742.065430	27708.091797	14246.565430	-9931.456055	37405.015625	92183.164062	-1762.382446	-471.812866	11957.644531	-89492.406250	41272.878906	370473.437500	535913.500000	-370972.125000	227182.093750	5411325.500000	5412323.500000	-345614.031250	-1345248.250000	221838.296875	-1015233.875000	-1899813.875000	-1526964.250000	-126566.023438	1049245.250000	-706291.000000	-695638.125000	3708916.500000	1037027.625000	4252370.000000	19230806.000000	8239694.500000	-4714016.500000	-1558598.125000	-3186133.750000	-3769511.500000	-1669074.375000	-2261967.250000	-1954547.125000	-625179.812500	73780.867188	-485731.250000	-336531.781250	535918.750000	170184.500000	-134481.390625	1199974.750000	837579.437500	-160941.171875	-58646.574219	-25624.134766	-14753.765625	-0.000000	
0.000000	-7.789166	-7.652108	402.920135	-4979.345215	3350.764160	40646.679688	75453.453125	-64594.558594	47596.031250	1335694.875000	1548244.250000	-113083.421875	-498152.375000	92172.976562	-469974.812500	-974194.312500	-863237.187500	-78579.757812	713213.937500	-524353.375000	-563029.375000	3268525.500000	994323.562500	4435001.500000	21821904.000000	10180367.000000	-6349663.000000	-2292933.250000	-5131808.500000	-6667820.500000	-3254926.250000	-4886275.500000	-4704126.500000	-1688283.250000	225494.656250	-1698009.875000	-1363397.500000	2558009.750000	977384.312500	-955163.000000	10937152.000000	10316839.000000	-2892554.000000	-1740480.750000	-1579930.250000	-3338197.250000	-1780340.625000	-1817312.375000	-1400370.750000	-1041962.062500	-320444.843750	858945.687500	-139986.546875	-14026.263672	579063.125000	-209485.296875	226779.406250	904456.562500	162690.359375	-117475.632812	-33007.117188	-12110.427734	-0.000000	
-0.000000	-3815.231934	-1274.447632	24032.179688	-29174.947266	-45709.890625	358607.906250	139994.890625	772233.062500	4571822.000000	2512852.750000	-1816378.750000	-750237.812500	-1900335.000000	-2770454.500000	-1506779.250000	-2505604.250000	-2659379.000000	-1048187.187500	153277.750000	-1260609.500000	-1103494.500000	2254275.500000	937136.375000	-996185.500000	12410789.000000	12746736.000000	-3896198.500000	-2560510.000000	-2544745.500000	-5904876.500000	-3471911.000000	-3925737.000000	-3370356.750000	-2813793.750000	-979367.687500	3002685.750000	-567130.062500	-66949.171875	3325609.750000	-1487883.125000	2066977.500000	11140594.000000	2923991.750000	-3486377.250000	-2035149.500000	-2740113.750000	-2167600.500000	-1300415.875000	-1301179.250000	-1203144.250000	-419083.937500	1260823.375000	128187.914062	-389230.218750	573763.437500	129140.656250	-319579.531250	445274.343750	425728.406250	-77093.250000	-49302.871094	-4143.203613	-0.000000	
-0.000000	-11753.603516	-17000.048828	5164.787598	-70140.132812	-89587.882812	247328.984375	131943.265625	-173458.203125	2600136.000000	3146317.750000	-1114543.000000	-837787.812500	-942332.375000	-2453454.000000	-1607226.375000	-2013055.375000	-1905360.375000	-1746971.375000	-665715.437500	2229206.250000	-459018.687500	-58999.734375	3188663.500000	-1551785.000000	2345475.500000	13764508.000000	3938544.250000	-5128987.000000	-3277953.000000	-4846937.500000	-4227121.500000	-2809143.250000	-3131626.500000	-3249062.500000	-1280836.000000	4407562.000000	519330.062500	-1857846.125000	3295173.250000	917230.062500	-2912803.000000	5484642.500000	7651506.500000	-2287931.000000	-3039911.500000	-937444.187500	-1804320.875000	-1243036.125000	-1072893.375000	-1139135.875000	-746153.062500	-258330.265625	229055.453125	-178916.312500	60275.914062	423632.750000	-72425.101562	-83366.703125	390760.656250	154749.218750	-42622.218750	-7656.683105	-0.000000	
-0.000000	-8421.083008	-28333.296875	-22431.689453	124032.726562	-37265.718750	-6473.185547	448945.000000	-270200.531250	491391.406250	3397538.000000	1126656.375000	-1678182.500000	-1213842.875000	-2013884.375000	-1956830.375000	-1440484.000000	-1770399.250000	-2017212.250000	-870635.500000	3272192.250000	420330.750000	-1637248.375000	3159480.500000	956623.375000	-3305265.000000	6776425.500000	10306389.000000	-3365891.750000	-4896292.500000	-1658228.000000	-3518675.500000	-2685192.250000	-2582197.000000	-3076209.250000	-2280449.250000	-903065.937500	927976.625000	-853990.750000	346169.812500	3008879.500000	-660117.562500	-1026864.875000	7023040.500000	4592562.000000	-2627996.500000	-1732406.500000	-902285.000000	-1411823.375000	-957704.437500	-828903.562500	-613765.937500	-413026.406250	-120578.945312	11612.131836	-154507.796875	289848.843750	366772.906250	-81471.890625	-32496.974609	180397.875000	49546.312500	-8216.069336	-0.000000	
-0.000000	-7824.597656	-32716.205078	-29336.595703	182064.312500	34124.812500	-179631.531250	444836.187500	166569.562500	-692473.125000	1672646.875000	2948236.250000	-1101305.250000	-1813122.250000	-688987.500000	-1628874.750000	-1376923.875000	-1459790.875000	-1909894.625000	-1550112.625000	-670439.875000	751077.500000	-752589.250000	331914.781250	3138105.250000	-749059.687500	-1268719.500000	9459861.000000	6756352.000000	-4232833.500000	-3064422.250000	-1759580.750000	-3049804.500000	-2304965.000000	-2238434.250000	-1875837.875000	-1443849.750000	-488503.718750	55426.210938	-887351.625000	2058670.500000	3342946.250000	-1003525.625000	-584059.750000	5353749.000000	3054921.500000	-1858973.500000	-1309586.750000	-1138553.125000	-1192943.500000	-596354.250000	-577321.500000	-546186.375000	-273558.250000	110500.710938	-11261.859375	-59991.640625	291866.968750	144553.984375	-100256.398438	1461.564331	71813.460938	8614.143555	-0.000000	
-0.000000	-6451.808105	-30975.671875	-52231.996094	-37303.179688	60976.687500	-82570.703125	46731.640625	546414.437500	-156932.578125	-313162.125000	2706079.250000	2210649.250000	-1567440.000000	-1273256.000000	-814549.875000	-1563891.125000	-1303063.500000	-1389753.875000	-1275082.000000	-1071920.000000	-395380.781250	48844.988281	-850811.125000	2147086.500000	3793364.250000	-1239883.250000	-786714.000000	7876173.000000	4920469.000000	-3288304.500000	-2553875.750000	-2459489.000000	-2871128.750000	-1610440.375000	-1764453.625000	-1909347.625000	-1108271.625000	527434.187500	-64677.835938	-426094.593750	2660217.250000	1780535.875000	-1801882.500000	43375.500000	4427867.000000	1949042.000000	-1445151.625000	-662158.437500	-579583.562500	-899632.812500	-459780.937500	-375314.718750	-486213.093750	87013.304688	425660.312500	-108519.765625	-53861.441406	130906.468750	-10635.318359	-55001.425781	-7533.395508	11083.623047	0.000000	
-0.000000	-5759.123535	-22539.755859	-42964.667969	-59641.476562	-32099.234375	5359.052246	-119789.179688	373855.875000	794732.937500	-306044.375000	-225046.671875	2577049.750000	1822074.875000	-1366278.250000	-1182247.000000	-1261186.875000	-1623132.375000	-999857.687500	-1199369.750000	-1417507.625000	-897003.000000	464807.468750	-62014.449219	-444394.562500	3018646.500000	2199900.750000	-2427091.000000	63811.910156	7131830.500000	3447625.000000	-2818246.000000	-1430387.000000	-1394918.750000	-2429437.000000	-1405217.250000	-1312017.875000	-1969804.125000	415325.781250	2444604.000000	-770768.812500	-490919.312500	1612433.250000	-191145.843750	-1632302.000000	-464493.312500	2507788.250000	1719438.750000	-1053023.250000	-741488.625000	-368629.187500	-603393.250000	-394755.031250	-300147.000000	-206633.593750	-88059.976562	-88127.125000	-24192.925781	77726.937500	47264.617188	-1370.980225	-7071.052246	244.785110	0.000000	
-0.000000	-7173.725586	-16216.215820	-40413.496094	-78869.921875	-72823.742188	50996.585938	-8731.268555	-77379.046875	632424.875000	543008.562500	-694291.375000	20878.980469	2640953.500000	1432475.250000	-1304630.000000	-733479.687500	-788588.000000	-1508339.750000	-955182.375000	-974047.500000	-1594302.500000	366010.656250	2343937.000000	-803871.875000	-557064.250000	1992205.375000	-257468.703125	-2401362.750000	-748145.187500	4435981.000000	3353143.750000	-2274728.500000	-1784585.375000	-995474.375000	-1844136.125000	-1379976.875000	-1215991.125000	-986288.875000	-505736.093750	-625928.750000	-220506.062500	957397.312500	849474.750000	-40687.195312	-435986.250000	55385.250000	1467307.250000	1247436.125000	-410911.250000	-525510.437500	-160698.109375	-221914.625000	-176753.265625	-158075.640625	-140976.218750	-79210.156250	-37391.722656	-23475.587891	1550.054688	7406.446777	-773.061707	-941.600830	-0.000000	
-0.000000	-3485.306396	-24463.044922	-32185.455078	-54195.867188	-129434.437500	40157.042969	330012.468750	-139972.109375	-116708.351562	491742.468750	-73651.257812	-785715.500000	-277042.031250	1843133.625000	1552246.375000	-1166444.625000	-1008877.875000	-618050.000000	-1253533.125000	-1024500.562500	-984188.062500	-869178.500000	-484910.218750	-652811.250000	-250216.359375	1182890.500000	1144221.375000	-59857.007812	-702229.687500	97969.960938	2861452.250000	2694697.000000	-988964.812500	-1419128.500000	-491137.718750	-775764.812500	-716083.750000	-754515.437500	-809638.687500	-562595.375000	-340806.312500	-289159.281250	27858.732422	219804.437500	-47665.359375	-213047.250000	-192643.593750	-99167.953125	108643.492188	169464.718750	10193.745117	-61434.316406	7813.448242	-2073.103027	-39541.203125	-15539.517578	-8964.299805	-13362.127930	-2779.682373	-1644.357666	1136.884521	546.605530	-0.000000	
-0.000000	-4458.916992	-10023.858398	-42238.566406	-57003.066406	-79901.914062	-95362.359375	-68272.492188	-113669.062500	-52421.851562	291976.687500	327314.906250	-19584.955078	-260039.281250	40706.152344	1324631.250000	1381797.750000	-559090.500000	-881079.812500	-333845.968750	-575931.000000	-579577.500000	-664925.500000	-776298.312500	-586757.812500	-386725.500000	-357264.156250	37525.019531	323365.531250	-76773.140625	-376855.406250	-375681.687500	-214221.453125	261478.828125	457635.437500	31154.896484	-214760.890625	31654.767578	-9895.188477	-227088.562500	-110370.453125	-81704.976562	-164587.281250	-49958.511719	-48800.339844	70097.914062	123675.343750	-148582.937500	184443.953125	352237.625000	-105947.742188	-73786.921875	56462.792969	-48781.695312	-80157.421875	-24918.953125	12721.922852	1493.245117	-6284.341309	-3206.624268	1780.273926	5864.504883	1907.975098	0.000000	
0.000000	-2471.000977	-14289.813477	-11249.143555	-32044.720703	-47053.359375	-72952.632812	-109298.218750	-102167.679688	-81021.351562	-88184.664062	10734.373047	105803.804688	-28429.490234	-156582.015625	-173911.578125	-109849.351562	147821.562500	284127.437500	21177.228516	-159439.375000	25620.453125	-8720.250000	-217737.218750	-115110.656250	-92713.648438	-203352.078125	-67292.875000	-71792.671875	112904.562500	218767.062500	-289757.312500	398433.656250	847751.500000	-286109.375000	-225513.171875	197381.546875	-197630.203125	-382601.750000	-143111.703125	90358.304688	13610.161133	-77407.031250	-57631.832031	52833.988281	361593.031250	431699.781250	263567.343750	-54651.546875	-69335.882812	-8661.338867	-20479.771484	-66092.281250	-50968.570312	125279.328125	43051.585938	-58759.960938	5139.341309	-14136.194336	-12139.402344	5365.009277	-96.116066	428.089203	0.000000	
-0.000000	653.323975	4608.127930	713.579712	-8871.184570	2080.012451	-956.746582	-30656.113281	-20043.343750	-19424.074219	-50194.046875	-19249.738281	-23490.251953	41809.140625	90896.898438	-134135.234375	204310.437500	479258.531250	-177633.796875	-153290.328125	146536.875000	-159956.171875	-337172.218750	-137218.468750	94239.023438	15443.951172	-95638.500000	-77628.648438	77726.773438	582406.875000	763625.875000	513992.843750	-118057.640625	-166874.843750	-23389.740234	-62591.828125	-231044.109375	-206489.906250	597974.437500	247249.000000	-417346.500000	46842.453125	-174121.796875	-218178.343750	159219.781250	-5926.314941	96859.757812	216229.515625	81480.296875	48235.414062	-191769.984375	-59345.914062	50437.269531	-29325.373047	-13192.000977	-57791.164062	22734.298828	30374.908203	11487.629883	27972.671875	-2563.973145	-1959.323242	-328.705902	-0.000000	
0.000000	2118.169189	-2880.958008	-5165.211426	8153.291016	-12986.140625	-36993.019531	-19319.548828	16409.125000	3235.601807	-23606.757812	-22206.378906	25431.863281	215668.265625	317283.687500	237938.953125	-60538.078125	-94339.187500	-14521.750000	-42546.167969	-171528.093750	-167126.968750	526971.875000	237067.468750	-435270.781250	53153.859375	-215132.234375	-293880.812500	234236.343750	-9545.333984	171333.468750	421677.531250	176012.796875	116091.078125	-517870.281250	-181377.468750	176317.625000	-118806.429688	-62967.128906	-331899.656250	161471.859375	276851.656250	141498.265625	502745.625000	-76092.179688	-120807.757812	-74373.226562	-290737.875000	-137424.796875	-98893.757812	32634.818359	-64223.164062	-1930.249634	346561.875000	222637.078125	-65251.664062	-60731.207031	-8427.593750	-16623.130859	-3418.979004	-531.002197	5493.044434	105.507607	-0.000000	
-0.000000	-416.948975	-235.521347	-1433.619263	-9543.798828	-13568.305664	57816.988281	33377.699219	-75790.390625	11136.056641	-53101.781250	-84067.273438	76641.117188	-3534.686279	71188.414062	195204.093750	90256.562500	65629.656250	-321524.843750	-123289.523438	130898.937500	-96158.492188	-55490.511719	-318232.281250	168406.765625	314153.781250	174824.953125	677185.875000	-111943.085938	-194581.359375	-131557.437500	-566979.125000	-296863.437500	-238013.562500	88129.546875	-196283.687500	-6747.729004	1404032.625000	1062675.500000	-374745.968750	-431347.406250	-76813.179688	-204754.500000	-61448.425781	-15758.791016	338689.562500	23872.224609	-281393.656250	-55189.644531	47355.414062	170981.593750	29817.134766	-185291.156250	-68325.492188	59739.855469	32555.814453	-39077.648438	-48715.824219	62224.207031	69445.468750	2309.927979	-5227.973633	4349.264648	0.000000	
0.000000	290.062042	-5214.658203	-4154.315918	7283.198730	-7806.686523	-6088.169434	-44805.222656	29323.390625	65817.132812	43152.605469	193715.156250	-36627.292969	-72054.476562	-54661.625000	-262467.500000	-152226.843750	-134555.968750	54716.093750	-133421.875000	-5009.541992	1136383.375000	936495.125000	-359314.187500	-449872.968750	-87162.742188	-252979.781250	-82769.500000	-23183.560547	545516.937500	42227.144531	-548756.625000	-119220.023438	113973.125000	461731.750000	91129.382812	-647737.250000	-276808.312500	285146.062500	186970.875000	-277551.593750	-444019.656250	766443.250000	1248125.500000	68552.773438	-322345.875000	984067.625000	2048045.625000	451651.125000	-935528.437500	-214628.796875	396524.562500	-161720.140625	-377688.375000	79971.656250	289348.875000	-72135.960938	-161097.890625	-57173.671875	-38395.273438	-384.557220	4001.298584	5201.120117	0.000000	
-0.000000	-594.694275	887.414246	-4495.731934	-278.730225	92257.992188	102748.031250	-50589.316406	-78332.960938	-18261.125000	-62443.812500	-23676.968750	-7585.561035	202007.734375	17545.220703	-254031.890625	-61134.128906	64432.316406	286670.687500	61944.285156	-480882.781250	-224040.656250	251288.281250	179271.546875	-289471.906250	-503845.468750	946961.562500	1681194.125000	100851.476562	-519192.656250	1740699.250000	3993972.750000	975651.500000	-2251592.750000	-579599.937500	1211888.250000	-565338.125000	-1530136.000000	381715.062500	1661755.625000	-512350.468750	-1468324.375000	-704233.562500	-690068.312500	-11412.676758	246711.671875	1176809.000000	890822.250000	-726741.687500	-627077.375000	-313872.687500	93096.421875	228002.453125	137836.812500	316396.281250	59831.253906	-139593.859375	-149516.593750	-64815.953125	-24246.492188	-17642.175781	-4225.522949	2534.866943	0.000000	
-0.000000	284.770203	4649.375000	2087.250732	-26756.251953	-18188.878906	27570.218750	25240.375000	-50403.546875	-105558.695312	233741.578125	480920.843750	32998.167969	-192259.718750	723254.062500	1848900.625000	500298.562500	-1272890.625000	-359850.312500	823769.000000	-419709.375000	-1238447.750000	336390.812500	1593325.750000	-534354.937500	-1666161.750000	-870099.812500	-929504.875000	-16789.771484	397370.937500	2081636.125000	1737226.750000	-1569899.000000	-1509224.875000	-847605.750000	284528.312500	797046.562500	558420.812500	1510200.375000	343616.062500	-991474.562500	-1362766.750000	-798366.937500	-435775.937500	-523574.750000	-260536.843750	573540.750000	1383930.625000	739208.937500	-196498.046875	106865.117188	-321513.312500	-152976.437500	25765.726562	-154189.890625	8889.149414	-51017.824219	-61646.730469	7042.096680	43856.070312	29425.669922	9795.941406	8487.979492	0.000000	
0.000000	-5625.769043	-5836.240723	27757.400391	-23352.570312	-100544.148438	36907.289062	224330.843750	-93043.171875	-349071.031250	-214769.531250	-265893.312500	-5493.540527	147148.500000	864912.000000	804201.687500	-805019.187500	-853208.625000	-526244.312500	193405.296875	591730.687500	451969.687500	1330881.625000	329466.218750	-1034056.562500	-1546381.750000	-986404.187500	-586979.375000	-770257.500000	-419638.750000	1014525.812500	2698856.500000	1596830.500000	-472923.687500	288586.718750	-982633.312500	-534772.062500	104385.171875	-735968.250000	51051.160156	-362357.468750	-561878.187500	86740.640625	788213.875000	873278.812500	603997.125000	1920496.125000	2198114.750000	607439.562500	124746.429688	496872.343750	1350428.125000	-177150.375000	-1346180.500000	-730822.937500	-485614.187500	-277593.875000	3493.833496	-28425.974609	-78412.390625	-12916.719727	-1328.010986	-2071.187500	-0.000000	
-0.000000	-3770.908691	-8534.906250	6516.909668	32923.812500	36693.437500	146018.343750	46386.894531	-180052.406250	-323976.406250	-243477.312500	-167910.781250	-252024.937500	-155394.390625	421531.687500	1249361.875000	818829.250000	-267357.468750	179171.890625	-667935.187500	-397016.968750	84486.343750	-648580.562500	48948.910156	-377920.031250	-637583.937500	107170.429688	1061704.500000	1284725.000000	972839.750000	3397130.500000	4286628.500000	1312183.875000	300234.750000	1341792.000000	4127280.250000	-619278.812500	-5453806.000000	-3488312.250000	-2788924.500000	-1971628.875000	31844.494141	-350135.375000	-1409285.750000	-383335.312500	-81882.367188	-468628.343750	-192854.687500	-235301.890625	-95300.906250	263549.031250	-95810.835938	268030.343750	1371230.750000	628513.812500	-256599.859375	-177136.093750	51205.738281	-68146.484375	58004.585938	87897.742188	-21393.330078	-4600.626465	0.000000	
0.000000	-1181.634399	2905.903564	-22506.484375	-22089.968750	6859.075684	-71159.343750	6891.717285	-65804.343750	-133577.718750	26453.220703	303710.218750	420356.468750	360247.562500	1411495.000000	1984377.500000	672867.000000	169731.406250	833064.687500	2805477.750000	-459755.156250	-4414153.000000	-3074115.750000	-2674078.500000	-2056306.750000	36135.121094	-432601.812500	-1898272.875000	-563944.125000	-131885.437500	-828948.187500	-376093.375000	-508296.406250	-229366.437500	711707.875000	-292824.343750	936975.250000	5555292.500000	2999977.750000	-1473675.250000	-1258120.875000	466713.968750	-839390.562500	1042501.437500	2608580.750000	-1319067.875000	-1040941.000000	1235462.500000	-122365.156250	-1185392.500000	-679948.937500	68203.351562	488542.156250	357587.937500	34057.195312	220899.718750	760238.000000	-56019.199219	-353046.656250	-23690.380859	3616.056641	-9558.623047	-1784.928833	-0.000000	
0.000000	750.158447	13511.079102	94532.289062	-25580.712891	-358365.750000	-337278.156250	-376494.437500	-358049.062500	7570.528320	-106780.500000	-543018.187500	-184520.078125	-48837.855469	-344424.875000	-174102.156250	-260646.296875	-129667.500000	441870.812500	-199044.421875	695614.250000	4496293.000000	2643765.000000	-1412990.375000	-1312154.750000	529597.562500	-1037089.937500	1404223.500000	3837616.250000	-2124582.250000	-1841301.625000	2409323.000000	-264331.781250	-2852955.500000	-1836185.875000	208448.234375	1707836.125000	1448702.750000	162559.406250	1268646.250000	5399640.500000	-510586.187500	-4348633.000000	-425781.125000	107315.343750	-589364.625000	-403859.250000	-189299.640625	169679.843750	-67410.460938	-445983.812500	-719956.875000	-432451.468750	-262216.562500	-143205.781250	-50501.609375	-78643.234375	-64338.050781	-16123.869141	64555.207031	19798.863281	-9091.805664	-1025.904663	-0.000000	
-0.000000	-573.088806	7166.492188	-6706.923340	38703.878906	365034.343750	290062.031250	-198940.687500	-228475.531250	110953.906250	-255988.250000	401690.906250	1255651.375000	-786743.750000	-765053.937500	1115330.250000	-135545.140625	-1612858.500000	-1140014.000000	141690.609375	1267904.625000	1172538.125000	143257.359375	1216404.250000	5631545.000000	-579381.000000	-5372854.500000	-573516.562500	157877.062500	-949271.562500	-714379.250000	-369160.531250	366540.406250	-162240.812500	-1204368.625000	-2200386.500000	-1511755.375000	-1062322.875000	-683539.750000	-290035.125000	-558568.812500	-586408.187500	-198604.875000	1160234.125000	587579.750000	-560581.625000	-232121.906250	-283651.906250	-314103.968750	5501.850586	22324.429688	43912.531250	2400.344727	-95773.898438	234873.093750	310314.531250	-36643.718750	-104668.625000	-35027.421875	-8093.637207	5193.026855	-4626.915039	-1406.553101	-0.000000	
-0.000000	-7128.317871	-18489.343750	4774.351562	70546.039062	95193.234375	15717.553711	171262.531250	980578.187500	-121383.843750	-1326199.000000	-164059.625000	51656.695312	-351520.156250	-296821.906250	-170892.781250	187956.093750	-91719.437500	-747744.062500	-1495690.750000	-1122333.500000	-859813.375000	-602377.312500	-278091.687500	-582558.312500	-665419.000000	-245381.750000	1562806.500000	864418.562500	-902911.687500	-410596.218750	-553160.500000	-678523.750000	13241.635742	60286.589844	134208.796875	8391.078125	-388010.593750	1121079.625000	1782163.375000	-260264.437500	-954000.625000	-431448.343750	-145464.859375	154115.796875	-285285.843750	-318247.687500	-273243.937500	-92954.742188	202193.562500	18052.787109	-108515.742188	-67765.539062	49821.636719	20337.626953	-59862.339844	-41235.656250	-3889.374023	-11688.026367	-5147.809570	9478.376953	2110.741211	-704.421448	-0.000000	
0.000000	-405.370544	-12127.305664	-50398.218750	-62446.476562	-69804.484375	-66090.132812	-39153.664062	-101436.445312	-139409.343750	-60568.367188	447055.000000	282834.031250	-334352.843750	-170601.203125	-256070.562500	-347936.187500	7485.880859	37429.519531	91227.093750	6229.571289	-314044.562500	987964.437500	1708775.125000	-271442.312500	-1082539.750000	-533066.187500	-195937.546875	226727.593750	-459501.218750	-562942.562500	-532863.500000	-200799.750000	486631.406250	48751.125000	-331654.000000	-236893.437500	201843.312500	97074.125000	-343794.593750	-292879.000000	-35449.644531	-143966.625000	-92520.250000	281294.031250	130143.859375	-159382.875000	-163601.171875	-120743.882812	-58815.718750	32517.476562	-9482.881836	-26404.406250	120933.851562	27234.644531	-61979.578125	-25059.632812	-2799.473877	18451.455078	-1088.818237	-5770.607910	-1951.893555	-391.939941	0.000000	
-0.000000	33.085194	607.051575	3073.952637	346.612488	-25495.900391	108395.015625	240585.437500	-47264.187500	-226798.656250	-131578.437500	-56049.714844	74184.289062	-170155.656250	-233900.515625	-246674.609375	-102966.914062	275106.843750	30267.613281	-225438.500000	-175870.671875	163366.156250	85547.695312	-329637.375000	-305457.593750	-40226.015625	-177874.687500	-124622.476562	413826.000000	209618.750000	-281929.468750	-319044.937500	-260829.531250	-141555.328125	87812.671875	-28982.300781	-92304.015625	489941.562500	129994.484375	-355954.093750	-177987.703125	-25515.763672	227274.781250	-19569.050781	-171256.921875	-120349.656250	-88680.601562	28254.460938	-199.990616	-31475.691406	-13792.628906	-15316.441406	-14720.928711	-4925.285645	13897.878906	17962.537109	8707.231445	5762.167969	-1183.764282	-2963.789795	-1495.848877	-1165.415039	-316.923035	-0.000000	
-0.000000	1215.884155	490.895996	-7596.288086	-9785.418945	13262.981445	9385.908203	-46410.996094	-53187.007812	-8427.595703	-43905.382812	-35649.390625	135402.078125	77622.898438	-117140.640625	-147693.140625	-133749.234375	-80025.335938	54519.359375	-19700.429688	-68526.882812	396544.562500	114559.140625	-341296.156250	-185631.937500	-28953.679688	280804.187500	-26359.025391	-251944.781250	-193843.515625	-156865.500000	55100.113281	-432.017426	-75754.437500	-37246.667969	-46811.265625	-51461.136719	-19953.900391	66336.375000	103160.414062	61843.691406	52519.195312	-14580.952148	-53267.429688	-44392.980469	-71857.039062	-71707.226562	-48517.156250	404.152283	18439.576172	10007.708984	46437.601562	24084.236328	-4530.569336	1586.535034	-20264.781250	2680.983154	19810.990234	-1062.135010	-2298.911621	-517.087708	-815.963745	189.906296	0.000000	
-0.000000	-353.686340	884.223511	-663.818054	-3812.825928	32193.714844	12568.914062	-48052.484375	-32322.679688	-6065.972168	69311.804688	-7540.238281	-82435.242188	-71781.250000	-65177.031250	25507.091797	-221.531647	-42826.183594	-23124.957031	-31819.490234	-38204.960938	-16150.110352	58459.695312	98912.343750	64499.761719	59595.468750	-18015.164062	-71749.906250	-65308.777344	-115737.945312	-126841.609375	-94615.179688	873.045105	44379.636719	27025.580078	141926.109375	84193.203125	-18354.781250	7572.737305	-116382.398438	19041.859375	180566.968750	-13082.789062	-41317.746094	-15345.844727	-50310.609375	42968.328125	39156.078125	-32420.453125	-30857.615234	3811.732178	134391.375000	35448.714844	242487.296875	566806.312500	119712.062500	-39500.496094	44883.011719	-29865.380859	-29670.564453	-8781.300781	38912.570312	9883.555664	0.000000	
-0.000000	-189.278015	-375.052673	-1072.177246	-2125.718750	-1311.156738	6413.935059	13926.273438	11230.853516	12485.613281	-4446.741211	-20524.712891	-21368.750000	-42858.355469	-52702.214844	-43799.511719	447.683624	25089.095703	16779.095703	96472.859375	62505.378906	-14855.828125	6673.562500	-111589.859375	19859.671875	204896.000000	-16164.143555	-55653.976562	-22576.054688	-81033.765625	76005.898438	76359.773438	-70034.289062	-74266.882812	10293.492188	410737.093750	123920.929688	982393.312500	2705439.750000	687516.750000	-280554.875000	409085.562500	-367865.187500	-533261.375000	-260606.609375	2399267.250000	2236260.250000	165566.906250	2639230.500000	1157923.000000	-1074637.125000	-368168.968750	-542886.812500	209053.515625	16744.226562	-240172.656250	365288.531250	5125.835449	108739.492188	377092.656250	8196.807617	-43276.519531	-4760.671387	-0.000000	
0.000000	110.885765	272.132172	3250.711914	3477.790527	-1206.079590	732.193237	-15711.192383	3458.013916	42926.960938	-3989.847412	-15920.325195	-7386.787598	-30007.218750	31580.166016	35348.671875	-35912.468750	-41985.222656	6390.815430	279194.437500	91999.414062	795120.750000	2384200.250000	659205.312500	-292604.187500	464204.468750	-454507.500000	-718289.875000	-383391.656250	3864426.500000	3955680.000000	322878.406250	5701235.000000	2786843.000000	-2902031.750000	-1125225.875000	-1897813.125000	846942.375000	79922.367188	-1379332.500000	2594486.000000	46719.355469	1339392.750000	6777389.000000	243260.343750	-2668339.250000	-1077152.875000	-1595429.000000	34838.777344	-731228.062500	-73922.843750	1654010.250000	-125986.468750	96775.789062	1040430.437500	-365823.125000	-345627.031250	-145309.343750	-168778.406250	4218.603516	-54225.484375	13551.357422	10830.200195	-0.000000	
-0.000000	-185.561234	103.649590	9407.627930	5118.834473	64552.371094	261583.718750	92812.210938	-50948.945312	97253.664062	-112187.546875	-205473.328125	-125444.101562	1431017.000000	1643570.250000	149467.734375	2923502.750000	1575483.125000	-1801754.875000	-764861.062500	-1408944.375000	685490.687500	70432.507812	-1322532.500000	2705914.500000	53014.171875	1654856.250000	9128975.000000	357872.687500	-4297812.500000	-1905356.125000	-3111307.750000	75258.320312	-1759890.500000	-199626.890625	5055111.000000	-440421.062500	392069.531250	4966109.000000	-2100954.000000	-2454838.750000	-1324419.875000	-2078918.875000	75819.875000	-1609274.000000	835548.250000	2450448.500000	-842515.125000	2345363.000000	2531376.000000	-1639171.375000	-1114643.750000	-838400.125000	-279131.125000	46718.390625	-428345.312500	421271.593750	265513.843750	-97765.820312	213074.484375	23642.839844	-45122.667969	-3224.588379	-0.000000	
0.000000	6963.130859	-29221.804688	-25772.460938	-78393.468750	55651.984375	7727.538086	-186204.765625	471160.312500	11106.791992	408473.500000	2611426.250000	117094.398438	-1591502.125000	-791668.312500	-1440294.875000	38591.269531	-994917.187500	-123940.312500	3436161.250000	-326970.406250	317329.750000	4376441.000000	-2014438.250000	-2560269.500000	-1502868.125000	-2568561.000000	102127.484375	-2367485.000000	1345792.000000	4334554.000000	-1643021.250000	5066426.000000	6092415.000000	-4426543.500000	-3406658.500000	-2930862.750000	-1130849.125000	222992.937500	-2460024.250000	2992109.500000	2420022.000000	-1204225.125000	3829532.750000	701659.187500	-2782168.750000	-729597.625000	-1511931.375000	-703473.500000	-871154.937500	-199563.609375	1916707.875000	117663.773438	-23634.820312	1030793.375000	-302833.031250	-441604.312500	-193004.031250	-131017.867188	15753.124023	-50132.097656	16477.392578	8385.571289	-0.000000	
0.000000	-4397.215332	-2010.128906	115783.554688	-18192.587891	25762.613281	480163.437500	-283621.000000	-445800.281250	-314860.031250	-634006.187500	29214.494141	-774630.875000	498353.718750	1800990.875000	-760591.812500	2597982.500000	3444219.000000	-2748262.750000	-2315642.000000	-2175884.750000	-915276.562500	196515.109375	-2358722.250000	3120615.000000	2746088.000000	-1487853.000000	5158285.500000	1032246.562500	-4481154.500000	-1290572.000000	-2948475.750000	-1519635.250000	-2096661.000000	-538916.750000	5857987.500000	411326.718750	-95752.187500	4920110.500000	-1739196.250000	-3136523.750000	-1759132.375000	-1613805.375000	283126.843750	-1487792.750000	1015961.437500	1897325.125000	-871757.437500	2263653.750000	1446633.250000	-1654577.250000	-827236.562500	-698725.250000	-286392.625000	-305476.718750	-69141.179688	687454.312500	53411.617188	819.606445	179442.250000	-53536.800781	-28603.750000	-3546.479004	-0.000000	
0.000000	15222.344727	-44572.765625	-78026.976562	-121065.914062	-74307.296875	21560.753906	-332094.156250	543368.937500	575322.187500	-367251.531250	1475574.375000	337746.625000	-1659394.500000	-536227.812500	-1364916.250000	-779244.750000	-1185303.250000	-334591.750000	3981908.500000	305370.656250	-77499.054688	4335904.000000	-1667577.500000	-3271231.750000	-1996152.375000	-1993900.625000	381364.812500	-2188767.750000	1636378.125000	3356144.000000	-1700047.750000	4889918.500000	3481699.250000	-4468146.500000	-2528263.000000	-2442590.250000	-1160267.750000	-1458079.875000	-397083.812500	4882690.000000	486819.375000	10095.458008	3225069.250000	-1588835.625000	-1763647.125000	-802428.812500	-1220110.750000	-637113.375000	-787228.062500	1418274.625000	928047.062500	-276847.437500	1372681.875000	305484.906250	-708349.250000	-304962.093750	-226122.328125	-53848.210938	-78226.765625	26461.132812	47290.882812	-1702.796631	0.000000	
-0.000000	-5238.660645	-5426.584473	134172.843750	16990.781250	-6291.808594	475715.906250	-234785.046875	-569594.687500	-418206.062500	-492160.906250	109092.867188	-716155.375000	605959.250000	1394465.250000	-786990.687500	2507472.500000	1968305.500000	-2774092.500000	-1718561.500000	-1813389.000000	-939087.187500	-1284949.750000	-380732.187500	5092392.000000	552411.937500	12473.213867	4344088.000000	-2337417.250000	-2840652.500000	-1419401.750000	-2379385.000000	-1376284.875000	-1894669.125000	3830017.000000	2836367.750000	-967797.875000	5561171.500000	1458119.000000	-4068111.250000	-2166013.500000	-2060988.625000	-663272.375000	-1405949.500000	785298.937500	2915856.500000	-385275.937500	1823771.250000	1827781.625000	-1548083.500000	-678608.125000	-620945.062500	-674907.375000	-543580.500000	-64929.546875	984281.125000	171764.312500	35599.843750	353072.531250	-73728.296875	-87848.234375	-21014.033203	-6234.990234	-0.000000	
0.000000	8699.280273	-44991.687500	-57907.984375	-100896.710938	-76240.375000	-140978.906250	-53604.839844	886699.562500	115733.656250	3078.803467	1242665.875000	-764792.812500	-1051908.250000	-589756.125000	-1101471.250000	-705737.000000	-1071111.375000	2377903.500000	1927992.625000	-718497.125000	4501051.500000	1284984.250000	-3900589.250000	-2259039.750000	-2338679.750000	-819491.125000	-1893779.125000	1155293.250000	4696481.000000	-681507.625000	3556606.500000	3948352.500000	-3725865.750000	-1832565.125000	-1897779.250000	-2359328.000000	-2202217.750000	-309917.125000	5652812.000000	1219967.375000	324474.250000	4348951.500000	-1325099.625000	-2607111.500000	-1295681.125000	-1410733.250000	-524607.187500	-1055747.875000	1138384.250000	1183988.500000	146700.625000	2227065.500000	689842.375000	-998642.500000	-411304.531250	-358729.062500	-131740.687500	-144699.171875	-17212.640625	146641.250000	11711.847656	4684.808105	0.000000	
-0.000000	-4733.969238	38566.085938	64964.890625	-39977.082031	365420.656250	140982.687500	-549179.937500	-393349.437500	-489967.656250	-202277.625000	-541732.687500	378006.968750	1739131.000000	-283163.875000	1646433.875000	2024652.375000	-2106340.000000	-1137766.000000	-1289996.500000	-1751574.875000	-1782411.375000	-273118.062500	5420033.000000	1272362.750000	368192.875000	5373248.500000	-1784876.250000	-3835454.500000	-2086914.125000	-2495420.250000	-1023056.625000	-2280614.250000	2739817.750000	3197332.750000	448357.562500	7785332.500000	2794771.250000	-4766650.000000	-2362157.500000	-2547897.000000	-1200748.500000	-1782324.250000	-309358.343750	4351938.500000	722127.937500	1059987.875000	3036366.500000	-1456572.125000	-1327028.625000	-464792.156250	-992238.250000	-277936.750000	-708200.187500	354754.000000	794275.625000	-35893.019531	658866.000000	472036.968750	-197305.390625	-93182.843750	-35935.207031	-6374.833496	0.000000	
0.000000	-9309.347656	-18452.884766	-43467.222656	-97457.375000	-144706.171875	-29965.285156	763108.625000	221546.843750	77138.648438	1326296.125000	-510580.062500	-1254944.125000	-772795.000000	-1036837.812500	-473596.125000	-1169462.750000	1548898.500000	1985095.250000	304766.562500	5779863.000000	2262007.000000	-4200665.500000	-2264885.750000	-2657324.500000	-1362533.625000	-2202110.250000	-416698.000000	6402358.500000	1163109.375000	1874993.375000	5921335.500000	-3146470.000000	-3193839.500000	-1255160.125000	-3032553.500000	-971605.937500	-2869144.500000	1693286.750000	4561593.500000	-254932.546875	6005224.500000	5814290.000000	-3546118.750000	-2765429.000000	-2215689.250000	-1442374.250000	567385.312500	-1609681.125000	288324.187500	1483110.375000	-666741.250000	1950181.250000	2109227.500000	-986528.375000	-482427.812500	-201874.562500	-425848.781250	12655.542969	-86354.218750	-36869.902344	43171.390625	-3577.501953	-0.000000	
-0.000000	6845.635254	32195.314453	10269.295898	321590.781250	183642.453125	-460878.125000	-318882.500000	-462699.687500	-285459.093750	-543553.937500	-119200.250000	2094824.000000	430705.375000	779052.750000	2741120.500000	-1613459.750000	-1805570.125000	-779278.500000	-2061348.000000	-721324.250000	-2322202.750000	1492228.500000	4373750.500000	-265881.437500	6814350.000000	7183713.500000	-4776534.000000	-4068363.750000	-3568743.000000	-2551389.500000	1106480.000000	-3477214.250000	693927.187500	4005104.250000	-2037745.000000	6817406.000000	8545152.000000	-4708827.500000	-2770625.000000	-1433827.500000	-3881392.500000	155883.953125	-1552022.125000	-1094204.625000	2661857.250000	-809448.062500	-755171.437500	4255810.000000	979723.750000	-2080175.875000	-699701.562500	-1017424.312500	-642394.625000	172598.640625	-400841.218750	-266618.062500	52245.699219	-102666.781250	-104925.578125	106067.023438	60051.593750	-6357.998535	-0.000000	
-0.000000	-7980.041504	-12638.747070	-69458.382812	-40134.378906	-188529.468750	163720.609375	615798.250000	-46295.914062	1427647.750000	1773179.125000	-1366370.875000	-1331151.000000	-1321523.875000	-1060092.750000	512214.656250	-1783060.125000	392297.156250	2486608.250000	-1385136.875000	5061270.000000	6916199.000000	-4149709.000000	-2656532.500000	-1495407.750000	-4404359.500000	192598.890625	-2090535.250000	-1609740.250000	4287372.000000	-1431818.000000	-1472689.000000	9193351.000000	2357960.000000	-5617465.500000	-2138480.750000	-3556692.250000	-2602545.250000	823835.625000	-2302066.000000	-1893672.375000	476192.656250	-1264592.375000	-1885800.375000	3147798.750000	3702655.000000	-1438565.250000	-1406203.125000	-667386.437500	-1328873.375000	-479955.250000	-280162.468750	-478250.875000	39290.003906	128830.898438	-75716.773438	11135.294922	351269.500000	288747.531250	-33942.332031	-60343.554688	-15079.324219	-5719.404785	-0.000000	
-0.000000	1733.827881	40329.113281	-46673.035156	281608.375000	561495.937500	-455287.406250	-374024.093750	-260383.984375	-922740.125000	47539.804688	-598016.625000	-526700.062500	1587635.875000	-594915.000000	-681741.125000	4714204.000000	1333023.250000	-3487658.500000	-1453611.000000	-2640503.000000	-2106425.000000	726014.687500	-2207268.500000	-1975002.125000	540353.375000	-1562438.500000	-2540126.250000	4630887.000000	5963753.500000	-2544651.750000	-2742291.000000	-1441680.500000	-3198279.500000	-1296107.750000	-856253.750000	-1671860.125000	159176.328125	614926.562500	-434847.968750	79089.171875	3201640.750000	3556632.000000	-610036.812500	-1790842.750000	-929759.437500	-1294076.500000	-707337.125000	-251903.359375	-601969.000000	-562108.062500	-282786.281250	-74891.351562	-12486.382812	127696.679688	1163084.500000	1146174.750000	60907.691406	-215489.687500	-57606.835938	-63020.339844	-31565.001953	-3925.861084	-0.000000	
0.000000	5891.535645	-56564.671875	-48980.312500	-146917.218750	-171011.406250	79655.070312	-310770.375000	-343892.093750	113207.320312	-385661.718750	-726626.187500	1515206.250000	2208408.500000	-1057293.375000	-1269468.625000	-739270.812500	-1808080.250000	-804701.187500	-582029.937500	-1241195.875000	128832.718750	541911.125000	-416941.250000	82485.906250	3633019.750000	4394316.000000	-821704.375000	-2634600.000000	-1497535.125000	-2289068.500000	-1379405.375000	-544158.687500	-1448795.000000	-1517959.500000	-864272.812500	-261803.734375	-50586.312500	609512.750000	6679695.500000	8140782.000000	555142.250000	-2654282.500000	-1035352.812500	-1870282.875000	-1946231.625000	-888268.062500	-923096.187500	-733932.312500	-277601.625000	-230415.796875	-140674.953125	-20931.089844	-198947.453125	91055.406250	447887.562500	125244.562500	-135930.437500	-82021.570312	-38889.460938	-11563.806641	-2491.307861	-2054.161621	-0.000000	
-0.000000	-7991.135254	-13051.065430	-19611.853516	-69059.960938	10459.363281	59456.054688	-58702.863281	14362.643555	761139.750000	1084663.125000	-235056.000000	-862029.812500	-554544.937500	-951099.375000	-638558.000000	-279035.906250	-819045.875000	-942440.000000	-587480.812500	-194364.171875	-40943.101562	537140.187500	6404630.500000	8490413.000000	629940.375000	-3279438.250000	-1394594.500000	-2751468.500000	-3134736.000000	-1571241.250000	-1800165.375000	-1585432.125000	-668120.562500	-622232.375000	-429941.406250	-73170.492188	-805999.500000	434619.250000	2572257.250000	889557.812500	-1238936.000000	-1010296.250000	-698950.187500	-343184.281250	-153608.812500	-464776.031250	-422859.968750	-308863.718750	-229760.265625	20797.853516	172690.296875	37274.199219	-103043.640625	13287.337891	178405.359375	47055.722656	-58989.191406	-21415.419922	-11476.946289	-9528.057617	964.629272	187.008392	-0.000000	
-0.000000	-3619.920166	-15284.986328	-19795.525391	-10814.395508	-3323.990967	58932.605469	901734.125000	1478371.125000	131976.343750	-809474.312500	-398936.437500	-900268.625000	-1160808.875000	-652844.875000	-833337.375000	-812984.312500	-377707.937500	-386319.062500	-292248.375000	-54322.078125	-652352.750000	383013.250000	2466333.500000	927762.625000	-1405866.250000	-1248248.625000	-941468.562500	-504875.906250	-247413.015625	-822133.875000	-824635.500000	-667203.812500	-552977.875000	56164.109375	527789.125000	130302.421875	-417462.625000	63422.179688	1024597.437500	334216.375000	-537656.125000	-263783.281250	-206272.187500	-282768.437500	59477.015625	42312.648438	-109389.687500	-8932.842773	-57352.617188	-47189.003906	50632.808594	18079.755859	-51844.265625	-57625.824219	34384.367188	110744.257812	40989.679688	-29265.595703	-23216.138672	-6318.125000	-2271.328613	-822.216675	-0.000000	
-0.000000	-1669.348022	-6265.524902	-9847.488281	-3022.472656	-52961.660156	42022.492188	347245.187500	161544.265625	-294537.562500	-308109.218750	-269315.625000	-165193.218750	-91618.312500	-341593.562500	-381742.468750	-342131.468750	-312614.437500	34870.035156	358759.406250	96737.054688	-337882.187500	55891.531250	982405.250000	348570.343750	-610098.250000	-325911.437500	-277843.531250	-415995.062500	95797.812500	74846.070312	-213325.046875	-19296.623047	-138034.000000	-127432.781250	154747.812500	63202.859375	-210037.640625	-275055.500000	197472.406250	786568.437500	373599.812500	-360477.375000	-417257.687500	-187505.828125	-140045.343750	-186035.312500	-91875.914062	89028.789062	57680.128906	45366.394531	171736.343750	118995.875000	5596.283203	-10305.589844	-56229.609375	-42144.128906	38210.265625	31971.708984	-4566.494629	-11739.897461	-4333.605957	-255.418076	-0.000000	
-0.000000	-1381.655640	565.540527	12088.618164	5382.436523	-27431.173828	6132.167480	138316.859375	60693.906250	-127819.296875	-80445.765625	-79479.664062	-136111.781250	35474.421875	31098.263672	-98753.000000	-9895.000977	-78034.625000	-79117.890625	105188.281250	46922.066406	-169998.406250	-242395.843750	189340.640625	820350.062500	423937.500000	-445379.625000	-562035.750000	-275849.375000	-225566.765625	-329074.500000	-179170.750000	192318.953125	138822.234375	122510.867188	524873.625000	415983.468750	22672.326172	-49189.914062	-322931.531250	-299331.468750	348266.906250	393809.781250	-82072.429688	-348410.218750	-267201.031250	-57791.070312	-85620.000000	-26959.099609	63410.167969	-32573.246094	-40356.195312	-24152.994141	-78957.015625	97808.046875	235360.093750	26907.683594	-60389.285156	7968.014648	12967.734375	-8998.452148	-4001.618652	-256.972351	-0.000000	
-0.000000	-344.888031	-1283.175293	3544.383545	2610.737061	-13801.424805	-26594.582031	26658.042969	142841.328125	88817.484375	-109934.484375	-160775.421875	-90256.726562	-83528.531250	-136729.218750	-82942.203125	98618.093750	78480.242188	76062.070312	356777.593750	308827.843750	18350.324219	-43349.179688	-309633.437500	-312187.187500	395191.281250	486562.718750	-110549.523438	-512564.031250	-430372.531250	-102225.578125	-166970.859375	-58236.734375	152613.078125	-87963.273438	-123339.648438	-84433.570312	-319880.031250	466850.468750	1351693.375000	191113.609375	-550417.250000	98145.585938	233065.750000	-267051.093750	-246731.390625	-58142.742188	-86500.406250	-116528.171875	170202.375000	188333.421875	-76638.656250	-34156.714844	40921.101562	-53319.945312	-42162.101562	-15273.065430	-15047.576172	66466.226562	54755.296875	-1377.471436	-7914.343262	-1367.376221	0.000000	
0.000000	346.857513	1233.614502	12021.839844	17183.138672	1489.782471	-4756.077148	-43594.558594	-54358.785156	82794.984375	120099.843750	-31623.695312	-167708.734375	-159369.156250	-42474.343750	-77294.593750	-29862.869141	86276.593750	-54612.863281	-83838.898438	-62683.832031	-258901.640625	411417.375000	1296031.625000	199321.578125	-624578.750000	121261.546875	313933.781250	-392872.500000	-397402.718750	-102847.640625	-168687.765625	-251722.796875	409636.312500	508589.906250	-234228.859375	-119404.382812	165784.421875	-254503.000000	-242140.609375	-108477.960938	-137150.921875	818694.125000	984102.812500	-40879.835938	-487981.781250	-309383.500000	189432.500000	351538.218750	-106598.023438	-174159.640625	-135250.453125	-157701.843750	83292.187500	163416.171875	-40246.117188	-90076.390625	39280.132812	99387.179688	26414.529297	-11801.099609	-4358.032715	-1315.519165	-0.000000	
-0.000000	381.314911	-885.739990	-2825.002930	-3487.719482	-21019.089844	45138.863281	182473.593750	34706.351562	-130853.046875	29931.376953	89803.601562	-128546.187500	-147160.281250	-42732.808594	-78089.398438	-129079.445312	231579.296875	315763.031250	-159214.718750	-88646.304688	134181.125000	-224283.718750	-232169.437500	-113136.882812	-155630.203125	1011518.937500	1325562.000000	-60140.410156	-785977.375000	-547262.812500	369419.625000	759388.750000	-256555.875000	-470313.968750	-413362.656250	-551291.062500	337443.187500	780006.562500	-231136.953125	-639773.500000	358018.187500	1224196.125000	474741.531250	-350226.562500	-268707.156250	-297650.281250	-354178.593750	-225456.828125	-156137.828125	-96989.671875	-29983.011719	-24233.197266	75828.812500	285983.500000	43796.855469	-21739.894531	452825.687500	266277.687500	-82256.648438	-41453.546875	-3992.519043	-2393.201172	-0.000000	
-0.000000	1023.506287	5121.209961	-5364.837402	-4932.268066	10893.577148	-24607.400391	-32688.083984	-19699.666016	-32605.474609	249676.468750	379189.062500	-19677.683594	-291051.468750	-227385.671875	171012.718750	389402.468750	-145038.484375	-291999.031250	-280979.125000	-409280.750000	273116.750000	687389.812500	-221618.906250	-667250.562500	406256.437500	1512527.750000	639465.062500	-515236.125000	-432798.406250	-526508.125000	-690697.312500	-487029.218750	-375786.312500	-261918.296875	-91636.343750	-84713.945312	307206.656250	1365036.250000	251529.156250	-154409.046875	4127273.250000	3279860.750000	-1478377.500000	-1230235.500000	-246170.343750	-541487.375000	-660580.750000	-429037.906250	-86782.890625	-139949.234375	-218482.031250	192858.375000	308956.500000	76171.382812	-200189.390625	496075.062500	1181973.750000	315222.031250	-156686.140625	-64477.675781	-22581.683594	-3477.052734	-0.000000	
0.000000	-641.023621	-4735.793457	-9467.763672	-22772.324219	22173.154297	75417.320312	-31202.630859	-116183.273438	85113.195312	373342.093750	182924.781250	-168583.031250	-160267.468750	-218762.171875	-319739.437500	-249740.828125	-212442.906250	-162614.546875	-62288.890625	-62891.980469	248644.187500	1202954.000000	241171.359375	-161040.625000	4683369.000000	4052357.500000	-1991337.750000	-1809862.250000	-396499.031250	-957827.125000	-1288223.875000	-926802.687500	-208865.593750	-377929.593750	-667741.312500	674190.562500	1251681.250000	363575.843750	-1149705.000000	3523406.000000	10773082.000000	3882730.250000	-2816079.750000	-1913532.875000	-1392339.125000	-786720.375000	-1201862.875000	-1501438.250000	-541009.625000	281020.125000	-295776.062500	-58640.960938	101268.812500	-316089.781250	-272753.812500	969730.062500	1103841.500000	43675.386719	-118548.070312	-60279.351562	-27108.375000	-5966.280273	-0.000000	
-0.000000	-938.929626	-2637.367920	-2098.862305	-3499.301025	20186.332031	131982.703125	33955.503906	-28040.779297	981194.312500	1000256.437500	-569640.250000	-592179.125000	-146825.640625	-397973.593750	-596348.062500	-475249.687500	-118077.781250	-234641.296875	-453890.500000	500521.875000	1013074.625000	320405.437500	-1102361.000000	3674729.750000	12224614.000000	4797219.000000	-3793189.250000	-2815095.750000	-2242598.250000	-1391615.375000	-2343799.000000	-3243389.500000	-1302080.500000	758888.125000	-903973.125000	-204995.937500	410272.218750	-1508737.375000	-1566448.750000	6887572.000000	10060947.000000	537969.187500	-2130633.750000	-1788937.375000	-1671445.500000	-1349934.750000	-1225484.875000	-1085409.125000	-1023167.750000	287910.968750	1215260.125000	1238943.000000	312118.375000	-442564.875000	-380744.218750	1523546.125000	1741322.875000	238872.015625	-130363.835938	-127233.445312	-57867.695312	-15257.272461	-0.000000	
-0.000000	-521.865967	-3805.535400	-15294.118164	27848.966797	82247.085938	35153.441406	-155205.921875	639852.750000	2561131.000000	1184113.000000	-1085076.250000	-921087.187500	-830445.625000	-578211.000000	-1084997.750000	-1663158.500000	-736103.875000	471163.125000	-614466.687500	-152189.828125	332062.468750	-1329592.375000	-1501943.500000	7183380.000000	11416528.000000	664675.625000	-2869911.000000	-2631797.000000	-2692146.250000	-2387875.000000	-2389865.500000	-2344688.250000	-2462519.250000	777496.687500	3714170.000000	4331072.500000	1264490.875000	-2112419.500000	-2186647.000000	10821087.000000	15871262.000000	2942293.000000	-2342995.500000	-3775964.250000	-3568000.500000	-3452121.000000	-3079984.000000	-2253912.000000	-1491499.375000	-742076.812500	-517683.343750	-84747.000000	115321.906250	63384.183594	154058.734375	2000474.375000	2060901.750000	536322.375000	17942.333984	-161855.171875	-92257.171875	-19380.107422	-0.000000	
-0.000000	-3253.343262	7641.570312	-20704.832031	-8467.820312	26958.697266	-145876.890625	-211464.765625	1250787.375000	2391832.000000	164064.015625	-820964.062500	-861112.625000	-996915.562500	-992153.125000	-1106322.875000	-1202318.750000	-1392133.625000	482716.437500	2524670.000000	3215406.250000	1023442.375000	-1861594.000000	-2096602.500000	11285832.000000	18009706.000000	3635283.500000	-3155956.750000	-5555013.500000	-5746869.500000	-6106394.000000	-6006395.500000	-4868874.500000	-3589681.250000	-2003960.750000	-1582183.000000	-296256.937500	467205.781250	302540.906250	884772.625000	14208501.000000	18784058.000000	6606121.500000	322472.937500	-4803448.500000	-5688383.000000	-4384956.500000	-2694034.250000	-2361284.750000	-1883489.625000	-1648953.250000	-1533404.375000	-988884.562500	-631407.000000	117419.898438	16597.207031	1079850.875000	2380154.000000	1083182.875000	210910.406250	-50444.433594	-74402.773438	-22092.101562	-0.000000	
-0.000000	-6152.784668	7828.948242	85070.296875	178904.750000	83088.804688	-204245.718750	-295189.250000	1965116.250000	3773143.250000	897308.687500	-902790.125000	-1817576.375000	-2128095.250000	-2537184.000000	-2780496.750000	-2496681.250000	-2029351.000000	-1244178.625000	-1075473.125000	-219942.359375	378142.843750	266617.687500	848338.375000	14818730.000000	21314964.000000	8162043.500000	434363.031250	-7066598.000000	-9162105.000000	-7756470.000000	-5253740.000000	-5100819.500000	-4533107.500000	-4452959.000000	-4686506.500000	-3456923.500000	-2558031.000000	560460.375000	95319.203125	7669712.500000	21693878.000000	13342046.000000	3790638.250000	-1497062.125000	-4587518.500000	-4998574.500000	-3918943.750000	-2719436.750000	-2454131.250000	-1828821.625000	-1807474.375000	-1356750.750000	-968177.812500	-374227.750000	270770.656250	49406.488281	558223.750000	1083753.500000	508437.218750	156083.125000	2103.937012	-12384.259766	-0.000000	
-0.000000	-8969.081055	-20178.742188	-36238.726562	-12237.562500	30699.761719	29252.091797	119441.023438	2580272.750000	4465614.500000	2014663.500000	124253.484375	-2312160.250000	-3392774.750000	-3222784.250000	-2432075.500000	-2615619.000000	-2562697.250000	-2764663.250000	-3185606.000000	-2566434.250000	-2070396.375000	493912.187500	91394.023438	7999112.000000	24616844.000000	16484462.000000	5105895.500000	-2202404.250000	-7388976.000000	-8841887.000000	-7642483.500000	-5874495.500000	-5906505.500000	-4938689.000000	-5524140.000000	-4742903.000000	-3922396.750000	-1786237.500000	1555059.375000	350912.843750	5087922.000000	13349075.000000	9138011.000000	4632149.000000	129724.335938	-2802071.250000	-3859070.000000	-3387629.750000	-2398712.250000	-1521567.125000	-1249779.000000	-1296427.125000	-734565.500000	-508570.000000	-317419.343750	11784.833008	-48595.687500	-62637.542969	237482.765625	157344.578125	26828.357422	5093.621582	-0.000000	
-0.000000	-11326.300781	-44838.757812	-107340.937500	-142796.031250	-168086.406250	54189.824219	12867.738281	1392824.625000	5157379.000000	4068912.750000	1460587.875000	-720617.187500	-2736175.750000	-3673771.000000	-3537879.000000	-3012347.750000	-3339118.750000	-3066233.500000	-3754979.000000	-3521150.750000	-3174674.500000	-1574142.500000	1491023.125000	365983.906250	5773452.500000	16493146.000000	12308674.000000	6814590.500000	208943.031250	-4956533.000000	-7525721.000000	-7317918.000000	-5773125.000000	-4108956.000000	-3819669.250000	-4532024.500000	-2975958.750000	-2427470.500000	-1822966.875000	83702.554688	-442924.687500	-771534.500000	4268216.500000	4669586.000000	1654180.125000	1152486.375000	-502611.656250	-1355708.125000	-1262780.375000	-809103.750000	-944977.000000	-708988.312500	-533201.437500	-302529.187500	-101023.171875	-50186.187500	57315.773438	47829.371094	-38772.972656	-22963.421875	53272.085938	11659.578125	-0.000000	
-0.000000	-14757.835938	-49729.781250	-126526.312500	-195916.328125	-257737.921875	-172707.828125	209927.250000	63725.992188	1209573.500000	4071056.500000	3521008.000000	2229704.750000	77372.679688	-2059420.875000	-3483827.000000	-3752512.000000	-3263715.000000	-2551085.500000	-2596382.000000	-3364593.750000	-2408655.000000	-2139236.500000	-1747898.375000	87297.421875	-502602.968750	-953251.937500	5749181.500000	6869666.000000	2664337.500000	2038612.250000	-980162.312500	-2928584.750000	-3039209.500000	-2184965.500000	-2888110.250000	-2478467.750000	-2160169.000000	-1444011.000000	-580184.875000	-356450.718750	522403.781250	589135.687500	-696856.625000	-681495.812500	3284644.750000	2638104.250000	-729438.375000	-572349.875000	-242111.343750	-329716.625000	-510679.500000	-332537.718750	-352801.312500	-262092.125000	-214567.875000	-57522.273438	-8250.079102	31327.974609	70949.812500	19286.595703	-5054.892578	403.662567	0.000000	
-0.000000	-14424.575195	-41374.839844	-87486.679688	-187205.531250	-195548.140625	-234707.390625	-246093.765625	15200.437500	-105298.382812	-235294.234375	1644605.625000	2247725.000000	986617.875000	847035.750000	-453739.375000	-1501731.625000	-1718153.250000	-1356557.250000	-1963164.000000	-1840024.625000	-1748378.250000	-1272551.375000	-556293.250000	-371759.625000	592790.812500	727893.250000	-938648.562500	-1002583.250000	5290477.000000	4666494.500000	-1422505.875000	-1236383.500000	-582703.937500	-890391.937500	-1560777.250000	-1162478.875000	-1429310.625000	-1250999.625000	-1232281.875000	-408555.750000	-75195.218750	385880.625000	1275162.750000	572377.000000	-311674.062500	91332.968750	2721586.000000	1639183.375000	-448588.125000	-262936.218750	-232470.750000	-277209.812500	-438742.968750	-333202.406250	-172368.390625	-109622.437500	-126262.742188	6927.763672	51798.250000	40010.585938	9875.783203	-985.822205	-0.000000	
-0.000000	-7593.687012	-22001.355469	-66150.015625	-102378.710938	-141943.171875	-139618.625000	-78322.804688	-64731.675781	124193.289062	179668.218750	-268508.937500	-328040.906250	1959090.875000	1938911.125000	-658510.250000	-633997.812500	-329419.437500	-552808.562500	-1060922.750000	-863029.125000	-1156842.625000	-1102457.875000	-1181537.375000	-426102.468750	-85326.789062	476766.031250	1717612.500000	842052.937500	-502003.906250	161557.234375	5307469.500000	3540945.000000	-1079644.000000	-710053.000000	-710494.687500	-969064.625000	-1777487.500000	-1590418.250000	-989926.625000	-778600.625000	-1150819.875000	85332.351562	930956.562500	1187412.125000	608920.000000	-223052.812500	-816619.500000	498598.656250	2632060.000000	1012021.625000	18532.248047	-188047.062500	-489448.968750	-406817.343750	-194020.734375	-176290.250000	-162755.781250	-100583.617188	-58085.062500	-11857.020508	-3103.199951	413.599731	0.000000	
-0.000000	-1455.928345	-8965.738281	-35748.441406	-48018.820312	-93918.984375	-120956.726562	-166353.484375	-74193.984375	-17876.482422	117681.695312	491338.656250	275516.093750	-185894.625000	67126.429688	2456948.000000	1815740.250000	-610354.062500	-440843.343750	-482951.656250	-719437.562500	-1438647.000000	-1401574.500000	-949162.187500	-812040.062500	-1305877.750000	105430.445312	1253975.375000	1746862.500000	980768.875000	-394554.062500	-1592521.125000	1077067.000000	6334737.500000	2732940.250000	56639.656250	-657371.312500	-1982913.625000	-1941791.750000	-1114277.875000	-1252113.250000	-1483435.250000	-1238933.250000	-1043947.812500	-351886.125000	-191336.796875	93581.359375	138541.718750	-92670.617188	-432644.562500	2308867.500000	3263161.750000	732543.125000	-37744.199219	-125737.375000	-252580.203125	-366148.125000	-231043.343750	-145608.796875	-83509.492188	-47629.574219	-11264.381836	383.561127	0.000000	
0.000000	-2697.569580	-7149.828125	-16273.351562	-40029.406250	-116797.445312	-153774.453125	-133636.421875	-141394.359375	-273589.343750	26023.736328	358711.031250	571565.875000	363183.750000	-163935.750000	-737214.187500	552302.812500	3581210.750000	1696772.750000	38500.242188	-488035.156250	-1604913.000000	-1711226.500000	-1068392.750000	-1305889.125000	-1683308.625000	-1530735.875000	-1406171.750000	-517677.593750	-308180.312500	165534.359375	270175.562500	-200186.000000	-1041271.687500	6235041.500000	9973122.000000	2560810.000000	-152913.781250	-600160.750000	-1450590.000000	-2600591.250000	-2105841.250000	-1793528.500000	-1500894.625000	-1413524.250000	-694538.125000	86784.804688	760168.875000	841866.625000	293693.062500	-439827.062500	408785.437500	2428676.500000	1292770.750000	232644.062500	-9240.791992	-201398.515625	-277395.406250	-222083.046875	-110081.335938	-39322.320312	-21183.808594	-6220.890137	-0.000000	
0.000000	15827.804688	27519.148438	1297.289185	-27154.207031	-130295.851562	-187748.078125	-150423.375000	-227384.546875	-352663.406250	-377836.437500	-402248.218750	-169381.875000	-114120.757812	68778.906250	125070.398438	-102652.195312	-588661.125000	3871086.500000	6779130.000000	1901155.875000	-123763.992188	-528898.625000	-1390855.750000	-2712281.750000	-2389575.750000	-2215953.500000	-2021667.750000	-2079507.625000	-1118671.375000	153512.062500	1482434.625000	1818590.500000	706848.812500	-1187742.500000	1249361.000000	8490120.000000	5237426.000000	1110440.250000	-53070.667969	-1430446.250000	-2528316.250000	-2735495.750000	-1978463.375000	-1166986.125000	-1306149.125000	-1407542.875000	-856349.687500	-687838.312500	-187253.718750	236644.656250	-238396.562500	794387.750000	3801991.750000	2803697.750000	830715.375000	-75649.250000	-485629.031250	-340722.656250	-129162.742188	-68125.546875	-39153.468750	-10403.549805	-0.000000	
-0.000000	-2601.693604	62783.308594	228426.921875	105780.046875	-10047.856445	-58028.378906	-195824.265625	-472269.031250	-500630.656250	-546970.875000	-578316.437500	-680405.937500	-414249.750000	63783.691406	686252.625000	932544.250000	399602.125000	-737421.562500	849240.625000	6303100.000000	4239021.500000	978588.250000	-50885.257812	-1491881.250000	-2868973.750000	-3379779.750000	-2664941.000000	-1716812.875000	-2103774.500000	-2489777.000000	-1670000.500000	-1485860.250000	-450674.781250	639053.312500	-728605.562500	2777005.250000	15403080.000000	13382413.000000	4770870.500000	-537303.812500	-4426258.500000	-4196833.000000	-2321408.750000	-2021792.500000	-2414120.500000	-2353914.500000	-2024076.875000	-949928.125000	-618354.437500	-272819.750000	-10110.809570	-327919.375000	-250129.921875	3019721.750000	3519540.750000	496728.750000	-519062.500000	-253301.203125	-66196.078125	-73215.687500	-43825.375000	-11240.263672	-0.000000	
0.000000	1766.113403	-11959.889648	28615.683594	350703.625000	344147.562500	107366.304688	-7164.343262	-259769.937500	-601067.500000	-834241.875000	-762330.562500	-561733.750000	-779038.562500	-1034493.062500	-773081.125000	-761925.500000	-254779.531250	396762.500000	-495262.375000	2061660.250000	12466808.000000	11793406.000000	4574409.500000	-560380.000000	-5022639.000000	-5185301.500000	-3126879.750000	-2974362.000000	-3888350.250000	-4163796.500000	-3947230.250000	-2052023.625000	-1488230.750000	-736743.187500	-30901.421875	-1146334.250000	-1013356.000000	14413523.000000	20213028.000000	3528048.750000	-4730987.500000	-3120023.750000	-1189725.000000	-2172855.000000	-2702180.500000	-2543230.000000	-2068196.000000	-1914737.500000	-562987.062500	-320653.687500	-164749.359375	186304.500000	-496493.843750	-450567.593750	2472806.000000	2771174.250000	179444.125000	-390009.687500	-110889.609375	-58577.078125	-52014.769531	-11619.977539	-0.000000	
-0.000000	-1126.043945	6434.901855	-16688.167969	114710.484375	1012125.500000	1293919.500000	644049.812500	-97574.710938	-1052273.500000	-1279904.625000	-894472.375000	-973198.437500	-1439876.125000	-1730041.875000	-1827262.500000	-1052245.000000	-841340.062500	-457414.250000	-21004.931641	-851043.250000	-820181.062500	12702084.000000	19380670.000000	3679571.750000	-5368426.000000	-3854874.500000	-1602530.000000	-3196597.750000	-4352319.500000	-4498673.000000	-4033268.750000	-4136193.750000	-1354974.875000	-865917.625000	-503519.468750	651279.625000	-2011454.750000	-2150617.500000	14201540.000000	19682448.000000	1635540.875000	-4803923.000000	-1992990.250000	-1738418.250000	-3207121.500000	-2629144.000000	-1899264.250000	-1843389.750000	-2145836.000000	-185881.437500	379279.843750	-406532.343750	-222986.218750	-572857.750000	-604821.375000	1398764.500000	2397778.750000	471070.250000	-211726.468750	-65962.687500	-45880.410156	-11376.430664	-0.000000	
-0.000000	-3718.453369	-7418.583496	-707.774048	-47351.925781	-66586.906250	1393615.500000	2728683.750000	640695.875000	-1124718.000000	-951511.062500	-458418.250000	-1045912.937500	-1611686.375000	-1869181.875000	-1867091.625000	-2120974.250000	-766006.625000	-537613.437500	-342262.343750	483512.687500	-1628013.375000	-1895256.500000	13616730.000000	20527772.000000	1855908.500000	-5935378.000000	-2684508.500000	-2557475.750000	-5165612.500000	-4650645.000000	-3703828.500000	-3982069.250000	-5164513.000000	-501968.406250	1159183.750000	-1421147.875000	-903388.250000	-2734324.000000	-3473541.500000	9934818.000000	21854520.000000	5802382.000000	-3805305.250000	-1957604.250000	-2828889.500000	-2574039.250000	-1328532.375000	-2239472.500000	-2083816.875000	-1717716.250000	-795149.125000	197543.406250	-134448.062500	-21665.738281	-283663.468750	-602905.687500	56754.277344	1312719.500000	649208.625000	-94988.007812	-38998.085938	-4388.831543	-0.000000	
-0.000000	-3385.503906	-8719.296875	-11532.739258	26902.578125	-132171.281250	-207939.015625	1917155.125000	3574345.000000	388824.125000	-1465048.375000	-767928.000000	-836795.000000	-1912852.875000	-1932325.625000	-1714586.250000	-2041941.625000	-2919649.000000	-311652.000000	787943.562500	-1055066.000000	-731176.312500	-2409654.750000	-3330503.750000	10361499.000000	24799130.000000	7169001.500000	-5125651.500000	-2879931.500000	-4556406.000000	-4553171.000000	-2590822.250000	-4837682.000000	-5015247.500000	-4638652.000000	-2430194.750000	690568.375000	-544691.937500	-103413.367188	-1629104.000000	-4282177.500000	517286.031250	16169351.000000	11668059.000000	-2819001.750000	-2404540.000000	-993020.062500	-1255045.500000	-1893956.625000	-1670255.625000	-1243469.125000	-1178877.500000	-1285681.500000	-145055.125000	487246.718750	208086.265625	59857.691406	-349937.593750	-265569.531250	108334.000000	342319.593750	86313.382812	-6084.641113	-0.000000	
-0.000000	-12903.913086	-5054.535156	26550.240234	-58703.726562	-59361.000000	-264376.468750	-468915.218750	1804169.125000	5195568.500000	1769547.625000	-1466239.125000	-942301.125000	-1687260.625000	-1891825.500000	-1199350.375000	-2480686.500000	-2835265.000000	-2879952.500000	-1651900.625000	512680.812500	-440857.937500	-91134.226562	-1562018.625000	-4466089.000000	586983.500000	19977674.000000	15716585.000000	-4147177.250000	-3872919.250000	-1756535.125000	-2447512.500000	-4091303.000000	-4019904.750000	-3357958.750000	-3602974.750000	-4494460.500000	-587664.500000	2325691.500000	1195057.500000	425143.218750	-3189501.000000	-3271138.250000	1947059.125000	10159173.000000	5321902.000000	-1376715.125000	-823511.562500	-968856.375000	-1019450.500000	-1169300.750000	-1017758.125000	-793873.125000	-650354.875000	-812819.500000	-319213.250000	228449.265625	-12143.095703	-77712.781250	-102705.195312	-65818.117188	-743.898438	22814.066406	0.000000	
-0.000000	-12530.962891	-46708.578125	-55661.804688	28525.488281	-35791.324219	-9998.837891	-219923.000000	-777646.125000	122976.625000	4931153.500000	4495872.000000	-1356938.500000	-1434161.875000	-729833.750000	-1133009.125000	-2097955.000000	-2272568.750000	-2084821.500000	-2449086.000000	-3336706.000000	-475638.656250	2049542.625000	1145845.875000	443402.343750	-3619244.500000	-4041580.500000	2622640.250000	14945677.000000	8571825.000000	-2435246.250000	-1605961.625000	-2092912.375000	-2453572.750000	-3157669.000000	-3110549.250000	-2775206.250000	-2634794.750000	-3879692.750000	-1833269.375000	1622576.125000	-110678.070312	-957222.937500	-1845894.000000	-1953314.000000	-45867.214844	5161926.500000	8638842.000000	1539950.875000	-759816.562500	-530703.250000	-780714.875000	-712988.125000	-343629.937500	-591424.500000	-554192.062500	-330369.562500	-282700.500000	-80285.476562	111021.460938	11090.458008	-15161.154297	-9026.217773	-0.000000	
-0.000000	-10044.026367	-33812.726562	-82523.453125	-185653.859375	-38615.019531	224866.609375	161328.328125	77206.281250	-758253.750000	-997596.312500	750230.062500	4890161.000000	3174191.000000	-1011835.687500	-743436.062500	-1073212.125000	-1387075.875000	-1960469.750000	-2114364.750000	-2060324.625000	-2132526.750000	-3419024.250000	-1757776.625000	1692262.625000	-125590.484375	-1182675.125000	-2486373.250000	-2873619.750000	-73876.921875	9130838.000000	16846938.000000	3326584.000000	-1828696.250000	-1433151.625000	-2386080.000000	-2492450.000000	-1392154.375000	-2822945.500000	-3182773.000000	-2346471.500000	-2576669.500000	-988911.937500	1995360.000000	329136.500000	-934804.937500	-2042278.375000	-1198883.125000	72805.914062	1226597.000000	4936670.000000	1885593.875000	-996664.937500	-503742.968750	-237491.750000	-335731.312500	-335081.531250	-216336.093750	-152792.390625	-90802.015625	-43188.656250	-21097.966797	-2883.897461	-0.000000	
-0.000000	-6130.431152	-31795.925781	-71244.820312	-114636.171875	-173130.500000	-375119.968750	-247484.562500	294660.843750	-26311.970703	-291923.500000	-711249.687500	-940235.937500	-27357.003906	3793828.750000	7798830.000000	1705819.375000	-1033815.062500	-889786.187500	-1621914.000000	-1850405.125000	-1126769.500000	-2487753.500000	-3051708.750000	-2447248.250000	-2923842.000000	-1221827.750000	2687700.500000	484209.500000	-1505661.750000	-3612549.000000	-2337988.250000	157274.484375	2952124.750000	13331360.000000	5762894.500000	-3484122.000000	-2040823.250000	-1133578.875000	-1928134.000000	-2379938.750000	-1971792.125000	-1882012.000000	-1631961.125000	-1281729.250000	-1300856.250000	-652512.625000	-59123.562500	-362626.718750	-575330.625000	-800006.250000	355845.937500	409036.062500	5025.059570	1749703.750000	958103.625000	-164429.328125	-135801.250000	-80060.570312	-57905.707031	-52671.542969	-20296.951172	-3923.594482	-0.000000	
0.000000	-4569.131348	-14431.018555	-54651.382812	-102956.281250	-91477.484375	-272945.125000	-429662.562500	-426120.718750	-612562.687500	-301587.656250	768841.125000	158431.265625	-557554.312500	-1501000.625000	-1082307.750000	80647.851562	1668921.750000	8276905.000000	3917270.000000	-2586626.500000	-1651783.250000	-998979.500000	-1848734.875000	-2482152.750000	-2237465.250000	-2325277.250000	-2198211.250000	-1885617.125000	-2095249.375000	-1154217.750000	-115299.132812	-783342.000000	-1384682.750000	-2160397.750000	1087563.250000	1429900.250000	20358.117188	8351562.000000	5502472.500000	-1167870.250000	-1237758.500000	-986141.750000	-1040724.375000	-1563157.000000	-1251467.250000	-887755.187500	-666031.687500	-1080888.000000	-340424.687500	738880.875000	135825.046875	-111786.375000	-150421.328125	-303885.968750	-188477.062500	78956.601562	565659.500000	218319.140625	-26496.501953	-10965.186523	-15172.396484	-4052.718750	-0.000000	
0.000000	7376.099609	134239.187500	131994.812500	-143919.531250	-134101.046875	-109603.531250	-260290.953125	-432198.375000	-468762.593750	-573955.625000	-628818.250000	-616965.812500	-775881.625000	-479573.156250	-53374.585938	-401685.312500	-782801.375000	-1341304.125000	739260.250000	1061563.875000	16477.271484	7359911.000000	5275884.500000	-1218028.000000	-1404530.125000	-1218405.000000	-1401829.875000	-2299640.000000	-2015700.125000	-1570334.125000	-1298854.000000	-2334921.750000	-819320.625000	1995330.375000	415118.781250	-390780.625000	-609404.687500	-1450487.125000	-1082440.125000	560794.437500	5155695.000000	2689134.250000	-476214.781250	-325418.781250	-935498.125000	-916970.937500	-715839.187500	-540866.312500	-659449.500000	-436136.968750	-495803.500000	-399162.156250	-151668.937500	-120963.851562	-95693.375000	-28505.568359	-5086.360840	-7002.567383	-35943.855469	64145.214844	45616.847656	-162.239319	-0.000000	
-0.000000	-3459.731201	-21753.972656	24909.826172	59065.265625	1337.717529	807496.312500	742813.375000	-212085.968750	-294257.625000	-300742.843750	-401006.156250	-752432.250000	-746424.125000	-652467.937500	-601269.000000	-1197310.750000	-463185.718750	1238820.375000	282172.843750	-290117.156250	-493234.562500	-1278258.500000	-1037866.000000	584879.562500	5850357.500000	3322498.750000	-641449.500000	-478740.156250	-1506778.250000	-1622013.250000	-1395985.500000	-1168373.125000	-1587136.875000	-1177777.500000	-1515312.125000	-1395383.375000	-614459.187500	-577376.125000	-549575.375000	-202462.687500	-46359.562500	-86253.742188	-646009.625000	1903666.375000	2812639.000000	-36708.382812	-478744.968750	-309806.687500	-421845.906250	-341655.968750	-154756.828125	-197217.890625	-209278.000000	-127855.914062	-99136.117188	-34924.312500	-20550.025391	2984.467041	24466.269531	327.772858	-3659.204590	-1349.555176	-0.000000	
-0.000000	-2047.132446	20091.837891	9507.986328	-16142.078125	-40043.550781	-140244.781250	-146125.390625	101840.632812	1225685.500000	820103.000000	-183492.453125	-156641.703125	-557967.750000	-673940.437500	-646233.375000	-599123.125000	-897254.500000	-731234.687500	-1030018.312500	-1035938.312500	-497325.500000	-508819.375000	-526944.250000	-211158.078125	-52605.906250	-106568.851562	-870158.875000	2800580.500000	4530231.500000	-64932.789062	-933619.000000	-669240.812500	-1015281.937500	-922633.812500	-472979.531250	-689430.500000	-847851.875000	-610272.812500	-569347.312500	-248052.234375	-187302.890625	36761.011719	439725.937500	9727.461914	-225618.859375	-305351.281250	-131759.359375	1343515.750000	1083846.500000	-279945.812500	-283759.531250	-152611.578125	-94154.203125	-117420.320312	-113931.585938	-73611.570312	-35716.070312	6643.503906	-2196.157959	-1667.733276	2987.090820	-449.722839	-0.000000	
-0.000000	-3965.577393	-11859.547852	-34707.097656	-57639.464844	-40375.679688	-55825.375000	-74190.632812	-36767.351562	-11021.257812	-26304.732422	-248916.859375	916337.875000	1677568.125000	-26979.332031	-432193.437500	-343176.031250	-573968.375000	-572826.250000	-321503.125000	-511836.031250	-686226.812500	-537810.000000	-545902.000000	-258705.625000	-212539.500000	45419.230469	592299.937500	14310.565430	-363397.406250	-540130.312500	-256948.984375	2902247.250000	2608558.750000	-755987.000000	-867247.375000	-533496.625000	-381448.687500	-560462.375000	-654319.000000	-522831.031250	-325533.593750	81831.000000	-39470.980469	-49494.070312	184177.750000	-101754.601562	-184684.093750	130634.812500	33763.988281	-137722.156250	209288.765625	231510.500000	-65359.644531	-63500.082031	-45624.449219	-39255.574219	-17593.576172	-20695.769531	-15778.270508	-1402.482910	4345.413574	236.031082	-0.000000	
-0.000000	-2536.756348	-9290.396484	-10833.244141	-28478.484375	-55711.746094	-59006.093750	-76859.773438	-45046.441406	-44528.320312	11210.974609	169432.781250	4682.354980	-134567.937500	-224422.140625	-118947.515625	1488226.125000	1474693.875000	-469361.937500	-589502.750000	-396070.093750	-308733.531250	-493913.968750	-627374.625000	-545285.625000	-369394.968750	101104.429688	-53166.429688	-72813.250000	296649.468750	-179991.859375	-360159.562500	282195.812500	81261.828125	-371915.406250	639644.125000	809309.875000	-264792.750000	-303094.125000	-262025.156250	-278815.312500	-160356.390625	-254919.000000	-283578.781250	-41622.113281	267929.062500	53404.554688	-97230.476562	-96743.960938	-110694.085938	-7541.836426	43017.304688	10089.906250	-23463.494141	7442.998047	49267.160156	7618.367188	-10472.911133	-1784.430786	-6920.022949	-4285.023438	-1466.721680	-247.418991	-0.000000	
0.000000	6517.674805	-7612.357910	-19863.656250	-22037.283203	-25064.722656	-54190.019531	-88330.640625	-94946.445312	-77390.492188	24955.931641	-15208.740234	-23824.181641	109850.828125	-74785.945312	-166726.031250	144705.515625	45939.667969	-230907.312500	434791.718750	600835.000000	-214315.593750	-267105.187500	-251235.156250	-290789.906250	-181962.296875	-314959.375000	-381973.562500	-61232.414062	431545.187500	94466.351562	-189612.906250	-208985.171875	-266414.125000	-20366.548828	131472.750000	35272.097656	-95058.093750	35526.390625	282945.593750	54109.957031	-95455.195312	-21979.628906	-124371.789062	-127168.562500	-90434.976562	-55981.191406	-22196.500000	9273.564453	-18533.332031	-30500.718750	5582.257812	10667.246094	-18800.507812	-14706.211914	-3074.193115	5869.514648	5874.992188	-3890.636719	3536.581055	5800.575195	-299.697327	-322.692871	-0.000000	
0.000000	203.038605	-3744.975830	14650.573242	33430.375000	-17399.343750	-29305.582031	-35372.425781	-50633.035156	-38122.210938	-77742.437500	-109267.007812	-20034.980469	159803.406250	39250.414062	-87776.109375	-107164.273438	-150611.625000	-12644.771484	89367.289062	26186.150391	-76937.273438	31308.044922	271294.093750	56433.878906	-108316.531250	-27156.431641	-167525.718750	-187084.156250	-145660.843750	-99024.109375	-43286.250000	20032.646484	-44605.285156	-82366.468750	17060.917969	37290.351562	-76166.851562	-70194.656250	-17655.357422	41688.617188	53547.527344	-47922.707031	63562.058594	172146.281250	-18478.707031	-73012.718750	-14389.660156	-4810.191895	2365.046631	-665.549500	-11411.375977	-10914.672852	3457.316162	32199.464844	27496.240234	-6529.373047	11913.897461	9658.125000	-7040.710449	62.767212	314.673737	-393.160370	-0.000000	
-0.000000	-665.655151	-205.079529	3011.285400	1456.993774	-6246.200195	3434.977783	38196.605469	9826.402344	-22692.972656	-6703.109375	-47922.250000	-61213.128906	-53938.960938	-41144.148438	-20038.187500	10272.421875	-25216.660156	-51138.027344	11596.989258	27684.509766	-61647.246094	-61859.851562	-16928.324219	43479.066406	60762.355469	-59209.808594	85616.515625	253253.156250	-29763.089844	-129150.867188	-28061.830078	-10390.919922	5692.099609	-1797.300537	-34876.308594	-38155.300781	14006.689453	153692.218750	157913.296875	-46375.304688	108589.046875	118963.429688	-126540.875000	1862.770752	19402.121094	-88956.742188	-61875.722656	-16066.665039	12226.257812	48229.039062	123521.390625	90563.585938	9750.404297	-49626.402344	-38800.070312	-17168.498047	-9421.006836	-5694.531250	-793.642761	-1533.023071	517.519836	535.821533	0.000000	
0.000000	-111.449562	-829.383301	390.767639	1540.362305	-5004.869629	-6786.984863	-2383.407959	7570.679199	12730.083984	-14614.948242	24491.380859	82863.343750	-11021.425781	-53661.703125	-12990.458008	-5328.298340	3217.909180	-1115.871704	-23706.824219	-28326.654297	11336.609375	135443.046875	151410.531250	-48367.039062	123220.000000	146982.562500	-170447.406250	2740.416992	31250.406250	-157353.968750	-120666.234375	-34707.023438	29425.669922	130241.375000	377515.406250	316590.437500	39501.996094	-236873.234375	-222832.187500	-121940.390625	-85867.632812	-70142.078125	-14263.936523	-45496.214844	31909.187500	121235.351562	41527.480469	22527.412109	51785.722656	50793.105469	71646.007812	8629.379883	-2379.669678	26457.810547	-1569.948242	12878.256836	827.347595	-19503.855469	-12184.562500	-4054.278564	-1206.227539	-326.854736	-0.000000	
-0.000000	14.222128	-18.097792	-798.815918	-1576.091064	920.369690	14860.202148	21317.708984	-8421.785156	25815.339844	36280.179688	-48758.031250	896.652588	11572.185547	-65379.984375	-55859.136719	-17797.208984	16635.185547	80861.632812	256612.328125	235038.046875	31971.773438	-208747.281250	-213656.109375	-127177.500000	-97437.171875	-86662.453125	-19213.167969	-66931.796875	51395.152344	214451.015625	80984.343750	48663.453125	124635.812500	137165.578125	218969.937500	30166.419922	-9640.799805	126286.546875	-9016.348633	91468.671875	7540.847656	-240237.687500	-218990.000000	-120320.640625	-74373.453125	-73954.382812	-51733.445312	96966.250000	113703.875000	-50148.796875	-58303.382812	-30851.466797	-834.258667	19012.695312	29404.226562	43868.636719	3870.254639	-12036.797852	-1894.036987	-1047.069336	-1013.209290	-415.525024	0.000000	
-0.000000	73.522186	1311.456299	8646.708984	13077.483398	2595.648193	-22902.812500	-30081.517578	-22144.453125	-20413.679688	-21391.171875	-5496.101074	-21899.794922	19031.890625	89103.593750	37489.488281	24953.843750	70460.242188	85160.585938	148842.640625	22395.673828	-7802.984375	111291.484375	-8645.062500	95397.078125	8556.877930	-296820.218750	-294974.093750	-177009.828125	-119791.054688	-130816.554688	-100887.382812	209465.359375	273657.968750	-135425.640625	-178191.203125	-107849.953125	-3379.847656	90750.054688	168871.031250	311579.875000	35275.378906	-148262.593750	-34041.039062	-31074.349609	-62472.355469	-94016.984375	163599.703125	201158.093750	-84171.390625	-51729.820312	-23885.267578	-21731.878906	46012.757812	19980.230469	-172.366241	2253.042969	-14369.718750	-12816.148438	-7447.651367	-2820.946777	-147.115692	27.060478	-0.000000	
0.000000	311.411713	1381.179077	5015.343750	1246.092163	-633.490112	12210.401367	-1217.173706	16610.769531	1792.718018	-73265.085938	-84380.023438	-57916.851562	-44359.242188	-54353.789062	-46703.058594	107410.507812	154706.781250	-84080.328125	-121123.695312	-80068.250000	-2735.551025	79974.531250	161917.046875	324961.656250	40028.273438	-183182.484375	-45852.433594	-45715.058594	-100622.312500	-166304.921875	319042.062500	434539.375000	-202580.343750	-139695.140625	-72999.960938	-75969.875000	186412.343750	95368.226562	-989.914307	16002.386719	-130972.593750	-157862.218750	-133854.718750	-83718.507812	-9070.844727	6122.722168	-56469.769531	-39228.867188	60747.207031	86530.703125	5722.328125	-7944.750000	64786.003906	-2799.588623	-27554.361328	34309.402344	23304.111328	-8461.910156	-7579.237305	-2598.482178	1059.208862	662.090149	0.000000	
0.000000	683.754456	-1363.658813	-4081.337158	-4454.986328	-222.087402	8774.446289	22796.962891	56583.105469	8386.166992	-45215.523438	-13116.504883	-14957.769531	-37260.960938	-69099.078125	147691.812500	222824.875000	-114524.546875	-86731.101562	-49620.996094	-56400.351562	150876.765625	84044.351562	-949.150391	16689.660156	-148619.437500	-195043.078125	-180298.968750	-123162.562500	-14610.132812	10830.372070	-110123.875000	-84741.742188	146203.953125	233674.109375	17489.011719	-27773.101562	262468.750000	-13362.798828	-158247.078125	243684.812500	212404.984375	-104229.117188	-136219.671875	-77116.328125	65308.593750	149804.984375	89858.117188	103329.398438	68205.429688	31127.412109	31194.904297	-5961.510254	-96404.070312	-46812.117188	92863.906250	26757.699219	-29506.287109	-27248.318359	6736.503906	17834.578125	-184.575119	-737.987793	0.000000	
0.000000	-506.161804	-1406.650391	-1672.009766	-3138.107666	12249.023438	9220.968750	-133.634766	2906.043701	-31136.675781	-48143.109375	-51576.160156	-40298.257812	-5410.207520	4499.979004	-50978.839844	-43454.214844	82653.335938	145078.859375	11887.980469	-20618.865234	212434.625000	-11776.121094	-151730.578125	254150.609375	241023.765625	-128777.921875	-183484.515625	-113449.757812	105190.554688	264987.312500	175235.781250	223210.953125	164154.109375	84058.835938	95340.226562	-20840.130859	-390563.593750	-223440.296875	533325.437500	190048.328125	-268934.625000	-335629.687500	121073.445312	529284.812500	-11380.514648	-166977.625000	297560.468750	192480.562500	-265874.625000	-169815.421875	-64762.566406	70953.546875	228931.890625	171285.218750	127439.148438	255075.828125	14975.435547	-76210.265625	-20494.603516	-10548.336914	-3037.518311	-1643.751221	-0.000000	
-0.000000	365.301270	2352.965088	400.572784	-1147.230835	17246.636719	-1292.023071	-21362.769531	44253.316406	50495.949219	-31786.669922	-52487.414062	-37120.269531	38952.605469	110101.234375	81120.617188	114459.023438	92801.085938	52188.750000	64806.566406	-15471.799805	-316110.875000	-196909.343750	511363.500000	198210.546875	-305170.031250	-414679.625000	163082.921875	778657.812500	-18330.246094	-295363.687500	580284.187500	415794.281250	-639896.500000	-458582.531250	-197932.250000	248038.031250	927476.000000	817566.500000	731894.062500	1811692.875000	136493.390625	-938715.750000	-368344.250000	-313047.718750	-187287.000000	-371916.281250	-238865.328125	-167938.984375	-180303.625000	-75057.726562	-154660.296875	-63181.734375	362263.250000	254245.484375	10959.574219	66192.234375	-32028.802734	-57337.984375	-18896.613281	-5383.821777	873.035950	911.699463	-0.000000	
0.000000	410.151062	846.424500	2183.697021	-860.848755	-25663.658203	-21604.007812	71996.960938	34512.898438	-63934.980469	-102356.710938	46651.351562	254773.484375	-6787.784668	-122722.507812	268626.687500	213212.687500	-361752.062500	-284715.437500	-134542.468750	184144.468750	750672.250000	720489.937500	701755.187500	1889501.750000	154884.078125	-1159809.000000	-496150.531250	-460540.468750	-301657.437500	-657875.937500	-465820.468750	-362779.843750	-433947.593750	-202691.609375	-472684.468750	-220869.484375	1467643.750000	1213546.625000	62941.785156	470134.718750	-291926.062500	-706257.500000	-339623.968750	-159778.109375	53829.558594	206281.765625	-121620.812500	-187873.359375	-179939.359375	-194568.562500	-154026.406250	-46620.750000	72144.835938	57924.441406	119722.695312	22991.677734	-35522.078125	-17452.570312	-13365.388672	-1966.657715	1328.941650	887.909180	-0.000000	
0.000000	-1598.828247	-4617.664062	-4533.490723	10245.772461	60943.792969	79048.914062	98802.984375	329004.593750	32449.158203	-286279.375000	-141928.375000	-150686.843750	-111705.304688	-273345.000000	-215638.859375	-186027.734375	-245323.156250	-125843.070312	-321302.562500	-163974.406250	1187868.500000	1069452.000000	60349.890625	490326.125000	-331259.250000	-872600.437500	-457465.062500	-235057.703125	86701.632812	364888.062500	-237177.421875	-405841.843750	-433070.906250	-525427.812500	-470747.156250	-162975.906250	292281.718750	276480.843750	687577.812500	163299.921875	-323765.468750	-214971.078125	-240212.671875	-58365.382812	81939.750000	200898.953125	-39659.523438	-76986.171875	-128526.085938	-127045.437500	-58377.976562	-54943.628906	-51950.699219	-34611.460938	-27193.501953	-8010.209473	52322.003906	23128.408203	9686.651367	14002.386719	-1887.039673	-1207.088745	-0.000000	
-0.000000	-1084.249756	-2040.988770	-10826.486328	-9123.513672	96437.835938	117335.468750	8496.908203	85376.765625	-69400.828125	-215386.765625	-130862.031250	-76909.867188	32106.058594	151609.625000	-109794.812500	-208109.234375	-244827.531250	-326217.000000	-319985.687500	-120993.984375	236564.375000	243651.953125	659263.875000	170313.343750	-367388.625000	-265602.625000	-323560.500000	-85864.289062	131977.859375	355366.500000	-77341.562500	-166304.625000	-309331.468750	-343083.187500	-178419.187500	-192070.875000	-210468.843750	-165204.984375	-156174.640625	-56893.042969	476888.125000	284882.906250	174095.687500	415555.125000	-116350.898438	-273116.718750	-69040.843750	47724.023438	-67761.390625	-114024.234375	-72010.031250	-31959.593750	-34574.414062	-32556.599609	-16925.015625	-10387.355469	-8628.177734	-4717.649902	-2185.917236	-740.392761	-29.023745	-32.022945	-0.000000	
-0.000000	-1082.059326	-5290.758301	-10782.113281	-6732.088379	19205.625000	26732.396484	92820.460938	29655.369141	-76970.148438	-65559.554688	-92557.421875	-28094.425781	48872.078125	147653.453125	-35803.164062	-85278.367188	-174874.046875	-213006.546875	-121278.656250	-142594.203125	-170347.390625	-145588.812500	-149743.484375	-59336.492188	541142.562500	351980.593750	234502.562500	611344.312500	-187402.843750	-483111.218750	-134639.218750	103092.882812	-163085.421875	-307919.718750	-220082.500000	-111723.726562	-140071.968750	-155396.875000	-97201.835938	-73776.875000	-78641.398438	-58109.398438	-39286.925781	-21972.968750	-1789.543091	-7245.533691	-16518.054688	-7119.281250	-1981.317871	-6845.865234	-5587.347656	-1387.087524	-1531.295776	-3397.491699	-1908.158936	184.668365	514.142944	312.020966	-23.099470	108.904076	147.269669	36.516300	-0.000000	
-0.000000	-772.887268	-3454.651855	-4086.558594	-7933.921875	-13829.758789	-15973.348633	-21082.996094	-10331.812500	113372.656250	86880.507812	67081.585938	200029.218750	-69396.234375	-200730.906250	-62327.546875	52864.390625	-92196.914062	-191174.984375	-149598.875000	-82944.156250	-113370.203125	-136945.281250	-93199.132812	-76945.460938	-89237.296875	-71795.750000	-52918.511719	-32325.552734	-2882.362549	-12816.493164	-32212.496094	-15378.989258	-4768.557129	-18487.095703	-17076.474609	-4848.953613	-6203.767090	-16216.666992	-10958.722656	1311.619263	4686.148438	3843.301025	-415.160828	3231.995361	9080.338867	8262.204102	-327.020844	-6365.130859	-5549.896973	-5421.965332	-4324.321289	-3328.800293	-1776.444458	-181.446335	1052.633545	1973.043701	1485.355469	715.809814	370.304108	82.588608	-31.921375	-22.807381	-0.000000	
0.000000	-407.480835	-3100.575928	-5040.825684	-4615.001465	-9204.030273	-15025.021484	-13121.887695	-13397.927734	-18695.755859	-17721.574219	-15137.821289	-10576.781250	-1067.353638	-5325.204590	-14911.895508	-7886.100586	-2695.803467	-11477.894531	-11607.562500	-3599.883301	-5021.149414	-14291.125977	-10507.450195	1367.950928	5317.545410	4748.503418	-559.211304	4754.752930	14625.423828	14614.862305	-637.735962	-13749.881836	-13357.271484	-14641.888672	-13216.318359	-11636.755859	-7196.942383	-866.066833	6045.365723	14013.673828	13538.250000	8816.948242	6655.380371	2451.019043	-1968.204834	-5160.414062	-6731.936523	-5433.074219	-4356.681641	-4371.344238	-2302.579834	3774.054443	4067.279053	2211.773926	1618.614136	1032.796997	303.891296	-125.998474	291.618347	-105.790077	-200.137894	-37.805927	-0.000000	
-0.000000	-11.914588	-186.154510	-391.123932	-200.296997	-407.645142	-1567.958008	-1479.386963	238.190903	1114.058105	1172.088379	-159.967484	1555.734619	5415.869629	6072.420410	-295.222443	-7050.720703	-7551.252930	-9090.560547	-8983.660156	-8639.174805	-5824.997070	-763.231384	5796.421875	14615.535156	15362.351562	10893.580078	8964.631836	3605.819092	-3170.127441	-9128.162109	-13128.208984	-11736.462891	-10485.488281	-11804.710938	-7037.318848	13193.266602	16477.843750	10557.083984	9295.841797	7335.509277	2769.812988	-1551.979248	5241.181641	-3139.579590	-12340.082031	-8553.995117	-6013.261230	-3687.147461	1475.996460	3013.618652	876.099854	-362.710144	-419.828552	671.192688	1919.696289	334.669495	-797.991577	-627.329651	-365.346100	-222.922989	-69.249123	16.086132	0.000000	
-0.000000	-33.374119	-147.435471	-302.709930	-480.682495	-472.906006	-83.738319	816.101929	2544.892090	3218.506348	2688.897461	2564.414307	1179.808472	-1173.914551	-3792.717285	-6077.345703	-6018.271484	-5927.750488	-7329.070312	-4783.547363	9794.735352	13336.690430	9303.551758	8913.045898	7650.555664	3143.008789	-1917.512817	7059.741211	-4618.795410	-19875.792969	-15131.005859	-11726.692383	-7964.933105	3552.369629	8138.205566	2677.602539	-1267.955078	-1700.859253	3203.689697	11024.982422	2377.012207	-7273.282227	-7727.098633	-6566.271484	-6615.785645	-4269.755371	3639.659424	5514.933594	486.749817	2270.975098	6739.250488	4954.700684	498.406311	-1843.795654	-2009.918579	-715.945374	-654.591675	-871.626404	-107.407600	-94.547096	71.544006	201.247406	36.743622	0.000000	
-0.000000	-26.198759	-118.866699	-161.184555	544.977722	1082.747437	1020.743896	1254.904175	1332.133057	658.479492	-473.305847	2019.503174	-1511.250000	-7360.108887	-6286.876465	-5428.551758	-4084.290771	2008.257568	5052.684570	1820.073608	-941.335083	-1376.626221	2823.288574	10570.981445	2479.100342	-8253.261719	-9547.041016	-8844.604492	-9732.819336	-6877.164551	6438.127441	10754.884766	1051.471313	5465.692383	18199.185547	15142.930664	1742.319092	-7469.803711	-9593.601562	-4111.736328	-4649.280762	-7944.426270	-1322.987305	-1699.270630	2123.243652	12408.492188	8313.637695	4593.441895	9008.577148	4478.983887	-5483.383301	839.907898	4317.488770	-2310.531982	-255.626602	1681.306396	-731.881104	-405.553894	-280.071014	-181.263641	-192.882538	-115.182274	44.567688	0.000000	
-0.000000	8.875855	81.947083	61.328495	-52.375755	-111.762260	309.758514	1488.331787	431.666931	-1729.108643	-2356.526855	-2530.079346	-3184.536621	-2546.649414	2675.017822	4978.679688	539.177734	3089.914551	11299.142578	10293.255859	1293.504883	-6045.842773	-8454.472656	-3942.417969	-4848.958496	-9014.833008	-1634.586914	-2288.875244	3123.611816	19985.978516	14705.841797	8957.847656	19460.222656	10779.839844	-14807.746094	2566.989990	15092.994141	-9360.701172	-1220.138916	9655.888672	-5198.233887	-3696.415039	-3449.759521	-3257.804443	-5724.261719	-7101.896973	10083.916016	7890.020508	-7965.689453	-7280.591797	-3900.869141	-3342.305176	-1747.588013	-465.802795	387.844513	-152.409775	-592.822998	825.267212	1823.134521	444.341583	-76.566032	330.909760	624.204163	0.000000	
0.000000	13.656433	183.255417	346.837555	71.970428	-490.835510	-927.586670	-555.069153	-844.312317	-1888.662476	-403.470337	-654.753540	1022.032349	7400.911133	6110.222656	4146.791016	9978.892578	6094.156250	-9193.534180	1744.885742	11205.101562	-7576.281250	-1075.261475	9258.265625	-5421.488281	-4194.458496	-4262.271973	-4388.181641	-8421.252930	-11438.808594	17837.255859	15386.633789	-17207.390625	-17522.638672	-10534.204102	-10215.005859	-6109.184082	-1887.115479	1851.232056	-875.302551	-4210.564941	7521.886230	22456.361328	7986.036621	-2272.284668	20403.201172	141232.859375	145494.093750	28868.816406	13894.566406	19243.160156	-27967.529297	-42389.531250	30343.041016	31671.154297	-18496.644531	-14912.130859	4592.630371	-3498.276123	-4331.226562	15722.694336	5971.130371	-297.253143	-0.000000	
0.000000	26.934217	-149.105560	58.794994	623.450256	-615.085083	-117.972855	1303.509155	-944.002563	-878.764587	-1052.070312	-1255.279297	-2755.397705	-4235.849609	7411.313477	7122.821777	-8823.675781	-9906.055664	-6540.263672	-6943.548340	-4535.483398	-1527.376709	1631.419678	-839.258179	-4391.400879	8535.361328	27745.447266	10756.993164	-3342.873535	32862.812500	249824.250000	283733.625000	62362.082031	33440.890625	51965.695312	-85476.476562	-148184.500000	122929.328125	151170.515625	-106227.835938	-105914.390625	41859.460938	-43089.824219	-77844.015625	466609.468750	368167.343750	-67256.703125	-86651.070312	-40705.726562	-17715.613281	-66312.289062	-56648.328125	-15057.089844	-33997.839844	-33074.589844	-14996.437500	-11820.362305	-6867.415527	-2394.078369	-1913.105225	484.700317	228.537659	-74.996201	0.000000	
-0.000000	-43.781593	-106.073425	-233.967102	-252.353668	-124.001022	178.992035	-118.162598	-764.641235	1788.210205	6848.497559	3077.135498	-1093.773804	12169.268555	103801.039062	131346.734375	31978.283203	18905.105469	32263.412109	-58101.785156	-110012.781250	99495.445312	133220.765625	-101853.445312	-110463.218750	47499.476562	-53238.656250	-104853.953125	686453.000000	592995.875000	-118969.164062	-168981.593750	-87932.039062	-42637.230469	-179074.750000	-173132.906250	-52636.281250	-137736.078125	-157869.296875	-86125.843750	-83954.906250	-62592.957031	-29488.927734	-34383.746094	14384.668945	14091.151367	-16968.691406	14305.515625	7293.531738	-1459.426636	62047.566406	33382.421875	-18095.201172	3236.872070	-1429.714600	-16536.919922	-8929.295898	-37.453259	111.853790	-1778.827637	2120.616699	972.721985	-4.594897	0.000000	
0.000000	83.554504	523.264893	-1957.775146	-6121.095703	8077.599121	14616.383789	-14340.363281	-19234.121094	9951.429688	-13141.068359	-29994.425781	224604.453125	219589.421875	-49431.242188	-78225.414062	-45090.148438	-24104.062500	-111180.312500	-117685.359375	-39077.390625	-111479.601562	-139124.140625	-82579.242188	-87560.609375	-71026.539062	-36434.375000	-46314.050781	21162.019531	22696.187500	-30015.611328	27897.736328	15755.402344	-3512.489990	167557.968750	102025.882812	-63256.851562	13113.599609	-6824.212891	-94972.968750	-63420.914062	-341.367157	1377.752930	-31970.410156	62934.496094	59975.996094	-1039.644653	95057.062500	43422.226562	-31887.208984	-30401.923828	2853.705811	103146.171875	51780.023438	-12347.915039	23793.082031	6475.729492	-19672.109375	3342.052979	15203.372070	4951.980469	-5287.044922	724.987366	0.000000	
-0.000000	-106.532242	-1803.180542	-3965.480225	-2174.260742	-9050.540039	-15264.076172	-11626.668945	-15246.263672	-14880.492188	-8993.213867	-13248.555664	6924.121582	8404.514648	-12471.374023	12914.495117	8079.119629	-1985.712524	104030.007812	69351.078125	-46962.148438	10613.768555	-6013.916504	-91062.054688	-66144.726562	-387.361908	1702.251343	-43063.347656	92586.140625	96601.507812	-1839.008545	185374.437500	93800.187500	-76744.859375	-82099.671875	8721.710938	360576.375000	209777.375000	-58938.195312	136645.734375	45994.296875	-179301.156250	41165.554688	273246.281250	146962.140625	-325988.062500	164036.156250	1629275.500000	746394.500000	-276974.468750	-121000.460938	-166536.203125	-169568.421875	-170851.453125	-138293.437500	200146.984375	150770.281250	-66126.671875	-38097.867188	25271.189453	9089.408203	-6038.676758	-2846.715576	0.000000	
0.000000	-8.776214	1687.213135	2336.826904	-2612.967285	861.685364	-659.819885	-12820.999023	-11517.278320	-81.154678	420.172180	-12318.662109	30293.787109	35772.035156	-764.101135	85814.031250	48099.242188	-43386.097656	-50972.386719	5928.496094	267693.406250	169787.750000	-51939.968750	131018.757812	47969.667969	-203459.625000	50861.167969	368055.968750	216203.500000	-525059.000000	290160.562500	3177313.000000	1612352.750000	-666611.062500	-326758.875000	-508980.562500	-592774.000000	-692173.625000	-660092.500000	1149461.500000	1070855.875000	-602710.562500	-469268.406250	454192.562500	269750.437500	-372332.125000	-644099.875000	277105.031250	1520078.250000	603361.187500	-222633.843750	-225132.843750	-252883.187500	-209616.390625	-163871.015625	-180328.656250	217902.687500	193049.031250	-57725.941406	-18507.771484	26341.812500	-1929.670776	-2350.386719	0.000000	
0.000000	-191.752655	-826.696838	199.764313	14894.422852	13784.323242	-5698.619629	18446.666016	8352.593750	-42626.031250	12554.225586	105285.750000	70740.851562	-194432.062500	120560.632812	1470850.250000	826788.812500	-376854.593750	-202871.453125	-345974.437500	-440077.843750	-560225.375000	-581714.125000	1102127.500000	1116847.125000	-683917.937500	-579793.937500	611786.125000	396843.625000	-599704.000000	-1139336.500000	540393.187500	3283655.250000	1452145.625000	-601217.375000	-688068.000000	-884024.125000	-849222.812500	-782177.562500	-1035643.125000	1547668.250000	1759542.500000	-711036.125000	-332635.375000	781757.812500	-118979.445312	-531800.125000	169265.140625	187324.156250	1857693.000000	903608.750000	-337801.593750	-385968.968750	-373790.812500	-291603.312500	-232303.187500	-142937.234375	-102935.921875	41309.312500	97849.328125	7771.636230	-6764.918457	38.782257	-0.000000	
0.000000	-1665.576538	-3290.275391	-11657.821289	-24485.869141	-45482.242188	-63823.058594	155173.046875	194468.109375	-143284.968750	-143112.390625	175006.968750	129845.523438	-222073.468750	-473390.062500	250160.281250	1683806.125000	820940.062500	-373271.718750	-467707.375000	-656303.187500	-687336.375000	-689303.000000	-992996.125000	1614137.750000	1996617.750000	-878504.562500	-448051.593750	1150083.750000	-191636.562500	-940691.625000	330090.468750	404655.437500	4471021.500000	2440174.000000	-1032414.750000	-1349262.875000	-1514345.625000	-1391860.375000	-1334137.375000	-1015221.125000	-938207.937500	508825.187500	1758620.625000	230642.343750	-417110.656250	8774.900391	-325720.718750	-1765698.750000	1996676.250000	6516551.500000	1402934.500000	-534378.375000	-424063.187500	-738618.687500	-531667.625000	-382238.500000	-216992.859375	-181361.765625	-61162.257812	97412.101562	27410.900391	-1543.103638	0.000000	
0.000000	3628.292236	-6053.916016	-15759.685547	-36516.617188	-55801.828125	-75627.226562	-139807.984375	281057.531250	418303.593750	-216844.109375	-128169.226562	376302.437500	-70964.007812	-390853.843750	152806.375000	207500.875000	2527598.000000	1515005.875000	-701773.625000	-1001698.312500	-1225667.625000	-1226593.000000	-1279198.500000	-1058823.000000	-1064619.125000	628667.375000	2368818.250000	339309.687500	-671827.437500	15521.760742	-635200.500000	-3814242.000000	4805521.000000	17597792.000000	4287754.500000	-1868069.375000	-1718015.000000	-3525522.750000	-3053413.250000	-2714874.250000	-1977778.250000	-2233913.750000	-1099253.500000	2890942.750000	1690098.500000	-349143.687500	222502.984375	-201706.437500	-540943.375000	-1185490.500000	1003167.312500	3309196.250000	418758.593750	-467706.625000	-328188.000000	-446313.750000	-274595.593750	-181299.546875	-89343.281250	-36132.156250	-23343.462891	-1942.392212	0.000000	
0.000000	11171.173828	24571.158203	-23646.691406	-55734.351562	-99506.585938	-134576.265625	-180103.593750	-184364.796875	-223044.203125	155176.000000	677622.000000	111020.671875	-248781.140625	6449.233887	-294048.718750	-1955882.625000	2716700.250000	10925761.000000	2914558.250000	-1386862.500000	-1390511.750000	-3106907.750000	-2927675.750000	-2831473.000000	-2244258.000000	-2760061.250000	-1480667.125000	4253013.000000	2722190.000000	-617593.937500	433911.625000	-435723.906250	-1301921.000000	-3201389.000000	3065955.750000	11568224.000000	1696524.500000	-2232424.250000	-1884812.125000	-3169973.000000	-2502797.500000	-2233147.250000	-1605743.625000	-1072310.250000	-1439308.875000	-439487.000000	2511613.500000	808567.750000	-547169.625000	576151.812500	-267224.000000	-500068.000000	-273477.593750	565860.750000	1251169.125000	101071.328125	-190132.765625	-89887.890625	-95222.570312	-56200.500000	-20274.072266	-3941.746338	-0.000000	
-0.000000	12006.945312	177199.718750	98207.828125	-77164.835938	-112889.554688	-340875.937500	-412199.468750	-493022.875000	-470185.718750	-681274.812500	-423558.281250	1391567.500000	1008041.000000	-256607.968750	200867.531250	-223432.281250	-736013.687500	-1987613.625000	2084052.750000	8588297.000000	1373117.875000	-1967349.750000	-1807196.875000	-3306117.250000	-2840016.500000	-2759114.500000	-2162896.750000	-1577530.250000	-2318251.000000	-777400.562500	4897994.000000	1746658.625000	-1316906.000000	1555884.250000	-816710.187500	-1748128.000000	-1107944.875000	2700926.500000	7185573.000000	717865.750000	-1732962.375000	-1107189.250000	-1711410.625000	-1667887.500000	-1250056.750000	-891862.250000	-751694.750000	-489854.031250	-714505.937500	7120.207031	1113538.250000	248808.656250	-114559.695312	96900.492188	-270.848755	-157220.734375	-278440.437500	758631.937500	645478.125000	-24048.607422	-14900.462891	-7363.613770	-0.000000	
-0.000000	-3252.944824	-32236.160156	70223.437500	477851.656250	111477.429688	-215848.765625	-254442.640625	-575669.062500	-595000.750000	-681041.125000	-618716.312500	-516161.093750	-858460.250000	-323007.031250	2267392.750000	895658.750000	-744485.187500	965986.000000	-555150.562500	-1297817.500000	-896738.500000	2380222.750000	6889676.500000	748696.750000	-1966456.250000	-1367962.500000	-2305227.500000	-2453714.250000	-2013428.250000	-1577598.875000	-1465908.875000	-1058177.000000	-1719644.375000	19227.949219	3403279.750000	869780.500000	-464117.812500	462518.593750	-1555.507935	-1116670.625000	-2537841.250000	9344408.000000	11601011.000000	-713701.312500	-918731.250000	-1666096.375000	-2165330.250000	-1840401.875000	-1408308.750000	-1054774.250000	-745438.625000	-463516.656250	-391254.875000	-413657.593750	297217.593750	525090.312500	36101.082031	-20056.144531	875.097229	2520.917969	-23259.304688	-10232.158203	0.000000	
0.000000	-3290.385986	15666.867188	-18706.138672	-72210.382812	-72802.273438	261147.343750	970025.750000	130364.882812	-411984.562500	-337658.562500	-659431.312500	-802844.750000	-745582.812500	-655486.437500	-678602.500000	-542616.312500	-972164.875000	11937.861328	2313345.500000	645728.625000	-375643.562500	407599.843750	-1491.453247	-1164629.625000	-2879782.250000	11545271.000000	15626274.000000	-1049962.375000	-1479772.375000	-2947127.500000	-4222693.500000	-3975614.750000	-3389461.500000	-2848393.000000	-2278266.000000	-1620352.500000	-1585098.250000	-1974441.125000	1706946.500000	3729488.750000	329042.781250	-247040.468750	15727.897461	74814.414062	-1434119.875000	-2315135.250000	7844550.000000	7702379.000000	-622554.250000	-393544.406250	-1171318.500000	-1249507.625000	-968863.437500	-701349.500000	-495936.062500	-324304.000000	-208859.218750	-108128.421875	-86446.945312	-17094.406250	54156.183594	8476.850586	-0.000000	
-0.000000	-4296.657227	193.614487	77949.585938	35928.250000	-30496.853516	44720.023438	-209.987793	-202788.093750	-603331.875000	2849756.250000	4470037.500000	-343543.156250	-547967.312500	-1224520.500000	-1954780.750000	-2038631.875000	-1916160.875000	-1768452.625000	-1548628.500000	-1202956.375000	-1282932.625000	-1739999.125000	1636655.625000	3889663.250000	373376.968750	-305225.250000	21185.085938	110063.296875	-2309893.250000	-4095200.500000	15297960.000000	16638590.000000	-1498338.750000	-1062757.375000	-3579872.250000	-4368004.500000	-3925174.500000	-3347632.000000	-2848203.750000	-2303390.500000	-1903644.250000	-1331865.875000	-1553688.750000	-507318.343750	3339156.500000	1917978.125000	-223681.718750	214767.671875	-421364.718750	-565128.937500	-845032.750000	-82582.304688	2487349.750000	1004828.500000	-201447.031250	-168153.484375	-269388.125000	-170166.984375	-101068.335938	-52775.312500	-19005.238281	-3965.668701	-0.000000	
-0.000000	-8468.817383	-28681.691406	-52181.988281	-66932.328125	-104155.679688	-190904.875000	230431.453125	677277.500000	78224.750000	-75339.726562	6060.186523	36012.234375	-855365.312500	-1701540.500000	7081772.500000	8532004.000000	-847054.375000	-659823.312500	-2433382.500000	-3242824.500000	-3176922.750000	-2950139.250000	-2730916.750000	-2402316.750000	-2160135.250000	-1645556.750000	-2092780.125000	-746341.875000	5378277.500000	3392676.500000	-436210.312500	463938.625000	-1014123.875000	-1526117.250000	-2582653.000000	-288689.625000	10077046.000000	4796176.500000	-1156927.750000	-1194321.250000	-2455334.250000	-2096022.625000	-1816475.125000	-1566236.625000	-1171823.000000	-897274.937500	-754535.687500	-583520.875000	-455088.156250	568533.000000	447597.093750	-78669.687500	-97712.218750	-97418.890625	-74524.484375	-60472.226562	-127645.437500	259537.484375	307574.968750	30475.837891	-8404.633789	-4099.779297	-0.000000	
0.000000	-3743.708984	-10701.359375	-81994.312500	-180430.296875	-257920.437500	-323676.031250	-384496.968750	-418297.187500	-452561.500000	-406178.062500	-598658.750000	-244199.843750	1991603.750000	1409644.500000	-201931.656250	237900.328125	-573313.625000	-947504.875000	-1755532.500000	-214324.359375	8156070.000000	4226686.000000	-1109286.250000	-1245615.125000	-2786158.250000	-2589693.000000	-2446747.000000	-2304170.500000	-1887419.625000	-1587173.375000	-1471449.125000	-1260515.000000	-1095288.000000	1535309.750000	1367980.125000	-275011.968750	-395863.312500	-464992.968750	-428000.593750	-429507.968750	-1163422.500000	3196838.750000	5527965.500000	904445.125000	-518212.093750	-927618.875000	-816784.812500	-834471.937500	-731188.000000	-566210.000000	-408764.656250	-316894.437500	-208935.328125	-155451.468750	-39158.589844	74425.648438	-4814.823730	-30893.865234	-16004.311523	-2606.425537	-565.374939	-1647.782349	-0.000000	
0.000000	-2533.862549	-15367.129883	-59153.746094	-11924.977539	662155.562500	463732.968750	-156180.953125	-216889.484375	-583717.125000	-639222.250000	-699914.187500	-753914.687500	-698921.187500	-659464.625000	-681167.187500	-646372.062500	-619198.125000	953212.125000	929870.812500	-204170.015625	-320400.312500	-409780.437500	-410375.843750	-447954.531250	-1320178.375000	3949781.500000	7446032.000000	1330575.250000	-834668.375000	-1640848.125000	-1592843.625000	-1802616.500000	-1759794.250000	-1529036.625000	-1249297.500000	-1107793.375000	-846463.562500	-741990.000000	-224891.171875	528613.125000	-43884.640625	-380533.500000	-287641.375000	-77352.062500	-34859.832031	-372828.375000	-156215.343750	2407767.750000	1911398.625000	100371.625000	-203416.796875	-366614.562500	-263929.906250	-266936.125000	-197479.046875	-115860.750000	-78809.226562	-41145.019531	-34968.656250	-171.303421	22211.619141	2064.782227	-0.000000	
-0.000000	-2736.657227	15459.693359	31332.566406	-11359.991211	-26011.898438	-44959.269531	-57778.492188	-77998.921875	-276585.406250	974937.250000	2130005.000000	435358.500000	-309082.000000	-681766.312500	-737363.437500	-924353.062500	-994862.687500	-949317.375000	-849197.500000	-822430.375000	-685103.125000	-653887.312500	-215630.312500	551316.062500	-49797.519531	-470159.531250	-387445.781250	-113796.562500	-56147.667969	-659489.312500	-304641.562500	5201232.000000	4600278.000000	271051.187500	-621697.812500	-1281604.000000	-1069264.125000	-1274120.625000	-1134139.250000	-822908.687500	-718305.562500	-506801.531250	-628482.687500	-5083.848633	1369521.750000	467179.031250	-222497.281250	-197607.031250	-153476.687500	-90887.203125	-233149.906250	-253279.515625	771781.000000	652492.562500	-124171.046875	-97050.882812	-59474.527344	-53482.675781	-33628.914062	-20637.496094	-7346.297852	-1242.351807	-0.000000	
-0.000000	-4396.974609	-15396.526367	-28614.228516	-45759.910156	-55620.523438	-71741.570312	-30359.474609	95996.476562	-10432.883789	-116050.984375	-110832.382812	-37233.742188	-20791.769531	-274015.343750	-141025.484375	2667109.000000	2600670.750000	168284.781250	-422592.875000	-951468.125000	-865431.500000	-1122833.625000	-1087436.250000	-858251.062500	-815087.812500	-626167.125000	-846550.500000	-7479.108398	2205846.750000	826384.500000	-433900.500000	-426868.406250	-369381.593750	-245438.718750	-712570.375000	-885409.625000	3126730.750000	3114431.500000	-713125.062500	-689310.312500	-542079.750000	-658769.937500	-604403.812500	-612468.250000	-452957.281250	-281095.375000	-299200.968750	-320200.812500	415518.843750	527085.187500	-47930.519531	-37037.609375	-32678.814453	-33975.472656	-37952.664062	-103894.757812	26274.519531	146571.625000	7800.396973	-25615.677734	-6252.097168	-1374.484741	-0.000000	
0.000000	11494.130859	2729.330811	-14239.525391	-52939.554688	-70260.585938	-123192.250000	-153104.593750	-149440.734375	-170765.859375	-154558.843750	-242163.468750	-2447.132080	816836.437500	343359.656250	-200862.390625	-218891.328125	-208822.140625	-152383.031250	-484362.593750	-657331.750000	2530685.500000	2744628.750000	-683759.125000	-718914.937500	-615117.875000	-813928.250000	-814116.937500	-901033.312500	-729564.437500	-497224.500000	-583483.375000	-691694.062500	1000054.187500	1423381.000000	-146488.875000	-129475.359375	-132392.296875	-162169.328125	-217965.437500	-737919.437500	239478.718750	1805388.000000	140194.531250	-760208.000000	-385491.187500	-310991.875000	-271872.687500	-219339.578125	-144467.906250	-92687.906250	-85442.804688	-47872.996094	71189.109375	29270.119141	-25284.632812	-2263.728027	-744.893860	3767.184814	3566.958984	-1289.063354	266.420380	654.186768	0.000000	
-0.000000	-922.926941	-2471.427979	-16320.894531	-36573.847656	205455.265625	301128.343750	-96269.242188	-125179.195312	-128870.937500	-200904.531250	-232885.531250	-294814.187500	-270161.468750	-206594.921875	-270107.687500	-354689.687500	565359.625000	883720.062500	-99574.351562	-96123.039062	-107154.492188	-142913.609375	-208989.781250	-769611.687500	271745.343750	2230606.250000	188838.546875	-1118380.750000	-620898.875000	-550107.875000	-530189.375000	-473814.812500	-347699.625000	-250301.500000	-261136.750000	-167353.500000	288409.750000	139710.062500	-145211.843750	-16078.277344	-6789.324219	46402.093750	64108.035156	-38256.113281	16426.919922	148016.750000	57369.988281	-89686.210938	-105736.468750	-74296.945312	-45191.855469	-29485.363281	-21862.953125	-12700.083984	-4005.087891	1479.888794	2132.557129	-282.534119	-1829.320679	-1093.103149	-287.885376	141.923615	0.000000	
-0.000000	2498.708496	14332.634766	-3355.218750	-5348.272461	-8699.403320	-15679.837891	-29424.525391	-134006.640625	56932.300781	550587.687500	54018.980469	-365929.343750	-229922.046875	-228567.765625	-245436.687500	-242964.687500	-196564.671875	-155402.140625	-177505.109375	-124243.921875	233430.515625	123121.109375	-139232.125000	-16768.810547	-7704.096191	57331.050781	86351.929688	-56280.519531	26458.337891	261824.140625	111879.421875	-193739.109375	-254482.328125	-200637.140625	-138118.765625	-103074.359375	-88573.789062	-60619.144531	-23001.568359	10511.008789	19437.160156	-3480.098633	-32877.910156	-32440.513672	-17750.406250	32111.736328	65250.136719	27383.068359	2226.186035	11504.136719	-4753.597168	-6278.931152	-5734.935059	-15812.750000	-10995.678711	-5410.279297	9289.702148	10547.397461	-1252.898926	-1853.704102	-214.468735	-112.543243	-0.000000	
-0.000000	-868.752930	-2520.393311	-5981.143066	-6912.914551	18951.201172	13508.294922	-19603.060547	-2919.825439	-1614.055176	14151.208008	24701.753906	-18414.742188	9797.659180	108786.953125	51791.523438	-99346.335938	-143866.234375	-124567.531250	-93884.851562	-76522.828125	-71689.062500	-53421.324219	-22054.378906	10962.436523	22056.062500	-4299.756836	-44285.726562	-47724.894531	-28590.037109	56801.867188	127246.804688	59152.585938	5357.895996	31066.646484	-14528.302734	-21949.765625	-23234.048828	-75476.296875	-63149.136719	-38426.867188	84670.851562	129916.992188	-22518.029297	-55013.207031	-13223.691406	-25464.111328	-25922.208984	-8505.332031	-3106.443359	-6909.641113	-7225.820801	-3176.127441	-287.259155	-45.017414	2682.624268	8909.154297	6673.368164	-340.760345	-2804.200439	-1357.226562	-186.686996	-28.399258	-0.000000	
-0.000000	-635.842712	-2020.301514	-3163.507568	-4257.719727	-5820.121094	-5861.147461	-3105.126221	1908.805786	4620.879395	-1061.322754	-12668.333984	-15615.378906	-10587.038086	23600.962891	58905.433594	30332.503906	3028.974121	19288.031250	-9875.468750	-16295.596680	-18804.968750	-66514.367188	-60548.699219	-40077.230469	96079.140625	160515.984375	-30331.226562	-80932.734375	-21298.996094	-45043.003906	-50551.898438	-18373.119141	-7476.464355	-18659.320312	-22084.099609	-11103.044922	-1163.778442	-214.873947	15406.543945	63277.855469	60824.316406	-4197.296875	-50399.171875	-40279.023438	-11510.728516	-6425.635742	-9905.747070	-6190.538086	-1166.251709	-4952.257812	-8268.165039	36738.164062	35106.269531	-7966.521484	-8563.312500	-6407.765137	-4087.597656	-1303.681885	-354.208923	735.342712	265.603638	-7.203174	-0.000000	
0.000000	13.387095	312.823395	-332.759949	-906.684753	-1526.692993	-7297.656738	-8524.899414	-6978.343750	20129.164062	39620.679688	-8676.522461	-26480.841797	-7887.127930	-18715.199219	-23401.621094	-9421.443359	-4226.662109	-11584.822266	-15011.446289	-8242.946289	-941.928589	-189.360153	14772.114258	65995.523438	69019.593750	-5185.875000	-67886.429688	-59256.523438	-18539.978516	-11366.190430	-19317.580078	-13372.728516	-2806.888184	-13373.454102	-25269.792969	128428.562500	142226.671875	-38025.238281	-49179.847656	-45511.574219	-37256.347656	-16058.030273	-6366.105469	21823.095703	16376.561523	-1629.795044	-4742.842285	-13001.757812	-11971.411133	-9024.379883	-7282.249023	-5836.260254	-2534.937012	2029.127197	2448.916016	3400.392822	2984.413818	-1088.183472	-2217.001709	1895.134766	-208.037048	-956.618225	0.000000	
-0.000000	-18.680492	-187.888718	-505.819855	-458.636353	-76.471054	-20.775743	2079.826416	11491.298828	14460.025391	-1280.046265	-19419.531250	-19388.478516	-6865.449219	-4722.609375	-8942.545898	-6857.322266	-1586.815308	-8303.040039	-17176.888672	95345.890625	115114.156250	-33510.183594	-47154.660156	-47466.214844	-42276.152344	-19840.134766	-8574.986328	32105.068359	26377.226562	-2882.914795	-9249.199219	-28086.246094	-28812.316406	-24370.123047	-22256.560547	-20402.285156	-10269.836914	9685.287109	14064.336914	24151.513672	27201.396484	-13403.639648	-39845.597656	56242.765625	-12827.126953	-216445.109375	1181665.000000	1277558.625000	-201106.125000	70431.992188	602503.312500	409061.625000	58250.835938	-250157.203125	-178771.484375	-97891.203125	-70854.234375	-24083.269531	-24675.982422	-13617.010742	-4332.562500	-911.866943	-0.000000	
-0.000000	-7.013216	-134.663055	-578.785767	5305.032227	9345.614258	-3676.586426	-6639.097168	-8264.930664	-8857.111328	-4897.204102	-2452.952637	10504.639648	9767.623047	-1197.840332	-4281.664551	-14402.180664	-16288.438477	-15130.428711	-15128.673828	-15146.740234	-8312.109375	8535.270508	13485.177734	25188.777344	30866.427734	-16560.562500	-53671.031250	82741.593750	-20660.261719	-382865.812500	2304410.500000	2759767.250000	-484014.218750	190199.921875	1841416.250000	1429989.625000	235992.687500	-1194032.625000	-1026700.187500	-695278.750000	-645799.875000	-296644.343750	-443495.062500	-404118.156250	-267136.687500	-206319.656250	-75012.398438	-56456.703125	-54053.003906	13911.911133	-62.911419	90755.710938	135624.562500	-36813.000000	673124.562500	624063.937500	-88360.781250	-96911.867188	-32104.486328	-32247.267578	-10461.457031	-1901.333130	0.000000	
-0.000000	-71.989677	-245.393219	-509.769928	-842.762512	-674.823730	936.451538	1898.633301	4385.930176	6466.704590	-4087.697021	-15353.085938	27072.693359	-7650.601074	-159079.312500	1066763.875000	1415164.750000	-273627.281250	118087.484375	1251684.375000	1061630.250000	191005.656250	-1052255.125000	-984421.375000	-725139.687500	-732812.875000	-366512.187500	-597376.812500	-594518.812500	-430268.906250	-364955.093750	-146284.562500	-121957.109375	-130092.617188	37568.785156	-192.274628	317262.031250	549458.312500	-175713.218750	3865813.000000	4432455.000000	-805363.000000	-1193706.625000	-577005.625000	-957016.625000	-645031.437500	-430196.937500	16322.892578	437493.000000	70515.210938	-295001.531250	-211938.375000	262855.093750	-446972.906250	721069.812500	3669515.250000	1790053.625000	-541385.812500	-435295.156250	-142898.093750	-92585.343750	-42891.285156	-10251.066406	-0.000000	
0.000000	-1209.344971	1915.204590	42176.269531	59068.957031	15506.913086	-115448.703125	-138600.718750	-126263.062500	-153528.765625	-90467.382812	-170885.062500	-194523.984375	-159330.796875	-151637.468750	-67718.445312	-62537.664062	-73545.132812	23324.947266	-130.696762	235536.640625	444715.687500	-154849.296875	3706621.500000	4622821.000000	-913875.125000	-1474857.125000	-777212.250000	-1407916.000000	-1038932.437500	-760967.562500	31831.902344	945067.312500	169713.187500	-796644.625000	-647742.125000	918883.750000	-1810829.625000	3441759.500000	21074344.000000	12713974.000000	-4934453.000000	-5361724.500000	-2568270.750000	-2747696.750000	-2644586.500000	-2319413.250000	-1470562.125000	-226129.906250	-52947.285156	-754691.437500	-559841.187500	46717.847656	-372531.031250	32557.189453	2108470.250000	1809738.500000	273390.437500	-224113.406250	-224740.687500	-140926.687500	-56967.875000	-7941.233887	-0.000000	
-0.000000	-325.045929	378.296204	-4.403907	13105.225586	36104.519531	-16989.369141	521870.406250	804936.687500	-191462.406250	-364043.750000	-222328.625000	-460664.031250	-384722.031250	-316179.187500	14735.708984	484615.468750	95943.789062	-494604.625000	-440296.218750	682183.062500	-1465633.125000	3033090.250000	20206518.000000	13260016.000000	-5599305.500000	-6624557.000000	-3459396.750000	-4042276.750000	-4259555.000000	-4102768.000000	-2867800.000000	-488483.187500	-127431.421875	-2038026.375000	-1711028.875000	163315.343750	-1509242.000000	155399.671875	12109128.000000	12853788.000000	2491813.250000	-2760504.750000	-4039206.250000	-4182344.500000	-3512519.500000	-1796789.000000	-581304.687500	-746227.375000	-751073.937500	-642302.812500	-565637.812500	-388558.968750	-283129.875000	-215569.921875	-145368.046875	-92055.351562	-57288.140625	-28418.845703	-13450.281250	-6843.299805	-2615.979004	-495.328217	-0.000000	
0.000000	424.040833	-8021.756836	-14836.050781	37956.570312	-118988.335938	332777.031250	2844958.250000	2308865.750000	-1173088.625000	-1635160.625000	-989591.875000	-1322615.500000	-1577335.125000	-1704684.750000	-1327569.625000	-250486.406250	-72040.679688	-1265328.625000	-1163054.875000	121245.984375	-1221536.750000	136947.765625	11610483.000000	13405834.000000	2827552.250000	-3410679.000000	-5440710.500000	-6152860.000000	-5657507.500000	-3178307.500000	-1133624.750000	-1611991.625000	-1807654.750000	-1734523.500000	-1728745.125000	-1358316.875000	-1147049.250000	-1028943.125000	-834861.375000	-653829.250000	-522151.906250	-350047.593750	-241738.437500	-203091.687500	-161295.765625	-112073.304688	-77998.492188	-53616.046875	-36863.347656	-27505.298828	-18623.552734	-12919.029297	-9028.344727	-5846.413574	-3326.316895	-781.061157	793.903931	-63.064274	-373.541443	-168.801407	-52.155048	-6.851057	-0.000000	
-0.000000	-318.396729	-20521.761719	-39189.843750	6746.109863	-99171.218750	15025.292969	1634687.375000	2334256.000000	592389.437500	-841868.875000	-1556364.625000	-2013189.250000	-2095004.250000	-1320574.875000	-524780.562500	-826603.687500	-1021919.687500	-1076895.875000	-1175097.250000	-1008420.062500	-928388.500000	-906768.062500	-800482.375000	-681910.000000	-592505.062500	-432493.343750	-325615.656250	-298778.531250	-259794.156250	-198244.437500	-152107.859375	-115820.765625	-88721.234375	-74277.406250	-56918.710938	-45162.089844	-36576.699219	-27905.689453	-19103.326172	-5547.538574	7236.025879	-776.790710	-6713.563965	-5009.595215	-3215.770752	-1550.124756	-6122.916016	-6145.244141	3041.492432	11196.029297	7205.304688	2363.893555	39.866272	-93.606796	519.448303	-972.861755	-1660.867188	-1064.887939	-632.948669	-143.594040	75.889168	1.278687	0.000000	
-0.000000	-4516.557617	-17465.660156	-39595.621094	-56108.351562	-75371.796875	-99486.515625	-112703.187500	-118735.804688	-124133.414062	-106753.726562	-93145.320312	-97759.039062	-96203.117188	-82369.820312	-70414.179688	-59391.042969	-50156.687500	-46115.855469	-38689.925781	-33528.523438	-29604.123047	-24592.210938	-18316.666016	-5785.794922	8210.985352	-959.746155	-9043.003906	-7369.871094	-5179.543457	-2741.987549	-11940.534180	-13274.885742	7320.142578	30234.611328	22021.396484	8263.653320	161.510971	-446.797363	2983.236572	-6909.814941	-15137.949219	-13116.699219	-11375.823242	-4261.504883	4679.166992	289.316528	4446.862793	14278.092773	10414.594727	3539.338623	5156.773926	274.591034	-3152.518799	-2442.873291	-2773.209473	-2174.825684	-1353.295898	-828.702026	-327.610199	66.147072	83.368195	55.357071	0.000000	
-0.000000	-221.676498	-747.931091	-1303.680786	-1865.522339	-2403.428955	-2698.146973	-2578.878174	-1007.436523	1720.251343	-236.897232	-2586.833496	-2411.389893	-1918.011597	-1139.285645	-5527.544434	-6807.149902	4138.289062	18771.455078	14968.824219	6134.970215	130.722321	-393.745361	2860.389160	-7206.578613	-17177.589844	-16206.040039	-15322.951172	-6269.317383	7536.591309	511.766754	8671.998047	30843.369141	25065.433594	9557.899414	15760.522461	959.910034	-12771.857422	-11660.150391	-15926.783203	-15446.843750	-12334.595703	-10207.492188	-5888.053711	1963.076294	5140.307617	12525.129883	15725.090820	4552.487793	45.350105	3588.558838	-373.955475	-3699.359375	-2652.362549	-3381.447998	-2814.653809	-1448.910522	-393.916412	742.485046	358.312744	192.000214	214.882538	11.499487	-0.000000	
-0.000000	18.289913	304.445282	504.383698	341.348877	10.612772	-43.199970	402.725891	-1254.826782	-3598.809570	-4000.188965	-4383.269531	-2051.293457	2790.838379	212.637177	4014.464600	15815.989258	14170.216797	5934.115723	10713.057617	712.641174	-10337.171875	-10275.642578	-15270.929688	-16110.256836	-13996.520508	-12611.634766	-7931.062012	2887.981689	8279.336914	22155.474609	30666.105469	9834.231445	109.146835	9690.818359	-1142.911011	-12932.148438	-10745.565430	-16140.088867	-16164.801758	-10290.982422	-3590.345215	9145.519531	6439.862793	5698.076660	13249.206055	2601.881836	-8420.143555	-1423.112305	1643.630005	-4940.923340	-5453.209473	-1896.709229	17.751955	-188.868912	-976.997742	331.484985	1410.914795	523.050232	36.517876	259.444794	68.959671	-15.773125	-0.000000	
0.000000	62.627815	96.242592	360.983032	39.651257	-839.229736	-1127.397217	-2150.056641	-2805.156494	-2932.356201	-3112.970459	-2268.752197	944.935120	3065.880859	9205.516602	14196.036133	5042.837402	61.703869	6016.639160	-776.882324	-9600.880859	-8697.150391	-14223.640625	-15499.146484	-10732.960938	-4074.097168	11299.538086	8674.334961	8382.731445	21340.091797	4602.421387	-16420.445312	-3074.190674	3955.823242	-13342.845703	-16666.511719	-6630.479492	71.918823	-901.495728	-5610.982910	2354.394043	12859.762695	6442.642090	656.326355	7699.659668	4251.908691	-3568.838135	-4127.155762	-5933.035156	-5679.826172	-2665.738525	-272.493958	2117.769287	3039.666748	774.671021	621.205627	1672.468384	455.843811	-436.884064	-287.874207	-462.934052	325.853577	-314.045471	0.000000	
0.000000	0.272711	97.581009	-26.177525	-534.191650	-706.083496	-1560.553833	-2182.188232	-1868.848999	-853.548157	2789.101318	2481.372314	2742.793457	7902.345703	1912.288940	-7601.396973	-1576.395996	2236.341797	-8284.036133	-11328.894531	-4922.495117	58.209015	-794.453552	-5379.926270	2455.510986	14592.446289	7960.060547	884.055237	11327.361328	6848.419434	-6312.853027	-8048.525391	-12816.473633	-13669.978516	-7198.763672	-832.816650	7403.256348	12314.658203	3697.604980	3567.637695	11878.817383	4154.781738	-5381.295898	-5173.888672	-13738.702148	20091.445312	-71056.140625	57533.625000	733629.500000	325466.187500	60874.996094	403984.125000	497995.187500	251506.406250	-180375.375000	-200036.484375	-108422.210938	-42367.351562	6837.636719	3539.024902	-10091.589844	-5894.540527	-1142.934082	-0.000000	
-0.000000	9.883914	-134.354843	-381.734039	-273.886932	4.725735	-87.163872	-757.461853	427.559448	3057.206299	1964.807373	252.892029	3706.263916	2536.004883	-2622.966797	-3725.844971	-6572.083496	-7728.035645	-4469.422852	-566.098816	5496.208008	9967.128906	3258.557129	3420.724854	12388.990234	4714.583984	-6648.737793	-6969.099609	-20211.705078	32360.677734	-125689.921875	112198.539062	1584777.875000	783319.125000	164391.484375	1234686.875000	1740881.875000	1018932.562500	-860955.000000	-1148826.875000	-770075.937500	-386156.593750	84222.218750	63605.980469	-299492.656250	-363444.968750	-258601.062500	-171276.000000	-136226.359375	-114564.726562	-75173.984375	-38195.070312	-25332.181641	-24371.972656	-16481.478516	-8375.398438	-4355.710449	-3316.121094	-2147.643066	-1056.156860	-537.666870	-196.570541	-17.497931	0.000000	
-0.000000	-34.155441	-72.487442	-19.075045	305.808258	809.187500	357.514221	481.617859	2157.200684	987.734070	-1641.129272	-1993.574219	-6613.182617	11983.326172	-52223.691406	51939.250000	812648.875000	442833.000000	102064.062500	839266.062500	1292437.875000	824694.562500	-758726.562500	-1101519.000000	-803149.250000	-438186.125000	104058.843750	85675.671875	-440598.906250	-585389.687500	-457434.718750	-334011.906250	-294274.593750	-275729.812500	-203005.562500	-116734.656250	-88555.750000	-98738.625000	-78668.226562	-48100.640625	-30936.722656	-30224.736328	-26453.476562	-18982.035156	-15956.582031	-12120.125977	-3959.093994	1766.539185	3103.666504	4574.533691	5635.142578	3777.205078	-2309.510498	-3730.271484	-991.827942	-1237.010376	-1968.678345	-814.685974	302.178589	197.966843	53.350220	142.761017	42.573750	0.000000	
0.000000	1957.180054	1655.328369	28279.583984	71911.062500	66953.335938	-83244.070312	-155087.375000	-139846.281250	-91802.664062	25685.179688	24508.304688	-144162.062500	-216772.828125	-190062.421875	-154621.687500	-150899.328125	-155878.062500	-126037.992188	-79349.218750	-65744.148438	-79916.187500	-69327.281250	-46119.890625	-32265.396484	-34297.121094	-32683.992188	-25568.330078	-23474.541016	-19521.517578	-7003.169434	3444.996094	6704.504395	11009.805664	15217.568359	11544.179688	-8073.541504	-15112.518555	-4734.123047	-7104.258301	-13982.667969	-7425.443359	3722.068359	3558.006836	1583.298462	8802.343750	9632.765625	4177.978027	3086.033691	-494.192932	-4983.891602	-4643.003418	-3403.922607	-2587.156006	-934.188660	1159.474121	1000.489624	155.089630	73.512985	-35.212585	50.862534	17.790756	12.976131	0.000000	
-0.000000	-688.931152	-2044.150146	-2673.720459	-3657.995361	-6488.045410	-7606.277832	-6493.407715	-5618.128418	-7185.456055	-8067.495117	-7314.052734	-7680.768555	-7228.918457	-2909.790771	1594.766846	3437.963135	6224.162598	9447.976562	7847.041016	-5993.830566	-12231.635742	-4172.000488	-6811.709961	-14583.197266	-8425.923828	4598.717285	4792.546875	2329.270996	14177.666016	17039.224609	8147.636230	6666.414062	-1189.403809	-13458.879883	-14190.297852	-11899.366211	-10481.392578	-4459.003418	6658.960449	7106.043945	1413.562134	905.492188	-632.866699	1509.470337	1096.940674	2935.988281	1673.444946	-5615.852539	-6311.038574	-4213.721680	-2576.220459	521.058289	1583.539062	633.944702	970.575684	1403.419556	699.598938	-254.695724	-306.691315	-195.478714	-54.614281	-3.372736	-0.000000	
0.000000	27.508806	153.232224	264.410858	-333.495880	-993.032898	-457.733154	-959.048523	-2539.261475	-1765.282471	1135.116089	1370.951538	762.127441	5250.062988	7079.733887	3771.725586	3418.430908	-672.404480	-8356.077148	-9645.712891	-8834.138672	-8483.335938	-3929.548340	6384.749023	7411.235352	1604.020996	1118.760254	-852.455688	2220.658691	1766.808838	5193.416504	3263.449463	-12131.298828	-15189.156250	-11379.055664	-7873.640137	1821.505493	6415.421387	3025.900146	5574.100586	9967.880859	6376.484375	-3137.200684	-5512.083984	-5801.309570	-3367.401855	-763.117676	-3483.927734	-2449.987061	3617.888428	4626.361816	3079.388184	3726.743652	2662.435059	443.397766	-1303.038208	-1350.500488	-706.651855	-533.495605	-458.238403	-207.922211	-40.602745	-4.771534	0.000000	
0.000000	-2.971812	-135.523239	-325.018219	-491.530243	-688.724915	-431.132385	898.934937	1290.462036	336.052185	276.147217	-243.852692	726.589966	654.258423	2157.845215	1510.724854	-6220.736816	-8586.871094	-7064.798340	-5352.028320	1352.293213	5192.456543	2666.609619	5344.562988	10395.982422	7235.631836	-3876.097168	-7424.640137	-8534.602539	-5423.770996	-1349.864990	-6794.141602	-5292.433594	8707.389648	12493.380859	9411.458984	13027.877930	10786.372070	2116.394775	-7483.461426	-9592.019531	-6440.768066	-6571.303223	-8235.800781	-6170.601074	-2503.479980	-1079.610718	625.516113	4270.413086	4233.668457	3746.204346	4025.372314	1463.339966	-225.698029	-379.074860	-1275.313232	-1604.284546	-1011.375061	-541.872498	-934.703613	1383.776978	334.190643	-1106.233765	0.000000	
-0.000000	-37.951218	-114.580597	-180.339859	75.241402	421.552795	292.568390	752.482910	1810.173462	1515.908936	-956.749512	-2123.885742	-2792.484863	-2008.450317	-560.863892	-3145.162354	-2713.875732	4922.540039	7756.637695	6397.345215	9671.950195	8730.177734	1865.097534	-7175.297852	-10003.978516	-7308.576660	-8119.024414	-11093.418945	-9077.885742	-4032.278809	-1909.703735	1219.843140	9224.896484	10189.424805	10116.536133	12302.647461	5115.515137	-914.374634	-1809.373413	-7324.234863	-11394.537109	-9218.163086	-6674.484375	-16799.187500	41066.972656	20605.492188	-250297.218750	1071810.375000	3568950.250000	3283460.250000	119661.429688	-1443896.250000	2599876.750000	7230978.000000	2173090.750000	-812635.375000	-604414.625000	-821744.125000	-64248.937500	-56385.296875	118960.343750	44961.062500	-10519.375000	-0.000000	
-0.000000	21.756050	125.801208	215.562454	538.145996	708.764893	204.630112	-1010.239563	-1741.916748	-1531.191284	-2004.044922	-3173.373291	-2970.244873	-1493.173584	-793.474792	564.693054	4730.379883	5760.377441	6280.950195	8362.601562	3797.779785	-740.068420	-1594.531250	-7022.627930	-11883.911133	-10460.189453	-8246.507812	-22628.087891	60415.714844	33188.636719	-442746.218750	2090178.750000	7709604.500000	7902501.500000	323142.843750	-4412944.500000	9088598.000000	29294996.000000	10372443.000000	-4667035.500000	-4292895.000000	-7489774.500000	-791382.750000	-1013398.375000	3530439.750000	2772204.750000	-2380121.000000	-2097307.250000	-2567162.000000	-2676303.500000	-2108208.250000	-1113793.375000	-900523.562500	-272738.687500	-292924.593750	-506516.187500	-291679.500000	-113237.601562	-104394.523438	-61898.976562	-25600.335938	-8955.530273	-562.484436	-0.000000	
0.000000	25.459024	101.867744	281.782990	211.307938	-60.082912	-174.944794	-988.744507	-2069.255127	-2191.473389	-2035.512085	-6472.969727	19767.761719	12289.922852	-183959.390625	967591.187500	3953362.500000	4467513.500000	200626.406250	-2999655.000000	6747413.000000	23710522.000000	9140836.000000	-4474850.500000	-4477266.500000	-8498924.000000	-977775.000000	-1365022.500000	5193809.500000	4465105.500000	-4210153.000000	-4090039.500000	-5545553.500000	-6441221.000000	-5693166.500000	-3404059.500000	-3148032.750000	-1104951.375000	-1398167.000000	-2908966.500000	-2071673.000000	-1032102.500000	-1285873.875000	-1112494.375000	-759752.687500	-552179.187500	-127268.117188	-65163.738281	194219.937500	178730.109375	-328713.750000	59609.839844	1996414.875000	1959558.375000	206716.218750	-503051.750000	-355751.687500	-112396.664062	-103308.703125	-87340.179688	-40755.750000	-13407.791992	-3150.075928	-0.000000	
0.000000	19744.978516	3253.864014	-101075.218750	375425.093750	1924953.500000	1002891.375000	-630032.500000	-779592.437500	-1780576.250000	-241347.359375	-390477.062500	1699392.125000	1653451.500000	-1749302.750000	-1893372.000000	-2843671.500000	-3641409.000000	-3534658.000000	-2313875.500000	-2337112.500000	-894315.625000	-1232150.750000	-2789177.250000	-2160647.500000	-1171164.750000	-1588732.250000	-1498502.250000	-1117710.875000	-889378.125000	-225122.250000	-127078.312500	419551.656250	430160.531250	-887683.625000	182184.093750	6979028.000000	7938795.500000	986683.250000	-2889070.000000	-2526750.000000	-1024437.750000	-1272499.250000	-1569742.500000	-1209526.750000	-826696.250000	-712738.375000	-567398.125000	-404311.312500	-302166.750000	-123042.953125	5517.623047	58414.675781	-109545.898438	828181.812500	2367871.500000	1726748.375000	234931.359375	-316894.750000	-257667.359375	-116306.695312	-38832.078125	-8079.199219	-0.000000	
-0.000000	-16093.861328	-57326.933594	-77967.445312	-130036.617188	-72605.570312	-135186.046875	-392699.687500	-376217.125000	-245366.140625	-392151.906250	-428660.156250	-365710.187500	-329341.312500	-93537.453125	-58827.433594	215139.406250	243182.218750	-551127.062500	123837.820312	5181259.500000	6425431.500000	869526.062500	-2770100.000000	-2635269.250000	-1162467.250000	-1572207.625000	-2114404.000000	-1779396.375000	-1331534.375000	-1260749.875000	-1106505.000000	-873388.625000	-727242.875000	-332274.562500	16863.376953	204204.890625	-443805.343750	3953019.000000	13598892.000000	12264345.000000	2141278.500000	-3903333.750000	-4630989.000000	-3451686.000000	-2394304.250000	-1828005.250000	-1513504.625000	-1131976.375000	-861443.187500	-513664.687500	-310846.500000	-283382.656250	-5707.466797	-194817.656250	584802.062500	2678328.750000	2330483.750000	710662.812500	-151283.375000	-234522.281250	-102474.781250	-20439.890625	-0.000000	
0.000000	1074.787476	-8938.467773	4172.791016	288284.531250	521652.625000	95400.484375	-390013.718750	-458859.375000	-243543.984375	-388073.062500	-604844.500000	-582210.812500	-493074.031250	-523836.875000	-512226.250000	-447859.781250	-411131.500000	-206295.921875	11462.711914	151602.546875	-359203.218750	3483643.750000	13038899.000000	12791075.000000	2429787.500000	-4822675.500000	-6237827.000000	-5077951.500000	-3856432.750000	-3233525.250000	-2951543.750000	-2445282.250000	-2073287.125000	-1387139.250000	-950032.562500	-990643.562500	-23122.767578	-929889.875000	3358569.000000	19023008.000000	21241160.000000	8753550.000000	-2718977.000000	-6960023.000000	-6318379.500000	-4624744.000000	-3309816.750000	-2654288.750000	-2002818.500000	-1474315.750000	-968492.562500	-637675.875000	-329593.968750	-37975.597656	-229138.187500	238218.109375	1312829.625000	1055376.500000	378092.906250	19389.078125	-47910.320312	-18698.417969	-0.000000	
-0.000000	-1817.069580	-3345.815186	386.243103	8435.144531	-29162.134766	382209.718750	1835799.875000	2227212.750000	509055.312500	-1190396.500000	-1784387.125000	-1661483.750000	-1428056.875000	-1343517.625000	-1366336.625000	-1253901.750000	-1172089.375000	-861219.000000	-645775.187500	-735457.875000	-18714.898438	-819476.187500	3220265.500000	19840010.000000	24103128.000000	10815250.000000	-3662394.500000	-10239245.000000	-10176821.000000	-8180625.500000	-6454601.000000	-5733764.000000	-4820304.000000	-3981354.500000	-2959980.250000	-2229174.750000	-1335290.250000	-181262.437500	-1315960.500000	1691959.875000	11965767.000000	12999542.000000	6795366.000000	575418.375000	-2954049.750000	-4230717.000000	-3994145.750000	-2771937.750000	-1815605.250000	-1426938.250000	-821746.562500	-348352.531250	-363723.875000	-270374.406250	-169036.921875	-90121.460938	-89091.617188	481899.843750	666195.687500	298775.375000	73330.265625	-57.514088	-0.000000	
-0.000000	-5180.259766	-13967.701172	-21759.789062	-40920.773438	-1519.380737	-89909.242188	453394.343750	3454590.250000	5049752.000000	2669563.000000	-1047661.250000	-3350236.500000	-3768529.250000	-3399019.250000	-2987981.250000	-2940182.750000	-2725057.500000	-2471863.000000	-2012017.000000	-1654948.625000	-1080745.250000	-159739.625000	-1261770.125000	1764626.375000	13577996.000000	16061289.000000	9153189.000000	846527.312500	-4757998.000000	-7483638.500000	-7789137.500000	-5987908.000000	-4369726.500000	-3853412.750000	-2511484.000000	-1217764.000000	-1473561.250000	-1290532.000000	-970793.750000	-640093.625000	-812024.250000	5935775.000000	11973363.000000	8866891.000000	4521390.000000	-13013.176758	-3117699.750000	-3969152.250000	-3096524.500000	-2098545.750000	-1473991.625000	-1123603.000000	-424593.718750	-137757.500000	-177349.015625	-203605.781250	-139521.203125	-83180.351562	-47438.566406	242969.093750	180462.171875	28298.195312	0.000000	
-0.000000	-12043.881836	-40089.968750	-67796.140625	-92081.109375	-87740.976562	-17525.912109	-177649.781250	307260.968750	2844673.000000	3964459.500000	2618353.000000	276980.093750	-1761911.000000	-3109424.000000	-3605768.500000	-3070503.750000	-2470333.000000	-2392429.000000	-1707156.125000	-904073.062500	-1192657.875000	-1137296.250000	-930817.187500	-667584.500000	-921433.875000	7333812.000000	16127823.000000	13044535.000000	7282464.500000	-23018.771484	-6079946.500000	-8574116.000000	-7452592.000000	-5667073.000000	-4504924.500000	-3927869.750000	-1720164.375000	-657534.375000	-1018530.750000	-1446123.500000	-1271663.875000	-1024569.500000	-852601.125000	7210703.000000	11126919.000000	6402769.000000	2126818.500000	-1039182.125000	-2699904.000000	-2849337.750000	-2113737.500000	-1493480.125000	-973769.500000	-622515.187500	-329359.218750	-137915.703125	-22640.683594	-47750.558594	-39757.066406	-23991.542969	-13421.354492	28537.183594	0.000000	
-0.000000	-10918.081055	-38801.667969	-57523.671875	-50302.496094	-96826.664062	-124779.031250	-131053.554688	-116241.414062	-193046.000000	1810228.500000	4613510.000000	4268115.500000	2696734.250000	-9564.213867	-2814545.250000	-4396670.500000	-4213166.500000	-3518457.750000	-3062177.500000	-2916066.500000	-1392251.375000	-579459.812500	-976588.437500	-1508231.875000	-1443004.000000	-1265883.500000	-1148432.500000	10608032.000000	17921788.000000	11325742.000000	4147591.000000	-2244829.000000	-6498021.500000	-7694569.000000	-6460164.500000	-5220878.500000	-3945050.500000	-2971345.500000	-1891538.500000	-979555.437500	-206358.187500	-588164.937500	-714543.500000	-712007.812500	-827532.562500	6456843.000000	9060201.000000	5003741.500000	2006470.125000	-715809.312500	-2151630.500000	-2334422.750000	-1592336.625000	-889139.000000	-579713.625000	-427745.281250	-165613.609375	-50905.429688	-55586.285156	-35483.484375	-21476.953125	-1204.007568	0.000000	
-0.000000	-18620.845703	-57064.191406	-103181.945312	-162249.531250	-113030.789062	-63575.722656	-137497.875000	-262616.937500	-302318.125000	-312462.125000	-328519.562500	3470902.500000	6636530.500000	4705803.500000	1920013.875000	-1151112.625000	-3673520.000000	-4777248.500000	-4391232.500000	-3876001.750000	-3193010.000000	-2618532.750000	-1813646.250000	-1021625.500000	-234162.234375	-726693.812500	-962472.312500	-1047471.000000	-1332881.375000	11421392.000000	17668648.000000	10809024.000000	4829092.500000	-1933026.000000	-6575975.500000	-8160630.000000	-6451063.000000	-4243975.500000	-3329345.750000	-3038089.000000	-1509482.750000	-627024.812500	-999037.937500	-1053059.250000	-1324223.875000	-272419.593750	143124.734375	-245807.906250	4393855.500000	5645570.000000	3414502.500000	1311391.000000	-688731.937500	-1341084.250000	-1128751.375000	-698466.375000	-356874.781250	-205280.046875	-123902.015625	-41853.902344	-14525.005859	-5087.649414	-0.000000	
-0.000000	-16235.781250	-77479.921875	-147965.265625	-215660.203125	-259226.484375	-287293.625000	-255350.687500	-177887.890625	-49058.414062	-179372.171875	-275323.937500	-342728.000000	-493572.843750	4745545.500000	8179217.500000	5542695.500000	2730026.000000	-1200138.125000	-4469953.500000	-6058485.500000	-5221304.000000	-3740052.500000	-3192245.750000	-3168569.250000	-1712865.750000	-774706.312500	-1345679.250000	-1549209.250000	-2132886.750000	-481878.031250	279113.062500	-530991.375000	10574956.000000	15245728.000000	10435661.000000	4584335.000000	-2790272.500000	-6401169.000000	-6482517.500000	-4960903.500000	-3252729.750000	-2528525.750000	-2226859.000000	-1242117.125000	-895581.312500	-1151135.125000	-940112.750000	-672274.062500	-359670.906250	-174935.031250	-118659.921875	-91557.117188	-2926.059326	35579.542969	-14857.038086	-16575.244141	-26673.781250	-28141.666016	-16766.359375	-9412.884766	-3250.951660	-466.410919	-0.000000	
0.000000	12065.840820	-19464.468750	-150617.828125	-337093.281250	-423894.781250	-410341.750000	-449449.343750	-551718.875000	-358855.812500	-191223.250000	-384943.781250	-506894.562500	-789819.000000	-200218.531250	129207.765625	-272283.937500	5978329.500000	9465460.000000	7093536.000000	3403429.250000	-2258366.000000	-5641104.000000	-6215572.000000	-5173965.500000	-3690992.500000	-3124062.750000	-2999523.750000	-1827341.750000	-1442485.500000	-2036221.875000	-1833350.125000	-1452238.500000	-865641.562500	-472407.906250	-362657.406250	-320063.593750	-11854.398438	169825.765625	-85325.257812	-117726.773438	-243117.796875	-346633.437500	-301337.437500	-279350.406250	-200446.843750	-105530.460938	-21212.861328	-21580.353516	96432.601562	-128320.703125	131454.062500	2460571.750000	3377727.000000	2373948.000000	788655.250000	-361411.062500	-619347.250000	-363219.937500	-140583.187500	-65945.953125	-33186.789062	-8082.742676	-0.000000	
-0.000000	26422.302734	153515.781250	239021.046875	189366.328125	-183346.828125	-618916.562500	-875115.812500	-900903.250000	-773285.437500	-771122.437500	-858041.000000	-597898.312500	-534159.812500	-846042.562500	-848699.375000	-744684.812500	-489372.312500	-293299.062500	-246512.765625	-237616.531250	-9594.607422	149660.921875	-81811.625000	-122782.914062	-275874.718750	-428275.062500	-405894.062500	-410966.625000	-322853.625000	-186670.906250	-41368.015625	-46617.628906	232090.140625	-346527.000000	401759.843750	8601619.000000	13684248.000000	11331161.000000	4529315.500000	-2566946.000000	-5645031.500000	-4473941.500000	-2526665.500000	-1957107.750000	-2046227.750000	-1828807.000000	-1356226.500000	-865275.937500	-655005.187500	-548482.750000	-341204.906250	-234403.953125	-190075.171875	-100326.539062	-61659.089844	-58893.816406	-30613.435547	-12154.003906	-8808.147461	-4281.550781	-1538.842285	-271.119019	-0.000000	
-0.000000	-2162.868896	-4756.877930	-8306.398438	-13220.950195	-778.944153	16420.123047	-11518.593750	-21379.255859	-57797.433594	-105712.507812	-116109.679688	-134466.500000	-119554.351562	-77561.070312	-19150.193359	-23904.777344	131207.281250	-215144.687500	273092.250000	6385877.000000	11075635.000000	9985717.000000	4342801.500000	-2677191.500000	-6405625.500000	-5527677.000000	-3403355.500000	-2879201.000000	-3295796.500000	-3234943.500000	-2644829.500000	-1869159.000000	-1576440.375000	-1481164.625000	-1042816.187500	-819424.750000	-770055.062500	-478871.562500	-354113.500000	-418297.218750	-279025.718750	-149706.281250	-158306.562500	-127065.507812	-94881.781250	-61343.574219	-32291.345703	-29228.646484	-7374.406738	-7678.406738	-27478.099609	-9214.791016	-2364.875977	-12190.646484	-6431.150391	-2498.711670	-2625.648438	-1538.526367	-710.584167	-192.775208	-176.557190	-36.883549	0.000000	
-0.000000	579.894165	-3489.329102	9202.009766	355309.312500	899182.250000	1095588.000000	611440.812500	-466159.000000	-1342017.500000	-1364414.250000	-973560.750000	-942062.125000	-1220450.500000	-1344106.875000	-1224351.625000	-958475.000000	-891207.500000	-919595.562500	-708843.937500	-608344.312500	-623260.312500	-422011.093750	-339531.343750	-436262.312500	-316620.781250	-184966.203125	-213235.015625	-186932.546875	-152823.187500	-108509.539062	-62972.597656	-63139.382812	-17748.429688	-20735.355469	-83980.640625	-32212.888672	-9580.866211	-58187.531250	-36934.652344	-17747.265625	-23931.435547	-18950.714844	-12771.145508	-5721.076172	-10886.145508	-8345.296875	3343.244629	-1207.698730	-4123.349609	950.911682	-160.024567	-3075.223877	-1200.928101	755.700500	-377.179962	-1079.989502	301.223358	571.984253	268.921021	335.980835	134.324341	8.862367	-0.000000	
-0.000000	-3938.851562	-14914.482422	-23884.929688	-33848.195312	-50599.773438	-46301.160156	-47804.007812	-75963.039062	-66333.976562	-45655.800781	-60997.812500	-61163.519531	-56591.210938	-45085.308594	-29151.443359	-32376.871094	-10033.702148	-12873.748047	-57085.003906	-23914.982422	-7754.476562	-51278.433594	-35413.710938	-18509.478516	-27155.880859	-23414.125000	-17202.416016	-8416.566406	-17533.982422	-14761.843750	6519.790039	-2608.856689	-9923.914062	2567.914307	-489.079193	-10750.307617	-4865.342285	3607.056396	-2166.177246	-7670.696777	2745.495850	7045.384277	4833.248047	9971.053711	8282.156250	2005.205322	-2275.277344	-2211.333984	-3828.245850	-4407.525391	-3766.290039	-2321.825928	-1887.836426	-1670.017456	-98.613953	843.892761	914.487732	1145.633667	1182.719360	367.603546	15.442641	-7.298032	-0.000000	
-0.000000	-44.345749	-208.793198	-1923.514160	-1330.626221	-629.551941	-5626.039551	-4986.041504	-3222.914795	-5689.322266	-5779.383789	-4920.907227	-2753.864258	-6492.923828	-6133.491211	3018.158691	-1337.780151	-5610.276367	1594.314697	-332.446686	-7981.073242	-3937.867188	3178.760254	-2076.975586	-8000.138672	3115.415283	8704.764648	6510.265137	14668.925781	13339.816406	3546.971191	-4437.105957	-4776.897461	-9213.669922	-11902.417969	-11510.820312	-8116.593750	-7648.227051	-7971.209473	-566.348511	5993.804199	8335.084961	14111.279297	21256.708984	10909.535156	952.160828	-1651.257812	-30894.894531	99544.281250	-238496.312500	95521.382812	2234806.500000	1557483.750000	-155307.078125	-161294.265625	-129669.656250	-190006.421875	-112994.367188	-74493.445312	-41617.000000	-20206.205078	-2704.926514	2982.802246	0.000000	
-0.000000	-24.795626	25.857431	-11.201995	-444.065796	-319.698181	348.759277	-292.425903	-1393.003418	652.698486	2148.625000	1862.320557	4799.608887	4939.802734	1473.753296	-2054.037109	-2449.517090	-5208.754883	-7389.732422	-7824.365723	-6025.792480	-6190.253906	-7024.720215	-543.026672	6251.227051	9458.127930	17434.871094	28632.259766	16049.573242	1533.616333	-2920.879883	-60249.324219	215034.406250	-574003.437500	257953.218750	6830185.000000	5444621.500000	-629198.500000	-769878.437500	-744704.125000	-1349533.125000	-1029885.562500	-917568.937500	-747971.625000	-599668.625000	-166780.093750	674890.937500	488350.000000	387.530731	-166814.937500	-216255.593750	-306341.093750	-69114.914062	364259.562500	36102.179688	-128278.570312	-42391.625000	-57752.261719	-42629.011719	-22270.439453	-10971.259766	-4085.533447	-825.362549	-0.000000	
-0.000000	-23.021027	-119.850555	-263.646790	-335.274261	-502.559601	-770.720703	-76.454948	1088.478638	1981.535522	4303.505371	8190.518066	5251.351074	567.906006	-1213.614624	-27890.779297	110266.218750	-324500.781250	160152.781250	4642750.000000	4042109.250000	-509255.062500	-678464.250000	-714037.687500	-1407493.125000	-1168649.125000	-1133681.500000	-1007499.187500	-882203.062500	-268627.593750	1193802.250000	952350.125000	837.139404	-401483.531250	-583993.062500	-936262.812500	-241610.562500	1475731.500000	172320.375000	-736714.937500	-301089.312500	-526382.125000	-525080.562500	-400260.843750	-325599.000000	-251905.406250	-186747.093750	-135046.562500	-89142.570312	-66682.390625	-71013.343750	43070.976562	-100649.312500	-214908.312500	1460032.375000	1355187.375000	-72563.140625	-127406.492188	-20750.841797	-80595.203125	-53702.890625	2673.853760	894.512939	-0.000000	
0.000000	-1434.189575	2597.441650	156440.296875	224902.390625	-41344.187500	-74438.046875	-100532.289062	-245076.078125	-244839.109375	-279830.250000	-288204.281250	-288653.031250	-99474.179688	496020.375000	440864.468750	429.271759	-226970.296875	-362577.812500	-636415.312500	-179372.671875	1194414.500000	151859.328125	-706377.562500	-314020.562500	-597305.250000	-648751.312500	-539141.437500	-479005.312500	-405736.343750	-330333.562500	-263359.531250	-192564.734375	-160488.515625	-191769.843750	131636.765625	-351847.906250	-870662.062500	6968923.500000	7782959.000000	-515384.500000	-1161244.625000	-255597.359375	-1448516.875000	-1593764.875000	164864.203125	202393.109375	-690902.812500	-547447.375000	-377176.531250	-380961.843750	-387062.312500	-225294.750000	440568.125000	342742.375000	-83535.898438	-73393.312500	-30976.527344	-16325.083984	-32436.810547	11687.988281	48984.785156	5900.917969	-0.000000	
0.000000	-1003.135986	-5880.477051	-21444.404297	-9980.270508	96969.281250	16661.322266	-99453.789062	-54678.011719	-125139.085938	-160133.375000	-154226.296875	-156728.468750	-150246.265625	-137252.359375	-121915.093750	-98744.132812	-90728.812500	-119062.187500	89478.781250	-261213.343750	-704688.687500	6141444.500000	7462462.000000	-537519.312500	-1317707.125000	-315797.500000	-1951116.250000	-2344668.750000	265541.750000	358009.500000	-1347356.125000	-1182589.500000	-907773.500000	-1028778.375000	-1182969.125000	-787581.000000	1784881.750000	1635953.750000	-479753.906250	-521280.875000	-282335.093750	-201083.328125	-582978.437500	346869.687500	3020298.750000	1335145.875000	-703643.562500	-380226.687500	-427003.531250	-507683.343750	-415475.437500	-295065.187500	-237207.390625	-95252.554688	9792.714844	-74.632607	-18678.496094	-21781.785156	10736.208008	11502.971680	-10780.067383	13138.405273	0.000000	
-0.000000	-400.992279	-1931.012817	3015.042236	-14533.873047	-57210.589844	673811.687500	1050670.625000	-93594.148438	-276067.656250	-77949.312500	-558134.500000	-767165.500000	98331.476562	148751.609375	-623721.750000	-606413.062500	-513190.687500	-638727.125000	-804111.437500	-584703.375000	1444631.750000	1441703.125000	-459997.968750	-543668.937500	-320376.031250	-248443.937500	-785257.500000	510297.656250	4864703.000000	2361715.250000	-1372202.500000	-821361.312500	-1027695.125000	-1370986.875000	-1269807.375000	-1031483.125000	-961002.750000	-454652.750000	56240.414062	-530.083008	-170244.875000	-268295.968750	192959.093750	341378.875000	-664676.312500	2972704.750000	6597697.500000	4272488.000000	-481054.437500	-2010700.500000	-963396.687500	-810082.625000	-722660.375000	-483366.312500	-315690.093750	-122292.257812	-76819.179688	-83859.335938	-46137.664062	-14628.480469	-7175.409668	-1371.184204	0.000000	
-0.000000	-2268.138428	-10359.210938	-27095.025391	-32532.814453	117283.320312	158177.187500	-64764.996094	-94664.937500	-67120.734375	-61324.214844	-224630.031250	166967.187500	1801424.625000	981283.812500	-635223.625000	-421181.000000	-580985.875000	-851190.625000	-863138.937500	-765777.312500	-777807.875000	-400668.000000	53924.472656	-552.849121	-193183.140625	-331486.968750	259911.109375	502219.843750	-1070573.875000	5258363.000000	12866424.000000	9229379.000000	-1157782.750000	-5429849.000000	-2944405.750000	-2831871.000000	-2927727.250000	-2307170.000000	-1813035.750000	-868588.875000	-700167.312500	-1032932.812500	-829220.312500	-434135.968750	-442420.656250	-310245.093750	45810.433594	878314.625000	993891.625000	71244.968750	-395482.250000	-273431.718750	-155348.109375	-121837.843750	-100753.835938	-56991.460938	-30445.966797	-25905.505859	-19534.882812	-8747.749023	-2929.396973	-613.756226	-0.000000	
-0.000000	-2567.771484	-13805.054688	-29083.994141	-42607.742188	-63146.812500	-43959.492188	7592.247070	-96.263412	-40473.042969	-81822.000000	74349.937500	164324.171875	-396439.000000	2184830.250000	5956159.500000	4732678.500000	-654528.125000	-3371174.750000	-2001430.500000	-2102392.750000	-2369618.000000	-2033220.250000	-1738376.125000	-905893.125000	-794505.625000	-1276216.750000	-1116939.125000	-638679.562500	-712593.437500	-548786.937500	89336.695312	1897325.125000	2392058.750000	192395.343750	-1208702.750000	-955857.250000	-629364.687500	-581547.812500	-578638.062500	-404785.625000	-277499.312500	-319089.656250	-351095.406250	-259610.875000	-180620.453125	-138868.906250	-105584.796875	-68909.156250	-40187.246094	-16286.008789	2818.161133	6977.528809	604.861145	-3786.803223	-8512.384766	-10894.625000	-6887.564453	-3500.556396	-1507.634277	-47.096294	134.795517	13.732032	0.000000	
0.000000	-2892.804688	-54675.480469	-67439.421875	-116976.835938	-192378.890625	-223075.781250	-244753.093750	-157736.296875	-166453.765625	-315012.687500	-319510.593750	-208973.187500	-263877.031250	-228018.906250	41355.984375	972918.125000	1352300.250000	119450.539062	-821603.625000	-709632.375000	-509389.593750	-512495.750000	-554810.125000	-422170.406250	-314888.687500	-394243.968750	-472916.812500	-381926.781250	-290919.843750	-245642.687500	-205904.984375	-148856.765625	-96721.070312	-43979.980469	8613.077148	24391.910156	2450.485352	-18074.902344	-48887.363281	-77379.796875	-62776.605469	-43117.914062	-27096.322266	-1397.697876	8311.208008	3107.019043	10100.203125	7152.909180	-1950.511230	726.840515	939.810425	-3947.290771	-5331.788574	-2126.693115	-2770.042725	-3921.904297	-2025.989502	-807.487671	-367.384003	81.932968	1.351857	-0.387150	0.000000	
0.000000	5976.733887	1937.311401	-27684.435547	-39483.843750	-41355.109375	-56228.726562	-78113.992188	-73509.328125	-65971.101562	-97312.507812	-135282.140625	-124964.796875	-107729.117188	-102063.617188	-95318.085938	-76331.375000	-54679.226562	-27305.402344	5854.653320	18108.654297	1983.351929	-15928.716797	-46874.214844	-80703.117188	-71234.929688	-53273.359375	-36498.074219	-2056.224609	13386.609375	5495.949219	19696.794922	15451.630859	-4694.412598	1962.815430	2872.319580	-13798.862305	-21600.773438	-10150.981445	-15908.595703	-27855.583984	-18465.851562	-9946.184570	-6602.897949	2431.561523	83.352631	-87.596825	4962.719238	5751.111328	2386.251465	-999.131409	-3158.583984	-2652.518066	-2831.803955	-2953.272217	-1333.751587	-702.092773	-762.676880	-97.248421	368.411407	174.533676	1.913798	-12.737836	-0.000000	
-0.000000	-241.664658	-442.853302	197.276123	1007.562988	161.019653	-1747.627197	-6599.612793	-14052.219727	-14924.151367	-13149.633789	-10440.605469	-672.787781	4957.130371	2283.546387	9118.092773	7923.350586	-2653.887695	1218.633179	1952.430664	-10244.332031	-17483.042969	-8945.669922	-15253.491211	-29051.929688	-20953.882812	-12288.783203	-8893.939453	3577.194092	134.253540	-154.948441	9677.989258	12423.484375	5743.134766	-2698.130615	-9653.503906	-9272.621094	-11472.540039	-14096.350586	-7659.851074	-4986.660156	-6951.407227	-1197.852051	6621.363281	5179.714355	118.000763	-2882.071533	-3568.217041	-2719.250000	-615.429504	95.737625	-1524.718384	-695.706665	1333.430298	941.651184	801.580078	643.731079	404.394073	98.419746	-181.437576	-139.197556	-44.028599	-14.739604	-0.000000	
0.000000	-11.729334	19.764431	65.788345	-569.993225	-1419.371582	-981.478699	-2147.601562	-5058.591797	-4389.965820	-3033.279785	-2544.192139	1170.442505	49.714779	-64.380493	4480.161133	6370.564941	3246.760742	-1675.160767	-6561.872559	-6884.032227	-9285.541992	-12422.571289	-7344.423828	-5200.828125	-7888.018066	-1479.978882	8918.811523	7620.141602	190.060226	-5098.043945	-6958.517578	-5874.092285	-1481.191162	258.537201	-4659.959473	-2432.037842	5402.150879	4494.623047	4603.543945	4572.142578	3685.843994	1212.279907	-3260.930664	-4131.028320	-2714.710938	-3334.993164	-3795.403076	-2328.328613	3436.219238	6825.532227	2774.531250	3085.929443	3048.968262	1828.268311	980.620850	-65.438416	-390.162811	-683.332397	-550.151184	-329.484283	-125.259743	-18.293379	-0.000000	
0.000000	14.349643	-27.168636	-221.106308	-383.026581	-753.852478	-1362.948730	-1034.051514	-905.580688	-1652.587891	-365.307953	2551.307129	2493.277344	70.380280	-2118.218262	-3221.255615	-3012.141113	-837.360352	160.515350	-3167.561035	-1805.554932	4372.344727	3960.938721	4413.973145	4768.507324	4182.462891	1497.804932	-4392.392578	-6077.366211	-4372.501953	-5899.208496	-7401.561523	-5029.628418	8270.155273	18432.187500	8479.731445	10787.732422	12352.341797	8726.561523	5631.791016	-464.780670	-3556.133057	-8416.909180	-9887.725586	-9778.252930	-7723.252441	-4139.072266	-1790.529297	-62.632271	2287.500488	3394.791260	1043.629639	103.204811	355.872925	579.784058	-523.946350	-1383.073364	-483.141968	197.962692	-2.057560	-92.236320	59.714432	35.734043	0.000000	
-0.000000	-3.700865	2.603322	-106.732903	-100.460823	354.971527	434.576385	621.461365	830.303955	876.251465	369.708008	-1256.483765	-1988.488037	-1619.160034	-2451.099121	-3426.350830	-2579.113281	4675.358887	11443.803711	5764.013184	8008.856934	9997.627930	7690.383301	5399.877930	-484.742126	-4035.275391	-10399.321289	-13318.520508	-14385.286133	-12439.606445	-7321.530273	-3491.780273	-135.297501	5505.465332	9167.552734	3189.619629	360.781372	1441.754639	2767.384521	-3009.069580	-9823.370117	-4403.590332	2438.394531	-36.980000	-2737.338867	3681.866455	8085.209473	8030.010742	4838.312012	69.377419	18305.496094	-2419.302002	-82857.664062	929342.812500	2131159.750000	1132925.375000	497298.406250	322711.375000	-16862.320312	-66218.468750	-55257.554688	-31025.294922	-6322.640625	-0.000000	
-0.000000	20.663589	185.601608	194.221954	445.611694	811.663635	843.754272	760.270874	-84.404465	-845.414795	-2566.897949	-3809.883789	-4706.803711	-4606.450195	-3042.068359	-1616.424316	-69.378410	3112.399170	5691.765137	2168.112061	267.845581	1166.914551	2438.789551	-2885.158203	-10245.265625	-4996.916504	3012.703125	-49.811142	-4027.038574	5930.269531	14301.780273	15659.633789	10451.666016	166.974808	49433.554688	-7394.053711	-289652.218750	3765063.750000	10172301.000000	6506489.000000	3532095.000000	2941348.250000	-207700.718750	-1190127.500000	-1639903.250000	-1912954.500000	-1430565.125000	-1383705.250000	570013.812500	2100815.000000	5973.156250	-1075840.625000	-879673.875000	-734190.312500	-451639.843750	-330281.531250	-194690.687500	-93152.539062	-54791.246094	-27962.250000	-19054.603516	-9119.856445	-1640.550049	-0.000000	
-0.000000	13.755808	92.312027	73.055862	14.902890	94.736671	267.573029	-406.213226	-1783.930176	-1046.884399	743.635193	-14.248929	-1317.629639	2196.009277	5942.336426	7249.199707	5359.447754	94.395706	30691.306641	-5026.034180	-215039.000000	3047333.750000	8964458.000000	6238556.500000	3683791.750000	3337656.250000	-256619.906250	-1603072.125000	-2412545.250000	-3081137.500000	-2530500.500000	-2698417.000000	1231337.125000	5056158.000000	16130.366211	-3288065.500000	-3075146.750000	-2974438.750000	-2155735.500000	-1896835.625000	-1382803.375000	-849037.437500	-674888.187500	-502558.312500	-565492.062500	-562311.187500	-371192.000000	-42825.562500	-24130.203125	-142887.500000	-107635.648438	-67661.140625	-57871.429688	-44112.507812	-39130.636719	-40287.683594	-7433.930176	-6454.227539	-10819.834961	-1141.032715	-1699.052612	123.559341	121.482193	-0.000000	
0.000000	0.417199	497.767700	-169.355301	-11964.740234	247399.687500	983540.000000	878351.875000	641430.687500	699259.312500	-63342.316406	-458573.343750	-789374.437500	-1140961.000000	-1051413.500000	-1249158.375000	631410.125000	2858392.750000	10014.696289	-2235029.750000	-2283001.750000	-2407424.750000	-1899766.875000	-1818725.250000	-1442192.250000	-963434.062500	-833842.812500	-676933.562500	-831924.187500	-905697.500000	-656594.750000	-83515.773438	-52125.785156	-343895.937500	-290667.500000	-206791.078125	-202305.828125	-178713.828125	-186775.593750	-231375.656250	-52799.980469	-58826.964844	-133272.734375	-20507.486328	-50423.546875	7618.409180	27486.646484	-39741.062500	54847.800781	42290.667969	-61531.484375	5016.525879	282186.500000	201776.234375	-41582.699219	-49613.648438	-31702.000000	-13082.722656	30672.048828	2879.629883	24876.083984	-3378.388184	3125.555420	0.000000	
0.000000	12633.179688	162.423584	-75310.695312	-127025.890625	-195448.281250	-208433.875000	-256065.765625	-251117.984375	-201845.312500	-205820.093750	-193643.000000	-272202.000000	-335384.437500	-272812.687500	-38661.347656	-26729.271484	-194414.359375	-180463.765625	-140564.171875	-150192.671875	-144645.812500	-164598.140625	-221847.765625	-55067.644531	-66753.125000	-164662.093750	-27623.076172	-74180.648438	12270.739258	48620.628906	-77500.578125	118481.578125	101783.500000	-166164.312500	15331.886719	986462.125000	817459.812500	-198479.609375	-284935.468750	-225165.546875	-119242.289062	377801.281250	51754.843750	738258.687500	-208304.312500	707190.375000	12710417.000000	6658190.500000	-2848445.000000	-1252960.750000	-952847.812500	-844037.125000	-1022413.625000	-626599.562500	-55428.429688	285473.437500	-121036.968750	-306858.000000	94.088402	3214.102295	-14586.335938	79088.242188	0.000000	
-0.000000	-859.249146	-2926.855957	-4736.395996	-8356.699219	-11743.159180	-18058.968750	-31234.855469	-9588.509766	-13985.186523	-40644.074219	-7901.831543	-24271.587891	4543.917969	20201.689453	-35876.777344	60755.464844	57541.164062	-103164.742188	10421.696289	732353.562500	661628.375000	-174912.453125	-273202.031250	-234836.000000	-135308.625000	466783.812500	69712.492188	1086090.000000	-335509.406250	1250936.125000	24787074.000000	14382946.000000	-6855524.000000	-3383590.750000	-2912165.500000	-2950568.500000	-4142123.500000	-2990841.000000	-318330.281250	2027593.875000	-1103189.750000	-3779706.750000	1691.026611	95386.359375	-899362.812500	17894560.000000	13065106.000000	-4889313.500000	-2386597.000000	-2421002.500000	-1841642.000000	-1115459.750000	-1449924.875000	-791182.812500	-677523.000000	-365284.937500	-285450.718750	-193290.250000	23662.162109	-84309.703125	61459.730469	84989.445312	0.000000	
0.000000	254.313507	-1673.179810	351.165436	40748.050781	53714.707031	-19190.607422	-38465.234375	-40890.207031	-28347.980469	115217.750000	19941.890625	355363.968750	-124240.859375	519759.312500	11474499.000000	7375345.500000	-3875626.750000	-2100735.250000	-1979515.375000	-2190514.250000	-3352515.000000	-2635713.250000	-305221.656250	2114675.250000	-1251830.000000	-4669931.000000	2277.770996	140327.734375	-1448576.250000	31653362.000000	25478768.000000	-10561838.000000	-5743966.500000	-6537859.500000	-5628565.500000	-3899402.750000	-5874107.500000	-3776417.750000	-3891073.500000	-2594460.500000	-2601736.500000	-2380842.250000	425273.937500	-2502097.000000	3789478.000000	19229770.000000	4446633.500000	-5397498.500000	-905606.125000	-1665881.625000	-1326286.625000	-1197990.250000	-1316762.000000	-672777.000000	-643627.250000	-482969.156250	-263369.562500	-104704.148438	25834.753906	-17314.878906	-9762.612305	47897.871094	0.000000	
0.000000	-17129.029297	-34070.828125	-66700.984375	-121879.906250	-272176.000000	-289178.593750	-42973.406250	368212.343750	-262266.031250	-1152694.125000	651.577026	45914.628906	-536415.250000	13151854.000000	11794699.000000	-5415942.500000	-3247231.000000	-4059094.000000	-3825961.250000	-2894932.500000	-4754333.000000	-3328012.000000	-3730841.750000	-2705887.750000	-2952286.250000	-2941595.500000	572833.437500	-3680962.500000	6103596.500000	34015192.000000	8671552.000000	-11659613.000000	-2179576.750000	-4498673.500000	-4053497.500000	-4187911.250000	-5334622.500000	-3211251.500000	-3696407.000000	-3430320.500000	-2400478.000000	-1289687.625000	464321.375000	-513861.437500	-601942.187500	10837405.000000	6970542.000000	-3147171.500000	-788233.500000	-900257.687500	-1122093.500000	-753164.687500	-946585.000000	-497104.875000	-401506.812500	-380354.750000	-211663.484375	-114070.523438	-33980.078125	7663.056641	-23051.203125	9059.503906	0.000000	
-0.000000	-14351.720703	-65832.515625	-128918.109375	-161073.640625	-385983.468750	-365134.500000	-525280.500000	-471155.687500	-618522.000000	-726083.500000	163864.203125	-1204395.000000	2260193.000000	14133185.000000	4014258.000000	-5978864.000000	-1232178.000000	-2793045.500000	-2755324.250000	-3109122.500000	-4317689.000000	-2829952.500000	-3544191.750000	-3577646.250000	-2723911.000000	-1593444.250000	625429.375000	-755967.750000	-969529.875000	19170090.000000	13593523.000000	-6798483.000000	-1897089.000000	-2431124.500000	-3429427.000000	-2632898.500000	-3834917.250000	-2372746.000000	-2305888.500000	-2701494.750000	-1929203.625000	-1405057.500000	-610715.187500	227419.984375	-1421288.750000	2049809.625000	8431223.000000	1242092.750000	-1320676.875000	-227965.000000	-981693.375000	-394517.437500	-454023.625000	-382844.250000	-340077.062500	-298063.968750	-181136.703125	-82610.117188	-43945.269531	-17034.623047	3794.691406	-2569.707520	0.000000	
-0.000000	-5445.832031	-45299.078125	-92842.343750	-172991.140625	-350534.281250	-310489.687500	-499001.250000	-622948.375000	-570675.937500	-393314.968750	178909.750000	-247349.375000	-359021.906250	7965100.500000	6292750.000000	-3486154.000000	-1072479.500000	-1509387.500000	-2331118.750000	-1954674.750000	-3103871.250000	-2091009.875000	-2210933.500000	-2817518.750000	-2189138.500000	-1735986.875000	-822618.187500	334569.125000	-2289226.500000	3625871.000000	16442052.000000	2683154.250000	-3178552.500000	-615614.062500	-3000325.500000	-1379146.500000	-1839394.375000	-1827365.250000	-1953092.125000	-2117019.250000	-1650967.750000	-1017545.625000	-789817.000000	-505544.156250	233972.687500	-581423.812500	230465.171875	5378086.000000	2310888.750000	-1247960.000000	-666520.312500	-351740.187500	-248535.265625	-423262.468750	-230187.453125	-198663.671875	-123671.320312	-62312.054688	-36799.175781	-16179.849609	-2992.661377	1305.103271	0.000000	
-0.000000	-4740.015625	-24480.037109	-78548.476562	-108757.828125	-251989.703125	-229416.187500	-311286.375000	-490593.156250	-458637.843750	-428499.218750	-235317.390625	109469.570312	-847712.312500	1506535.875000	7611399.000000	1375878.750000	-1796927.875000	-382210.031250	-2039441.250000	-1023884.000000	-1488752.625000	-1610386.750000	-1872665.250000	-2207941.250000	-1873414.000000	-1257205.375000	-1063863.875000	-743731.812500	376852.656250	-1028469.937500	449439.000000	11617678.000000	5561755.000000	-3370086.250000	-2037069.750000	-1229606.500000	-1006895.562500	-2020286.500000	-1321986.500000	-1411021.875000	-1127200.500000	-767525.312500	-661382.125000	-480176.656250	-184521.218750	295293.562500	545940.250000	-414551.437500	1986682.375000	2894252.500000	-267216.968750	-600897.937500	-410759.531250	-405987.656250	-266741.312500	-161840.000000	-81849.046875	-92408.093750	11801.775391	51858.210938	-2172.799561	-1060.714722	-0.000000	
0.000000	-7941.845703	-6198.882324	-68720.226562	-56968.761719	-120865.304688	-176684.390625	-263660.187500	-384452.031250	-392491.656250	-310320.062500	-304327.937500	-243345.828125	139550.484375	-427325.437500	208055.515625	5957360.500000	3144221.500000	-2092351.000000	-1384677.875000	-912864.937500	-814952.125000	-1780400.875000	-1267548.000000	-1471622.625000	-1279075.875000	-948298.500000	-890865.250000	-706412.375000	-297202.687500	522339.437500	1064659.125000	-895509.187500	4781468.000000	7815860.000000	-816688.687500	-2100607.250000	-1664117.750000	-1937831.625000	-1531918.500000	-1149479.250000	-746011.937500	-1138231.750000	212110.265625	1539019.500000	-133970.250000	-239998.046875	-129438.859375	-80670.015625	-667722.312500	567894.250000	3558498.250000	857593.375000	-928196.187500	-309565.656250	-459079.156250	-234195.765625	58210.453125	68199.929688	74105.281250	-26774.261719	-13756.977539	-562.170715	-0.000000	
0.000000	13896.451172	-33934.843750	-46657.566406	-50791.675781	-66162.398438	-195337.578125	-178463.281250	-256242.468750	-267974.187500	-234071.562500	-254840.093750	-231135.078125	-110055.687500	217030.078125	492854.843750	-459202.843750	2703102.500000	4852553.500000	-555135.937500	-1559499.500000	-1346888.750000	-1707736.500000	-1468835.250000	-1198847.250000	-846527.250000	-1406316.375000	285707.250000	2264130.000000	-215781.796875	-424528.187500	-252423.703125	-174262.437500	-1607047.500000	1533584.875000	10875752.000000	2997958.250000	-3760418.500000	-1477597.000000	-2636531.500000	-1663390.875000	530558.312500	840048.875000	1331875.125000	-794591.812500	-848226.312500	-127197.132812	-1026601.125000	-755574.937500	-565317.062500	-196602.125000	571523.562500	186420.078125	-292361.750000	521681.312500	696668.000000	-40941.152344	-259011.140625	-128113.812500	-64146.785156	-29196.658203	-11479.462891	-1200.205811	0.000000	
-0.000000	11946.847656	78701.250000	-18705.646484	-86770.335938	-109348.000000	-187365.171875	-206803.328125	-208746.171875	-177352.609375	-347125.593750	81729.156250	740813.562500	-79905.109375	-176389.875000	-116852.664062	-89359.000000	-908510.562500	952141.187500	7392683.500000	2225696.500000	-3043574.000000	-1302149.375000	-2527961.000000	-1734830.500000	602044.125000	1037903.312500	1794002.750000	-1168964.500000	-1366212.250000	-224996.687500	-2002014.375000	-1632184.125000	-1360582.625000	-530919.375000	1746733.500000	651683.687500	-1184450.625000	2490052.500000	4001024.750000	-290787.250000	-2360753.250000	-1578034.875000	-1152893.625000	-866482.375000	-707799.562500	-271559.406250	484760.250000	95752.890625	-346281.843750	54951.421875	207461.093750	351314.625000	477385.687500	92226.007812	362162.468750	485958.531250	-86222.531250	-206275.796875	-84447.046875	-37890.105469	-11797.661133	-2605.247559	-0.000000	
-0.000000	-4015.325684	15442.324219	249101.000000	123837.445312	-247094.437500	-142865.984375	-355921.968750	-302072.843750	126131.906250	256189.015625	513190.781250	-382480.125000	-505915.406250	-93485.281250	-926777.875000	-836958.062500	-769176.812500	-329626.500000	1187324.625000	483812.656250	-958660.125000	2194387.500000	3836265.500000	-303276.000000	-2678833.750000	-1949705.250000	-1552919.125000	-1274726.375000	-1140031.125000	-480356.500000	945349.687500	206844.281250	-833417.375000	148395.000000	634058.312500	1228118.875000	1934041.500000	440206.687500	2079930.500000	3451552.500000	-785874.000000	-2540791.000000	-1517745.000000	-1124481.625000	-727419.000000	-589465.125000	-380276.750000	292949.937500	439742.593750	-198792.953125	-307916.812500	-12515.820312	185529.015625	337748.156250	77185.734375	311215.562500	604823.937500	84506.984375	-162384.359375	-69540.992188	-19087.281250	-2921.451416	-0.000000	
-0.000000	-3399.515381	-5346.055176	40007.628906	26919.269531	-77829.414062	240758.328125	540123.500000	-52807.144531	-561232.000000	-481252.000000	-444226.625000	-417084.968750	-422159.406250	-199586.328125	437623.812500	106066.453125	-471155.031250	92132.492188	430994.812500	911760.500000	1565357.250000	387937.218750	1994280.500000	3599790.250000	-891760.187500	-3139216.500000	-2044364.750000	-1654282.250000	-1171631.500000	-1042694.125000	-741592.312500	632827.062500	1058355.000000	-536835.625000	-941078.687500	-43752.558594	751637.187500	1612115.625000	443284.375000	2210429.250000	5512658.500000	1040910.187500	-2918492.250000	-2063799.375000	-1176881.625000	-661009.625000	-528978.062500	-638687.250000	-410761.875000	-52359.808594	-38019.847656	-219223.968750	-15710.709961	223773.093750	321478.812500	282605.250000	104836.882812	324298.687500	243289.625000	-52528.417969	-49382.066406	-7415.789551	-0.000000	
0.000000	-2082.354248	1494.253052	14522.633789	50730.226562	127084.500000	42562.726562	280782.906250	626804.125000	-186829.187500	-774862.937500	-584809.125000	-541274.000000	-433861.187500	-433235.531250	-343299.906250	324503.625000	598318.750000	-333299.656250	-639688.812500	-32482.082031	608353.375000	1420695.625000	425030.250000	2305363.000000	6255417.000000	1286073.000000	-3931136.500000	-3036160.250000	-1895567.375000	-1169247.875000	-1031580.562500	-1379684.750000	-988605.375000	-141396.406250	-116199.132812	-766358.875000	-63649.093750	1068098.000000	1846280.750000	2007222.500000	955534.187500	3994531.500000	4372581.500000	-1558909.500000	-3044794.500000	-1677901.625000	-1086509.625000	-710507.500000	-583513.437500	-377815.312500	-264265.250000	256676.312500	492677.031250	-57924.488281	-81197.648438	203198.796875	243271.031250	119741.531250	70159.523438	93997.726562	12039.835938	-10028.325195	-0.000000	
0.000000	2644.377197	-5405.628418	-21554.707031	-1807.298462	49389.546875	155872.328125	59841.746094	401415.343750	1310548.000000	317445.531250	-1124537.250000	-993418.562500	-701938.375000	-485818.125000	-477542.031250	-707480.375000	-558887.312500	-87787.351562	-78985.203125	-568948.000000	-51515.734375	941273.687500	1770252.250000	2093428.875000	1084279.875000	4935353.000000	5889759.000000	-2293391.250000	-4904157.500000	-2968009.750000	-2118844.250000	-1534830.000000	-1404377.000000	-1020281.312500	-807667.437500	897284.062500	1995991.625000	-276481.093750	-466325.125000	1443232.875000	2217290.250000	1474909.750000	1260959.000000	2789612.750000	742351.000000	-2269015.750000	-1885521.625000	-1066634.750000	-666608.125000	-509634.312500	-262892.187500	-538450.062500	383141.656250	1920022.500000	196517.515625	-270159.718750	456486.875000	72542.609375	-318269.406250	395949.218750	347984.343750	-15008.166992	-0.000000	
-0.000000	-2470.102783	-1423.781128	-2661.454834	-31656.185547	-4182.336914	103272.312500	249241.046875	364512.875000	227163.250000	1218209.000000	1684819.000000	-750387.687500	-1816034.750000	-1233197.000000	-980861.062500	-787036.437500	-793935.062500	-633451.625000	-549003.875000	666147.375000	1615498.000000	-243652.156250	-447122.187500	1505217.125000	2516041.000000	1822291.250000	1698480.500000	4103941.500000	1195682.125000	-4013621.000000	-3677028.250000	-2304132.000000	-1604366.000000	-1376255.375000	-803471.000000	-1882303.250000	1552228.875000	9164516.000000	1128617.125000	-1918827.250000	4160643.000000	893539.625000	-5720174.000000	11750763.000000	21455984.000000	-3395758.250000	-6314196.500000	-2291038.500000	-2508463.250000	-1976716.750000	-1529434.375000	-668150.375000	-829661.000000	-1058636.375000	681174.312500	1647141.625000	-176758.015625	40698.984375	188196.406250	-162384.015625	-5928.100098	74634.742188	0.000000	
-0.000000	-3508.938477	-10273.650391	-18499.021484	37064.347656	131155.203125	-26732.417969	-62952.164062	262092.015625	527125.937500	449802.000000	485865.750000	1342792.000000	442767.218750	-1667644.500000	-1702179.875000	-1181522.250000	-906994.625000	-854461.625000	-546151.375000	-1397429.750000	1256329.250000	8076335.500000	1082141.500000	-2001237.250000	4721235.000000	1103992.625000	-7704932.000000	17287146.000000	34558496.000000	-6006695.000000	-12313558.000000	-4949074.500000	-6037269.500000	-5338076.500000	-4674373.000000	-2335707.000000	-3361221.000000	-5053008.000000	3912043.250000	11698932.000000	-1611058.375000	501307.500000	3382405.500000	-4819143.500000	-365514.187500	16886908.000000	8372923.000000	-7337068.000000	-2742586.750000	-2786278.000000	-2436440.000000	-1360656.375000	-1063341.375000	-686834.562500	-819061.125000	-126958.437500	-4134.118652	-215084.671875	-51012.800781	13586.843750	12035.400391	-8456.666016	0.000000	
-0.000000	-4008.625732	-13858.105469	-18402.904297	-77752.796875	101995.867188	886099.250000	152359.125000	-348460.250000	989127.500000	272502.031250	-2204065.750000	5656279.500000	12797189.000000	-2495759.250000	-5700225.000000	-2537806.500000	-3413043.500000	-3314197.250000	-3177358.500000	-1734038.500000	-2720475.250000	-4453022.000000	3750948.250000	12201379.000000	-1828127.250000	619379.125000	4556016.500000	-7089687.500000	-588722.562500	29870944.000000	16328360.000000	-15849449.000000	-6600748.500000	-7524277.500000	-7446432.000000	-4756556.000000	-4307934.500000	-3278350.250000	-4703939.500000	-901730.687500	-37680.363281	-2649293.750000	-916839.875000	403222.875000	742077.500000	-1913411.125000	7611531.000000	17977988.000000	114419.343750	-4792303.500000	-749843.125000	-2474212.250000	-1146145.375000	-664737.812500	-704377.187500	-522284.000000	-513294.343750	205760.718750	167426.234375	-104801.492188	17558.212891	8235.196289	-0.000000	
-0.000000	-15084.559570	-53751.386719	-107063.039062	-96481.664062	-220863.468750	-488565.531250	528111.312500	2124533.500000	-383003.812500	152883.343750	1303289.875000	-2319715.250000	-218007.000000	12411266.000000	7558768.000000	-8127345.000000	-3731594.500000	-4671521.000000	-5061638.000000	-3531286.750000	-3486717.750000	-2889084.000000	-4510234.500000	-940458.312500	-42757.300781	-3273274.750000	-1234960.625000	593201.687500	1195241.500000	-3384598.250000	14843540.000000	38835844.000000	275379.906250	-12941502.000000	-2291727.250000	-8649303.000000	-4643400.000000	-3172879.750000	-4045299.500000	-3709556.750000	-4678413.500000	2534446.500000	3009108.500000	-3110241.000000	1082602.500000	1863301.125000	-3054119.000000	1983813.250000	16139257.000000	6155953.000000	-5492878.500000	-1526614.250000	-1785622.875000	-1755421.250000	-492692.906250	-596896.312500	-459866.406250	-362510.625000	-121174.148438	163030.593750	16391.869141	-7668.545898	0.000000	
-0.000000	-16492.453125	-75765.179688	-170554.984375	-196480.312500	-283071.343750	-316977.312500	-635014.375000	-163754.859375	-8957.915039	-807952.937500	-353271.687500	194093.031250	442604.093750	-1406287.875000	6871411.500000	19914402.000000	155680.250000	-8034858.000000	-1557778.625000	-6421278.500000	-3758234.000000	-2796137.000000	-3878717.000000	-3868875.250000	-5308768.500000	3131377.750000	4053194.250000	-4575634.000000	1743714.875000	3295959.500000	-5955955.000000	4285410.000000	38843320.000000	16624004.000000	-16787750.000000	-5336708.500000	-7234127.500000	-8378852.500000	-2829578.000000	-4239495.500000	-4191445.750000	-4465205.000000	-2177831.750000	4838332.000000	1010688.187500	-1735090.625000	1906613.250000	-183210.843750	-2144317.250000	7867003.000000	12212878.000000	-1336401.500000	-3348825.750000	-939315.500000	-1548025.625000	-810198.500000	-408974.468750	-317045.000000	-210692.921875	-114265.796875	35804.660156	4256.620117	-0.000000	
0.000000	688.056885	-130313.539062	-52490.304688	-357279.031250	-305114.531250	-306779.562500	-546100.437500	-673657.875000	-1112219.375000	772928.062500	1159453.000000	-1497127.750000	645706.562500	1369458.875000	-2757146.750000	2197490.250000	21959256.000000	10321176.000000	-11411306.000000	-3961994.500000	-5855093.500000	-7383961.000000	-2713058.000000	-4421574.000000	-4756188.000000	-5516882.500000	-2933485.250000	7117917.000000	1627884.625000	-3069170.250000	3718160.000000	-395769.906250	-5160857.500000	21244656.000000	37325920.000000	-4671766.000000	-13567160.000000	-4483474.500000	-8890446.000000	-5754488.500000	-3727591.750000	-3905184.500000	-3786729.500000	-3391117.500000	2207640.250000	963105.750000	-2809251.500000	550801.125000	741512.375000	-1433366.000000	659605.500000	10743655.000000	5722443.000000	-3449710.750000	-1279154.125000	-751990.437500	-931972.375000	-285755.906250	-189087.437500	-115848.710938	-58658.371094	-1900.491943	0.000000	
0.000000	97052.882812	167394.234375	-384510.937500	-220444.812500	-475349.406250	-810135.000000	-381982.562500	-769895.125000	-996450.375000	-1361749.875000	-839150.062500	2328951.750000	602814.062500	-1275228.750000	1721220.625000	-202944.515625	-2917582.250000	13189952.000000	25371922.000000	-3468338.500000	-10980867.000000	-3951113.750000	-8524343.000000	-6001633.000000	-4229835.500000	-4824962.000000	-5100630.500000	-4988846.000000	3555778.500000	1703620.250000	-5478429.500000	1189834.125000	1784642.500000	-3870771.000000	2015936.250000	37557460.000000	23183440.000000	-16465916.000000	-7346293.000000	-5341061.500000	-8494449.000000	-3519782.750000	-3398419.750000	-3438094.250000	-3616751.750000	-430006.625000	4573516.000000	-469334.406250	-1931239.500000	407974.250000	-733260.750000	-880291.625000	2575460.500000	4046722.000000	-422758.093750	-1253034.125000	-416031.812500	-392545.531250	-179194.421875	-54432.226562	-25712.736328	-7965.441895	-0.000000	
-0.000000	-12894.779297	213921.546875	854922.437500	-192977.875000	-891488.500000	-433498.437500	-1200177.125000	-1045018.812500	-886176.375000	-1190960.875000	-1459081.625000	-1632328.750000	1316723.125000	707847.875000	-2536089.500000	610128.000000	1008910.187500	-2403206.000000	1370312.500000	27882812.000000	18764006.000000	-14510779.000000	-7043778.000000	-5570450.500000	-9638964.000000	-4348787.500000	-4577587.000000	-5057955.500000	-5825392.000000	-760630.875000	8918990.000000	-1013850.750000	-4648030.500000	1101724.750000	-2241047.000000	-3077306.250000	10434011.000000	19315528.000000	-2427936.500000	-8899758.000000	-3791915.750000	-4835158.000000	-3220615.250000	-1615409.625000	-1585393.250000	-1802266.375000	-2256618.250000	3261965.000000	4611391.500000	-1407963.875000	-291522.312500	919792.750000	-926491.062500	60352.011719	3100857.750000	1401700.500000	-1042199.812500	-440503.093750	-215750.875000	-139801.437500	-38101.382812	-6337.821289	-0.000000	
0.000000	4459.060059	-38976.453125	46173.519531	1551395.750000	1523367.375000	-1592057.375000	-991722.312500	-969940.187500	-2019421.750000	-1073425.250000	-1309460.375000	-1654941.250000	-2157172.500000	-316039.281250	4128802.750000	-519886.531250	-2627666.500000	684016.562500	-1523329.250000	-2284605.000000	8444987.000000	17022032.000000	-2327955.750000	-9281986.000000	-4302826.500000	-5973970.000000	-4338088.500000	-2376511.500000	-2553544.500000	-3187996.250000	-4400718.000000	7046459.000000	11098513.000000	-3802173.000000	-890972.500000	3215393.750000	-3753510.500000	288067.968750	17808496.000000	9955671.000000	-9499115.000000	-5425872.500000	-3877634.750000	-4148950.000000	-2349251.250000	-1433999.750000	-737186.062500	-2012099.125000	628833.625000	3652978.750000	-609648.562500	-1096938.750000	822326.312500	-103354.851562	-668845.000000	1228057.375000	2133960.750000	-121684.390625	-480182.500000	-93193.695312	-57780.601562	-11842.162109	-0.000000	
-0.000000	-11613.443359	11093.739258	-51329.511719	-127115.093750	685611.500000	1867580.875000	-327762.406250	-1616201.625000	-901468.375000	-1474574.125000	-1240949.625000	-777584.250000	-945590.687500	-1324600.500000	-2037192.250000	3613312.000000	6274311.500000	-2360616.250000	-605629.687500	2387121.500000	-3037982.750000	253863.218750	17075154.000000	10383248.000000	-10778996.000000	-6703814.000000	-5223077.500000	-6103731.500000	-3783867.250000	-2536576.250000	-1437615.000000	-4346513.000000	1513451.750000	9864782.000000	-1863254.000000	-3834657.000000	3331506.000000	-493326.062500	-3841234.750000	8722359.000000	19449954.000000	-1498840.875000	-8630196.000000	-2765751.000000	-3562630.500000	-2679415.750000	-1410490.000000	-826650.187500	-1218163.500000	-515755.968750	303379.750000	-512254.031250	-540862.750000	-102691.492188	179543.156250	-42726.000000	-26154.056641	1275954.875000	646532.000000	-207445.203125	-60413.707031	-9347.039062	-0.000000	
0.000000	27730.447266	-38285.710938	-20407.062500	132819.109375	-246640.515625	27852.730469	2404080.750000	1807956.125000	-2258265.250000	-1654723.875000	-1494108.750000	-1997114.625000	-1401185.500000	-1053937.875000	-665504.625000	-2228822.750000	855598.187500	6124646.500000	-1266528.375000	-2846865.250000	2696424.500000	-434749.312500	-3683055.500000	9096968.000000	22070580.000000	-1851858.750000	-11624660.000000	-4068837.500000	-5738220.000000	-4739570.000000	-2750651.000000	-1785720.125000	-2931827.500000	-1392786.750000	927212.125000	-1790727.750000	-2191207.250000	-490159.812500	1031131.875000	-303464.250000	-238380.765625	15716505.000000	11619953.000000	-6156444.500000	-3724982.250000	-2114867.500000	-2374407.750000	-1700951.625000	-684123.062500	-758244.562500	-856292.000000	-361543.937500	-107165.851562	-200034.750000	-254931.218750	129513.843750	247417.296875	-59213.972656	128618.109375	479344.156250	62201.035156	-25076.341797	-0.000000	
-0.000000	3781.469971	99332.726562	-42676.449219	-158399.187500	218910.890625	-47698.738281	-518552.437500	1583985.875000	4623921.000000	-457100.250000	-3325339.500000	-1331306.000000	-2124892.500000	-1969273.500000	-1273338.750000	-915688.875000	-1657447.125000	-864725.312500	630263.187500	-1329443.625000	-1773499.875000	-431959.000000	988670.625000	-316497.468750	-270499.437500	19418172.000000	15651788.000000	-9057059.000000	-5999715.000000	-3740950.750000	-4630424.000000	-3674376.000000	-1646520.250000	-2047621.375000	-2617064.250000	-1263878.250000	-434163.000000	-954791.812500	-1464092.125000	919880.625000	2255081.250000	-729364.875000	2311620.250000	14225712.000000	3835185.250000	-5673790.500000	-1923058.500000	-1729130.500000	-1855119.250000	-1152279.125000	-536782.625000	-435114.843750	-446680.312500	-118973.203125	-91255.609375	-217478.750000	-111521.703125	73985.515625	81285.359375	-26481.175781	142818.859375	59029.589844	-0.000000	
-0.000000	-7325.385254	-14024.567383	21237.103516	-73970.054688	-143982.687500	-47392.597656	139198.984375	-55109.296875	-56671.281250	4793049.500000	4477336.000000	-2963430.750000	-2221725.500000	-1554351.000000	-2143528.250000	-1884161.500000	-930825.625000	-1271285.750000	-1778923.375000	-938308.437500	-351398.968750	-841421.312500	-1403801.875000	959387.812500	2558924.000000	-901150.187500	3113695.000000	20928170.000000	6177215.500000	-10036265.000000	-3750230.500000	-3735247.750000	-4464827.000000	-3111702.500000	-1640555.625000	-1521066.000000	-1809644.250000	-567874.500000	-524088.875000	-1544657.250000	-1016462.937500	911312.562500	1460920.750000	-785893.750000	8805910.000000	13356075.000000	-1661306.250000	-4193098.500000	-886843.000000	-1456106.750000	-1750116.625000	-839167.000000	-478468.625000	-474769.593750	-383370.625000	-218020.312500	-179830.562500	-136625.406250	-50393.605469	37944.597656	10725.496094	1685.463135	0.000000	
-0.000000	-4113.951172	-20618.378906	-59941.910156	-52207.347656	-28528.542969	-92316.960938	-197647.000000	167050.906250	536110.125000	-222433.796875	890700.687500	6847607.000000	2287454.750000	-4170030.500000	-1736066.750000	-1915375.500000	-2524096.250000	-1931930.875000	-1115151.375000	-1129245.625000	-1464673.750000	-500445.968750	-502507.281250	-1610997.375000	-1153418.000000	1125951.500000	1967824.000000	-1156168.375000	14183411.000000	23625320.000000	-3239777.250000	-9057883.000000	-2134418.500000	-3932181.750000	-5348838.500000	-2933543.750000	-1938428.875000	-2266136.750000	-2201730.750000	-1548503.750000	-1639063.000000	-1682875.875000	-905711.312500	1126098.875000	661311.562500	381354.062500	11122025.000000	7035309.500000	-3751559.500000	-2177891.000000	-1030371.250000	-1399777.000000	-998464.687500	-456247.312500	-295955.031250	-256404.750000	-115005.992188	-34542.054688	-66689.546875	-38965.441406	-538.102661	5258.063965	0.000000	
-0.000000	-11155.697266	-31333.066406	-37575.707031	-62831.070312	-118910.445312	-54906.679688	-70750.054688	-280510.718750	-241648.078125	277922.250000	562913.937500	-378293.281250	5252190.000000	9816232.000000	-1499766.375000	-4644738.000000	-1206648.625000	-2441333.500000	-3635819.750000	-2177875.000000	-1568908.250000	-1997059.125000	-2111065.000000	-1615009.125000	-1859905.250000	-2079239.125000	-1219970.625000	1656661.375000	1065154.250000	674570.250000	21689490.000000	15197594.000000	-9029104.000000	-5881342.500000	-3149098.500000	-4893313.000000	-4045098.500000	-2177727.500000	-1699695.375000	-1821131.750000	-1048220.437500	-425469.843750	-1198594.000000	-1156394.875000	-33178.277344	1189693.125000	871776.937500	3666411.000000	8102477.000000	1015808.875000	-3167005.500000	-1121587.375000	-949748.875000	-892443.437500	-543005.625000	-264747.718750	-98329.968750	-89825.539062	-43065.105469	-10193.674805	-15161.678711	-3611.117676	-0.000000	
-0.000000	-5333.000488	-39594.824219	-122511.171875	-121176.656250	-127372.789062	-219108.343750	-297225.468750	-281209.250000	-389661.468750	-513225.281250	-348983.656250	542052.437500	394432.125000	280281.437500	10040557.000000	7793084.500000	-5104414.500000	-3651489.250000	-2140568.250000	-3632816.000000	-3273986.000000	-1919147.500000	-1629703.125000	-1899346.000000	-1189454.375000	-525679.625000	-1614476.375000	-1701231.375000	-53439.238281	2104426.500000	1700085.750000	7920138.500000	19500718.000000	2743167.750000	-9679242.000000	-3920823.500000	-3847735.500000	-4259748.000000	-3118528.500000	-1880388.250000	-896227.062500	-1106421.250000	-773998.062500	-302522.281250	-934837.250000	-817053.937500	-143388.171875	701400.812500	711065.187500	1733165.000000	4548622.000000	1380431.500000	-1543987.250000	-882328.062500	-537922.875000	-399504.187500	-236913.000000	-106971.812500	-38689.792969	-24548.736328	-12040.219727	-363.813995	-0.000000	
0.000000	-22559.876953	-59221.761719	-72127.757812	-202129.375000	-265800.562500	-210560.234375	-229452.578125	-330718.687500	-249197.937500	-129755.195312	-461835.625000	-556635.562500	-19788.826172	874381.375000	787008.250000	4061321.000000	11024322.000000	1703122.500000	-6579368.000000	-2910835.500000	-3114245.750000	-3753952.250000	-2990109.750000	-1961147.500000	-1016981.875000	-1367013.625000	-1042556.125000	-445055.937500	-1505713.875000	-1445271.875000	-279626.812500	1515157.875000	1711363.375000	4680371.000000	13901843.000000	4825686.000000	-6255184.500000	-4211466.000000	-3089337.750000	-2837505.000000	-2159340.000000	-1317619.500000	-695361.687500	-728543.875000	-742374.625000	-82316.804688	-286263.406250	-519337.812500	-293564.531250	-16717.037109	473373.062500	247853.781250	1619843.375000	2260829.000000	-115037.750000	-714363.062500	-287686.031250	-161079.140625	-82577.687500	-40572.820312	-15251.836914	-2850.626465	-0.000000	
0.000000	48723.972656	27622.132812	-221695.828125	-161958.484375	-252831.968750	-411866.750000	-420989.781250	-341479.687500	-213063.906250	-337424.375000	-298232.656250	-145620.375000	-557573.562500	-600505.062500	-129445.593750	776948.875000	967483.375000	2905854.000000	9449639.000000	3582609.000000	-5062765.500000	-3711403.000000	-2962121.000000	-2959370.500000	-2450282.750000	-1627954.875000	-936634.875000	-1071798.000000	-1195720.125000	-145608.703125	-558253.312500	-1121867.500000	-706539.437500	-45143.960938	1446758.500000	866442.437500	6562502.000000	10791230.000000	-660671.750000	-5073811.000000	-2622110.000000	-1984083.625000	-1484147.500000	-1204097.750000	-940396.187500	-644984.687500	-475079.781250	-40339.003906	198955.468750	-177869.718750	-228661.578125	-137299.500000	-162643.265625	157776.171875	344022.468750	67840.812500	156104.953125	191768.953125	9337.057617	-42881.398438	-20164.082031	-3656.332275	-0.000000	
0.000000	4275.966797	47128.664062	318411.375000	199335.859375	-411023.750000	-407198.437500	-417049.125000	-515292.687500	-513349.156250	-401833.343750	-267932.906250	-350687.687500	-442781.312500	-60499.871094	-258428.109375	-575275.812500	-399427.218750	-28028.068359	983419.687500	643250.437500	5311499.000000	9509896.000000	-633465.812500	-5291722.000000	-2975405.000000	-2451389.500000	-1999109.875000	-1771409.625000	-1514667.500000	-1140901.750000	-926471.437500	-87139.843750	478838.125000	-480332.937500	-698852.812500	-479968.937500	-658919.687500	753086.062500	1975751.000000	481843.843750	1422816.250000	2362103.500000	167812.515625	-1272610.500000	-1243274.875000	-827284.312500	-479548.281250	-409822.937500	-295515.281250	-71708.296875	101038.445312	27061.541016	-104129.546875	-51637.554688	30071.111328	112049.601562	160360.937500	36604.750000	20452.830078	77728.359375	15424.590820	-5309.500977	-0.000000	
-0.000000	-1765.340454	-454.573914	33136.925781	35790.363281	431217.343750	1043383.062500	-89188.242188	-921407.312500	-623365.437500	-605084.312500	-571863.562500	-579597.562500	-560889.125000	-474040.406250	-428884.625000	-44683.925781	270701.062500	-298219.406250	-475038.218750	-356330.906250	-533310.562500	663665.812500	1894390.875000	502538.125000	1614522.000000	2918443.500000	226039.296875	-1872202.250000	-2002504.875000	-1463368.125000	-935185.562500	-885294.687500	-711234.437500	-193646.562500	308801.343750	94601.203125	-421861.968750	-246472.734375	172701.000000	795839.687500	1461607.375000	450877.000000	367593.437500	2306779.500000	951047.875000	-1201331.375000	-1064925.500000	-641468.437500	-362805.531250	-288735.093750	-284683.125000	-142373.859375	-17053.839844	26984.400391	-13675.058594	-28828.078125	-20852.900391	-6135.012207	21449.470703	16977.802734	-2952.980469	4500.520508	0.000000	
-0.000000	1196.412109	-4836.678711	-16006.704102	-19826.201172	-43297.148438	72814.429688	266719.062500	87503.148438	338252.187500	720368.812500	64660.593750	-612576.500000	-741537.875000	-608024.000000	-432918.593750	-453965.031250	-402081.468750	-120227.359375	209904.625000	70232.328125	-341442.875000	-217206.953125	165589.296875	830019.562500	1658539.750000	557070.812500	495139.218750	3393620.750000	1531823.750000	-2125013.250000	-2076752.250000	-1385692.625000	-873185.937500	-779722.250000	-870070.125000	-497707.781250	-69090.539062	128800.039062	-78537.046875	-204753.328125	-190063.468750	-75567.679688	385505.812500	503857.875000	-182074.578125	1018290.875000	2298079.500000	570905.562500	-772075.500000	-682433.187500	-440980.312500	-213781.109375	-160677.890625	-160694.718750	-104695.781250	-43260.160156	-2646.124756	-2789.594482	-1153.081055	3521.452393	1925.875366	1671.778442	0.000000	
-0.000000	-1777.071167	-1949.910278	7072.864746	3907.716797	-27720.251953	-23830.968750	23313.996094	144525.000000	347474.187500	137503.578125	141639.078125	1110378.000000	567242.250000	-882935.062500	-961375.750000	-710561.125000	-493637.312500	-484098.187500	-591421.437500	-369500.312500	-55919.882812	113506.523438	-75302.945312	-213547.109375	-215672.015625	-93365.929688	519266.718750	741251.000000	-293261.937500	1801236.250000	4481573.000000	1233263.625000	-1858200.500000	-1842894.625000	-1347757.375000	-747331.812500	-650957.312500	-767016.625000	-601276.937500	-307258.156250	-24118.064453	-34360.679688	-20724.027344	104507.726562	118745.429688	378257.750000	454961.093750	-128310.648438	486614.875000	1359834.250000	329689.375000	-514456.468750	-400903.343750	-241260.921875	-130754.523438	-85113.976562	-56764.554688	-29172.007812	-7176.207031	4176.461426	104.199699	-294.114166	0.000000	
-0.000000	-2181.718750	-7851.358398	-19928.308594	-20558.945312	-4539.890137	12453.424805	-10602.209961	-37183.335938	-45184.601562	-23045.812500	148540.968750	242534.125000	-108596.406250	748406.937500	2074621.875000	632397.937500	-1050494.625000	-1144179.125000	-916124.625000	-554822.250000	-526866.062500	-675942.312500	-576516.812500	-320454.312500	-27367.656250	-42453.558594	-27914.750000	153746.640625	191259.640625	669093.250000	887237.187500	-277175.187500	1171165.250000	3672200.000000	1007621.625000	-1798427.000000	-1624187.250000	-1151569.625000	-750934.562500	-604527.625000	-517379.718750	-359324.625000	-128976.117188	123946.726562	6424.734375	-66546.476562	87061.000000	212268.625000	387505.375000	337449.187500	-106734.453125	256379.796875	641624.062500	62888.218750	-239075.203125	-151166.406250	-157686.562500	114272.804688	231095.562500	43032.789062	-7194.949219	-1481.044312	-0.000000	
0.000000	-4642.850098	-18556.896484	-30869.378906	-30870.232422	-42773.945312	-74161.351562	-81170.156250	-55798.273438	-5733.690918	-10478.948242	-7985.267578	50305.238281	70824.429688	278005.750000	410722.218750	-142131.015625	662093.687500	2279921.250000	684920.750000	-1335159.625000	-1314570.250000	-1014834.062500	-720011.625000	-630491.000000	-587089.812500	-443955.375000	-173727.625000	182344.343750	10348.123047	-117712.851562	169781.015625	458540.218750	932632.500000	911273.562500	-326209.906250	896247.500000	2599423.500000	300173.593750	-1373029.625000	-1073669.375000	-1437231.875000	1407549.125000	4153421.000000	1277103.500000	-443625.468750	-335102.125000	-578714.250000	-723312.937500	-567753.250000	-399594.000000	-265563.187500	-10616.339844	64682.921875	-158788.625000	-4414.402832	224670.765625	26129.675781	-97471.671875	-46891.769531	-15719.658203	-4807.310547	-1379.658203	-0.000000	
-0.000000	2926.242188	36976.957031	23078.824219	-74288.093750	-106724.195312	-111343.023438	-101373.382812	-109782.601562	-122998.890625	-109582.929688	-49696.363281	59662.285156	3831.963379	-48909.250000	78595.484375	235132.125000	527244.187500	565773.125000	-221737.921875	665377.812500	2103898.250000	264531.468750	-1316489.250000	-1119781.500000	-1630880.000000	1739065.250000	5594555.000000	1878812.000000	-714534.000000	-592756.062500	-1128573.000000	-1562492.250000	-1366445.875000	-1079094.125000	-811634.250000	-37112.394531	262051.125000	-757918.687500	-25352.300781	1595739.000000	238158.546875	-1200602.000000	-842773.687500	-466519.375000	-296408.687500	-312162.406250	-335123.062500	-146361.078125	-33825.089844	-72343.617188	-97275.742188	-40744.187500	10624.688477	18608.636719	33117.953125	13857.399414	-38072.277344	63104.046875	108727.492188	18753.654297	-11046.043945	-2530.528809	-0.000000	
0.000000	2330.250488	9176.004883	-7471.594727	37021.531250	170806.281250	29023.203125	-185353.906250	-194979.031250	-341679.281250	429259.093750	1600373.250000	614739.187500	-264595.625000	-246287.921875	-522442.031250	-801221.125000	-772491.500000	-669966.187500	-551700.250000	-27552.394531	212096.593750	-667924.625000	-24308.310547	1664273.000000	270247.281250	-1483376.500000	-1135195.250000	-686320.437500	-477416.406250	-552178.437500	-653536.437500	-316167.500000	-81408.882812	-195362.203125	-297301.468750	-142432.750000	43044.000000	88821.429688	190199.281250	98423.101562	-347009.218750	777280.687500	1954131.250000	556560.625000	-681075.875000	-572559.187500	-375230.875000	-257077.453125	-184105.203125	-168468.281250	-104931.117188	-56430.796875	-55409.449219	-39401.347656	10202.618164	36061.363281	16131.577148	-1684.392578	-5155.033203	-4669.519531	-2367.508301	-44.034771	0.000000	
-0.000000	-3414.164795	-10865.862305	-18589.878906	-1533.011353	17219.193359	-73281.679688	-3422.466553	289787.218750	56618.453125	-366146.593750	-324732.906250	-224561.078125	-176789.750000	-229428.078125	-302536.843750	-162125.656250	-46022.800781	-121292.539062	-202087.703125	-105742.656250	34838.570312	78274.914062	182367.000000	102650.187500	-393764.125000	960351.500000	2632166.250000	818784.687500	-1096988.125000	-1012789.500000	-731752.187500	-555335.750000	-443097.093750	-454944.593750	-320698.406250	-197269.687500	-224481.328125	-188067.734375	58594.519531	256128.203125	147031.031250	-20747.414062	-92650.078125	-138579.421875	-145975.593750	-9963.337891	213672.718750	162557.468750	-65380.226562	-116806.203125	-65952.460938	-43631.917969	-32589.035156	-19945.925781	-6357.073242	-2410.365723	-3366.859863	-1503.897827	917.228943	547.951904	-196.971481	-124.719910	-0.000000	
-0.000000	-203.406052	-1967.185913	-6809.469238	-5883.506836	2828.390869	8587.971680	25676.197266	17873.697266	-82495.984375	237046.640625	752955.062500	267902.812500	-406220.343750	-420810.250000	-338744.687500	-284767.312500	-250495.640625	-282456.812500	-217991.546875	-146453.828125	-181688.687500	-165736.875000	56181.640625	267128.437500	166841.531250	-25633.996094	-124797.351562	-203871.250000	-235118.421875	-17623.968750	416691.406250	351154.750000	-157354.515625	-315432.375000	-201568.890625	-152527.609375	-132028.562500	-95204.484375	-36509.222656	-17119.781250	-30687.195312	-18524.179688	16485.119141	16261.814453	-12144.847656	-28219.212891	-24920.140625	-14094.465820	-9450.473633	-5874.383301	-6241.386719	-3538.281006	-4196.264160	-5077.985352	-1397.316162	1225.710449	1099.138672	-183.200775	-957.911072	-65.415108	254.176025	39.802711	-0.000000	
-0.000000	-1107.110474	-4581.032227	-7345.358398	-8148.670410	-14750.508789	-18183.904297	7910.042969	46513.046875	34954.316406	-6327.321777	-35699.417969	-66705.796875	-87065.562500	-7322.692871	192895.906250	180066.562500	-88957.078125	-195839.281250	-137014.437500	-113237.132812	-106860.109375	-83900.054688	-35005.800781	-17855.044922	-34821.890625	-22887.128906	22205.044922	23923.583984	-19561.335938	-49916.453125	-48597.726562	-30446.701172	-22745.023438	-15863.631836	-19075.398438	-12369.054688	-17000.402344	-24237.882812	-8024.908203	8705.689453	10018.083008	-2256.565674	-17216.289062	-1941.353638	15671.959961	9005.789062	-3582.343994	-4954.487793	-1883.666504	-5897.562988	-6288.377441	-3665.070557	-1960.635498	-760.588562	194.846970	100.720169	234.834030	1144.593872	849.122742	131.965652	-33.161022	-18.041517	-0.000000	
0.000000	-393.161774	-3176.224121	-4616.785156	-6300.498047	-8675.503906	-9205.136719	-4928.609863	-3108.963135	-7295.398438	-5649.303711	6351.955078	7827.693359	-7243.663086	-20740.099609	-22496.990234	-15612.583008	-12858.420898	-9849.091797	-12966.310547	-9182.836914	-13759.634766	-21359.914062	-7694.448242	9079.583008	11367.887695	-2788.048340	-23189.912109	-2856.024414	25242.347656	15930.176758	-6986.067383	-10702.626953	-4533.533691	-15926.229492	-19219.013672	-12812.283203	-7943.159180	-3630.387695	1119.023071	715.371643	2140.391357	14098.472656	15261.064453	3916.404053	-2044.639038	-4082.086426	-5292.214844	-5419.173828	-4604.973145	-3041.156494	-458.228485	566.676880	1100.876709	1471.273682	727.186707	1052.563721	1346.472778	431.354736	-98.309334	-179.839996	-124.417847	-36.194870	-0.000000	
-0.000000	-56.830101	-159.737717	-436.907776	-510.931763	-1117.084473	-2343.513672	-1083.332886	1580.958740	2381.641846	-688.182983	-6633.685059	-934.478821	9347.371094	6618.928711	-3234.009033	-5488.136719	-2562.937988	-9887.955078	-13063.932617	-9511.891602	-6428.963379	-3199.321289	1072.942505	746.095581	2428.781006	17419.046875	20556.275391	5761.621582	-3293.237549	-7220.728516	-10320.551758	-11706.436523	-11083.065430	-8212.570312	-1400.472534	1980.977905	4460.002441	7022.579590	4176.296387	7475.903809	12272.406250	5313.188477	-1766.888306	-5337.192383	-7671.342773	-8189.476074	-5911.743164	-2437.503662	-845.656433	-516.245422	1152.766846	2540.282959	977.530029	-87.511566	219.333115	11219.540039	13255.538086	2874.358154	1132.374146	-55.294601	-199.083511	373.541473	0.000000	
-0.000000	-11.327365	-160.368042	-440.197235	-529.240295	-521.939392	-351.015137	151.063965	129.911942	508.844391	4299.599609	5880.309082	1885.177734	-1219.502808	-3000.185791	-4777.617676	-6002.874023	-6265.578613	-5098.854980	-951.957214	1470.686157	3609.796875	6188.729492	4004.319580	7796.979980	13925.951172	6564.589355	-2379.954590	-7851.815918	-12355.998047	-14486.214844	-11528.718750	-5265.466797	-2035.292236	-1394.108521	3523.173096	8880.271484	3960.285645	-417.704041	1259.649048	79687.523438	120817.406250	35404.750000	20351.869141	-1641.002686	-12275.071289	84517.757812	78069.210938	1465.330688	139366.484375	321972.968750	148617.015625	-39010.230469	-27017.824219	-20693.029297	-19219.824219	-30834.185547	-27656.160156	-16296.281250	-6738.541016	-2446.201172	-1257.019043	-147.799088	-0.000000	
-0.000000	-27.691851	-82.695900	-32.076782	81.828773	293.063599	678.999573	563.784546	1357.628906	2917.571777	1620.358765	-680.807678	-2569.080322	-4575.489746	-6018.968262	-5336.905273	-2700.047607	-1150.609741	-865.545959	2394.841797	6592.750488	3205.340820	-368.106506	1207.777588	83109.960938	137095.968750	43743.535156	27413.462891	-2414.162598	-19771.082031	149501.921875	152245.781250	3165.390137	335421.718750	869480.375000	454214.531250	-136371.203125	-109457.812500	-98770.507812	-110381.117188	-219001.843750	-252071.656250	-200728.546875	-121110.062500	-72597.015625	-77505.148438	-33441.125000	-35610.273438	-36626.691406	-25076.617188	-14836.887695	1722.705444	-11885.831055	-14267.240234	-6521.490234	-3250.871338	-2510.268311	-920.821960	-89.233826	-371.637817	156.078369	640.586609	65.668472	0.000000	
-0.000000	-5.085327	-14.037878	80.695663	366.819702	260.227570	-40.386993	170.047958	14471.305664	28722.439453	10797.357422	7841.870117	-789.903625	-7321.333496	62117.488281	70478.023438	1623.161743	189623.625000	539825.375000	308747.812500	-101242.546875	-88591.992188	-87042.656250	-105835.695312	-228407.562500	-286035.000000	-248005.609375	-163132.250000	-106801.164062	-124835.179688	-59153.398438	-69444.968750	-79120.546875	-60353.406250	-40066.664062	5265.062500	-41550.257812	-57801.136719	-31127.917969	-18670.037109	-17829.347656	-8392.818359	-1099.132812	-6679.350586	4632.007812	39497.222656	14858.194336	8007.154785	16640.314453	4883.068359	-9736.529297	-10039.121094	-6294.934082	-6269.458008	3168.754150	1448.764771	-966.299438	1423.220581	2011.627686	1655.179199	-480.705078	-37.180725	7.987547	-0.000000	
0.000000	838.075684	8755.170898	10403.446289	-5633.121094	-7192.395508	-9549.928711	-14901.041016	-39770.875000	-59926.074219	-61216.023438	-46665.460938	-34944.878906	-46227.109375	-24578.015625	-32147.650391	-40571.757812	-34119.531250	-24875.779297	3578.873779	-30847.083984	-46782.570312	-27431.837891	-17901.216797	-18595.083984	-9523.640625	-1358.008545	-8996.919922	6814.383301	63616.968750	26282.388672	15615.060547	35946.214844	11752.374023	-26293.265625	-30682.320312	-22005.707031	-25399.570312	15124.874023	8320.381836	-6863.205566	12971.922852	24778.113281	29748.109375	-14266.100586	-2292.485352	1807.267822	-13818.514648	-9853.336914	-6540.374512	-11045.788086	-9246.593750	-3526.910889	-1330.020142	106.331306	4732.380859	1842.536865	990.967468	1231.121094	-472.347992	-297.440094	-214.793793	-40.630547	-0.000000	
-0.000000	-150.797394	-403.448425	120.592339	-1716.327393	-3798.071777	-3009.697998	-2520.385742	-3237.820801	-1995.260620	-335.201630	-2573.650635	2229.636719	23557.691406	10920.234375	7228.565918	18432.646484	6643.958008	-16324.430664	-20856.001953	-16337.127930	-20557.679688	13328.970703	7977.754395	-7157.967773	14719.718750	30614.037109	40069.964844	-20987.587891	-3692.436279	3196.843262	-26948.017578	-21285.064453	-15741.113281	-29828.888672	-28260.136719	-12329.306641	-5388.335449	507.533081	27178.474609	13086.739258	9032.158203	15164.266602	-8489.388672	-8827.263672	-13243.734375	-9193.095703	-7040.316406	-2562.005615	5353.401855	1946.069702	-5281.448730	1047.130737	3816.436035	-936.020935	2323.034912	973.778748	-1222.369873	-1098.739136	-656.146545	183.981430	41.862850	-16.946009	0.000000	
0.000000	29.364166	-264.758179	-702.755737	-908.995483	-1668.987915	1462.394653	1123.220703	-1246.362549	3083.870850	7556.561035	11462.376953	-6867.048340	-1367.328125	1328.276489	-12474.848633	-10914.642578	-8898.908203	-18519.558594	-19209.546875	-9153.328125	-4361.163086	447.269409	26059.285156	13648.791016	10249.123047	18735.865234	-11434.995117	-12986.237305	-21331.279297	-16261.500000	-13729.592773	-5534.415039	12884.354492	5255.314941	-16141.563477	3660.539307	15461.597656	-4467.749023	13341.390625	6916.327637	-11141.271484	-13533.659180	-11792.752930	5460.099609	2581.175293	-3834.215820	1993.114746	-4854.307129	269.694000	6110.210938	6623.156250	4380.178711	-2890.696045	-189.266602	208.599503	2680.478516	3967.952393	-373.871887	-1419.338745	-13.594891	142.513840	222.459793	0.000000	
-0.000000	-39.330322	-300.359894	-647.277405	-509.289886	-354.063690	49.072388	3668.993164	2376.560303	2147.253662	4624.633789	-3271.084229	-4249.041016	-7899.082031	-6756.592773	-6355.739746	-2837.959717	7283.899414	3262.813721	-10972.066406	2717.599609	12514.169922	-3937.255615	12792.001953	7213.371094	-12642.412109	-16721.205078	-15884.544922	8032.630859	4157.420410	-6782.274902	3886.849854	-10486.217773	649.088745	16500.480469	20242.191406	15312.143555	-11711.130859	-903.393982	1198.005005	19038.275391	36165.843750	-4605.146484	-25509.410156	-403.461670	8787.103516	50333.906250	123393.953125	97830.390625	-210171.593750	534398.062500	1434477.500000	403626.937500	-316183.750000	-60113.136719	121717.898438	-65350.015625	-114431.062500	-14793.115234	19267.939453	-5842.937500	-451.366852	-745.551453	-0.000000	
-0.000000	32.192505	52.918022	-369.710480	151.206848	1015.970642	-431.977966	1801.038208	1256.009521	-2648.662354	-4127.349121	-4543.918457	2628.242188	1539.514160	-2818.009766	1799.311035	-5377.165527	366.948700	10244.484375	13759.426758	11367.798828	-9478.650391	-796.126404	1148.671997	19855.933594	41038.718750	-5689.784180	-34360.542969	-593.553040	14153.119141	89034.734375	240635.312500	211332.062500	-505832.593750	1443129.250000	4384158.500000	1410991.250000	-1280961.125000	-286927.781250	699036.437500	-464152.812500	-1042980.250000	-182213.390625	346297.718750	-173403.484375	-27830.332031	-168688.984375	-604223.687500	150225.218750	-174357.875000	270424.500000	3371416.750000	1933275.875000	-659080.375000	-480765.218750	176411.203125	-82362.828125	-230122.953125	-87408.171875	-40962.171875	-39561.945312	-17321.171875	-1119.406616	0.000000	
-0.000000	1.621796	166.150421	463.632324	632.502747	-769.530151	-87.347412	161.726242	3457.362793	8597.861328	-1404.427734	-9829.145508	-194.207993	5240.973145	36993.597656	111395.539062	108367.718750	-285961.843750	895980.937500	2980088.000000	1047525.687500	-1036772.875000	-252858.437500	670250.625000	-484087.312500	-1183508.125000	-225129.609375	466454.406250	-255102.703125	-44825.464844	-298390.875000	-1178319.875000	324514.750000	-419637.593750	730275.000000	10303979.000000	6758308.000000	-2670144.500000	-2294754.750000	1013144.875000	-584987.437500	-2097452.250000	-1076645.375000	-736202.562500	-1174097.625000	-1067987.125000	-253277.718750	770758.937500	947376.562500	-99202.015625	-1032714.437500	-95004.953125	-515131.062500	649448.250000	3627995.500000	1083920.500000	-859691.312500	-15908.888672	95426.539062	-192479.718750	-67993.148438	-13323.648438	-8011.502441	-0.000000	
0.000000	-1263.859741	14531.488281	100415.890625	58284.183594	-84171.046875	-27742.490234	94367.328125	-84290.445312	-247952.156250	-55569.464844	133433.515625	-83468.507812	-16599.099609	-123980.289062	-545471.000000	166406.000000	-237233.296875	453398.375000	7004027.000000	5017396.000000	-2161137.750000	-2022279.125000	971424.312500	-610111.562500	-2380056.500000	-1330224.750000	-991646.562500	-1727274.875000	-1720174.125000	-448018.343750	1503086.625000	2046511.750000	-238755.453125	-2788820.750000	-290361.312500	-1800785.125000	2631121.750000	17316892.000000	6225049.000000	-6106014.500000	-145001.328125	1175411.125000	-3459388.500000	-2017863.250000	-821508.187500	-1812688.125000	-1290457.750000	-882304.937500	-613381.687500	554954.375000	429431.937500	-464495.750000	-574515.312500	-46680.429688	-71013.679688	-217608.906250	735603.062500	494123.437500	-140828.500000	-34254.925781	-51.717934	-6513.786133	-0.000000	
0.000000	-1048.495239	7353.452148	236004.968750	279167.187500	-175453.312500	-221875.375000	136770.796875	-106234.085938	-498636.312500	-328343.656250	-283669.500000	-565156.875000	-636989.312500	-186149.953125	695812.937500	1049418.625000	-134975.390625	-1731466.625000	-197370.203125	-1336910.250000	2129554.000000	15260711.000000	5968706.000000	-6368256.500000	-164538.359375	1452252.625000	-4659710.500000	-2968581.500000	-1323178.125000	-3206431.000000	-2516571.250000	-1905944.875000	-1476262.625000	1498641.125000	1312462.375000	-1623775.250000	-2327544.750000	-222811.734375	-407837.750000	-1545581.625000	6704643.000000	6086338.500000	-2531074.500000	-1016598.812500	-3188.819092	-1473813.750000	-1046171.812500	-714751.562500	-822438.687500	-389249.656250	-563917.625000	-377387.437500	41456.464844	-91230.179688	-134987.281250	-69846.234375	-74416.523438	-26085.099609	-7439.465820	1399.752563	10485.209961	890.029053	-0.000000	
0.000000	-596.547974	-28081.833984	-6650.509766	-74385.500000	172889.156250	1674336.625000	840358.562500	-1108856.125000	-34471.789062	358464.187500	-1332952.500000	-971307.062500	-489979.687500	-1332260.125000	-1164978.000000	-977338.187500	-834574.062500	930446.000000	892133.187500	-1205497.375000	-1883847.375000	-196355.421875	-391043.281250	-1611961.500000	7608006.000000	7519837.000000	-3409294.500000	-1495570.250000	-5136.133301	-2607002.500000	-2040180.000000	-1543998.000000	-1979412.750000	-1051159.500000	-1723487.750000	-1319263.625000	167953.343750	-435453.468750	-775243.687500	-496087.500000	-678268.312500	-321301.812500	-133707.593750	41541.082031	646496.062500	201378.578125	-233872.859375	34136.250000	-211230.046875	-282219.906250	-158185.187500	-115645.617188	-77306.906250	-49480.167969	-28157.375000	-16714.589844	-6107.043457	6144.274902	4557.969727	-1289.292114	-1441.903687	-124.256050	0.000000	
-0.000000	-3688.550049	15090.460938	30060.972656	-67073.710938	-152941.312500	-21543.232422	-55056.582031	-280678.593750	1593923.625000	1856145.625000	-975259.625000	-489344.156250	-1901.936646	-1083199.750000	-944445.625000	-791737.562500	-1119019.375000	-652622.625000	-1171523.500000	-979426.812500	135936.593750	-383748.406250	-743319.687500	-517393.531250	-769656.062500	-396977.156250	-180100.812500	61113.207031	1041291.437500	356214.906250	-456084.468750	73740.734375	-508380.093750	-762128.187500	-483457.531250	-404271.687500	-313194.906250	-236175.250000	-161710.250000	-118716.484375	-55662.558594	75681.773438	81919.218750	-38262.902344	-88904.750000	-28114.259766	9146.378906	7559.364746	26999.572266	-8987.721680	45145.273438	164504.484375	63675.687500	-54744.953125	-42908.687500	-11362.698242	-2319.709473	-4662.733398	-5880.945801	-3328.470703	-1069.406128	-202.534317	-0.000000	
-0.000000	-4945.707520	-10584.576172	-39475.203125	-54495.167969	11036.095703	-42103.148438	-104655.023438	-90089.804688	-161247.640625	-97987.148438	-51519.472656	19995.976562	385595.562500	148005.968750	-211131.843750	37813.074219	-287402.000000	-473174.750000	-328625.437500	-300132.968750	-253490.906250	-208132.171875	-155051.140625	-123815.140625	-63162.355469	93506.898438	110343.148438	-56290.503906	-143196.171875	-49730.804688	17836.705078	16329.651367	64981.496094	-24271.130859	137976.390625	575071.562500	257970.484375	-261304.750000	-246428.312500	-80704.320312	-21142.958984	-57432.960938	-105696.718750	-98780.523438	-65937.335938	-45825.554688	-34691.945312	-19625.373047	6153.731934	10717.379883	-3571.089844	-9682.652344	-8413.301758	-6213.584961	-3795.615967	-1741.710327	-1527.338135	-1434.362305	3381.645508	6142.618652	2527.765381	89.217796	-0.000000	
0.000000	-1270.224854	-7674.195801	-11073.235352	-16699.357422	-20579.816406	-22835.326172	-21830.283203	-21558.988281	-13232.898438	23080.607422	31564.660156	-18418.009766	-53026.277344	-20662.962891	8257.015625	8373.584961	36735.925781	-15068.968750	93788.078125	426935.500000	208793.859375	-230277.828125	-236280.578125	-84170.414062	-23991.693359	-70959.992188	-142370.859375	-145321.062500	-106203.257812	-81059.992188	-67654.101562	-42394.503906	14810.556641	28942.029297	-10914.234375	-33848.425781	-34084.964844	-29658.246094	-21798.552734	-12370.613281	-13920.900391	-17667.679688	60777.441406	182297.250000	155856.703125	20186.480469	-53906.132812	-61291.703125	-37539.101562	-21920.597656	-17238.890625	-12745.612305	-9617.476562	-5213.010254	988.245422	6684.313477	7432.642090	3342.386475	-4.534439	-967.161682	-605.146240	-120.469620	-0.000000	
0.000000	162.361023	-244.396423	3160.246826	23754.630859	16951.058594	-25265.048828	-33266.910156	-14655.955078	-5026.406250	-17515.283203	-40726.476562	-47548.421875	-39327.613281	-33680.121094	-31318.619141	-21739.226562	8372.837891	17968.943359	-7418.841797	-25129.212891	-27587.384766	-26136.671875	-20900.902344	-12901.908203	-15796.559570	-21828.900391	81865.703125	268186.781250	251033.625000	35707.500000	-105124.421875	-132401.625000	-90347.617188	-59196.054688	-52686.800781	-44555.863281	-38963.460938	-24882.373047	5675.579102	47475.777344	67744.710938	41169.660156	-81.496292	-28702.890625	-37312.046875	-27257.539062	-6660.196777	7381.872559	2541.342773	-1704.670776	904.095886	326.874207	-4769.271484	-5224.356934	-4325.897461	-2646.889160	-1585.883301	-939.542175	-432.930267	-47.847733	62.373676	11.843885	0.000000	
-0.000000	37.005260	291.429718	-249.982422	-1398.185791	-2239.698975	-2867.598145	-2942.723633	-2246.511230	-3309.475342	-5388.097656	23418.427734	87749.554688	92959.046875	14836.332031	-48664.480469	-67893.445312	-51076.128906	-36752.449219	-35813.328125	-33078.457031	-31535.900391	-21927.878906	5441.862793	49514.773438	76872.421875	50866.242188	-109.773483	-42226.285156	-60097.371094	-48215.363281	-12988.306641	15946.234375	6116.402344	-4603.422852	2763.166260	1142.680542	-19321.837891	-24936.531250	-24844.003906	-18799.705078	-14454.509766	-11572.758789	-7780.943848	-1419.998657	3845.829834	2679.805908	925.554993	139.733322	3452.199951	3429.687256	651.197021	-388.381653	-754.253540	-716.915710	-1354.308472	-1689.548706	-842.030273	-602.662903	80.563271	331.626129	91.168907	284.017731	0.000000	
-0.000000	-225.740128	-596.070496	-1206.751953	-1840.480713	-2560.261475	-2405.828369	766.182129	8621.631836	16105.240234	12555.477539	-31.401703	-13816.258789	-22254.365234	-20033.304688	-6012.582031	8176.975098	3457.779785	-2858.080322	1878.234619	848.330750	-15638.537109	-21975.607422	-23820.947266	-19607.117188	-16402.064453	-14298.459961	-10480.738281	-2089.032471	6194.360840	4740.259766	1804.960449	301.850281	8308.617188	9261.789062	1990.237549	-1357.697021	-3055.721436	-3421.931396	-7777.911133	-12000.131836	-7674.672363	-7423.267090	1447.942871	9841.817383	5621.283203	64262.046875	72506.945312	-6003.432617	-6162.482910	3480.681152	-2001.959351	-538.744019	-10735.050781	-4280.361816	-1248.344116	715.324036	1701.890747	-1847.105957	-1587.837402	-305.566284	45.808613	-17.999622	-0.000000	
0.000000	15.282279	-46.353844	63.288265	47.201004	-1269.624268	-2411.064697	-3353.848389	-3414.038330	-3436.332520	-3529.334717	-2998.110352	-683.522400	2293.803711	1969.560181	835.557129	154.784027	4697.102539	5750.272461	1352.844116	-1007.959839	-2473.212402	-3015.616699	-7457.622070	-12515.515625	-8708.733398	-9171.649414	1950.343140	14478.799805	9054.029297	113671.968750	141398.593750	-12968.545898	-14831.618164	9399.496094	-6118.539551	-1883.330933	-43491.109375	-20430.720703	-7169.348145	5080.636230	15511.858398	-22751.626953	-28537.792969	-9068.427734	2824.462646	-4072.606934	-9395.541016	5659.852539	3635.715088	14211.535156	31373.386719	-174065.640625	762486.500000	1063902.750000	46895.839844	5877.784180	-7939.650879	-59579.527344	-13672.662109	-77316.585938	52388.105469	41833.023438	0.000000	
0.000000	20.759689	93.260925	45.584911	-56.082745	-200.789291	-330.859894	-1049.989136	-2179.231445	-1824.532837	-2263.867676	557.913391	4737.400879	3352.753662	47230.277344	65456.613281	-6650.063965	-8384.744141	5835.769531	-4159.016113	-1398.192627	-35200.445312	-18004.808594	-6874.119629	5298.839844	17601.876953	-28110.255859	-38439.699219	-13341.026367	4549.275879	-7203.960449	-18322.605469	12226.347656	8750.293945	38377.914062	95885.718750	-608495.312500	3089075.750000	5078145.500000	269326.875000	41747.351562	-72365.835938	-733867.562500	-245735.218750	-2294559.000000	3230140.500000	9465169.000000	1136623.875000	-58538.136719	1858820.750000	-1231442.750000	-1866980.750000	4044296.250000	3933399.000000	-490634.375000	-344630.968750	-556060.812500	-389101.093750	-335296.250000	-185396.328125	-79110.601562	-43488.050781	-7775.755371	-0.000000	
-0.000000	-37.057884	94.647568	-140.140594	-77.795242	-2857.770020	-1975.406616	-967.835449	922.646729	3687.700439	-6938.544434	-10996.024414	-4365.126465	1684.620239	-2993.218506	-8481.950195	6269.476562	4946.795410	23827.302734	65177.359375	-451749.406250	2500208.500000	4475174.500000	258236.203125	43540.320312	-82116.179688	-906713.437500	-330999.250000	-3375642.750000	5202689.000000	16742765.000000	2216574.000000	-126453.398438	4473735.500000	-3325482.000000	-5706008.000000	14137973.000000	15935452.000000	-2341861.250000	-1979245.625000	-3949458.750000	-3546456.250000	-4129993.250000	-3332080.500000	-2347800.750000	-2681381.750000	-1759347.875000	-1973370.500000	-714164.875000	1538275.000000	156656.453125	-398835.156250	-114247.703125	58628.589844	-365877.937500	-1326935.375000	3251540.250000	3207534.000000	-57223.007812	59152.734375	-121217.539062	-77818.539062	-19638.710938	-0.000000	
0.000000	21.863251	386.443695	2196.191162	-25135.273438	202980.984375	490996.031250	36358.132812	7581.345215	-17203.839844	-223806.984375	-94685.335938	-1104495.750000	1926582.375000	6956556.500000	1026102.375000	-64843.289062	2529132.500000	-2064658.000000	-3878601.750000	10496089.000000	12897694.000000	-2063792.375000	-1897741.750000	-4119080.750000	-4024294.500000	-5102719.500000	-4488229.500000	-3453969.500000	-4318819.500000	-3112078.500000	-3848345.750000	-1542730.625000	3702259.000000	423047.031250	-1218950.125000	-399384.906250	237523.093750	-1746382.875000	-7620705.500000	23094280.000000	29235020.000000	-704841.250000	1063136.875000	-3597427.250000	-4798127.500000	-4443468.500000	-3714159.500000	-3094152.500000	-2390852.000000	-2086295.500000	-1705211.250000	2904730.750000	1514504.625000	-354979.968750	522472.687500	-542696.937500	-237233.890625	-242272.093750	-134834.453125	375035.937500	79087.929688	-12245.464844	-0.000000	
-0.000000	11177.956055	-33485.707031	-130691.867188	584000.937500	1047107.312500	-226430.015625	-267190.812500	-717224.250000	-843114.187500	-1259520.625000	-1283898.875000	-1130123.875000	-1599281.125000	-1293057.000000	-1781486.625000	-791087.687500	2092994.375000	262652.906250	-828569.187500	-296505.000000	192244.328125	-1539020.125000	-7306890.000000	24086136.000000	33174056.000000	-870850.625000	1432018.875000	-5292358.500000	-7728197.500000	-7859970.500000	-7243125.500000	-6683952.000000	-5754207.000000	-5633991.500000	-5211595.500000	10154301.000000	6135741.000000	-1694365.250000	3000606.000000	-3854541.000000	-2162264.750000	-2984173.250000	-2423344.750000	11130110.000000	4876395.500000	-2770667.500000	-599258.812500	-2789887.250000	-2263015.750000	-1851412.375000	-1532490.000000	-1028752.000000	-769443.187500	-544703.625000	-98682.976562	-42800.292969	-119200.804688	-42897.828125	-34990.324219	2839.493164	16292.952148	-15435.378906	0.000000	
-0.000000	9250.365234	4259.842285	-27919.144531	-16497.496094	15607.474609	-168854.359375	-1028766.937500	4193935.750000	6950166.500000	-214954.859375	409642.031250	-1731636.875000	-2861791.250000	-3265788.500000	-3353007.250000	-3427424.250000	-3253020.250000	-3497918.750000	-3542530.250000	7538595.000000	4966091.000000	-1493179.000000	2877043.250000	-4020086.250000	-2453601.750000	-3687027.500000	-3264185.250000	16374072.000000	7854261.500000	-4900983.500000	-1168637.625000	-6026681.500000	-5446536.000000	-4999695.000000	-4683712.000000	-3596291.250000	-3117259.500000	-2599941.000000	-566744.937500	-303991.937500	-1086454.000000	-528391.625000	-628872.062500	84268.914062	1004589.187500	-3492419.500000	4702734.500000	17484504.000000	5286038.500000	-1872358.000000	-954752.562500	-1758630.750000	-1862826.500000	-1275365.500000	-919307.437500	-580957.187500	-388105.375000	-296732.968750	174344.078125	224671.656250	17934.970703	-1286.609009	-0.000000	
-0.000000	-14377.307617	-56731.078125	-119367.718750	419446.375000	403175.187500	-163824.890625	405070.687500	-699987.062500	-514044.500000	-910080.875000	-933749.875000	5357526.000000	2908473.500000	-2036340.250000	-540988.875000	-3090386.500000	-3079084.750000	-3104109.750000	-3183706.250000	-2669901.500000	-2523019.750000	-2291228.000000	-543406.750000	-317047.812500	-1232839.375000	-652842.312500	-847075.000000	123972.296875	1618061.125000	-6177677.500000	9170984.000000	37769820.000000	12722226.000000	-5056258.500000	-2917987.000000	-6147787.000000	-7546903.500000	-6087484.500000	-5279662.500000	-4126286.750000	-3537381.000000	-3654992.250000	3133441.000000	6667681.500000	1105832.625000	-291109.062500	-30910.089844	-346377.812500	-3062129.000000	-1574412.750000	10147775.000000	7778884.500000	-1065962.875000	-1827461.750000	-617144.562500	-951722.500000	-935225.812500	-440726.093750	-220948.531250	-119134.046875	4025.681396	12512.694336	0.000000	
-0.000000	-13608.568359	-50344.078125	-107276.929688	-148552.937500	-204832.921875	-251383.250000	-76508.460938	-55205.125000	-258287.359375	-161143.171875	-242313.500000	40563.199219	599176.375000	-2566801.750000	4245456.500000	19367764.000000	7192243.500000	-3139227.500000	-1983472.500000	-4564142.500000	-6108245.500000	-5364666.000000	-5062250.000000	-4303503.000000	-4013996.500000	-4515843.000000	4220667.500000	9809166.000000	1781130.750000	-514937.500000	-60278.960938	-748241.312500	-7369810.500000	-4251664.500000	31014396.000000	27193272.000000	-4318555.500000	-8722711.000000	-3544315.000000	-6759672.000000	-8524102.000000	-5428619.500000	-3971051.000000	-3535594.500000	248215.062500	2831131.000000	1408567.375000	-1187689.000000	-1828562.375000	-840426.812500	-717173.687500	-2383748.500000	5405736.500000	11148683.000000	4839690.000000	-1216093.375000	-2092062.500000	-940587.125000	-345715.875000	-205854.328125	-115088.445312	-23112.724609	-0.000000	
0.000000	31787.414062	-50913.636719	-66834.320312	-253948.250000	-495901.687500	-588587.062500	-712734.875000	-749336.312500	-840956.687500	-1114660.000000	1207360.250000	3209516.750000	659561.875000	-213954.609375	-27904.498047	-383686.250000	-4166367.750000	-2639687.500000	21081726.000000	20188398.000000	-3495314.000000	-7686990.500000	-3398362.500000	-7049987.500000	-9672613.000000	-6707207.500000	-5348907.000000	-5201393.500000	399792.406250	5007936.000000	2746901.500000	-2565632.000000	-4400911.000000	-2269552.750000	-2191880.500000	-8333062.000000	21900362.000000	53214108.000000	27794758.000000	-8637383.000000	-19068072.000000	-11585631.000000	-6213462.000000	-6109231.500000	-7096112.000000	-5229501.000000	-2872352.250000	-1962048.500000	-1850539.000000	-1512264.000000	-957948.562500	-635575.437500	-504056.812500	-494055.906250	319894.937500	930028.312500	437439.937500	-8145.434082	-85316.562500	-65737.250000	-30787.900391	-6850.335938	-0.000000	
-0.000000	-18414.009766	-42811.832031	710361.687500	1123279.625000	-283769.218750	-843382.000000	-478469.375000	-1227560.750000	-2026471.250000	-1655561.625000	-1530103.375000	-1701873.500000	148045.187500	2080778.750000	1271603.000000	-1315615.250000	-2487962.750000	-1409074.000000	-1489908.875000	-6186499.500000	17725520.000000	46895548.000000	26650190.000000	-9008343.000000	-21637246.000000	-14314363.000000	-8369379.000000	-8987602.000000	-11429491.000000	-9250369.000000	-5601484.500000	-4238394.500000	-4453803.500000	-4083833.000000	-2927754.750000	-2221832.250000	-2042094.750000	-2358192.750000	1837184.375000	6605587.500000	3987039.750000	-100330.937500	-1533372.500000	-1950914.000000	-1898317.250000	-1549961.750000	-1156201.375000	-841033.062500	-580112.562500	-401762.406250	-274610.531250	-182530.109375	-120341.250000	-74433.437500	-47902.394531	-28705.177734	-14668.942383	-8392.309570	-4750.924805	-2082.848633	-762.764343	-147.635391	-0.000000	
-0.000000	-10995.998047	-22853.099609	-50203.394531	-344215.968750	1439057.250000	5145168.500000	3752189.250000	-1568554.250000	-4533134.500000	-3533260.250000	-2394137.000000	-2940704.500000	-4232399.000000	-3843493.750000	-2593054.250000	-2173381.250000	-2517864.500000	-2535487.750000	-1990112.125000	-1649497.500000	-1652812.500000	-2078184.625000	1761530.375000	6889285.000000	4524241.000000	-123961.609375	-2065414.750000	-2870089.000000	-3057561.750000	-2741699.250000	-2254753.000000	-1816789.750000	-1396191.750000	-1084949.750000	-839285.500000	-638085.187500	-487540.750000	-355280.437500	-275107.625000	-203880.421875	-133699.859375	-103371.812500	-85387.140625	-61813.632812	-47030.449219	-33404.085938	-18725.113281	-9984.971680	-9432.172852	-10704.863281	-4840.486816	-1447.747925	-3180.797607	274.030701	2261.248779	2260.882324	-658.017883	-1482.922974	-418.473907	-138.179245	-48.243710	-9.320126	-0.000000	
-0.000000	-11128.154297	-41121.867188	-67058.046875	-91777.812500	-134184.609375	-228009.078125	248013.078125	1199578.875000	947856.062500	-30597.843750	-590830.625000	-939080.750000	-1132230.750000	-1139165.750000	-1043776.250000	-931620.875000	-789307.750000	-673601.687500	-570495.937500	-473717.062500	-394601.375000	-313095.000000	-263778.875000	-212636.703125	-151714.156250	-127718.695312	-115014.359375	-90937.187500	-75750.507812	-59087.878906	-36516.566406	-21569.419922	-22700.976562	-28908.228516	-14793.861328	-5061.009277	-12886.423828	1307.983887	12986.546875	16058.066406	-5997.494141	-18265.822266	-7521.123535	-4100.807617	-2974.605713	-2108.778076	-3586.273682	-2718.479004	-1219.368652	4912.228516	10795.972656	6050.823730	2360.329102	4488.238281	1087.961670	-2763.776855	-1860.454224	-923.250671	-214.572449	-146.417404	-114.694824	-3.310076	0.000000	
-0.000000	-3488.487305	-10924.825195	-19223.208984	-26357.550781	-32035.958984	-34351.375000	-37138.507812	-37024.812500	-31785.041016	-31525.216797	-32900.902344	-29754.253906	-28050.802734	-24550.792969	-16904.347656	-11060.455078	-12833.520508	-17947.957031	-10055.979492	-3757.313965	-10429.899414	1152.676025	12451.770508	16747.730469	-6805.578125	-22567.921875	-10130.766602	-6032.907227	-4791.106445	-3730.179443	-6993.730469	-5872.426758	-2934.728027	13265.356445	32995.468750	21152.353516	9562.444336	21422.943359	6248.258301	-19629.908203	-16957.083984	-11372.089844	-3856.455322	-4345.295410	-7071.842285	-748.940125	4399.845215	6155.698730	3859.396240	3403.880859	9371.907227	10542.902344	1499.893066	-3578.185059	-2285.250977	-1078.851929	-1040.720703	-1221.813477	-746.361267	-66.863350	-88.853584	-4.558887	0.000000	
-0.000000	-56.720051	-291.089355	-338.842377	-209.056427	-846.757812	126.466423	1753.135742	2916.155029	-1425.810059	-5570.512695	-2897.997803	-1973.941162	-1774.171387	-1549.875610	-3237.556396	-3011.286865	-1659.086792	8235.926758	22428.339844	15703.593750	7739.566406	18879.216797	5990.959473	-20472.976562	-19241.828125	-14050.527344	-5194.549316	-6392.584961	-11390.400391	-1324.786621	8580.307617	13297.468750	9288.640625	9192.099609	28643.130859	36855.675781	6076.544434	-17079.140625	-13124.395508	-7662.617188	-9485.632812	-15049.620117	-13414.158203	-1984.333740	-5478.525391	-1031.496826	6565.572754	4106.254883	8314.652344	5347.711426	-44.712132	2500.926758	-1436.166260	-2375.931152	-697.762756	-1854.191284	-1710.776489	-564.513672	-35.688267	-8.271256	-41.493011	11.970956	0.000000	
-0.000000	-7.332633	133.574570	755.736633	873.745789	628.341492	2071.342773	843.491699	-3564.803955	-4031.280029	-3468.136719	-1485.947998	-2091.626221	-4217.923828	-550.443909	3972.019287	6818.730469	5251.138184	5707.004883	19469.880859	27361.804688	4918.179688	-15051.189453	-12583.942383	-7991.711914	-10763.698242	-18594.216797	-18068.537109	-2919.254395	-8824.092773	-1824.596069	12803.776367	8870.284180	20011.375000	14441.368164	-136.652603	8742.691406	-5818.367188	-11340.625977	-4007.312012	-13169.516602	-15592.846680	-6953.366699	-641.416016	-245.469788	-2558.371826	2708.556641	3792.791748	-4002.706543	-2243.251709	-59.014622	-2755.885010	-2633.232178	-1432.349121	-973.795227	533.936584	1498.018799	1225.669312	1419.663086	714.896240	108.054428	-89.332733	-30.929420	-0.000000	
0.000000	23.208349	92.559189	656.049561	1522.406982	399.285461	-1651.348877	-1771.744629	-1391.536133	-2255.060303	-4589.670410	-5168.669434	-955.167480	-3267.607178	-758.112854	5927.158203	4548.540527	11313.010742	8966.064453	-92.888237	6490.609863	-4709.218262	-9994.058594	-3842.293701	-13735.123047	-17693.779297	-8591.074219	-863.971436	-361.123108	-4120.691406	4791.116699	7396.469238	-8646.599609	-5398.968750	-159.367584	-8422.744141	-9205.202148	-5802.902832	-4648.050781	3066.444092	10639.777344	11171.344727	17486.623047	12848.645508	3206.779785	-5508.068848	-6998.112305	-5376.441895	-7546.523438	-6729.562500	-2789.117676	-226.396317	569.700867	1441.939575	1573.495483	1833.385132	2624.081055	568.591675	-2635.563965	12219.315430	14098.370117	1981.406860	-323.723724	-0.000000	
0.000000	49.999882	145.416336	-3.129926	361.136627	-382.320801	-1096.503174	-540.972229	-2391.592529	-3706.954346	-2120.562500	-247.146881	-118.157921	-1525.913208	1990.691040	3423.993408	-4433.838867	-3052.193604	-98.944923	-5725.275879	-6833.979980	-4696.701660	-4096.148438	2940.170166	11096.736328	12676.536133	21605.199219	17306.806641	4717.657227	-8871.677734	-12378.833984	-10484.806641	-16301.912109	-16196.442383	-7531.946289	-691.929504	1991.549316	5841.756836	7510.497559	10529.290039	18637.708984	5182.420898	-32463.416016	219614.609375	418403.656250	122169.382812	-73245.953125	-61846.230469	181644.187500	410760.312500	118998.601562	-107644.132812	-99187.828125	-68820.742188	-58571.699219	-44468.441406	-22619.332031	-12514.458984	-8848.580078	-4870.079590	-2127.226807	-730.327148	-57.106644	-0.000000	
-0.000000	-13.489718	-1.604741	-192.916687	-380.241669	-381.304626	-449.410980	413.958588	1932.190308	2655.811523	5332.880859	4950.769043	1543.597168	-3285.228027	-5143.358887	-4853.654785	-8359.361328	-9156.319336	-4676.282715	-470.332184	1478.534424	4728.148926	6618.712891	10095.701172	19438.164062	5880.684082	-40109.437500	295815.437500	615534.937500	196774.500000	-129563.429688	-120608.710938	392385.656250	988601.562500	321352.906250	-328990.156250	-346738.875000	-278814.750000	-279570.312500	-255386.109375	-160655.312500	-114062.851562	-108991.898438	-87528.687500	-63130.667969	-45030.437500	-12920.988281	-6947.727051	-4094.023926	1809.848267	-4797.131348	-1328.565552	-5598.064941	-4028.909912	-5880.277344	-4662.859375	-2479.729980	-964.700989	-334.388367	-178.134277	179.662064	125.997704	17.286680	0.000000	
-0.000000	-40.467999	-75.842400	-15.848131	82.265450	383.857697	726.175415	1421.415039	3384.619629	1232.039062	-9900.341797	84620.687500	201400.390625	72866.609375	-53833.121094	-55832.511719	201209.109375	558885.125000	199515.093750	-223627.765625	-257420.375000	-225664.593750	-246374.562500	-244869.500000	-167555.156250	-129431.320312	-134662.468750	-117898.968750	-92874.742188	-72529.148438	-22855.701172	-13549.030273	-8843.863281	4355.870605	-12954.540039	-4060.462402	-19569.607422	-16322.397461	-28067.326172	-26779.205078	-17612.447266	-8792.752930	-4118.810547	-3201.561523	5331.912109	7768.753906	3911.296387	3923.438232	2979.253662	-4621.440918	6810.732422	11378.921875	-5328.248047	-6092.410156	-3280.981201	-3106.789307	-1834.435791	-1340.182983	-370.820374	310.781982	108.861900	49.457455	18.223389	0.000000	
0.000000	2470.093262	3235.840332	-7535.274414	-14322.833008	-18320.720703	-27031.109375	-34476.179688	-29175.105469	-27116.650391	-33239.171875	-33726.070312	-30388.214844	-26857.917969	-9496.458984	-6272.153320	-4534.992188	2462.500000	-8042.952637	-2760.058838	-14528.556641	-13210.876953	-24734.656250	-25676.457031	-18368.869141	-9977.460938	-5088.902832	-4312.423828	7844.047363	12512.894531	6918.621094	7651.248047	6435.749512	-11122.699219	18392.220703	34777.121094	-18626.386719	-24682.294922	-15660.547852	-17842.560547	-13029.201172	-12215.078125	-4567.559570	5585.604492	3230.743408	3049.442627	4123.236328	4716.005859	3404.368164	-2352.764648	-2885.710205	-2717.360107	-3447.458008	-2143.719971	-820.875671	-337.560333	-522.473328	462.911774	577.915588	439.615753	341.854156	48.706669	-14.340273	-0.000000	
-0.000000	10.883461	-130.444824	-93.001869	-808.366882	-1072.533203	-2713.775146	-3615.093506	-3198.431641	-2090.338867	-1256.110229	-1233.608032	2566.538330	4633.589355	2874.661133	3541.936279	3300.149902	-6287.984863	11418.990234	23639.400391	-13828.306641	-19977.136719	-13801.039062	-17107.816406	-13588.781250	-13860.899414	-5643.344727	7523.670410	4752.911133	4911.644043	7293.518066	9196.865234	7354.076660	-5662.540039	-7792.791992	-8305.000977	-12051.556641	-8684.892578	-3918.145996	-1938.638184	-3710.901123	4219.202637	7118.443359	7901.100098	10145.359375	3003.150879	-3244.640137	-5707.491211	-4687.658203	-5053.166016	-1850.904785	4145.637207	2407.311523	2215.512939	1921.066650	857.223022	39.645817	-154.793076	313.513367	81.472794	-186.517319	-109.890038	-16.650013	-0.000000	
0.000000	-27.790878	185.199173	796.544067	-769.405029	-1621.856201	-1514.187988	-2408.679443	-2366.111328	-2903.942871	-1392.964966	2152.214355	1555.132080	1818.807129	3030.429443	4257.437500	3771.053467	-3201.198242	-4838.230957	-5645.241699	-8947.125000	-7029.300781	-3452.911377	-1858.806519	-3870.277588	4787.684570	8795.031250	10642.585938	14925.355469	4837.083008	-5739.385254	-11130.398438	-10126.224609	-12161.758789	-4998.324707	12670.210938	8415.432617	8975.749023	9169.500000	4923.106445	281.587036	-1410.859253	3861.683838	1464.289551	-5535.358398	-6775.588867	-3767.243652	-4010.087646	-3944.793457	-1987.997437	5057.311035	7509.205566	1616.950562	1109.225098	4377.804688	3119.652100	333.517700	-916.062866	-1117.924194	-29.202711	-253.714218	7.385365	89.976990	0.000000	
0.000000	-14.148271	-78.468964	-190.219879	-497.816803	-570.678162	-378.837921	-261.708954	-673.901978	1003.049072	2170.905762	3044.408447	4883.511719	1791.196777	-2384.693115	-5152.514160	-5192.566895	-6875.395020	-3103.258789	8612.449219	6247.651855	7264.711914	8080.728027	4720.376465	293.680664	-1600.954102	4771.215820	1972.361572	-8143.347656	-10913.234375	-6663.808594	-7820.226562	-8521.497070	-4784.633301	13657.148438	22950.203125	5652.504395	4493.824219	20895.828125	17916.433594	2368.831543	-8349.441406	-13769.969727	-524.852783	-7529.590820	455.366119	20358.255859	6648.051270	-2732.857178	-10925.454102	-10614.846680	5366.748047	-497.356506	-20010.205078	275343.750000	282264.781250	-59507.644531	-49748.828125	4224.676758	-10414.126953	-10369.786133	-2084.544922	-131.492935	-0.000000	
-0.000000	-30.387043	-50.330276	290.201752	347.618500	589.790100	886.581116	664.601074	51.136383	-335.409637	1177.694580	564.211975	-2664.468262	-4041.226807	-2768.787598	-3620.160400	-4369.687988	-2704.891846	8479.173828	15600.170898	4196.442383	3637.171387	18414.689453	17178.646484	2470.568359	-9474.418945	-17013.173828	-706.963684	-11077.165039	733.444275	36011.347656	12964.621094	-5903.485840	-26294.947266	-28665.140625	16402.259766	-1738.649170	-81067.718750	1314251.250000	1621071.125000	-422656.968750	-453434.968750	52037.226562	-187170.421875	-307748.812500	-128528.664062	-29751.681641	-133462.609375	-122834.500000	-51462.488281	-8667.603516	-20337.253906	-31663.828125	-23475.847656	-11735.838867	-1841.143311	-3356.359375	-4885.559082	-2198.050537	-1682.787964	6614.114258	-1591.679077	4972.478516	0.000000	
-0.000000	-11.954756	137.519684	525.657288	233.489471	295.286011	2020.377075	2418.652100	430.181305	-1984.948608	-4199.416504	-202.233383	-3624.400635	271.598206	14962.580078	6001.617188	-3027.213623	-14865.296875	-17797.033203	11149.272461	-1290.780396	-65613.867188	1158199.125000	1554316.625000	-440809.312500	-514529.375000	64293.414062	-252113.906250	-452744.968750	-207017.187500	-52627.210938	-260270.562500	-265345.656250	-123857.875000	-23406.656250	-62156.253906	-110689.796875	-95108.140625	-56016.679688	-10573.845703	-23838.763672	-44529.359375	-27074.367188	-30244.314453	196290.046875	-98139.585938	1125076.500000	2988227.250000	368525.625000	-533959.562500	-18071.246094	-397579.718750	-196101.671875	-87388.171875	-153478.500000	-123574.468750	-68894.703125	-53513.375000	-17323.613281	-11276.616211	-11089.559570	2705.986816	2631.557861	0.000000	
-0.000000	-65.699852	-288.641602	375.681580	-71.818840	-5326.902344	127072.406250	218838.593750	-76754.773438	-107797.039062	15869.750977	-72119.468750	-148136.203125	-76659.531250	-21866.408203	-120485.148438	-136065.031250	-70020.445312	-14532.251953	-42250.093750	-82176.562500	-76977.781250	-49365.347656	-10138.421875	-24862.593750	-50529.105469	-33451.121094	-40738.339844	288772.281250	-158070.437500	1990127.250000	5827457.000000	796084.750000	-1285112.625000	-48800.972656	-1215113.125000	-685528.437500	-354037.312500	-732572.750000	-709698.875000	-489329.218750	-487746.875000	-213382.671875	-202671.718750	-329109.843750	166845.453125	595418.125000	78924.046875	-301852.093750	-124647.421875	252653.265625	-115513.695312	1505582.500000	2079752.500000	104523.890625	-81312.460938	-227813.359375	-144980.437500	-92619.296875	-86967.796875	-21295.447266	-10591.241211	-2711.996094	-0.000000	
-0.000000	-309.467957	-235.691681	-1423.642700	-4572.292480	-6249.488770	-5416.144043	-1427.429932	-4329.134766	-10586.155273	-8256.847656	-11653.572266	94485.046875	-58534.296875	826890.437500	2697662.000000	408219.593750	-726511.437500	-30298.560547	-825961.062500	-508939.125000	-286547.562500	-645588.250000	-680474.000000	-510345.000000	-553464.375000	-263640.125000	-272993.750000	-484170.250000	268732.875000	1053224.250000	153912.828125	-652057.375000	-299996.437500	682284.125000	-353041.687500	5263186.000000	8425740.000000	498906.062500	-466984.500000	-1618059.500000	-1321422.125000	-1140833.125000	-1563049.750000	-631994.562500	-653033.687500	-613618.125000	-728284.187500	-92958.554688	812173.812500	231380.640625	-30156.166016	-326930.375000	-111687.695312	-83211.195312	745220.687500	1544771.625000	287117.812500	-92439.273438	-117807.273438	-92879.257812	-27542.839844	-5803.919434	-0.000000	
0.000000	-3210.947754	-491.397919	-27831.263672	-28317.302734	-23263.542969	-70831.039062	-95806.718750	-88862.492188	-115954.156250	-65075.136719	-78092.343750	-158418.421875	99513.164062	437610.750000	71249.734375	-334364.656250	-169596.703125	423602.781250	-239976.562500	3907411.000000	6819550.500000	439666.718750	-447754.406250	-1687552.125000	-1499466.375000	-1409530.500000	-2105389.250000	-929759.437500	-1051821.375000	-1085418.000000	-1420255.000000	-200807.984375	1954707.625000	624837.875000	-92165.554688	-1142876.875000	-452482.437500	-397177.781250	4279867.000000	10971842.000000	2616931.000000	-1138615.750000	-2117319.750000	-2756419.250000	-1698233.625000	-1313198.750000	-530252.500000	-827166.125000	-810995.812500	-347881.625000	-237930.953125	-271922.625000	-186371.109375	-164002.328125	35146.753906	-19214.292969	-116272.906250	687934.062500	438294.593750	-28320.623047	-31854.519531	-10366.676758	-0.000000	
-0.000000	-749.563049	6870.211914	-8086.157227	217407.812500	553649.437500	48238.257812	-63041.175781	-293840.625000	-314147.343750	-347918.937500	-602265.687500	-304213.250000	-389494.875000	-450987.093750	-657468.312500	-102971.140625	1105052.875000	387936.718750	-62648.617188	-848476.437500	-366226.187500	-350017.531250	4103625.250000	11443063.000000	2969528.000000	-1406790.750000	-2851977.250000	-4055109.000000	-2735293.000000	-2322893.500000	-1034065.875000	-1786834.750000	-1951872.500000	-939446.062500	-727182.562500	-950581.812500	-755048.750000	-782804.375000	201850.875000	-136470.781250	-1059767.750000	8473590.000000	7877355.500000	-840483.875000	-1964082.750000	-2345571.500000	-963866.750000	-692509.875000	-1056131.750000	-768284.250000	-478075.250000	-130008.734375	113012.875000	-139644.468750	-97899.859375	50922.281250	2809.506348	12457.438477	-29924.402344	117419.867188	86133.328125	-4256.798828	-0.000000	
-0.000000	4883.979980	6291.761230	-2110.983398	-47209.109375	-29732.300781	-38402.347656	577766.187500	1992493.500000	622134.187500	-347242.687500	-815833.937500	-1326814.125000	-1012893.125000	-965153.562500	-478692.562500	-916260.375000	-1103450.125000	-583264.312500	-494295.093750	-705715.875000	-611114.625000	-689855.375000	193538.796875	-142331.953125	-1202557.500000	10469352.000000	10610602.000000	-1236478.625000	-3163488.250000	-4149039.000000	-1879673.750000	-1495951.750000	-2541855.750000	-2074733.375000	-1461129.750000	-454482.000000	457851.156250	-666541.125000	-562247.375000	361678.875000	25607.205078	153443.828125	-537823.562500	3484722.000000	5310800.000000	-963146.250000	-1933126.250000	-908878.125000	-889719.000000	-613328.000000	-549706.625000	-228945.609375	-395690.593750	-9679.597656	1369299.000000	459493.687500	-322114.093750	129046.640625	5506.766113	-43320.187500	-2637.377930	19010.375000	0.000000	
-0.000000	-4876.895996	-9459.685547	-16655.576172	-39265.933594	-49613.718750	-75687.828125	27249.119141	-24783.179688	-251943.125000	2584183.750000	3035259.250000	-404570.468750	-1171456.000000	-1723910.125000	-870143.562500	-767100.250000	-1436984.875000	-1288118.500000	-993188.312500	-337409.312500	370571.500000	-587397.062500	-539094.437500	377212.312500	29057.439453	189584.031250	-724434.937500	5126552.500000	8553944.000000	-1703691.875000	-3769864.000000	-1963347.875000	-2141340.250000	-1656277.750000	-1680055.000000	-800343.625000	-1603068.625000	-46201.972656	7864003.000000	3263584.250000	-2935904.000000	1589524.875000	98971.687500	-1285632.625000	-162615.187500	4301300.500000	5248463.500000	-1923193.000000	-2158386.000000	-832220.875000	-1208363.125000	-719253.875000	-552059.312500	-252726.578125	-262345.906250	112120.562500	347651.250000	-97638.140625	-71620.664062	7650.075195	-9148.537109	-1181.382202	-0.000000	
-0.000000	-6351.012695	-20891.380859	-33466.089844	-18773.408203	30085.076172	-64446.566406	-75901.312500	65681.109375	6087.710449	46795.636719	-207231.203125	1677385.750000	3167569.500000	-707877.625000	-1745155.625000	-1006773.562500	-1210561.750000	-1028316.250000	-1142000.625000	-594178.375000	-1297477.375000	-40716.023438	7540169.000000	3403749.250000	-3331478.500000	1963901.500000	133312.406250	-1891359.750000	-261919.312500	7608492.500000	10235231.000000	-4154459.250000	-5194717.500000	-2247392.750000	-3693090.500000	-2514353.750000	-2236568.250000	-1206296.625000	-1506675.375000	796343.687500	3168662.250000	-1202652.500000	-1287219.750000	227034.718750	-564079.562500	-267300.343750	-1116242.750000	3663829.250000	5289301.000000	-1252743.875000	-1510284.375000	-358698.625000	-681587.250000	-398239.625000	-226660.531250	-206367.296875	-121350.789062	-46710.015625	-5957.288574	-11451.020508	-6551.541504	665.405579	0.000000	
-0.000000	-5350.295410	-16677.771484	-38480.410156	-33060.003906	-105336.507812	-4467.179199	1061611.250000	592669.000000	-697965.062500	484756.125000	38135.222656	-618844.750000	-96990.070312	3161300.250000	4738120.500000	-2130340.500000	-2936724.500000	-1395315.750000	-2510341.500000	-1866666.500000	-1810213.750000	-1063062.875000	-1444631.500000	830545.187500	3595597.750000	-1485910.000000	-1733853.000000	334002.343750	-908545.750000	-472822.750000	-2176828.000000	7914561.000000	12730079.000000	-3383005.000000	-4615845.500000	-1253931.625000	-2761327.000000	-1900849.250000	-1301731.125000	-1465737.375000	-1106050.000000	-575348.062500	-107068.812500	-339837.093750	-403954.281250	150555.125000	40972.433594	129626.109375	-472199.781250	-162604.281250	3315635.000000	1443225.375000	-1220392.625000	-467585.531250	-228658.406250	-256707.437500	-144279.937500	-67374.929688	-37766.136719	-13378.287109	2587.027588	-126.186378	-0.000000	
-0.000000	-12979.381836	-22629.960938	-84587.492188	-103861.062500	-146963.312500	-116634.476562	-203395.578125	144616.515625	753299.625000	-366771.937500	-495984.375000	109284.125000	-336439.156250	-196456.078125	-1007703.000000	4058461.000000	7196683.000000	-2100371.750000	-3137574.750000	-930924.000000	-2234938.250000	-1675145.375000	-1248126.750000	-1528688.000000	-1255075.625000	-710858.250000	-144219.031250	-499951.656250	-650636.812500	266314.218750	79901.921875	280016.812500	-1136471.625000	-439109.000000	10133494.000000	5045199.000000	-4944199.500000	-2231846.250000	-1313205.000000	-1823281.500000	-1315037.375000	-829887.000000	-678761.000000	-397033.437500	159510.687500	-28551.017578	-397345.875000	-41941.925781	184356.140625	83615.210938	145719.328125	-255288.703125	-50650.238281	1120076.875000	372241.500000	-359811.468750	-141299.609375	-71217.304688	-46764.761719	-21731.125000	-7046.742676	-992.829956	-0.000000	
0.000000	31807.035156	-34064.929688	-105722.500000	-51796.480469	-181444.843750	-183789.421875	-175728.875000	-266178.843750	-262946.000000	-175463.421875	-41255.164062	-163582.015625	-240934.156250	110652.570312	36988.414062	143588.171875	-642480.375000	-272625.125000	6888141.500000	3745576.750000	-4001692.000000	-1966840.375000	-1259128.250000	-1901588.125000	-1492221.375000	-1025348.062500	-914274.187500	-584096.125000	256919.000000	-50503.375000	-774879.500000	-90602.460938	443701.000000	225800.906250	445358.437500	-892433.250000	-205200.250000	5346272.000000	2137815.250000	-2555584.750000	-1287873.250000	-877215.312500	-840491.000000	-644924.312500	-434487.343750	-224638.390625	-143748.546875	-63429.871094	-15281.216797	-88005.476562	-60393.910156	-3930.038330	121657.414062	283003.125000	160057.734375	-22069.486328	43332.957031	101043.781250	37491.570312	-21161.380859	-13796.212891	-1724.917480	-0.000000	
0.000000	-2839.557373	-4421.576660	232100.156250	208403.359375	-324879.843750	-215792.875000	-177277.812500	-331109.093750	-312629.468750	-253089.968750	-261536.437500	-191113.734375	95138.429688	-20983.962891	-358709.312500	-46459.500000	250837.046875	140190.703125	302727.937500	-662546.125000	-166083.156250	4711464.000000	2049781.625000	-2665342.250000	-1461397.250000	-1083823.500000	-1132120.500000	-948781.062500	-699815.500000	-397358.750000	-280329.593750	-137020.468750	-36778.222656	-237656.703125	-184580.437500	-13738.551758	492872.968750	1350810.625000	919225.500000	-156750.000000	394957.593750	1244601.250000	673826.312500	-628015.750000	-850645.500000	-390281.031250	-294733.875000	-224436.343750	-274154.656250	-117924.617188	221759.687500	63034.531250	-125791.296875	-52370.378906	19969.914062	37428.531250	38753.894531	-11486.662109	-17871.125000	48338.945312	30263.283203	390.048889	-0.000000	
-0.000000	1108.619385	2273.686279	10200.603516	-36863.972656	-13483.563477	516920.656250	288597.156250	-464095.812500	-306171.625000	-267523.625000	-323853.375000	-310437.062500	-259145.281250	-165101.078125	-129770.921875	-70261.914062	-20791.796875	-147551.484375	-125466.710938	-10199.557617	398917.125000	1190417.500000	881372.437500	-163482.109375	448172.937500	1537738.875000	907627.312500	-923906.000000	-1370108.750000	-690361.000000	-574771.875000	-484824.781250	-659824.500000	-318452.625000	677758.750000	220354.890625	-509620.625000	-249970.593750	114688.953125	265838.593750	353221.781250	-141486.328125	-321193.125000	1434576.500000	1865970.375000	88252.734375	-952366.500000	-606556.500000	-353121.937500	-230202.906250	-177366.359375	-173430.750000	-22698.820312	79326.257812	-8733.949219	-746.425354	30227.953125	30587.390625	32779.414062	16972.007812	-7314.853027	227.630829	0.000000	
-0.000000	-91.893082	-2393.067383	-4227.677734	-567.501953	32386.333984	130607.250000	124092.031250	-28465.898438	93894.960938	379565.031250	259635.031250	-302298.062500	-507358.312500	-286842.437500	-266074.937500	-248610.421875	-373017.937500	-197714.437500	460699.718750	163592.390625	-412472.187500	-220289.484375	109966.140625	277255.875000	400813.781250	-174810.218750	-432639.156250	2110478.750000	3005461.500000	156108.656250	-1857246.625000	-1310276.375000	-849879.812500	-621657.500000	-542080.500000	-606275.875000	-91960.148438	378634.500000	-50159.824219	-5301.535645	275512.218750	376758.500000	589135.937500	503685.875000	-451018.468750	51503.910156	1531212.625000	916199.750000	-486181.031250	-682526.062500	-378565.406250	-266265.031250	-185311.343750	-102866.632812	-72745.148438	59643.824219	136443.703125	8050.081543	-8805.465820	11166.946289	6529.129883	1635.578613	0.000000	
-0.000000	-1648.619751	-3206.636230	15523.559570	9102.256836	-33486.812500	-24169.171875	15482.583008	48276.460938	83972.929688	-43148.968750	-123760.367188	690539.500000	1112937.875000	64862.562500	-859761.625000	-671888.875000	-480461.718750	-385962.125000	-368473.812500	-450101.687500	-74429.890625	333676.031250	-48094.281250	-5529.226562	312633.875000	465495.437500	793551.437500	740998.000000	-726441.687500	91104.328125	2986076.750000	1979164.125000	-1170121.125000	-1843145.375000	-1157000.250000	-930804.125000	-750755.312500	-490995.750000	-417781.687500	423624.218750	1243614.125000	99156.437500	-158258.375000	331406.468750	402572.437500	370067.156250	56623.085938	-387533.187500	491336.937500	900192.000000	-100706.000000	-517084.875000	-279223.593750	-165846.968750	-113610.992188	-81259.171875	-38366.683594	-14233.451172	23577.015625	15436.828125	-4634.223633	-779.598816	0.000000	
-0.000000	-2123.486816	-6259.735840	-12415.950195	-25043.595703	-6042.636719	36609.433594	-6771.390625	-962.762207	65498.703125	114899.734375	227002.609375	242451.343750	-269005.093750	37853.507812	1382322.750000	1014883.812500	-661503.437500	-1144334.875000	-786459.375000	-691032.812500	-607639.625000	-432695.687500	-400577.750000	441818.093750	1411174.875000	122510.484375	-213170.093750	487548.937500	648411.125000	654605.062500	110422.859375	-837144.625000	1182530.250000	2430947.000000	-307785.312500	-1807615.250000	-1131223.625000	-791609.000000	-652477.812500	-577148.625000	-349692.562500	-175319.765625	423743.593750	458125.656250	-285736.500000	-176392.562500	183181.343750	279174.343750	234950.796875	-164599.203125	135340.187500	977860.187500	474622.406250	-301025.437500	-277023.875000	-128191.703125	-73163.804688	-37698.617188	-27593.285156	-11865.189453	-3184.867432	237.006027	-0.000000	
0.000000	-2923.633301	-18559.421875	-26500.228516	-38448.968750	-49331.601562	-47473.425781	-56398.980469	76930.421875	295649.718750	30239.656250	-60979.242188	159523.906250	240109.984375	271985.968750	51117.246094	-429274.468750	668518.625000	1509277.250000	-209213.984375	-1341981.000000	-915579.750000	-697614.625000	-625609.250000	-601936.062500	-396809.031250	-216612.359375	570772.125000	673972.000000	-460227.062500	-312017.593750	357229.000000	603069.187500	565470.187500	-444496.218750	413636.937500	3418384.500000	1922846.500000	-1436833.375000	-1590972.125000	-910490.062500	-666850.437500	-464350.656250	-495926.968750	-352128.562500	-196372.234375	53625.148438	-19143.472656	-182531.515625	55750.437500	308872.375000	277743.250000	-131006.039062	92467.171875	924606.375000	341477.718750	-265043.031250	-173432.468750	-82235.312500	-42531.679688	-18959.683594	-6380.026367	-672.524353	-0.000000	
-0.000000	2954.638184	24478.250000	-7049.593262	-74667.640625	-74331.906250	-76539.132812	-88082.085938	-104810.554688	-83133.914062	-53467.125000	163274.546875	220520.734375	-170424.453125	-129642.140625	165369.406250	309244.281250	319676.718750	-275969.843750	281165.562500	2537822.750000	1556296.375000	-1266226.000000	-1525457.125000	-949593.875000	-756699.750000	-573717.875000	-668001.312500	-518034.250000	-316290.781250	94856.546875	-37332.421875	-394302.468750	134177.937500	834102.500000	848859.937500	-457968.375000	374613.968750	4413266.000000	1961136.125000	-1882485.750000	-1580747.750000	-1012929.000000	-764410.937500	-562675.062500	-393379.000000	-152165.828125	-183839.640625	-217286.234375	-32271.513672	-30892.017578	-27522.808594	91272.593750	167752.687500	240141.015625	44360.937500	66401.968750	363062.000000	72505.203125	-90881.679688	-32042.013672	-12757.933594	-2154.565918	-0.000000	
0.000000	1412.868652	-4475.823242	9474.045898	141204.109375	126348.890625	-138924.625000	-214775.343750	-165345.562500	-158533.203125	-141612.640625	-191087.843750	-169498.578125	-117124.101562	39412.539062	-17282.025391	-202192.015625	75854.679688	517860.718750	577004.062500	-339997.593750	303201.718750	3889241.750000	1880378.000000	-1963335.000000	-1793732.750000	-1251501.500000	-1029642.500000	-827779.937500	-633603.562500	-269163.343750	-358512.781250	-469379.187500	-77669.796875	-83423.164062	-84117.289062	319068.968750	679619.562500	1146224.125000	254768.718750	471624.375000	3309123.500000	893078.812500	-1633392.875000	-950925.250000	-786627.375000	-487493.562500	-344912.375000	-290200.593750	-65383.347656	-100847.437500	-291038.687500	248598.828125	562546.625000	-47362.378906	-113892.210938	14533.375977	45537.496094	11904.942383	10767.422852	100110.390625	24759.787109	-5924.117676	-0.000000	
-0.000000	335.253387	8398.936523	19442.503906	-18917.417969	24615.619141	426710.093750	264746.093750	-341860.593750	-375797.937500	-308912.125000	-294538.593750	-270846.031250	-234626.656250	-111836.367188	-165963.703125	-240690.187500	-43908.988281	-51794.085938	-57177.886719	236878.125000	550064.437500	1010123.312500	244277.515625	491879.750000	3754984.250000	1103423.250000	-2200139.750000	-1398954.625000	-1266996.625000	-862318.500000	-672626.937500	-626887.937500	-157362.046875	-272336.093750	-889494.500000	869046.937500	2279055.750000	-226066.750000	-654092.812500	103224.265625	415050.812500	146638.484375	193520.109375	2971021.000000	1526636.500000	-1340395.000000	-909908.062500	-722269.687500	-455261.562500	-199364.703125	-263932.687500	-163784.703125	-111472.703125	-157996.234375	96589.703125	187077.468750	-28446.916016	-10856.389648	10406.792969	6346.014648	-3755.147217	1790.500732	0.000000	
-0.000000	-194.063660	-840.023621	-1926.643799	13179.865234	44657.320312	110826.187500	34392.832031	85647.281250	786692.062500	272361.531250	-629369.937500	-457731.906250	-469175.375000	-358290.125000	-311374.250000	-321458.156250	-88961.328125	-169082.531250	-604625.000000	645184.062500	1844601.750000	-199223.953125	-627157.750000	107657.554688	470973.468750	181175.843750	260666.781250	4370820.500000	2458906.750000	-2371000.250000	-1774446.750000	-1560238.625000	-1095705.375000	-538379.625000	-806651.062500	-572555.375000	-451611.437500	-754136.500000	554723.062500	1328730.125000	-259279.000000	-133722.984375	187038.593750	188333.531250	-231534.484375	405119.937500	4006755.000000	1766451.750000	-1340562.125000	-750880.062500	-668864.125000	-435761.812500	-217989.343750	-216280.656250	-121888.882812	-74382.984375	-86300.109375	2550.999023	86321.742188	12279.162109	-7061.348145	427.591156	0.000000	
-0.000000	-393.180573	-2742.269043	-20373.208984	35897.949219	149755.140625	-21857.955078	-88300.109375	18745.591797	98671.812500	44720.214844	74566.101562	1430113.625000	910545.812500	-985141.750000	-821431.687500	-800065.500000	-619434.062500	-334258.281250	-548313.000000	-425067.500000	-365521.250000	-664591.500000	531879.937500	1385796.625000	-294213.437500	-165218.406250	251936.343750	277067.062500	-372925.531250	716609.312500	7813727.500000	3815868.500000	-3226411.500000	-2027733.875000	-2044233.125000	-1523327.625000	-883144.250000	-1032335.562500	-700018.437500	-528310.062500	-786581.062500	31421.792969	1551438.375000	364414.218750	-435387.875000	96747.070312	153001.250000	377745.562500	-286266.343750	2449117.250000	3565206.750000	-460162.375000	-910587.187500	-367527.343750	-454029.843750	-220470.781250	-142783.359375	-85975.515625	-36381.398438	-28653.707031	-13308.161133	-663.773560	0.000000	
-0.000000	-2737.700195	-5421.175781	-18475.742188	-23650.695312	-29675.068359	-72915.992188	74885.554688	241298.234375	-61639.507812	-40781.390625	72068.679688	90655.148438	-138096.234375	297748.500000	3617151.500000	1956716.625000	-1823984.125000	-1258938.375000	-1389547.000000	-1130924.750000	-714791.437500	-909757.687500	-671192.187500	-551000.000000	-892562.562500	38822.480469	2089749.000000	536108.312500	-701266.000000	171134.140625	298373.656250	816001.562500	-688974.437500	6613783.000000	10896254.000000	-1608626.625000	-3689079.000000	-1754255.625000	-2607532.750000	-1565908.375000	-1301396.875000	-1058998.750000	-653873.500000	-850368.937500	-820553.250000	-150185.875000	191511.562500	-181918.734375	-180304.875000	-97832.023438	238585.328125	281587.125000	-277738.250000	1935181.000000	2337393.000000	-207127.437500	-410807.031250	-85242.250000	-115827.953125	-60368.250000	-19752.013672	-5833.436035	-0.000000	
0.000000	-8061.425293	-20418.123047	-46821.636719	-62924.496094	-58030.785156	-99814.523438	-94499.890625	-95941.445312	-186997.281250	9582.677734	597791.687500	175412.328125	-259682.406250	71105.593750	138123.921875	418432.593750	-389497.250000	4106231.750000	7406620.000000	-1194251.000000	-2985833.750000	-1545958.000000	-2500156.500000	-1633161.125000	-1476743.000000	-1308421.750000	-880751.312500	-1251021.125000	-1321640.000000	-265661.062500	373474.062500	-392978.750000	-433950.593750	-264193.031250	729182.500000	984366.812500	-1125206.125000	9236869.000000	13423851.000000	-1471136.375000	-3744294.750000	-1049966.750000	-2081746.000000	-1791575.750000	-1217867.750000	-1319877.250000	-1134756.500000	-768356.625000	-760578.750000	-292985.843750	740388.375000	269785.812500	-293406.093750	-189162.343750	-68334.398438	82244.281250	-210828.859375	106184.695312	929332.812500	354347.843750	-71462.273438	-12545.960938	-0.000000	
0.000000	-1721.453003	66597.015625	249570.593750	-66447.960938	-242406.765625	-169615.562500	-352007.250000	-284369.937500	-309386.656250	-322961.968750	-251946.921875	-409328.718750	-489410.093750	-110381.179688	172889.609375	-201513.250000	-245324.875000	-164026.843750	495654.531250	730797.937500	-910709.375000	8140098.000000	12871066.000000	-1534318.875000	-4248789.000000	-1297262.500000	-2804060.250000	-2635678.250000	-1961582.250000	-2334707.000000	-2212932.500000	-1659795.125000	-1830530.625000	-791201.312500	2262830.750000	943111.937500	-1188681.625000	-902896.375000	-392450.375000	584145.437500	-1921596.500000	1307924.125000	16702659.000000	10516140.000000	-4406214.000000	-2838658.000000	-1342468.625000	-2379024.000000	-1854499.875000	-1346991.500000	-1107887.375000	-722749.875000	-437688.000000	-455497.812500	-17895.826172	564927.625000	223818.156250	-120023.820312	-48258.167969	-2435.870605	-12820.610352	-7041.859863	0.000000	
-0.000000	-1084.257324	-2660.273193	16701.382812	40661.496094	-73936.500000	893094.937500	1812170.125000	-267159.281250	-890147.187500	-320207.500000	-802126.875000	-862382.562500	-726384.000000	-970062.000000	-1024416.625000	-851116.500000	-1034852.125000	-491225.062500	1538136.625000	700170.187500	-962084.500000	-795687.875000	-376289.562500	609233.437500	-2180506.500000	1615976.000000	22498066.000000	15470829.000000	-7096954.000000	-5021250.500000	-2617999.750000	-5139139.500000	-4463336.500000	-3637518.500000	-3386009.250000	-2526575.000000	-1773213.625000	-2174150.000000	-102777.289062	4012436.000000	2039987.375000	-1478386.875000	-867331.562500	-72290.421875	-790491.875000	-1593296.125000	3630281.500000	7638736.000000	912282.125000	-2107705.000000	-745770.875000	-858069.875000	-651152.750000	-566149.562500	-442032.687500	-252018.578125	-159119.140625	-78799.734375	-75177.257812	39366.066406	54269.453125	4060.337646	-0.000000	
-0.000000	-4573.714844	-7966.945801	51828.457031	38957.371094	-78107.429688	-87299.296875	-52979.347656	106081.187500	-456829.375000	398876.562500	6435776.000000	5061988.500000	-2628038.500000	-2086310.750000	-1211931.500000	-2635269.000000	-2523253.750000	-2258389.000000	-2301606.000000	-1875739.750000	-1435187.750000	-1915994.875000	-98544.992188	4184762.500000	2314848.750000	-1826587.250000	-1168274.125000	-106350.125000	-1273221.125000	-2818352.500000	7079552.000000	16501108.000000	2195644.250000	-5691807.000000	-2279281.500000	-2999624.000000	-2638027.250000	-2702305.000000	-2538632.000000	-1789978.625000	-1450289.125000	-970611.375000	-1351141.500000	1168284.500000	3346140.500000	918694.812500	-216744.062500	13026.586914	-220945.578125	-798376.500000	-1001369.062500	3108938.250000	3831317.000000	94211.046875	-528210.562500	-370306.406250	-320939.031250	-222629.593750	-162462.625000	-79087.507812	-25568.291016	-4711.190918	-0.000000	
-0.000000	-11151.972656	-36627.734375	-77554.023438	-104365.890625	-116516.609375	-210214.343750	-13874.552734	728660.875000	484974.937500	-450862.406250	-334195.406250	-34797.300781	-471480.343750	-1171014.875000	3277285.250000	8461506.000000	1241261.500000	-3533814.250000	-1549318.750000	-2226933.250000	-2135143.000000	-2381437.500000	-2434093.000000	-1866854.875000	-1645696.500000	-1199216.875000	-1819954.000000	1718722.875000	5389526.000000	1625062.625000	-422680.968750	28139.880859	-531763.000000	-2155996.750000	-3060459.750000	10868166.000000	15521886.000000	449681.531250	-3033559.000000	-2630125.750000	-2925194.250000	-2742227.750000	-2919898.750000	-2347115.500000	-1576487.125000	-1065957.250000	-1060250.750000	-580023.875000	-90298.507812	-211465.765625	-282457.187500	-130003.960938	-42128.335938	-94916.796875	49827.277344	-115092.468750	-6706.091309	748046.375000	346358.125000	-30868.550781	-16814.099609	-6104.996094	-0.000000	
0.000000	5485.978027	-57313.250000	-52205.246094	-123906.250000	-173342.906250	-261280.625000	-342705.906250	-325061.250000	-344783.437500	-296006.562500	-520614.375000	562358.687500	1995769.250000	675207.437500	-195668.609375	14429.683594	-300621.062500	-1338571.625000	-2080317.000000	8068571.000000	12562966.000000	396287.062500	-2908639.250000	-2743084.750000	-3319325.750000	-3388097.250000	-3933031.250000	-3452961.250000	-2539199.500000	-1885552.375000	-2067635.750000	-1252960.875000	-217326.843750	-571058.250000	-863267.000000	-454465.312500	-170675.312500	-453050.156250	286162.375000	-817451.875000	-61122.570312	9214020.000000	6225005.000000	-916099.875000	-1036722.000000	-1381320.625000	-1334683.625000	-1136512.625000	-882520.375000	-817882.937500	-406348.781250	-347206.031250	-275850.031250	-243648.984375	-40096.382812	206819.937500	6581.794922	-46065.859375	10502.381836	-5458.129395	-1478.199829	-4510.174316	0.000000	
0.000000	-1328.648804	-21709.656250	-70097.554688	448934.156250	1019932.125000	43478.832031	-409519.218750	-477632.500000	-695418.937500	-836294.937500	-1125079.250000	-1129794.000000	-940278.687500	-783440.000000	-957155.500000	-642498.375000	-122861.171875	-354547.125000	-586797.125000	-337396.937500	-138139.656250	-399255.687500	274378.406250	-852559.937500	-69358.031250	11384173.000000	8384927.000000	-1347721.250000	-1669816.500000	-2443393.000000	-2602818.000000	-2455081.250000	-2124014.750000	-2208673.500000	-1241913.875000	-1213756.125000	-1117556.375000	-1162968.125000	-230277.000000	1468952.250000	59989.671875	-567413.750000	188756.593750	-161983.359375	-91142.695312	-1020475.125000	1233361.625000	7017237.500000	2387365.250000	-1139177.875000	-582529.187500	-888926.625000	-426376.656250	-541561.375000	-386311.625000	-206705.578125	-128799.710938	-91066.062500	-55201.375000	59076.375000	22976.507812	-4173.719727	-0.000000	
-0.000000	-543.007019	-5750.230957	-19772.488281	-18772.718750	-11214.954102	-43804.539062	38630.859375	-148449.781250	-14530.930664	2809992.000000	2398584.500000	-440968.562500	-618341.625000	-1015220.625000	-1204903.500000	-1258926.625000	-1200767.250000	-1371276.500000	-844178.562500	-901097.562500	-904517.812500	-1024879.125000	-220794.359375	1532041.000000	68072.492188	-701055.125000	254250.453125	-238301.984375	-146800.765625	-1805099.875000	2405226.000000	15158554.000000	5745815.500000	-3076322.750000	-1780369.750000	-3107492.500000	-1727387.750000	-2584942.500000	-2218621.250000	-1468140.000000	-1173943.125000	-1121701.250000	-992120.062500	1753236.125000	1416683.250000	-944348.750000	-416723.718750	-112168.742188	-362490.906250	-597273.250000	-753302.125000	3894510.750000	3691605.500000	-723777.687500	-453531.437500	-286242.968750	-305788.125000	-98764.757812	-134097.750000	-58931.656250	-16757.630859	-5599.989258	-0.000000	
-0.000000	-5307.006348	-22240.082031	-28445.113281	-50136.941406	-73433.835938	-112445.125000	-31086.541016	266762.656250	14261.601562	-173043.687500	72730.648438	-77971.382812	-54361.078125	-750012.250000	1113433.750000	7773065.500000	3248276.250000	-1909965.125000	-1210188.625000	-2307015.250000	-1398097.750000	-2278010.500000	-2127260.000000	-1531193.875000	-1332116.500000	-1385892.500000	-1336361.125000	2579275.000000	2281808.500000	-1670441.375000	-812669.000000	-242305.609375	-872428.687500	-1612922.250000	-2302299.000000	13614355.000000	14955870.000000	-3454684.500000	-2604670.500000	-2033059.625000	-2787101.500000	-1216529.500000	-2410104.250000	-1748941.250000	-1033240.375000	-1267057.375000	-742958.062500	53941.515625	-63356.378906	-396958.843750	-305781.562500	-175508.359375	-111445.593750	-19749.542969	-370507.031250	459427.218750	1614994.750000	324597.000000	-258744.531250	-18901.917969	-26631.714844	-8572.880859	-0.000000	
0.000000	14356.340820	-30976.814453	-40778.046875	-128362.007812	-113505.429688	-249933.078125	-299505.656250	-266615.156250	-279086.531250	-342084.312500	-382278.218750	843927.625000	844965.375000	-694062.125000	-376202.906250	-124250.460938	-493209.218750	-1001398.562500	-1564964.750000	10107354.000000	12104849.000000	-3044480.750000	-2497412.000000	-2120375.750000	-3162626.750000	-1503055.500000	-3246350.500000	-2572956.750000	-1664208.625000	-2241274.750000	-1448871.125000	116523.835938	-152483.609375	-1071977.875000	-934552.750000	-613538.687500	-451501.593750	-94267.125000	-2127854.000000	3263112.250000	14719846.000000	3998205.750000	-4650348.500000	-560960.750000	-1642055.625000	-1939706.000000	-823134.187500	-1144413.875000	-826292.437500	-423077.812500	-543505.875000	-189602.531250	258057.531250	82893.687500	-91409.148438	-64966.085938	-43838.785156	-5279.091309	-52577.527344	5278.561523	93674.515625	12520.041992	-0.000000	
-0.000000	-2179.826904	-16241.206055	-52732.445312	562371.750000	982739.687500	-334026.750000	-351620.843750	-369204.906250	-662589.562500	-371004.000000	-928648.062500	-841860.312500	-616265.062500	-931241.312500	-670715.312500	59751.566406	-86203.406250	-665547.937500	-635252.875000	-455493.656250	-365432.343750	-83073.992188	-2040230.500000	3403256.750000	16703151.000000	4939892.500000	-6263904.000000	-825257.937500	-2644808.750000	-3431110.750000	-1605225.625000	-2472149.500000	-1988687.750000	-1142511.625000	-1661103.750000	-662808.812500	1045473.312500	395662.312500	-524970.687500	-461425.937500	-399567.937500	-65024.917969	-944962.375000	156654.234375	5775774.000000	2832793.250000	-2196298.750000	-763637.000000	-356173.781250	-929759.375000	-511565.062500	-285237.437500	-334140.062500	-207496.437500	-49933.808594	33401.375000	18575.152344	-32300.837891	-26236.058594	-3301.797363	-1258.605591	-445.304077	-0.000000	
0.000000	-380.991455	-10794.205078	-21405.236328	-25343.603516	-29667.851562	-9114.504883	-287252.406250	592583.250000	3499412.000000	1219329.500000	-1791846.625000	-270020.843750	-979386.312500	-1425613.750000	-743095.375000	-1267678.875000	-1124262.875000	-709339.500000	-1129118.750000	-492072.000000	846175.875000	348682.000000	-503352.750000	-481243.312500	-453404.468750	-80340.062500	-1272840.875000	230462.031250	9302863.000000	5010876.500000	-4283086.500000	-1649599.750000	-857224.875000	-2510793.250000	-1563483.750000	-997127.500000	-1353707.875000	-990407.375000	-286774.187500	237235.468750	169302.953125	-397863.812500	-471533.906250	-97988.921875	-77602.968750	-100754.812500	-254594.937500	-485714.562500	2200001.250000	3186759.000000	-89061.281250	-832677.187500	-49090.757812	-181445.046875	-325159.375000	-135231.437500	-68450.914062	-85240.164062	-48088.183594	-4480.674805	627.027344	-1478.366333	-0.000000	
-0.000000	-4968.881836	-11504.439453	-38046.347656	-27378.818359	68697.312500	38255.820312	-70869.093750	-83795.242188	-94991.000000	-19830.595703	-364107.687500	75406.179688	3444898.000000	2082000.500000	-1982738.000000	-845888.500000	-484614.093750	-1558850.500000	-1062762.500000	-740271.562500	-1095652.000000	-872807.937500	-274965.031250	247424.281250	192114.312500	-491571.593750	-635144.437500	-144156.500000	-124992.734375	-178223.359375	-496495.406250	-1049234.875000	5294875.000000	8605767.000000	-272195.812500	-2910856.750000	-198882.296875	-866060.687500	-1867418.500000	-960490.250000	-623894.812500	-1049941.000000	-864276.500000	-132975.000000	38661.187500	-334496.187500	-318403.093750	-242225.078125	-127178.250000	-12237.943359	-84097.453125	-79793.500000	-142831.390625	421940.937500	788200.812500	78369.726562	-164674.593750	-45914.363281	-15680.147461	-17577.564453	-9029.325195	-1624.774170	-0.000000	
-0.000000	-2141.839111	-25282.253906	-35810.433594	-41188.605469	-88951.187500	-95760.562500	-38713.453125	43082.109375	40249.117188	-121336.195312	-181688.843750	-47167.382812	-46285.453125	-74051.140625	-229838.984375	-538031.000000	2993346.500000	5342974.500000	-185022.390625	-2161032.000000	-160969.578125	-763226.000000	-1790519.625000	-1001741.562500	-707956.500000	-1297230.875000	-1164159.000000	-195626.296875	62270.394531	-591684.250000	-620930.125000	-523251.781250	-306087.562500	-33048.273438	-257025.000000	-278940.562500	-578655.500000	2013978.750000	4526705.500000	556626.187500	-1500924.125000	-565547.687500	-281815.250000	-521657.281250	-556729.187500	-367622.531250	-271660.406250	-238731.109375	-122335.054688	-68374.312500	-90829.609375	-77816.148438	-53073.089844	-42311.589844	-25099.720703	-11449.637695	-9530.306641	-4256.201172	7861.139648	3907.880859	-218.440933	-177.109940	-0.000000	
-0.000000	13229.632812	86655.164062	-6234.442871	-120239.523438	-13068.415039	-83737.726562	-252094.578125	-174425.640625	-148321.187500	-320199.656250	-333018.250000	-64008.082031	23059.046875	-245842.593750	-287442.656250	-268315.187500	-173040.171875	-20518.345703	-174710.171875	-207086.625000	-468347.000000	1774842.125000	4340299.000000	580532.250000	-1703153.875000	-698749.562500	-379598.125000	-767436.625000	-896706.750000	-650280.812500	-529775.437500	-515704.156250	-294431.156250	-184643.218750	-277600.312500	-272028.187500	-215015.984375	-201958.687500	-144149.875000	-81321.804688	-86863.843750	-52425.523438	141286.234375	115975.929688	-13468.609375	-40073.015625	-64088.515625	-47968.949219	-26163.736328	-16654.892578	-10260.813477	-10145.853516	-6935.441895	-4216.870117	-1875.039062	-716.470581	-310.783203	103.240845	385.059784	-44.563087	-203.331711	-38.186615	-0.000000	
-0.000000	-764.782166	-332.777283	-5886.966309	-11522.270508	-38023.042969	194727.687500	611088.500000	101083.664062	-356821.125000	-172474.609375	-108587.492188	-251101.937500	-332055.125000	-270189.250000	-245245.078125	-264444.875000	-166450.468750	-114637.546875	-188696.046875	-201954.843750	-174027.718750	-177978.437500	-138213.890625	-84814.429688	-98567.609375	-64773.164062	190309.046875	170618.109375	-21693.476562	-70884.429688	-124981.484375	-103621.968750	-62969.839844	-44976.140625	-31359.875000	-35467.679688	-28097.683594	-20127.666016	-10768.511719	-5088.779785	-2832.628906	1271.663452	6920.580078	-1322.518799	-12537.005859	-8640.129883	-6685.718750	-3163.751953	-2710.875977	2592.424316	6529.258301	896.150208	-1309.526855	-1187.512085	-1366.856934	66.733116	220.955078	-346.391815	-539.912537	-263.265106	-40.467228	-3.743876	0.000000	
-0.000000	-735.657715	-1859.251831	-6358.229004	-11236.739258	-14128.548828	-19526.994141	-19459.697266	-14768.091797	-20650.513672	-15988.168945	54439.628906	55825.507812	-8033.206055	-29452.216797	-57856.765625	-53135.695312	-35598.675781	-27923.878906	-21316.560547	-26331.349609	-22741.453125	-17737.738281	-10325.072266	-5307.333496	-3214.288330	1571.174927	9321.849609	-1945.624756	-20192.972656	-15283.369141	-13038.077148	-6834.300293	-6524.428223	7000.779785	19955.212891	3132.744629	-5305.310547	-5668.148926	-7849.978027	473.976379	2013.891846	-4266.662109	-9703.708984	-7813.036621	-2495.124268	-847.091919	3255.752930	1614.329956	2074.927734	5194.421387	5012.886230	267.491852	-2214.816162	-1376.349243	-1672.480957	-1874.148438	-1082.930298	68.940063	104.154488	86.279266	136.776413	34.705914	0.000000	
-0.000000	-157.334747	-452.884094	-718.274597	-1465.072632	-1846.278931	-1946.104980	-1453.709106	-924.125610	-673.413025	387.818146	2666.599854	-636.600037	-7477.561523	-6350.182617	-6035.622070	-3504.520264	-3688.448730	4346.502930	13564.356445	2325.762451	-4293.964844	-4995.121582	-7526.721680	494.332764	2285.237305	-5271.577637	-13070.655273	-11494.156250	-4018.820557	-1498.405396	6349.169434	3487.256836	4993.853516	14027.411133	15320.762695	935.092773	-8972.925781	-6569.493164	-9605.203125	-13311.263672	-9870.352539	849.165466	1871.941650	2560.548584	8433.346680	7852.583984	4187.999023	1585.325806	-365.327026	-2284.218994	-2521.377930	-2443.490479	-2889.107422	-1210.408691	-388.819641	142.274506	892.713867	699.511108	576.257446	524.669189	88.095207	-32.167816	-0.000000	
-0.000000	-16.301762	70.493858	457.059296	129.405106	-348.608215	-548.042297	-1059.717896	86.074409	478.771149	-1301.200439	-3738.979492	-3760.838379	-1488.189941	-622.581848	2939.174561	1788.209839	2823.170410	8709.055664	10414.135742	694.216736	-7262.426758	-5789.441895	-9209.667969	-13882.958008	-11200.252930	1049.167114	2521.458984	3766.953613	13583.333984	13890.292969	8167.178223	3424.602295	-879.254517	-6168.479004	-7706.025879	-8541.906250	-11704.695312	-5777.437500	-2233.024902	1010.514038	8136.627441	8616.189453	10356.926758	15570.843750	5431.765625	-7278.312012	-2987.904297	-346.919739	-5741.052734	-7202.533691	-4302.597168	-2146.629150	107.999985	575.889526	863.534302	641.475830	88.386162	146.008606	-48.736591	-150.973145	-98.540703	-20.541203	-0.000000	
0.000000	12.477509	141.248016	350.910675	38.626122	-589.604614	-635.191528	-1296.666870	-2417.333984	-2346.521240	258.969299	721.286255	1232.531006	5029.978516	5771.364746	3780.771973	1756.081543	-497.068085	-3829.760498	-5238.094238	-6341.546875	-9473.441406	-5091.433594	-2141.070557	1053.913696	9232.931641	10645.538086	13950.523438	22907.060547	8748.779297	-12874.473633	-5826.827148	-749.411987	-13817.336914	-19450.271484	-13149.923828	-7504.144531	437.542328	2748.795166	4959.352539	4556.124512	805.594360	1798.453003	-875.930176	-4480.498047	-6075.812500	-4647.666504	-2466.937256	-1975.020508	735.579956	1367.107056	-386.617065	665.016541	605.763916	934.026489	1995.112549	1172.346680	-398.060760	-564.261963	-316.997437	-178.404037	-82.089790	-6.678239	0.000000	
0.000000	-2.196882	-62.113064	-176.500793	-352.842773	-769.107239	-558.609192	-301.450073	183.509995	1934.355347	2627.672363	3990.673828	7495.091797	3239.717773	-5349.295898	-2697.370605	-384.286530	-7811.341309	-12075.891602	-8938.529297	-5571.107910	354.134125	2422.407471	4755.129883	4751.801270	914.137634	2222.037842	-1179.856201	-6591.488770	-9786.125977	-8221.172852	-4810.869141	-4266.416504	1770.364624	3691.840332	-1181.608276	2324.751953	2454.142822	4458.229492	11458.104492	8326.669922	-3628.118896	-6950.266113	-5697.312988	-5294.576660	-5061.483887	-1511.022949	3025.580078	3614.046631	4456.169922	2797.030029	931.825684	1483.548462	1423.536743	-273.515808	-425.005066	-713.760071	-1103.752686	-437.645477	-31.575466	25.639105	96.235878	29.518045	0.000000	
-0.000000	-34.523628	-195.853134	-301.189209	-309.975647	28.750599	265.775665	669.494141	827.395081	191.517410	548.472717	-337.508575	-2156.706787	-3623.852783	-3415.866699	-2227.060547	-2187.750488	1000.838440	2292.115234	-803.186462	1725.905396	1986.312256	3928.866211	10986.268555	8684.285156	-4116.960449	-8587.244141	-7674.139160	-7789.121582	-8152.377441	-2672.821045	5900.300293	7807.021484	10724.932617	7553.313477	2847.916016	5186.159668	5767.200684	-1305.526367	-2440.841064	-5069.527832	-10060.137695	-5390.674316	-567.497681	760.903259	5933.701660	6678.773438	4020.305420	5912.822266	2456.953857	1695.836060	1223.174438	-2034.866577	-3287.785645	-2707.800537	-1913.165039	-675.638855	299.923096	238.208847	368.441406	166.038818	84.798264	50.260319	0.000000	
-0.000000	4.423386	37.174725	-27.063860	96.029137	161.259979	431.057526	1546.801636	1512.128540	-862.528259	-2119.616943	-2195.257080	-2548.566895	-3018.867188	-1110.547119	2731.382812	4003.316406	6063.115234	4689.548340	1935.842529	3850.226562	4667.805664	-1150.510254	-2340.328857	-5287.254883	-11415.609375	-6660.325195	-764.405334	1119.403564	9557.232422	11813.960938	7840.152832	12772.809570	5913.298828	4579.564941	3738.358398	-7113.447266	-13319.867188	-12924.681641	-10987.472656	-4798.770020	2733.644775	2934.124512	6621.902344	4927.608398	5228.482422	11371.934570	3068.144287	2684.339111	14643.996094	-97561.625000	248344.234375	543738.812500	73258.648438	-131114.312500	-75393.601562	-31647.416016	-3807.271973	-11745.709961	-8560.864258	-4244.998047	-1260.165527	-158.976273	-0.000000	
0.000000	26.797028	76.057556	65.229401	214.226059	378.958679	-126.228806	-329.504486	-920.629517	-2391.639648	-1643.989502	-218.665085	366.264008	3539.092285	4908.656738	3629.384521	6549.693848	3342.959473	2843.267578	2541.111816	-5281.052246	-10780.714844	-11390.025391	-10535.016602	-5004.868164	3101.967285	3625.190918	8919.538086	7249.255859	8421.357422	20115.607422	5983.306641	5798.678223	35244.585938	-263462.843750	759008.437500	1900791.625000	296794.125000	-625825.625000	-432992.031250	-224777.859375	-34701.324219	-144677.140625	-153862.203125	-125980.718750	-77699.156250	-35970.082031	-52911.527344	-28310.410156	-24797.949219	-33030.390625	-7817.119629	3453.937256	-2736.045410	2706.684082	-5829.787109	-7516.977539	-3471.139648	-2084.845459	-1042.704468	-519.254883	322.003052	392.739502	0.000000	
0.000000	14.774810	46.113605	85.624313	-293.837006	-875.239075	-1249.662354	-1483.268066	-871.459656	649.881042	894.817505	2551.514648	2371.925293	3118.471924	8357.959961	2769.808350	2973.469971	19924.787109	-163573.500000	515928.406250	1411155.500000	240216.593750	-551516.062500	-415161.718750	-234431.656250	-39376.871094	-178752.562500	-207248.562500	-185336.656250	-125147.656250	-63626.824219	-103184.812500	-61155.820312	-59682.714844	-89197.789062	-23891.271484	12074.207031	-11084.591797	12919.353516	-33480.972656	-53389.832031	-31637.652344	-25679.968750	-18740.257812	-15410.160156	19854.033203	88861.515625	57706.542969	1620.213379	51050.230469	40048.683594	-25508.947266	-24172.169922	-8467.784180	-6816.016602	-2168.800293	5014.490234	7758.733887	5206.245605	7533.894043	1648.144531	-1073.066650	-66.161743	-0.000000	
0.000000	88.061180	-2652.920654	17384.523438	78516.500000	19502.132812	-60509.863281	-58452.316406	-40819.800781	-8249.694336	-44122.070312	-59285.332031	-60641.355469	-46342.820312	-26436.707031	-47766.589844	-31359.730469	-33740.371094	-55379.320312	-16239.853516	8963.940430	-8971.548828	11385.330078	-32102.250000	-55682.824219	-35900.410156	-31728.302734	-25242.662109	-22670.671875	31978.283203	157185.515625	112535.750000	3499.966064	122865.664062	108150.523438	-77962.375000	-84500.601562	-34305.691406	-32533.728516	-12455.609375	35615.746094	70716.867188	64127.644531	135404.734375	48912.726562	-66163.039062	-14969.801758	-19596.748047	-33439.730469	4164.806641	-20504.441406	-28112.957031	12675.269531	-5252.866699	8302.804688	12567.925781	14346.209961	12066.087891	-1364.032471	7878.390137	22195.593750	8368.616211	-885.998535	-0.000000	
-0.000000	-149.121628	-898.170837	-547.211792	498.752411	-728.360718	1249.147217	-4519.807129	-9695.626953	-7521.354492	-7831.599121	-7220.892578	-7417.746094	11841.722656	65309.996094	52095.351562	1794.726929	69459.523438	67146.312500	-52994.148438	-62733.593750	-27766.035156	-28670.724609	-11942.696289	37145.378906	80245.031250	79231.453125	182386.812500	71958.007812	-106566.781250	-26479.810547	-38216.371094	-72236.117188	10023.690430	-55371.757812	-85920.945312	44309.960938	-21281.035156	39630.363281	72178.687500	101894.906250	109976.187500	-16801.396484	141596.281250	658708.562500	515991.250000	-200466.640625	-249203.015625	29904.839844	65268.687500	-122762.242188	-108397.109375	108190.960938	220585.890625	85366.156250	-61326.148438	-59712.937500	-24225.390625	-14969.473633	-8894.810547	-2659.732422	-261.867798	-79.412514	0.000000	
0.000000	306.988861	1089.014038	-1785.670166	-3490.488525	-2254.202637	-3145.623047	-1681.461060	6467.842285	16811.824219	19556.955078	52173.406250	23544.347656	-39462.226562	-11002.261719	-17691.224609	-37041.531250	5666.683105	-34378.097656	-58403.902344	32895.898438	-17224.255859	34924.714844	69206.421875	106271.101562	124794.031250	-20758.583984	190726.656250	969059.750000	831091.375000	-354601.781250	-485980.406250	64600.089844	157086.078125	-331516.500000	-331291.437500	378211.843750	893663.687500	407463.718750	-352201.406250	-424115.093750	-220801.968750	-184385.671875	-159864.140625	-78934.078125	-16146.218750	-17967.929688	88016.421875	-18902.345703	-90250.335938	26613.285156	-7814.269043	-79815.078125	-36627.085938	-28492.398438	-19235.857422	27710.705078	27237.455078	-7253.873535	-1597.595093	4757.393555	-1048.607544	-191.780716	0.000000	
-0.000000	25.044924	-557.562012	-1967.955200	1830.323120	-1398.361816	3831.782715	9743.855469	18504.179688	26145.109375	-5123.907715	54559.093750	317072.156250	307757.406250	-147335.718750	-224971.359375	33125.898438	88805.312500	-205825.265625	-225192.046875	280786.031250	723305.562500	359082.125000	-337698.000000	-442330.031250	-250552.140625	-227813.531250	-215333.031250	-116123.945312	-26006.222656	-31783.146484	171644.218750	-40832.628906	-217210.921875	71868.546875	-23882.560547	-279016.000000	-148388.000000	-135997.906250	-110473.195312	196817.109375	248255.375000	-89349.195312	-28713.164062	141187.312500	-64654.937500	-43392.437500	4421.255859	28948.359375	51117.210938	-33447.210938	-64895.394531	-18864.628906	9576.797852	13081.651367	-11752.703125	-12446.333008	-3.699334	-8146.229980	-6122.110840	-282.412170	1298.889282	232.535538	-0.000000	
0.000000	392.491058	-3338.182129	-7587.983887	15622.895508	58722.011719	39396.875000	-47545.882812	-77019.570312	-52492.199219	-56231.945312	-61597.968750	-37995.253906	-9630.237305	-13205.778320	79458.000000	-20938.322266	-122795.632812	44620.289062	-16233.931641	-207142.625000	-120100.953125	-119849.726562	-105923.992188	205270.046875	281704.531250	-110393.367188	-38675.917969	207707.843750	-104137.734375	-76756.093750	8622.061523	62533.910156	123026.867188	-90323.398438	-198338.203125	-65946.601562	38798.656250	62440.414062	-67496.796875	-88400.906250	-33.717525	-100340.742188	-110031.117188	-8381.273438	80086.789062	52613.648438	-299323.000000	2212470.000000	3558016.750000	174086.171875	-758185.187500	39933.457031	-227626.015625	-430040.625000	-276677.468750	-144637.390625	-67457.140625	-43873.722656	-31685.996094	-17137.511719	18108.224609	-8193.740234	-0.000000	
-0.000000	-542.717346	723.675232	-547.012268	-11525.386719	-9750.470703	-13149.373047	-14913.471680	35742.113281	59018.816406	-27248.750000	-11063.597656	67961.109375	-38562.738281	-31891.871094	3991.347900	32066.392578	69550.656250	-56078.167969	-134818.421875	-48959.031250	31402.511719	55026.335938	-64717.324219	-92197.562500	-38.260521	-123973.734375	-148209.187500	-12330.118164	128993.343750	93067.328125	-583721.312500	4779352.000000	8563293.000000	470115.593750	-2317223.000000	139598.609375	-922185.500000	-2052639.625000	-1588982.625000	-1027296.687500	-614837.125000	-540412.187500	-569484.250000	-508597.625000	1116515.000000	-1853921.250000	-92900.398438	24890264.000000	21209178.000000	-4071935.750000	-6036936.000000	-1227859.625000	-1982433.875000	-2646141.750000	-1534693.125000	-871132.062500	-580109.937500	-328134.531250	-149473.406250	-69643.312500	-26547.552734	-4247.743164	-0.000000	
0.000000	307.391632	-909.505127	-4542.789062	-2724.073730	2549.432373	6037.242188	-9111.817383	-16053.661133	-8.015812	-30600.833984	-42396.582031	-4034.361572	47766.898438	38669.128906	-270217.843750	2450775.750000	4841078.000000	291875.875000	-1575109.250000	103638.585938	-746390.312500	-1808912.375000	-1523549.500000	-1071417.125000	-697678.312500	-667694.000000	-767081.125000	-748223.875000	1798336.625000	-3279367.750000	-181168.656250	53767660.000000	51045408.000000	-10996166.000000	-18450540.000000	-4292327.500000	-8031471.000000	-12630377.000000	-8813876.000000	-6187273.000000	-5287403.500000	-4041779.250000	-2686447.000000	-2066836.000000	-1636866.250000	-961097.250000	-795585.437500	554061.312500	-1270407.500000	-1770481.125000	20582098.000000	23875404.000000	-196041.703125	-6005366.500000	-1291032.250000	-1247337.750000	-1850127.000000	-1078203.375000	-492937.187500	-232721.109375	-83796.492188	-16001.643555	-0.000000	
0.000000	21396.013672	4733.795410	-53074.269531	5766.436035	-60596.160156	-198465.734375	-214506.765625	-186557.734375	-146167.859375	-164809.062500	-219430.515625	-244815.625000	665933.312500	-1362565.000000	-83867.078125	27571200.000000	28857450.000000	-6827077.000000	-12541571.000000	-3186641.750000	-6500440.500000	-11130666.000000	-8450927.000000	-6453005.000000	-5999811.500000	-4993728.500000	-3618577.250000	-3040627.750000	-2636450.500000	-1700067.500000	-1551501.750000	1196876.875000	-3057566.000000	-4781142.500000	62904560.000000	83463176.000000	-794227.437500	-28664392.000000	-7414510.000000	-8859299.000000	-16862954.000000	-13280711.000000	-8859433.000000	-6906569.000000	-5166715.500000	-3620543.000000	-2613550.000000	-1933821.875000	-1323352.250000	-950369.062500	104242.406250	-1574491.625000	916669.312500	12650072.000000	8967282.000000	-1500285.125000	-2001859.875000	-404860.750000	-452230.531250	-384734.531250	-130635.484375	-23817.761719	-0.000000	
0.000000	127540.679688	-110725.117188	-422595.906250	-177304.296875	-527742.312500	-1221206.625000	-1189840.500000	-1123612.750000	-1256997.125000	-1232618.125000	-1035126.875000	-994880.250000	-976291.187500	-706371.687500	-718225.375000	613739.375000	-1728530.750000	-2968419.000000	42758748.000000	61963404.000000	-642824.750000	-25260828.000000	-7109186.000000	-9239789.000000	-19135016.000000	-16408681.000000	-11933436.000000	-10160606.000000	-8321871.000000	-6404312.500000	-5096784.500000	-4177419.750000	-3184991.500000	-2566449.250000	318593.500000	-5504077.500000	3713719.500000	60380432.000000	51499876.000000	-10655874.000000	-18245922.000000	-4986850.000000	-8127822.500000	-11417940.000000	-8054709.500000	-5389023.500000	-4391770.500000	-3156012.000000	-1948670.750000	-1444930.625000	-1054180.500000	-626170.937500	-529255.312500	-176943.656250	-58417.109375	-835309.125000	2731538.750000	3989260.250000	551966.375000	-464300.406250	-106215.140625	-14672.637695	-0.000000	
0.000000	-7639.552246	-48143.375000	1440782.125000	3447635.250000	-52188.121094	-2771504.500000	-1000931.375000	-1608854.250000	-4008902.500000	-4050207.500000	-3413667.750000	-3324506.250000	-3081631.750000	-2660968.000000	-2359417.250000	-2142114.250000	-1800568.125000	-1593405.125000	216560.765625	-4086249.750000	3005777.250000	53210952.000000	49379148.000000	-11113524.000000	-20704322.000000	-6161389.500000	-10947975.000000	-16797514.000000	-12973475.000000	-9532546.000000	-8564561.000000	-6817580.500000	-4689983.000000	-3902001.000000	-3221866.250000	-2188956.250000	-2144182.000000	-844575.000000	-335494.531250	-5932838.000000	24896570.000000	49137496.000000	9920350.000000	-13779251.000000	-6549002.500000	-3319841.250000	-6700107.500000	-6245013.000000	-3703265.000000	-2692142.500000	-2109072.500000	-1389622.875000	-733048.812500	-409288.281250	-335536.593750	-215343.765625	-146929.875000	65511.382812	-167409.640625	60618.031250	498003.718750	106183.531250	-0.000000	
-0.000000	-7957.934082	-25842.677734	7297.147461	-227358.359375	244025.890625	5838066.500000	6952292.500000	-1935113.500000	-4337681.500000	-1520835.625000	-3131767.750000	-5496074.000000	-4804144.500000	-3960737.000000	-3964729.750000	-3495946.750000	-2651383.500000	-2422595.500000	-2190031.500000	-1625090.125000	-1735438.875000	-744291.500000	-321679.093750	-6187642.500000	28251056.000000	60710716.000000	13362465.000000	-20271358.000000	-10548278.000000	-5872407.000000	-13066138.000000	-13490405.000000	-8912871.000000	-7270067.000000	-6445906.500000	-4857816.500000	-2969814.250000	-1953585.875000	-1927015.750000	-1529493.250000	-1339190.250000	806932.875000	-3008810.250000	1798988.625000	30705864.000000	24025158.000000	-4420223.500000	-8161482.000000	-2994611.500000	-2944159.000000	-3936052.250000	-2321599.500000	-1400236.125000	-1232856.875000	-782355.125000	-378237.031250	-182135.718750	-135398.828125	-88838.328125	-44234.261719	5900.260742	-5476.375000	-0.000000	
-0.000000	-11718.266602	-39290.921875	-73794.453125	-90419.789062	-140892.671875	-81660.312500	-45290.519531	-1077407.125000	5918768.500000	14985421.000000	3822454.500000	-6632701.000000	-3906081.750000	-2439963.000000	-6048611.500000	-6917665.000000	-5038704.500000	-4513692.000000	-4381540.500000	-3606463.000000	-2403681.750000	-1721620.250000	-1847662.625000	-1595182.250000	-1519628.500000	996987.625000	-4052792.750000	2646583.750000	49456996.000000	42497668.000000	-8620048.000000	-17630338.000000	-7207311.500000	-7950631.500000	-12029660.000000	-8115802.500000	-5672802.500000	-5884585.500000	-4493133.500000	-2686453.500000	-1660073.375000	-1667767.750000	-1596668.375000	-1312760.125000	363797.656250	-1239088.375000	-825541.812500	15563009.000000	16264408.000000	-644181.562500	-4919788.000000	-2284201.750000	-1896212.875000	-1790606.875000	-1027326.437500	-593768.500000	-411103.843750	-232486.390625	-95824.179688	-42007.703125	-19939.519531	-743.467651	0.000000	
-0.000000	-22269.458984	-73205.421875	-147638.687500	-200663.093750	-195144.390625	-188888.421875	-260139.984375	-277756.968750	-318371.437500	246089.656250	-1159338.125000	865950.812500	18314180.000000	17657622.000000	-3990415.750000	-9040557.000000	-4074502.250000	-4936227.500000	-8177041.500000	-6025205.000000	-4591402.500000	-5185859.000000	-4308109.500000	-2801831.750000	-1883746.375000	-2060572.625000	-2150672.750000	-1931268.250000	585957.812500	-2191801.000000	-1609920.875000	33619032.000000	39144528.000000	-1739597.000000	-15036228.000000	-7985068.000000	-7682162.500000	-8546798.000000	-5900025.000000	-4217280.000000	-3747000.000000	-2863638.250000	-1722223.250000	-1246681.375000	-1229428.875000	-168217.515625	551019.687500	-276807.156250	-299917.968750	-264292.000000	-403466.437500	-243046.171875	-148438.859375	-109325.445312	-70999.367188	-43972.812500	-25137.933594	-11328.455078	-8124.489746	-5072.981445	8094.312012	2649.445557	0.000000	
-0.000000	-18007.994141	-80058.320312	-275530.406250	-335241.562500	-372755.843750	-568969.125000	-606556.375000	-487861.656250	-394656.343750	-508617.750000	-615219.437500	-631902.625000	216983.187500	-910685.062500	-745268.875000	17239304.000000	22129538.000000	-1080045.875000	-10220726.000000	-5928147.500000	-6217720.000000	-7531965.000000	-5657066.000000	-4398404.500000	-4251859.000000	-3538103.250000	-2319792.000000	-1834056.625000	-1980203.625000	-297556.906250	1074564.625000	-597955.625000	-721830.625000	-713714.312500	-1233104.625000	-849636.125000	-601373.125000	-521824.500000	-407755.500000	-312319.812500	-229119.328125	-139537.625000	-146019.359375	-150553.140625	499078.250000	599465.375000	21490.312500	177066.796875	183149.046875	-110585.609375	-175812.187500	-45366.691406	55852.507812	-15102.201172	-62841.132812	-24813.830078	-14861.416992	-14664.963867	-5214.618652	-408.332367	-246.875732	-194.683044	-0.000000	
0.000000	97805.468750	-17516.750000	-344393.593750	-329841.281250	-504789.468750	-826373.312500	-796481.500000	-765860.750000	-890790.375000	-873321.437500	-663597.562500	-600095.375000	-733279.562500	-123633.781250	497440.375000	-306622.125000	-408071.781250	-443116.500000	-838190.562500	-630773.375000	-486734.000000	-459863.875000	-390964.437500	-325733.343750	-259990.140625	-172402.546875	-196684.453125	-221486.406250	803850.125000	1060383.375000	41909.085938	382497.625000	440795.843750	-298633.812500	-537330.500000	-158592.000000	226276.312500	-72084.757812	-360902.062500	-176241.859375	-135454.171875	-180634.890625	-93720.992188	-12118.262695	-15221.838867	-44049.121094	-92814.187500	-69602.085938	-38315.691406	-38344.113281	-25950.980469	-13021.163086	-6487.227539	173.339859	-622.323730	-1377.228638	580.285950	-1876.638916	-2140.850586	-211.023956	-61.951809	-79.803886	-0.000000	
-0.000000	-1803.546509	-7186.695801	-28243.345703	-35096.140625	-39515.800781	-50454.195312	-55045.480469	-56717.472656	-54469.519531	-42554.675781	-56263.371094	-72469.398438	297669.843750	440585.343750	19400.667969	196138.703125	249194.687500	-185409.718750	-365245.031250	-117739.359375	183141.500000	-63525.531250	-346040.375000	-183811.125000	-153704.843750	-223179.343750	-126239.843750	-17827.794922	-24517.351562	-77917.687500	-181000.515625	-150353.609375	-92216.679688	-103547.359375	-79313.351562	-45519.128906	-26281.826172	827.373596	-3574.059326	-9781.857422	5289.007812	-23115.398438	-38476.953125	-6262.652832	-3819.818359	-18056.482422	-8269.352539	4296.543945	-2684.257324	-198.764816	7394.217773	1685.478638	-8205.876953	-5692.051270	-2360.700439	-1072.841309	-851.736023	-551.271606	-122.957703	-13.586774	9.423738	6.550352	0.000000	
0.000000	1101.360718	-3007.072021	-12307.155273	-6551.001465	14868.456055	-6969.735352	-48720.441406	-32005.634766	-32202.099609	-55088.074219	-36112.054688	-5833.177246	-9078.901367	-32374.509766	-83789.250000	-77098.937500	-52132.761719	-64288.394531	-53912.457031	-33793.589844	-21271.750000	729.132568	-3426.882080	-10201.970703	6001.632324	-28559.705078	-51827.500000	-9213.307617	-6152.464844	-31939.783203	-16126.382812	9281.344727	-6460.363281	-536.759705	22598.767578	5892.063477	-33244.625000	-27168.896484	-13557.708008	-7619.926758	-7763.135742	-6790.257812	-2209.887207	-403.220795	581.047913	1482.087158	7870.260742	6519.130371	5902.373047	5702.520508	-518.673889	178.403946	-3989.098877	-4245.208984	-1681.228516	-1214.723389	-857.596985	-171.882355	196.572311	118.361938	83.008263	-3.187298	0.000000	
-0.000000	-230.410110	-1042.662842	-1816.613281	-1880.270508	-1726.960205	79.997147	-482.484741	-1776.391602	1257.378540	-7049.483887	-14825.727539	-3014.554688	-2278.289307	-13270.860352	-7465.268066	4759.325684	-3652.230957	-333.252502	15361.287109	4374.291992	-26907.238281	-23942.904297	-12999.411133	-7947.188477	-8809.116211	-8389.548828	-2976.663086	-593.198669	935.876099	2621.637207	15348.098633	14082.549805	14205.596680	15399.521484	-1585.210327	623.661072	-16161.110352	-20262.931641	-9655.441406	-8627.653320	-7816.555176	-2117.151611	3532.943604	3512.680420	5118.114746	-721.160156	2955.543457	-195.082504	-3797.797119	-4611.795898	-3520.200928	-1924.414673	-2463.531006	-1064.526123	112.693298	511.907928	763.978333	326.416077	229.516556	88.880562	16.389872	-5.093705	-0.000000	
0.000000	-16.141691	-5.404864	517.607971	243.385010	-2184.480713	-2626.907715	-1830.240356	-1383.783569	-1845.563477	-2070.819336	-851.501465	-194.092041	346.559753	1089.280396	7104.982910	7221.307617	8030.835938	9560.943359	-1077.530884	463.008545	-13080.335938	-17856.943359	-9257.836914	-8998.194336	-8869.733398	-2615.798584	4758.787109	5167.683105	8243.591797	-1275.647095	5763.719238	-421.414978	-9140.386719	-12454.044922	-10758.704102	-6727.331543	-9980.548828	-5081.121094	647.207397	3635.860107	6963.269043	4020.612305	4125.041992	2637.748291	1010.565063	-1152.505249	-4076.884277	-5159.032227	-3719.956543	-300.678101	440.357239	1677.836182	2885.426758	3112.441406	1637.838013	1256.134888	1079.087280	168.779556	97.799629	-2.639566	-165.823410	-40.103977	-0.000000	
0.000000	35.493725	155.064392	-36.308064	25.761730	-1061.935181	-1959.183472	-1303.448853	-1566.787231	-1858.263184	-645.665955	1361.294312	1690.843628	3052.644287	-530.026550	2668.156250	-216.094894	-5167.325684	-7732.215820	-7313.121582	-4994.398438	-8077.967773	-4477.796875	620.555847	3792.013428	7901.478027	4967.576172	5556.329102	3880.526123	1627.686279	-2038.645508	-7950.489258	-11144.481445	-8953.042969	-811.974060	1345.853027	5865.347168	11689.783203	14856.084961	9406.246094	8921.781250	9835.325195	2078.933105	1757.727539	-78.335594	-10224.323242	-9073.953125	-5717.439453	-4695.545898	-506.738159	1872.294678	1617.213379	5589.636719	5370.053223	2586.995117	1346.800903	-330.358582	50.231525	-445.228790	-743.534607	-145.412064	-134.481171	-75.336090	0.000000	
-0.000000	-22.837925	-125.405128	-246.420105	-277.887634	-655.814819	-491.283722	87.370598	660.274475	1655.407837	1226.162842	1589.438354	1269.691406	602.740601	-847.049622	-3680.461914	-5714.712891	-5061.415039	-504.122040	914.830200	4354.458008	9461.372070	13092.096680	9018.903320	9304.955078	11160.505859	2568.578369	2367.615234	-115.243484	-16468.005859	-16050.750977	-11149.798828	-10143.263672	-1219.597168	5056.087402	4942.649902	19540.144531	21755.796875	12348.062500	7734.794434	-2346.393799	457.834473	-5484.081055	-13363.355469	-4315.458984	-8291.826172	-17045.595703	45946.851562	129480.976562	107587.742188	25711.644531	-30016.964844	-16881.775391	-9771.353516	-2744.062988	-1250.651611	-10876.485352	-7767.155762	-2565.542969	-920.105225	-977.332214	-485.385468	-96.019592	-0.000000	
-0.000000	-22.369833	-8.176115	30.825764	242.281433	768.127380	1436.406006	1269.808350	1620.201172	2338.194092	634.010498	677.277893	-37.707172	-6098.187012	-6669.027344	-5161.494629	-5201.304199	-689.473694	3139.121338	3359.716797	14506.683594	17608.513672	10881.873047	7416.281250	-2447.166992	519.521667	-6775.731934	-18000.107422	-6348.691406	-13355.391602	-30151.646484	89602.726562	279703.281250	258937.890625	69433.679688	-91740.117188	-59014.980469	-39586.867188	-13097.767578	-7182.601074	-77250.960938	-70793.625000	-31600.933594	-16536.814453	-29004.726562	-29927.847656	-21725.458984	-12777.994141	167.411514	10137.851562	22065.222656	18629.595703	5116.773438	4260.086914	-1458.799683	-7672.676270	2224.983154	6590.585449	-2481.328369	596.126831	514.619690	-1055.550659	1933.552734	-0.000000	
-0.000000	-3.047253	50.911915	113.207718	807.149841	1429.557983	1193.910156	1044.168579	-426.106598	108.842957	-1672.475708	-5149.094238	-2077.264404	-4945.569824	-12527.896484	41479.132812	143427.390625	146385.109375	43108.582031	-62359.429688	-43812.964844	-32040.464844	-11542.559570	-6886.826660	-80568.742188	-80332.140625	-39043.816406	-22274.677734	-42670.332031	-48203.871094	-38429.769531	-24918.859375	361.640411	24399.376953	59586.609375	56937.175781	17887.117188	17258.968750	-6963.040039	-44064.843750	15803.089844	60069.792969	-30563.625000	10714.033203	15272.598633	-65083.035156	437486.968750	-589871.250000	65288.304688	7573458.000000	5551098.500000	-1335683.500000	-1110715.125000	-505800.250000	-805183.625000	-574093.250000	-327341.781250	-260143.515625	-25341.216797	10747.564453	-82914.578125	172942.781250	70512.359375	-0.000000	
0.000000	646.975281	699.157532	-2101.239258	-2437.747314	-2601.225098	-1266.397705	-969.624512	-14028.822266	-16830.072266	-9637.310547	-6371.874023	-13961.548828	-17850.140625	-15967.425781	-11535.504883	185.443451	13793.675781	36994.929688	38702.476562	13279.469727	13968.911133	-6136.259277	-42250.285156	16481.802734	68163.414062	-37762.195312	14431.537109	22468.298828	-104827.257812	773862.750000	-1150330.625000	141035.031250	18227498.000000	14990609.000000	-4082217.000000	-3882816.250000	-2049157.875000	-3843245.500000	-3297067.250000	-2324966.750000	-2371074.250000	-312139.062500	193163.203125	-2460693.250000	10663288.000000	15954175.000000	-295072.500000	-4906092.000000	-1764038.750000	-2140364.500000	-2059549.625000	-1283018.375000	-982454.750000	-512259.625000	-17209.257812	-607969.812500	952436.250000	1885126.500000	183487.500000	-239242.406250	-44445.230469	-13564.631836	-0.000000	
0.000000	60.963627	600.003174	1304.103638	738.867859	1134.074707	-673.242798	-5948.590820	2869.851318	14280.649414	-9320.963867	4128.271973	7351.530273	-38818.070312	321537.093750	-532514.187500	72320.523438	10304533.000000	9307067.000000	-2774846.250000	-2882618.750000	-1658529.250000	-3386904.750000	-3161296.500000	-2424819.750000	-2690545.500000	-385656.312500	260186.046875	-3620051.250000	17175034.000000	28221050.000000	-575432.250000	-10598083.000000	-4245618.500000	-5780003.500000	-6294551.500000	-4485150.500000	-3980237.000000	-2445081.500000	-98834.265625	-4318146.000000	8680966.000000	23219942.000000	3297773.500000	-7100104.500000	-2740399.500000	-3069143.000000	-3407872.250000	-2380667.250000	-2038322.125000	-754359.750000	-61312.808594	-1113678.625000	3543889.000000	4506216.000000	-361207.500000	-1108200.625000	-377409.437500	-346490.562500	-214784.968750	-90920.929688	-36537.890625	-781.709839	-0.000000	
0.000000	45542.734375	150946.875000	-93500.140625	-160388.500000	-134648.718750	-371595.937500	-445091.843750	-422215.406250	-563685.687500	-95192.789062	74428.578125	-1184465.125000	6360003.000000	11725741.000000	-266380.625000	-5434528.000000	-2400171.250000	-3588571.750000	-4278658.500000	-3329794.250000	-3221489.000000	-2154756.250000	-94764.335938	-4503602.000000	9850612.000000	28688872.000000	4442019.000000	-10445325.000000	-4413878.000000	-5428951.000000	-6645823.000000	-5142689.500000	-4905752.500000	-2037130.625000	-187388.843750	-3893176.250000	14357423.000000	21508752.000000	-2074446.125000	-7871068.500000	-3439892.750000	-4267878.500000	-3860274.750000	-2698301.250000	-2252849.500000	-176870.218750	-2460770.250000	3094222.250000	12514078.000000	2753358.750000	-3497285.000000	-1531531.000000	-1220796.375000	-1088624.625000	-717231.562500	-456157.031250	-103367.515625	-309934.250000	229027.000000	639646.687500	74776.632812	-28552.351562	-0.000000	
-0.000000	-10607.988281	-58201.335938	-144172.015625	-185269.281250	-261538.562500	-236410.171875	-13342.258789	-784178.000000	2063763.250000	7081367.000000	1270679.875000	-3417665.250000	-1634481.750000	-2255709.000000	-3076502.250000	-2637089.250000	-2773364.250000	-1264772.500000	-127375.695312	-2890310.000000	11620484.000000	18954836.000000	-1989021.875000	-8209116.500000	-3903373.000000	-5273080.500000	-5199694.500000	-3969608.500000	-3628595.750000	-312862.500000	-4798843.000000	6684103.000000	30118384.000000	7435380.000000	-10688666.000000	-5353896.000000	-4945835.000000	-5196146.000000	-4119123.000000	-3239885.500000	-942141.687500	-3817598.250000	4116243.250000	18983082.000000	4610570.000000	-6460275.000000	-2433142.000000	-1891228.500000	-2459283.000000	-1799734.250000	-899831.437500	-439289.875000	-1187347.625000	1906993.000000	2884962.500000	-239316.296875	-666635.812500	-170472.046875	-132911.453125	-109327.226562	-35861.031250	-1933.343750	-0.000000	
-0.000000	-12257.381836	-20512.742188	-4292.001953	-160816.453125	943416.125000	2079639.375000	-280042.531250	-1429391.000000	-817780.437500	-1301571.375000	-1487419.750000	-1298838.750000	-1343687.750000	-129993.203125	-2221493.250000	3427501.500000	17026796.000000	4616328.500000	-7265514.500000	-3974754.500000	-4003016.000000	-4579164.000000	-3949500.500000	-3379032.500000	-1069082.875000	-4716747.000000	5544477.500000	27926978.000000	7426104.500000	-11427463.000000	-4744964.000000	-4085409.750000	-5918904.000000	-4860139.500000	-2750132.750000	-1535661.000000	-4810324.000000	9102324.000000	16568590.000000	-1699759.750000	-6076042.000000	-2099780.000000	-2388783.250000	-3244553.250000	-2211115.750000	-437439.687500	-1985459.500000	472144.687500	5523721.000000	1241480.875000	-1809528.125000	-947036.250000	-741483.000000	-666097.812500	-320435.468750	54086.753906	-193690.234375	8700.164062	291581.406250	34804.765625	-35466.953125	-6047.552734	-0.000000	
0.000000	75252.984375	74870.031250	-244815.953125	-221154.781250	-324987.312500	-502405.281250	-556066.312500	-588365.250000	-223979.375000	-1164249.875000	1586048.125000	9137587.000000	2749924.750000	-4748068.000000	-2196551.500000	-2094933.125000	-3346128.250000	-3017465.250000	-1869375.375000	-1140081.125000	-3893337.000000	8021528.500000	15886308.000000	-1772761.375000	-6894709.000000	-2594335.500000	-3217631.500000	-4773227.500000	-3561376.750000	-773779.125000	-3871921.250000	1019921.500000	13294272.000000	3352589.750000	-5530416.500000	-3310631.000000	-3003983.750000	-3179371.000000	-1840288.750000	384154.750000	-1765386.750000	107163.796875	5240517.000000	1032916.625000	-2186817.750000	-1368323.500000	-1236716.375000	-958085.250000	97417.554688	12786.676758	-821582.187500	643007.562500	1156225.125000	-29626.550781	-47762.199219	-13495.459961	-135146.531250	10354.192383	-25458.207031	-73775.906250	33569.355469	15368.791016	-0.000000	
-0.000000	-14788.815430	-48938.832031	-62989.746094	-63433.953125	-316082.968750	880086.062500	2236698.250000	-308677.468750	-1444483.500000	-640368.187500	-920432.750000	-1561779.500000	-1318796.125000	-321502.312500	-1792400.125000	522999.500000	7515637.500000	2081488.125000	-3759245.500000	-2457826.000000	-2431337.500000	-2801857.500000	-1764506.875000	400653.500000	-2003249.375000	132403.796875	7058846.500000	1519576.250000	-3522240.750000	-2420402.500000	-2411768.250000	-2069644.500000	234460.703125	34530.117188	-2510981.500000	2247813.500000	4684236.500000	-141411.359375	-274302.437500	-95852.398438	-1231791.125000	127537.195312	-457553.781250	-2189480.750000	2069816.000000	3477353.250000	-410752.343750	297854.343750	694428.125000	-373538.781250	37056.625000	-714579.562500	-528710.750000	308313.593750	-148637.796875	-187451.296875	-19885.646484	-92063.046875	7911.772461	-12085.266602	-14329.921875	4526.650879	0.000000	
0.000000	33216.710938	33758.664062	-126670.078125	-136753.093750	-197389.656250	-307407.218750	-248432.140625	69762.750000	-419692.968750	32681.656250	2019247.125000	497198.812500	-1304303.875000	-1005668.250000	-1116462.250000	-1061280.750000	132547.437500	21438.361328	-1706814.625000	1668785.875000	3791285.500000	-124620.398438	-263006.875000	-99969.078125	-1397758.750000	157575.687500	-616313.562500	-3221056.750000	3333789.500000	6151027.000000	-801024.000000	643421.437500	1671321.875000	-1008732.625000	113255.265625	-2498013.500000	-2141975.500000	1471620.750000	-853639.812500	-1331385.250000	-181247.421875	-1133981.500000	142196.250000	-358659.875000	-883552.875000	1024203.187500	155570.140625	-999106.125000	-548687.500000	-318399.156250	-69801.703125	-126707.492188	131496.781250	404677.000000	-60252.738281	-174726.437500	-76203.710938	-34121.890625	955.854736	-3872.428223	884.973450	344.334503	-0.000000	
-0.000000	585.817200	347.698578	-57512.164062	92851.015625	307797.875000	-13672.789062	-37029.812500	-17406.855469	-292838.968750	38894.914062	-176302.093750	-1053915.875000	1234519.375000	2555728.750000	-370812.187500	329936.281250	944846.750000	-626281.500000	76984.132812	-1854535.500000	-1733653.125000	1296882.750000	-818487.500000	-1388565.750000	-205668.140625	-1401065.125000	191534.812500	-527642.812500	-1423111.625000	1811694.375000	303383.312500	-2158257.500000	-1320559.250000	-859829.312500	-213333.250000	-442941.593750	532735.312500	1931575.750000	-346036.718750	-1241006.125000	-694557.625000	-420294.531250	17179.330078	-114923.789062	54565.605469	77909.367188	-337867.656250	-351598.968750	-183442.109375	67943.664062	106618.601562	-48219.476562	-73560.773438	-34338.984375	-48075.734375	-49181.878906	-32891.039062	-11257.104492	-3388.246338	-3893.366943	-1561.558228	318.493103	0.000000	
0.000000	4175.919922	-10157.361328	2594.027588	-103186.093750	-140747.703125	142288.140625	-115238.203125	-241780.406250	-43088.726562	-345829.406250	54790.273438	-172642.453125	-526985.562500	752752.250000	140443.015625	-1106720.000000	-746550.500000	-533833.437500	-145011.140625	-328841.656250	431180.562500	1702223.500000	-331787.156250	-1294305.000000	-788140.125000	-519285.375000	23140.130859	-169070.250000	87887.148438	137812.453125	-658888.687500	-759520.000000	-441501.156250	183480.265625	325855.843750	-168564.703125	-298018.125000	-163904.406250	-276103.125000	-349317.531250	-299784.875000	-138658.765625	-60896.078125	-115545.203125	-96282.398438	72062.468750	101241.695312	-30800.541016	-89031.125000	-31636.726562	-13047.293945	-38376.777344	-8201.216797	12778.420898	-6450.187988	-12263.600586	-149.550369	7714.905273	516.799133	-2192.703857	-625.470459	-145.124893	-0.000000	
-0.000000	-3299.513916	-8657.990234	-4886.239258	-18296.703125	35005.664062	186760.312500	-46713.671875	-225367.484375	-165120.156250	-128176.875000	6619.444824	-55319.054688	32545.064453	57260.558594	-305014.531250	-389469.750000	-249593.421875	113915.515625	221497.250000	-125143.132812	-241207.265625	-144442.656250	-264733.406250	-364320.093750	-340176.968750	-171316.703125	-82025.500000	-169984.437500	-155079.109375	127469.992188	197435.328125	-66534.968750	-214276.562500	-85434.226562	-39876.125000	-134156.781250	-33225.742188	60993.054688	-37043.988281	-87103.031250	-1363.074707	95027.921875	9288.296875	-65073.859375	-38565.195312	-32836.058594	-33787.468750	-15776.135742	2350.959961	-4737.725098	-10549.754883	-2234.547607	2496.572998	2073.948730	-132.279190	-3023.793457	-2031.510132	-678.375793	-214.860306	63.090000	71.364532	-16.132183	-0.000000	
-0.000000	-1103.122925	1847.541504	7463.485840	-6962.946289	-19582.560547	-15847.598633	-37272.898438	-63436.289062	-71269.148438	-42286.652344	-23464.140625	-55618.171875	-57426.593750	52963.304688	91397.296875	-34118.074219	-121136.757812	-53042.675781	-27105.398438	-99598.554688	-26891.957031	53750.835938	-35518.542969	-90843.945312	-1546.731079	117409.593750	12511.105469	-95733.468750	-62115.781250	-58083.109375	-65890.250000	-34079.425781	5658.196777	-12794.114258	-32242.957031	-7811.488281	10114.412109	9899.226562	-759.690857	-21476.693359	-18516.169922	-8355.857422	-3861.628662	1872.350220	4400.187012	-3650.079102	-7872.260254	-2822.125488	463.391693	51.578125	-2041.326416	-266.952026	2160.798096	1089.429077	481.279541	162.518951	-411.294586	-503.861755	-582.115845	-296.319824	-130.488785	-21.256866	-0.000000	
-0.000000	-535.385681	-860.273926	-913.332947	-5541.649414	-2183.239990	5897.299805	-5000.801270	-15817.965820	-324.049591	28980.587891	3578.915283	-31323.578125	-23001.792969	-24133.314453	-30502.089844	-17475.386719	3198.742920	-7943.351562	-21916.828125	-5799.281250	8186.312988	8723.807617	-728.407349	-22399.078125	-21010.980469	-10323.889648	-5201.518066	2754.509766	7087.247070	-6456.558594	-15351.998047	-6096.322754	1115.272705	139.285492	-6238.855957	-933.205688	8754.081055	5199.985840	2764.030029	1154.301636	-3748.738525	-6206.289551	-10462.217773	-8794.016602	-8045.664062	-4809.593262	-3480.047363	1413.471069	3752.364258	2865.756348	6082.100586	1645.980469	-474.566040	-721.123962	-1899.226196	-1280.975708	-435.852295	-506.286346	-254.256195	93.686478	66.730759	32.670029	0.000000	
-0.000000	14.137419	-128.829437	-738.500916	-322.671173	664.610901	957.136963	-102.555450	-3900.181152	-4401.928223	-2548.278809	-1487.941406	901.263733	2624.444092	-2682.676025	-7106.788086	-3126.097168	630.496033	86.476761	-4240.800293	-692.815735	7085.300781	4582.547852	2650.209473	1203.876709	-4253.832031	-7668.040527	-14092.347656	-12937.326172	-12958.905273	-8507.602539	-6786.574707	3053.363770	9031.041016	7738.906738	18588.576172	5753.986328	-1922.618164	-3442.018066	-10907.420898	-9098.214844	-3972.569336	-6236.154297	-4569.681152	2780.375732	4114.478027	7391.943359	6468.775879	2343.048096	1513.293701	2525.830322	1514.468994	103.218895	-1370.538330	-2644.807617	-1494.725342	-1259.468384	-653.304504	330.714355	169.352432	152.816193	111.089485	29.366171	0.000000	
-0.000000	2.786590	1.402525	-142.896362	-38.548172	575.224487	502.776520	373.133820	209.621902	-891.203674	-1892.727051	-4031.243896	-4233.037598	-4798.749512	-3534.876953	-3141.659180	1565.716309	5105.509277	4804.775879	12635.399414	4271.783203	-1556.111572	-3033.318359	-10458.260742	-9488.965820	-4507.820801	-7704.938965	-6155.247070	4090.352295	6627.064453	13075.473633	12615.008789	5061.425293	3642.135010	6820.944336	4628.634766	360.830597	-5552.487305	-12624.008789	-8584.337891	-8945.458008	-5954.534180	4073.556152	3043.727539	4535.194824	6849.544434	6644.410156	2414.270508	-1109.554443	-2239.700684	-4602.237305	-2535.073242	-1934.027344	-2963.257324	-312.994843	1318.754883	-43.301018	143.082794	563.486145	674.863647	242.840210	55.732327	-1.274163	-0.000000	
0.000000	22.564716	77.926376	425.757507	237.681427	-126.333878	-332.802032	-1472.461304	-1652.241455	-944.415894	-1901.834839	-1760.764282	1338.345703	2454.036133	5432.810547	5839.773438	2595.418457	2059.004639	4234.850098	3146.268066	267.882111	-4494.022461	-11125.053711	-8230.840820	-9329.648438	-6756.829590	5032.989746	4099.825195	6671.956543	11032.351562	11753.175781	4708.162109	-2396.846680	-5390.422363	-12428.232422	-7747.882324	-6760.935059	-12005.099609	-1493.964844	7573.724121	-307.548340	1304.125977	6940.709473	12129.150391	7206.877930	3436.338135	-288.293030	-6620.082031	-4882.648926	-4859.354004	-4207.037109	-2664.323730	-485.100220	1382.503540	1733.619141	2711.509766	4154.843262	2373.763672	-41.933586	-151.311890	-31.003469	-124.413017	-47.812485	-0.000000	
0.000000	9.100141	68.683022	106.015434	14.904923	-364.850006	-1220.590942	-1158.853760	-1624.500854	-1415.596924	1242.309082	1172.792236	2183.035400	4085.336670	4883.400879	2179.515137	-1229.064819	-3047.362061	-7716.189941	-5266.545898	-5019.346191	-9716.580078	-1316.573853	7261.843262	-320.756958	1479.839844	8575.436523	16337.665039	10602.405273	5534.804688	-509.956299	-12910.077148	-10547.441406	-11695.299805	-11361.003906	-8142.907227	-1695.803955	5600.962402	8274.789062	15572.436523	29510.048828	21635.634766	-516.514648	-2719.489502	-920.103882	-7671.044922	-10818.085938	-10603.613281	-7237.756836	-263.293854	377.813995	1312.414429	4222.612305	1968.595581	258.371979	-462.819458	-114.533432	-212.195801	-699.687256	-379.682404	-194.445694	-29.690065	3.962276	0.000000	
-0.000000	-13.468365	-125.145210	-177.459488	-279.275726	-788.846619	-144.448563	1022.424622	-55.850975	310.035461	2116.702393	4673.537109	3469.061279	2049.566650	-211.884933	-5976.367676	-5408.560059	-6611.692383	-7053.590820	-5535.060059	-1258.971802	4533.256836	7292.253418	14931.174805	30777.449219	24550.751953	-638.167969	-3663.084961	-1353.611694	-12355.518555	-19135.916016	-20678.513672	-15634.918945	-633.685120	1020.277710	4011.100098	14761.325195	7975.408203	1233.242920	-2658.012207	-813.481262	-1934.055542	-8618.360352	-6823.934082	-5770.652344	-1830.627075	896.507202	244.988464	3335.044922	2395.582520	1464.188477	3104.380127	1901.571289	368.305298	472.814636	-398.891846	-1026.406616	-890.648499	-753.006042	-346.251495	-82.177299	9.218586	23.559105	0.000000	
-0.000000	-29.221563	-114.398827	-186.507233	-70.049019	368.035278	800.073242	2102.221191	5359.043457	5143.532227	-157.521057	-1047.858765	-442.895905	-4575.312012	-7950.901855	-9572.553711	-8017.337402	-358.240601	633.449402	2726.505371	10958.869141	6455.064453	1086.809570	-2548.557373	-848.418762	-2194.644043	-10648.218750	-9191.669922	-8489.500000	-2948.535156	1585.815308	477.761444	7204.325684	5765.592773	3954.006104	9487.841797	6647.475586	1492.122070	2256.805420	-2290.870361	-7290.121094	-8117.802734	-9275.110352	-6223.088867	-2438.812500	568.398621	5330.499512	5403.861328	3496.132080	1912.688843	463.556519	813.310303	894.913147	-193.069534	-1855.351318	-1697.134277	-1071.079102	-669.676331	-61.476318	409.533020	226.580002	66.098274	18.539179	0.000000	
-0.000000	-1.583309	10.273614	91.871262	609.749939	524.058411	119.239861	-358.821808	-147.728714	-459.791290	-2628.334229	-2629.360596	-2777.727783	-1091.857788	658.900330	221.166611	3694.263428	3259.456787	2454.883301	6449.265625	4935.113281	1207.680420	1988.835938	-2196.533936	-7603.218262	-9211.570312	-11459.652344	-8382.345703	-3587.861328	915.502258	9429.023438	10538.277344	7552.303711	4603.383301	1251.823364	2485.700439	3128.420166	-782.186218	-8855.832031	-9746.790039	-7607.410645	-6103.755371	-757.231201	7360.431152	6724.316406	4075.480469	4194.687500	2605.334229	1219.308472	-831.901184	-3536.752197	-3479.047607	-2887.177734	-1798.375854	-357.878601	194.210983	587.698242	1332.876099	1316.049927	438.215546	84.460449	25.271469	-9.351123	-0.000000	
0.000000	14.405755	39.814587	217.311951	274.589020	98.046288	218.206146	-309.259003	-1323.890625	-1929.880127	-2828.622803	-2397.846191	-1173.932739	339.015198	3917.724121	4878.407715	3872.701172	2602.426270	777.206787	1689.630127	2322.552002	-633.078918	-7804.304199	-9345.423828	-7934.134766	-6926.156250	-935.579773	9914.318359	9892.484375	6564.251953	7419.906250	5080.762695	2633.936035	-2002.186646	-9550.915039	-10632.927734	-10092.939453	-7285.793457	-1708.200928	1115.370483	4174.165527	12148.479492	16210.373047	7875.935059	2506.570801	1558.185669	-2115.791504	-5634.017090	-5730.761230	-3501.097900	-3695.382812	-2187.326660	887.940552	612.766602	3827.718750	2990.689941	-208.340744	489.589752	1039.932007	748.633728	-93.684731	-104.094025	-29.608316	-0.000000	
0.000000	11.501890	12.605147	56.933121	129.226471	-51.396904	-856.253174	-1315.780518	-1381.510620	-1451.071899	-230.932175	2836.080811	3236.778320	2430.776367	3082.943359	2352.000488	1350.640503	-1131.894165	-5929.779297	-7227.626465	-7493.040039	-5896.910645	-1505.371826	1069.440308	4353.437988	13785.328125	20028.357422	10608.688477	3687.543945	2509.721924	-3742.584961	-10987.114258	-12379.523438	-8426.302734	-9979.293945	-6685.073242	3104.045410	2482.512695	18270.197266	17175.792969	-1479.753906	4462.358887	12809.305664	13455.000977	-2780.323975	-6418.218750	-6699.198242	-11338.040039	-3868.571289	452.412018	-524.890259	1378.695679	526.803711	2411.563721	4679.339844	2767.458252	1346.336792	-457.321136	-912.682739	-462.523010	-468.415344	-146.266220	-4.255606	0.000000	
0.000000	-5.002610	-96.172264	-243.539307	-416.911682	-478.744324	-165.162628	150.570877	758.031067	2888.110107	4943.664062	3034.711670	1206.548462	929.362976	-1555.030151	-5086.184082	-6348.022461	-4763.633789	-6195.742188	-4544.111816	2304.456055	2009.273926	16100.822266	16468.505859	-1543.306641	5063.603027	15826.247070	18123.552734	-4090.276123	-10337.628906	-11850.089844	-22110.748047	-8356.842773	1088.847290	-1417.453735	4213.673828	1841.590088	9770.013672	22335.093750	15893.753906	9562.446289	-4168.246582	-11241.919922	-8312.806641	-13901.373047	-9018.467773	-962.876404	3321.562256	-1072.331909	-946.155945	4195.800781	2109.465088	2655.913330	4725.089355	2444.300781	176.486053	-1433.158936	-1690.626343	-891.944153	-216.879166	-106.209190	-86.249809	34.402679	0.000000	
-0.000000	-21.053736	-100.485794	-153.116638	128.219620	163.124146	1766.509766	2318.668213	-268.724243	1060.855591	3906.443604	5184.406738	-1338.320679	-3828.077393	-4923.667969	-10235.567383	-4285.255859	615.556946	-880.040039	2864.202881	1367.204102	7907.566406	19683.060547	15239.259766	9973.135742	-4729.863281	-13889.698242	-11197.144531	-20451.017578	-14525.771484	-1703.214600	6477.506348	-2316.438965	-2277.170410	11330.660156	6447.106934	9284.490234	19142.841797	11666.963867	1013.574768	-10179.106445	-15409.188477	-10986.473633	-3897.913086	-3152.017822	-5317.981934	7783.974121	17616.009766	1259.870239	-4028.599854	2105.261719	6840.325684	147.616394	-6793.310547	2795.125977	2540.032959	-3357.840576	-1677.671631	-396.855042	287.511047	523.282532	45.912750	2.281462	0.000000	
-0.000000	2.720564	-14.272950	96.511063	76.071045	641.980652	2159.536865	2145.597656	1736.546265	-990.935120	-3428.438965	-3203.044922	-6691.484863	-5378.967773	-707.679321	2998.584717	-1187.833008	-1287.350586	7034.751465	4382.356445	6892.843750	15493.662109	10281.647461	971.836487	-10616.279297	-17485.375000	-13574.087891	-5250.392090	-4637.094238	-8565.511719	13768.929688	34353.660156	2721.557129	-9695.874023	5685.209473	20905.919922	516.034546	-27521.865234	13341.497070	14587.629883	-23849.283203	-15291.113281	-4888.240234	5167.361816	15529.691406	2830.883545	516.205261	370.190155	7.685538	-198.099167	-6911.806152	-4548.305176	-2274.789062	2544.571045	9016.900391	2275.392090	-3136.025635	621.783569	3794.803467	610.741516	-201.237518	15.191099	-64.840546	-0.000000	
-0.000000	-5.689677	114.093285	147.666183	383.516876	1257.862549	1128.056030	136.828827	-1848.532104	-3663.292480	-3350.535889	-1501.922363	-1517.237183	-3171.853027	5720.938965	15903.088867	1395.571167	-5481.358398	3529.718018	14210.589844	383.106171	-22275.402344	11757.348633	13986.921875	-24873.566406	-17351.390625	-6039.554199	6960.308105	22846.519531	4559.617676	913.106079	721.922119	16.602209	-476.777191	-18665.167969	-13900.874023	-7952.163574	10308.867188	43038.835938	13067.774414	-22273.830078	5667.236816	46742.285156	10976.699219	-5972.216309	936.651245	-14670.867188	-9967.540039	692.414124	-1867.479614	-7274.498535	-3274.303955	3436.403320	6815.074219	-138.554260	-1770.477661	-55.713951	-329.576599	237.859421	128.019791	-170.702774	-88.923241	35.234402	0.000000	
0.000000	-24.225849	57.246815	478.834534	21.315973	-1808.442383	1289.963501	1969.275879	-4331.044922	-3635.221924	-1490.762573	1991.059326	7475.282715	1688.449951	379.392181	334.194122	8.513349	-269.535980	-11588.453125	-9448.980469	-5903.719238	8343.699219	37928.472656	12529.652344	-23230.449219	6430.822754	57751.367188	14785.341797	-8786.032227	1508.635620	-25951.029297	-19438.083984	1495.744873	-4494.575684	-19644.609375	-10007.175781	12012.912109	27610.037109	-661.337402	-10168.006836	-395.712036	-3003.921143	2929.820312	2300.866699	-5066.022949	-5482.820312	7972.160645	23793.990234	2903.563477	-3299.430908	326.824738	547.087708	-1840.638672	-1615.400024	4498.779785	80.339561	-2388.984863	226.647797	-99.535378	-62.759682	1072.993286	1154.821899	57.696754	-0.000000	
0.000000	-1.191263	-187.947601	-318.389191	-328.482117	677.388428	4161.341309	1764.101074	-4044.941406	1347.296509	14254.956055	4229.481445	-2874.751709	558.655518	-10782.555664	-8998.330078	766.994202	-2540.914062	-12196.547852	-6802.277344	8918.435547	22346.765625	-582.811218	-9749.295898	-412.707123	-3408.660156	3619.873047	3099.210205	-7452.884766	-8831.010742	14101.809570	46401.578125	6272.244141	-7940.938477	882.582458	1672.050781	-6434.468750	-6544.500000	21473.257812	461.397064	-16967.923828	2065.778076	-1226.021606	-1127.963501	31843.703125	71203.890625	13054.507812	-45195.765625	25311.052734	203116.859375	93106.414062	-77549.687500	59202.636719	60290.550781	-30749.800781	-29162.996094	-19193.921875	278.144928	7226.666016	-3943.781738	4782.458496	3698.168945	-208.526184	-0.000000	
0.000000	-11.230025	-197.810013	-229.206909	496.220520	1814.235962	-63.943428	-1372.643188	-71.861557	-714.135071	893.504883	886.557251	-2438.551758	-3270.168701	5859.249023	21480.343750	3216.306885	-4489.243164	547.959961	1136.559814	-4776.976074	-5296.929199	18923.558594	442.397064	-17696.664062	2344.114502	-1514.783081	-1519.338867	46846.894531	114685.929688	23091.880859	-88138.000000	54676.644531	488853.593750	251431.656250	-237013.218750	206959.421875	244256.234375	-146772.781250	-167485.609375	-136326.093750	2535.147705	89014.062500	-70880.570312	141931.171875	228021.328125	-47181.277344	-35468.339844	14886.246094	-65197.050781	-76728.593750	-39096.828125	-33732.683594	-8653.352539	-2909.769287	-12548.460938	-6860.861816	-4149.063477	5628.053223	904.908203	4912.190430	1032.134644	-43.228275	0.000000	
0.000000	-19.841017	8.887101	38.297081	-265.790283	-430.034485	2076.207764	62.286892	-3081.385742	491.106262	-373.898773	-434.620667	15328.101562	42468.792969	9594.590820	-40801.082031	28037.312500	276363.125000	156103.812500	-161107.375000	153647.531250	197693.937500	-129345.210938	-160588.671875	-142181.046875	2876.725586	109979.304688	-95474.367188	208802.187500	367267.000000	-83458.109375	-69168.179688	32157.095703	-156913.671875	-207203.750000	-119490.679688	-117922.054688	-35057.488281	-13888.706055	-72066.898438	-48729.726562	-37816.578125	69323.242188	16263.681641	145781.281250	63639.250000	-9780.859375	351235.531250	167725.187500	-151885.406250	-145207.265625	1050391.750000	852435.000000	-268140.250000	-245991.390625	-101634.554688	-73570.992188	-46643.253906	-23307.070312	-12449.059570	-6289.952637	-3990.773682	-775.093811	-0.000000	
0.000000	1221.436401	2531.773193	-5428.611328	8548.926758	16049.904297	-14191.174805	-22609.937500	-24756.906250	602.691528	27146.546875	-27311.310547	68319.171875	136000.859375	-34676.531250	-32019.517578	16489.646484	-88707.851562	-128644.476562	-81222.593750	-87545.820312	-28374.519531	-12239.583008	-69099.234375	-50822.578125	-42911.867188	85650.750000	21906.775391	214466.265625	102501.796875	-17301.185547	684957.937500	362318.000000	-365551.718750	-392128.781250	3210286.500000	2979925.750000	-1086321.625000	-1174148.750000	-583696.062500	-522542.812500	-425129.250000	-287083.562500	-223743.734375	-186669.750000	-246062.718750	-175373.250000	-60247.800781	-128640.062500	116884.375000	212722.171875	-44751.617188	10368.363281	55663.085938	-48877.121094	-58113.328125	-2797.052979	6898.210449	-3589.725586	-6472.623535	-5848.697754	-2387.292236	-244.198517	0.000000	
0.000000	-392.060272	-2086.423584	-2736.845215	-4871.037109	-2303.602783	-1342.871948	-9728.764648	-8849.348633	-8990.297852	21141.451172	6266.631836	70172.437500	37956.941406	-7188.577637	317082.562500	185790.906250	-206657.000000	-243456.984375	2182160.250000	2212309.000000	-879237.250000	-1034732.187500	-559659.875000	-544985.062500	-482409.843750	-354699.593750	-301377.250000	-274619.375000	-396325.718750	-310214.562500	-117491.562500	-277886.750000	281312.656250	574451.187500	-136773.265625	36245.523438	225508.906250	-233296.812500	-333749.906250	-19866.253906	62873.640625	-44216.250000	-116330.796875	-173574.437500	-147195.421875	-55252.523438	46127.054688	70658.507812	11193.183594	-1785.109741	-26246.964844	-44980.800781	-7248.709473	43737.683594	22318.222656	-14467.282227	-3557.926025	1179.842285	-3949.945068	-2990.523926	-1353.468140	10.712678	0.000000	
0.000000	-913.357727	-3948.512939	73529.226562	123092.570312	-71381.421875	-113526.164062	-78796.804688	-94894.109375	-101067.796875	-87551.640625	-86211.695312	-89854.273438	-146761.453125	-128892.992188	-54389.507812	-142495.906250	159034.203125	356653.625000	-92970.265625	26908.826172	182520.390625	-205595.515625	-320006.312500	-20719.472656	71345.039062	-54630.382812	-156694.687500	-255354.203125	-237083.171875	-97735.187500	89954.148438	152635.687500	26939.306641	-4820.646484	-80217.960938	-157243.015625	-29366.832031	208765.625000	128175.492188	-102754.828125	-32428.664062	14532.643555	-70991.343750	-88751.125000	-83452.000000	2423.857910	30742.419922	-34022.730469	-15365.427734	-2763.359131	-15264.943359	-6940.169922	4614.073730	-4722.721191	-5645.444336	2970.520752	711.374695	-126.223297	474.115967	22.348087	547.600769	605.485352	0.000000	
-0.000000	702.880249	5784.395508	-3132.689941	1497.203247	14818.030273	-22557.015625	-45054.996094	-3607.724365	14947.219727	-13484.592773	-44823.937500	-83550.789062	-87793.117188	-40608.605469	41641.816406	78269.156250	15229.572266	-2992.945557	-54527.355469	-116737.859375	-23768.664062	183977.125000	122897.320312	-107167.953125	-36798.000000	17955.478516	-95623.578125	-130566.304688	-134413.593750	4287.518066	59951.980469	-73495.507812	-36980.898438	-7462.385254	-46653.875000	-24261.310547	18693.082031	-22542.160156	-32422.277344	21098.320312	6483.814453	-1554.748535	8521.164062	663.234253	33763.910156	136997.546875	77515.523438	-71299.625000	-4022.410645	18456.781250	-41982.222656	-16045.603516	6363.513184	-14031.459961	-13714.250000	-187.115494	29130.314453	22476.056641	3837.644531	-280.313782	-574.607117	-441.604645	-0.000000	
0.000000	67.309830	-48.541161	-1837.332642	-6495.278320	-1929.673706	20185.142578	17303.216797	-18660.341797	-7709.405273	4432.008301	-27353.994141	-42720.730469	-49774.042969	1781.447754	27753.130859	-37687.328125	-20906.375000	-4633.095215	-31712.503906	-18011.697266	15129.640625	-19865.539062	-31087.152344	22004.453125	7357.423340	-1920.934326	11477.795898	975.717712	54382.500000	242332.468750	151166.015625	-154020.609375	-9680.977539	49842.097656	-128309.242188	-56091.910156	25780.619141	-66973.976562	-78762.125000	-1329.000122	265507.812500	276847.593750	68972.992188	-8318.998047	-35429.066406	-99917.773438	-89411.281250	433084.687500	484532.656250	-55456.421875	-174540.703125	-34067.445312	-35925.828125	-54640.824219	-34638.511719	-27293.384766	-21216.640625	-11220.708008	8144.483887	6688.536133	-679.339600	-375.776825	-0.000000	
-0.000000	-92.399483	-75.141960	-1068.572266	-1002.168335	1228.309204	-2179.557617	-4376.887207	3831.468262	1541.424927	-474.150391	3283.327881	319.250610	20138.119141	100688.234375	69978.179688	-78979.320312	-5472.937500	30944.953125	-87216.929688	-41642.863281	20866.087891	-59021.589844	-75518.757812	-1386.078247	301281.500000	342052.750000	92904.914062	-12238.501953	-57064.515625	-176742.734375	-174364.390625	935544.500000	1166153.875000	-149758.750000	-533444.500000	-119092.312500	-145546.968750	-260807.734375	-198931.984375	-193853.078125	-193378.750000	-138210.453125	146378.703125	198498.687500	-41886.652344	-85023.523438	-36496.894531	98082.726562	139395.343750	42293.050781	-28691.623047	-43565.566406	-45546.621094	-8845.167969	11150.804688	-17561.332031	-11907.127930	-6079.494141	-5097.032227	4634.379395	3713.963379	-170.075394	-0.000000	
-0.000000	-24.188631	501.881470	-2938.827637	-2317.003174	1694.026245	-6475.583496	-10632.594727	-241.347275	63120.312500	84429.984375	26576.292969	-4004.385010	-21131.283203	-73435.945312	-80717.226562	479732.343750	659260.625000	-92979.187500	-362603.562500	-88414.625000	-117801.515625	-229839.828125	-190740.093750	-202178.703125	-219434.000000	-170762.796875	197168.484375	292021.531250	-67465.554688	-150396.562500	-71174.000000	211877.156250	335491.187500	114211.375000	-87689.507812	-152295.656250	-184523.875000	-42219.132812	64040.039062	-124730.515625	-108527.343750	-74883.835938	-91607.648438	137536.546875	228995.171875	-38481.378906	-129177.289062	-1776.365234	6111.268555	-10278.049805	-30377.478516	1099.141357	37344.847656	-3913.476562	6639.688965	3464.929688	-15520.147461	2942.885742	10817.870117	228.269135	-1188.354614	-191.849030	-0.000000	
0.000000	2913.720947	-1507.985107	-12218.149414	-4919.377441	-9563.789062	-25216.992188	-26855.078125	-35203.839844	-45972.761719	-42149.929688	56401.835938	95548.187500	-24982.839844	-62489.210938	-32948.058594	108647.234375	189662.890625	70909.250000	-59606.070312	-113064.921875	-149348.281250	-37206.097656	61402.917969	-130087.460938	-123149.976562	-92521.023438	-123393.226562	202337.031250	368835.531250	-68069.007812	-251913.609375	-3837.283691	14708.358398	-27755.628906	-92841.945312	3842.357178	151295.875000	-18679.529297	38132.312500	24609.892578	-141458.156250	36248.832031	194426.796875	6774.445801	-73271.445312	-43407.894531	-30916.259766	13421.874023	8897.373047	20973.814453	24003.230469	-12448.666992	-28517.855469	-15776.203125	-7172.051758	576.413818	1537.012207	6.700919	-4356.689941	-390.288879	922.528748	-58.597095	-0.000000	
0.000000	838.249268	1150.043335	-2008.463013	-6290.916504	-12124.932617	-4082.085693	8645.167969	-22651.140625	-25800.669922	-22837.261719	-35297.753906	66203.804688	136581.703125	-28282.417969	-116616.523438	-1967.697998	8315.061523	-17232.353516	-63108.386719	2852.581787	122454.500000	-16461.552734	36562.050781	25666.841797	-160517.781250	44786.421875	261888.062500	9966.232422	-118016.078125	-76783.437500	-60290.992188	28993.775391	21413.843750	56639.285156	73360.484375	-43517.808594	-115534.914062	-75301.859375	-41189.714844	4094.017090	14009.075195	82.538208	-78301.664062	-11582.778320	56881.183594	-13258.218750	-65528.695312	-24889.417969	-39314.917969	67532.023438	145971.234375	12865.964844	-19033.130859	-16426.423828	8413.274414	21544.912109	-10263.414062	-11703.041992	-356.805573	1336.818726	579.878601	245.267563	-0.000000	
-0.000000	36.749908	-279.483337	-2126.475830	158.717255	9941.544922	-1806.087524	5147.720703	4469.172363	-33629.453125	11054.776367	74915.460938	3260.908203	-43701.960938	-31903.230469	-27910.066406	14867.546875	12105.867188	35165.054688	49866.058594	-32307.800781	-93510.625000	-66360.632812	-39493.550781	4269.847656	15896.614258	101.978203	-105470.398438	-17040.015625	91616.781250	-23452.222656	-127790.039062	-53765.832031	-94621.578125	182368.625000	446128.312500	44976.589844	-77109.273438	-78405.445312	48318.164062	153024.171875	-93545.742188	-144151.578125	-6412.774414	39673.371094	35754.097656	55494.406250	-2848.502686	-32230.220703	-19315.406250	-33211.703125	-34275.136719	35994.898438	72954.664062	10931.725586	306.412567	-12209.717773	-12663.901367	-5425.189941	-1728.164307	5864.440918	658.837585	-590.637573	0.000000	
0.000000	53.504055	570.325317	1680.267334	-1797.601562	-7591.717773	-7280.790527	-5560.458984	743.476074	3330.437500	25.171608	-30170.765625	-5575.419434	33926.167969	-9744.310547	-59156.906250	-27570.261719	-53492.324219	113225.343750	303251.250000	33390.808594	-62410.019531	-69095.703125	46328.457031	159596.265625	-106149.796875	-178103.218750	-8637.847656	58365.515625	57588.031250	98163.046875	-5554.974609	-69623.343750	-46487.554688	-89687.414062	-104754.265625	125830.265625	295562.593750	52178.542969	1759.754028	-86720.328125	-115424.945312	-66824.476562	-31059.851562	174041.656250	40622.542969	-133638.078125	41087.187500	123906.710938	-21869.855469	35939.593750	137601.093750	-23658.242188	-37475.679688	-5942.143066	6878.925781	30940.832031	-3682.515381	-13137.485352	-7207.371582	-5469.024902	-2336.599365	-77.622002	0.000000	
-0.000000	-236.418930	1836.347900	10218.236328	1857.859863	-5066.795898	-7580.870117	6522.772949	27789.285156	-22239.029297	-43961.789062	-2470.934814	19096.945312	21325.144531	40786.378906	-2571.523926	-35701.742188	-26280.761719	-55683.308594	-71205.664062	93416.906250	239219.812500	45982.945312	1687.288574	-90444.804688	-130976.937500	-82563.468750	-41836.847656	256041.546875	65429.488281	-236389.953125	80125.703125	267661.843750	-52635.500000	97054.023438	420546.843750	-82704.023438	-151825.906250	-28362.617188	39506.269531	219759.312500	-33564.234375	-161820.250000	-129536.226562	-162306.718750	-144069.796875	-17562.808594	35146.328125	-54406.941406	11534.984375	75855.914062	6832.822266	-14342.148438	43806.367188	-6859.536621	-23227.396484	66006.046875	56492.125000	-2740.306641	-13356.631836	-6005.968750	-2114.215088	-554.461670	0.000000	
-0.000000	-116.152550	-903.101074	-2399.318604	5197.703613	19421.208984	5045.041992	237.560272	-15748.465820	-27440.466797	-20379.406250	-11967.810547	83775.687500	24228.875000	-98219.140625	37092.007812	137252.734375	-29756.375000	60256.941406	285862.531250	-61399.808594	-122883.500000	-24994.884766	37879.429688	229197.562500	-38086.574219	-199933.343750	-174482.078125	-238777.671875	-232048.828125	-31066.531250	68540.210938	-117529.242188	27761.941406	204847.093750	20882.988281	-50137.003906	177473.546875	-32741.455078	-133396.953125	468812.312500	514896.656250	-33753.578125	-240055.296875	-178241.843750	-130358.062500	-125452.890625	77186.664062	92388.484375	-40383.199219	-24329.851562	6963.107910	41415.230469	23496.216797	-568.525696	1114.198608	-25318.863281	-23622.423828	6518.475098	11315.228516	-1830.422241	-1541.283691	538.974121	0.000000	
0.000000	-131.513641	977.278625	9632.312500	-3416.276611	-9976.373047	-2742.326416	5333.199707	39908.429688	-7979.369141	-49350.191406	-49912.183594	-78127.023438	-85928.875000	-12908.027344	31728.816406	-60267.125000	15694.630859	127181.328125	14195.002930	-37221.917969	143641.953125	-28853.787109	-127903.757812	488946.937500	584272.187500	-41703.464844	-323348.531250	-262220.656250	-209963.750000	-221911.328125	150524.687500	199576.531250	-97192.679688	-65702.187500	21281.175781	144778.562500	95190.664062	-2713.646729	6398.939453	-179828.906250	-215306.234375	80290.960938	203365.687500	-54322.265625	-95032.312500	121948.648438	68220.382812	36636.156250	78392.742188	33790.562500	-36033.761719	-43388.644531	-8524.305664	58109.683594	41053.175781	-25173.107422	36562.675781	36546.574219	-1535.154907	-3211.191895	730.725647	782.950989	0.000000	
-0.000000	69.365242	2062.693359	478.309296	-2071.022461	11661.661133	-3165.707764	-18008.093750	85136.617188	122408.585938	-10293.800781	-92496.781250	-85797.460938	-77750.656250	-92203.328125	69681.296875	102339.671875	-54945.839844	-40791.847656	14465.666992	107484.195312	77044.570312	-2391.432617	6135.435547	-187552.218750	-244315.921875	99201.671875	273928.531250	-79916.250000	-153065.640625	215712.750000	133039.187500	79141.000000	188672.531250	91250.617188	-110129.109375	-151677.187500	-34534.675781	277365.062500	235771.953125	-178793.656250	333249.968750	450160.406250	-27590.943359	-95299.984375	45055.007812	177151.031250	13070.742188	-110792.789062	-112204.562500	-173491.828125	-131199.734375	4218.147949	74971.546875	-11701.870117	-53155.027344	-10865.208008	33042.457031	23559.419922	-9881.070312	-9243.166016	-3234.887939	-383.977997	0.000000	
0.000000	-242.843018	-661.583557	487.429504	5980.405762	6254.911133	-262.377228	863.833130	-32657.042969	-51185.671875	24486.269531	78359.742188	-26148.251953	-56680.996094	89627.843750	61586.859375	40582.242188	106662.054688	56653.835938	-74859.164062	-112605.765625	-27951.369141	244431.156250	226063.031250	-186472.515625	378151.031250	556185.500000	-37164.316406	-140200.671875	72568.726562	313359.250000	25489.757812	-239333.281250	-270049.468750	-468510.531250	-400982.531250	14745.720703	303733.625000	-55854.539062	-305273.937500	-77170.859375	301165.000000	290191.875000	-177589.921875	-274313.593750	-199456.390625	-86879.132812	16498.535156	31463.919922	-56704.175781	154551.234375	294141.937500	33693.109375	-94972.890625	-44657.183594	-33231.175781	-38038.527344	-3207.811035	-4668.030273	9124.949219	13186.353516	-504.832520	-925.007446	-0.000000	
0.000000	471.412109	918.841614	-2522.425293	-6265.369141	-2269.249268	26817.886719	31828.337891	-32469.041016	79224.945312	137285.046875	-10631.189453	-45873.050781	26872.572266	130199.593750	11799.787109	-122726.304688	-152666.796875	-290879.343750	-272563.875000	10947.283203	245833.218750	-49222.460938	-292702.968750	-80485.203125	341743.031250	358539.968750	-239209.203125	-403556.687500	-321258.312500	-153678.906250	32174.429688	67967.992188	-136473.359375	417361.937500	898978.812500	117783.718750	-384765.437500	-213154.515625	-190849.531250	-270171.156250	-29237.546875	-57498.207031	164000.359375	391337.312500	-31126.912109	-209292.828125	-6858.287109	58521.394531	-115786.343750	-27577.730469	179281.375000	35915.742188	-28834.144531	17309.414062	2466.408936	20558.048828	6240.000488	-24614.656250	-13905.649414	-3728.237549	2840.891602	1014.589600	-0.000000	
-0.000000	-674.738342	-4717.633789	-9184.206055	609.105347	19958.121094	-5400.466797	-41210.847656	-14014.276367	71597.242188	88499.578125	-68427.968750	-132042.000000	-118963.609375	-63853.015625	14894.272461	34852.906250	-77152.343750	259123.250000	611071.875000	87443.117188	-311418.031250	-187844.890625	-182990.484375	-281774.531250	-33176.921875	-71040.601562	220904.406250	575716.312500	-50135.167969	-370214.281250	-13374.610352	126417.234375	-278669.968750	-74473.007812	547933.250000	125553.554688	-116816.304688	82620.078125	14164.799805	146014.906250	56874.394531	-303189.687500	-249922.640625	-110644.578125	175163.406250	229561.750000	-117181.156250	-162446.375000	-12168.767578	92884.507812	81012.968750	-58003.480469	-61602.800781	21484.300781	9162.359375	-42986.609375	8205.873047	66452.882812	30245.511719	-7349.602051	-3384.945801	487.505920	0.000000	
0.000000	-340.988647	4202.596680	20590.439453	4865.322754	-25282.664062	-20609.496094	-25763.980469	-49063.253906	-6950.767578	-17535.179688	63191.710938	188371.890625	-18565.310547	-153822.640625	-6191.410645	64824.746094	-157540.218750	-46237.292969	372452.187500	93211.476562	-94547.742188	72809.898438	13581.503906	152285.968750	64537.472656	-374599.125000	-336639.593750	-162774.875000	282130.343750	406067.593750	-228519.484375	-350914.781250	-29287.304688	250832.406250	247597.953125	-202767.437500	-249572.562500	102547.351562	52620.222656	-305315.218750	74792.312500	818529.750000	543594.812500	-218117.437500	-208708.640625	110303.429688	149085.421875	-77642.343750	-86849.484375	-90280.398438	-62273.324219	-125890.320312	-79787.539062	115448.593750	98101.726562	-35342.062500	-12775.192383	7697.506348	-1792.856567	-2996.922852	-1828.111938	-8.489114	-0.000000	
0.000000	-696.277283	-749.900635	12550.003906	5186.273438	-7675.916992	7988.374512	1912.195435	26516.400391	13520.993164	-92463.507812	-96298.812500	-53259.238281	104474.320312	168719.578125	-105786.851562	-179943.515625	-16556.962891	155731.750000	168302.234375	-150535.390625	-201996.812500	90371.039062	50453.363281	-318427.937500	84869.593750	1011315.875000	732208.687500	-320883.687500	-336160.625000	195113.734375	290737.250000	-167722.093750	-209025.890625	-243800.062500	-190324.437500	-440084.937500	-323244.718750	551051.062500	563406.750000	-251019.328125	-116439.304688	94813.617188	-32222.546875	-88941.023438	-112717.539062	-1920.752808	-686.787537	72961.015625	307891.625000	-42810.613281	222282.187500	997408.625000	371124.062500	-155839.875000	-93831.648438	-113028.968750	-59695.628906	-42311.789062	-26311.628906	-11181.292969	-2168.866699	-644.659180	-0.000000	
-0.000000	-73.176476	2525.739258	5671.046875	-8375.767578	-16399.236328	9915.103516	7103.535156	-55445.437500	17780.697266	249626.359375	209454.937500	-104991.757812	-124482.015625	81069.023438	134588.859375	-86005.218750	-118168.398438	-151365.656250	-129371.140625	-326720.875000	-261624.937500	485620.156250	540206.062500	-261800.140625	-132127.968750	117144.812500	-43402.972656	-130845.679688	-181550.703125	-3397.584717	-1339.330811	157609.531250	741021.250000	-115609.046875	679355.625000	3486721.750000	1503541.750000	-743843.875000	-538883.312500	-802795.750000	-544094.937500	-521173.125000	-472892.125000	-331832.250000	-133727.765625	-145861.031250	-327240.156250	103412.835938	64932.742188	-62302.707031	-18744.648438	-22598.658203	-38158.785156	-103122.796875	-49236.199219	75282.906250	80795.757812	4343.041992	-16302.643555	-6996.458984	1897.507324	-461.533356	-0.000000	
-0.000000	-522.266479	-2454.927490	-4359.239746	-18178.703125	-21240.181641	53280.058594	76057.820312	-45585.269531	-27681.615234	28915.230469	-12415.814453	-42812.140625	-67229.156250	-1411.683838	-620.006592	80819.664062	418920.812500	-71777.007812	461785.218750	2588556.750000	1216923.250000	-655521.000000	-516692.468750	-837274.312500	-617404.562500	-643923.625000	-636973.937500	-488175.343750	-215391.218750	-258010.921875	-638163.687500	223391.203125	156277.531250	-168246.984375	-57288.808594	-78999.945312	-154593.390625	-492218.468750	-282767.750000	534701.812500	736411.750000	53495.179688	-293003.187500	-207637.062500	116996.320312	-104426.859375	-97116.007812	56853.535156	-125625.523438	173992.531250	196260.078125	-8581.048828	40243.539062	-47277.042969	-29492.279297	57672.515625	-4119.758789	-30389.236328	2138.440186	-3627.447510	-3243.624512	92.533318	-0.000000	
0.000000	1851.495850	-1164.117065	15560.135742	144026.921875	98796.671875	-71920.820312	-72747.250000	-145788.218750	-129350.023438	-158941.734375	-182212.187500	-159728.875000	-79760.476562	-107202.578125	-295420.437500	114551.453125	88348.226562	-104457.789062	-38941.496094	-58649.886719	-125123.421875	-433773.218750	-271123.593750	557666.250000	835633.500000	66094.757812	-394668.031250	-305465.468750	188442.390625	-184718.765625	-189389.656250	122814.343750	-302350.500000	469862.718750	599824.937500	-29997.462891	163039.390625	-225659.437500	-169376.718750	409622.843750	-37549.484375	-374317.750000	38433.632812	-107653.390625	-199995.062500	20936.652344	-133619.656250	-37353.417969	242243.171875	173639.718750	99972.445312	93971.750000	-8124.545410	13295.978516	-43636.804688	-61554.273438	-18815.794922	59098.882812	37495.101562	-15221.662109	-6506.543945	-375.763580	-0.000000	
0.000000	390.470856	-1694.151123	-1312.157593	-3263.271484	-10158.222656	-47591.648438	-38172.597656	97102.187500	175070.312500	16314.381836	-112898.375000	-99946.976562	69781.187500	-76749.960938	-87672.773438	62977.238281	-170927.515625	291718.875000	407725.000000	-22270.240234	131959.375000	-198865.000000	-162401.906250	427215.375000	-42608.781250	-462479.812500	51769.148438	-158374.390625	-322125.937500	37034.464844	-260576.828125	-80690.414062	583021.187500	468909.937500	305543.343750	328504.593750	-32915.121094	63463.425781	-250609.953125	-437193.312500	-171496.296875	727947.250000	673889.750000	-451740.125000	-401179.843750	-85020.531250	-253276.765625	-149335.781250	27216.521484	85601.203125	-98648.257812	83659.820312	290021.906250	-38156.546875	-82747.023438	147662.093750	84330.453125	-39840.300781	-5617.890137	-5030.467773	-1617.594971	455.464020	-0.000000	
0.000000	-755.444885	4731.249512	13738.542969	-1239.113037	10713.203125	-21818.572266	-22865.228516	74387.765625	-8926.799805	-114155.375000	14809.035156	-51819.414062	-119284.898438	15387.681641	-120626.921875	-41376.761719	329598.812500	291127.312500	207690.046875	243883.171875	-26640.546875	55927.878906	-240290.015625	-455969.937500	-194603.171875	899398.750000	907712.750000	-664577.937500	-646168.125000	-150391.265625	-493924.781250	-322593.437500	65503.640625	231164.015625	-301496.281250	292456.375000	1174971.250000	-182126.140625	-475223.312500	1048779.750000	768628.687500	-490730.718750	-100968.890625	-149291.453125	-99737.507812	103053.601562	-441220.531250	-314335.218750	143032.812500	-97157.179688	-232978.656250	98197.554688	126341.742188	101094.984375	126643.546875	-16424.748047	-55995.261719	20890.714844	11715.690430	-15995.130859	2412.416992	624.180298	-0.000000	
-0.000000	1456.721191	4721.655273	6998.243164	13569.625977	-2162.829346	6136.155273	-33831.414062	-79394.578125	-40770.546875	222001.484375	259659.484375	-217447.015625	-239279.375000	-62487.007812	-228648.984375	-165420.781250	37031.109375	143520.437500	-204939.078125	217120.828125	950987.750000	-160500.765625	-455653.968750	1093822.875000	872191.312500	-606311.187500	-136002.578125	-219630.265625	-160644.156250	182289.640625	-860441.187500	-679023.312500	344245.656250	-262370.656250	-712047.000000	343277.093750	511850.656250	482539.437500	727324.875000	-116657.867188	-510367.968750	257320.250000	210563.078125	-474694.687500	148744.562500	141227.468750	-345194.593750	-99358.382812	30981.361328	-184506.062500	48053.046875	352675.093750	18040.957031	-140534.171875	-88018.656250	-54818.777344	-7478.457031	-20112.216797	-10472.291992	11418.218750	8073.453125	717.018494	0.000000	
-0.000000	163.665634	2327.689697	-6905.547852	12080.572266	77206.523438	-17609.421875	-64153.386719	190459.078125	182729.390625	-149657.750000	-38904.773438	-71862.070312	-59487.359375	75740.664062	-398317.718750	-348192.343750	194612.062500	-162895.390625	-484006.812500	254850.328125	414277.125000	425243.468750	697374.187500	-121668.101562	-579133.375000	317926.187500	283623.250000	-698347.562500	239578.328125	249814.703125	-673177.250000	-214632.828125	74564.710938	-498254.250000	146863.359375	1232874.750000	73089.664062	-670787.812500	-505498.750000	-389354.000000	-68162.289062	-247731.140625	-188215.812500	338863.593750	497792.156250	162233.109375	67198.937500	50646.449219	-81571.390625	-167569.234375	-171523.593750	15383.968750	175931.343750	-29930.632812	-22311.447266	111468.468750	17041.337891	-49595.558594	3028.084961	10024.250977	37.353996	4798.258789	0.000000	
-0.000000	860.122986	-2641.922852	-16308.906250	14179.836914	33633.343750	46655.800781	98186.164062	-21185.142578	-121331.968750	78474.742188	81133.000000	-228496.296875	88717.085938	103797.078125	-311629.031250	-110060.296875	42153.593750	-309346.031250	99828.898438	915291.312500	59156.660156	-591139.500000	-484682.687500	-406076.031250	-77346.257812	-306078.593750	-253522.015625	498519.531250	801778.625000	286971.187500	131047.226562	109405.867188	-196322.765625	-452516.750000	-524223.375000	53778.980469	712753.937500	-142862.781250	-128136.578125	791712.187500	155323.031250	-610890.625000	54422.988281	297494.187500	2303.168945	1085657.375000	622105.312500	-267111.968750	-325560.375000	-300036.062500	-90694.359375	-212755.640625	-134699.890625	-22906.056641	-14633.472656	1697.069214	-52313.699219	-9575.402344	15201.526367	-4702.374512	-1997.191650	-26.839775	0.000000	
-0.000000	186.305374	-5017.135742	3363.795898	50926.679688	4802.669922	-64857.167969	-68240.460938	-70706.929688	-16204.512695	-75550.359375	-72522.273438	163113.437500	296902.750000	119235.460938	60664.734375	56101.589844	-110986.960938	-280949.437500	-356335.625000	39925.734375	576882.437500	-125899.476562	-122860.007812	825714.750000	176250.765625	-754772.000000	73306.414062	437658.875000	3709.643799	1920399.625000	1213191.625000	-577012.187500	-783545.750000	-810240.250000	-277186.968750	-743747.000000	-545712.187500	-109333.578125	-84041.304688	12053.545898	-476812.468750	-117944.500000	273213.125000	-139554.484375	-123142.640625	-6072.786133	94013.101562	-74860.804688	-185587.062500	12447.534180	-86906.632812	24883.896484	115914.921875	14948.393555	75343.125000	876.838257	-55628.796875	-20682.421875	571.305176	456.902374	1130.692261	-257.376953	0.000000	
0.000000	-490.526794	-4556.585449	-12006.946289	2221.462402	46834.554688	-13813.125000	-17297.962891	143775.437500	36925.609375	-186302.812500	20969.964844	143200.093750	1373.700195	797918.875000	561613.875000	-295882.656250	-442961.156250	-503045.593750	-188415.062500	-552160.875000	-441683.687500	-96351.476562	-80580.546875	12571.223633	-541056.687500	-145723.640625	368011.281250	-205305.703125	-198342.078125	-10742.041016	183338.562500	-161713.437500	-446663.562500	33614.269531	-265610.625000	86988.640625	469608.281250	71350.617188	432702.093750	6227.801758	-507027.875000	-254754.609375	10267.920898	13559.697266	69716.109375	-58234.289062	53599.312500	248996.359375	38226.617188	13543.015625	-131482.828125	-108091.125000	1233.234619	-33319.261719	-29973.689453	-13735.841797	17156.621094	7584.549316	-12029.776367	-5644.559570	1365.115234	1061.510010	0.000000	
-0.000000	-1957.746460	-8158.656738	-6348.760742	-30722.152344	-35858.363281	-10571.250977	-11345.264648	2188.931641	-113354.664062	-35969.437500	105272.968750	-67175.140625	-73447.093750	-4463.277832	84871.578125	-82924.078125	-252511.859375	20869.748047	-180546.171875	64580.726562	380087.375000	62878.558594	414883.718750	6495.273926	-575343.187500	-314756.281250	13830.633789	19948.361328	112289.601562	-103009.570312	104526.085938	537879.062500	92002.304688	36572.593750	-401847.750000	-377862.843750	4996.226074	-159037.140625	-172141.500000	-97559.726562	156373.765625	93422.273438	-216208.078125	-167516.140625	84170.132812	240178.000000	252503.406250	55380.347656	-85495.593750	-17365.933594	-53080.343750	-83143.070312	-78167.875000	-4669.726074	19963.773438	57846.519531	47504.027344	-19231.513672	-17110.621094	-3219.834961	1709.212524	512.797729	-0.000000	
-0.000000	-1116.021606	338.476501	-6083.613770	3593.262695	30857.628906	6898.752441	58413.175781	1130.972778	-120537.906250	-77692.304688	3956.378418	6527.017578	41581.417969	-42800.093750	48387.496094	275815.812500	52011.570312	22706.453125	-273152.000000	-280526.937500	4043.801270	-140153.328125	-165052.843750	-101749.734375	177443.078125	115425.765625	-291226.906250	-246441.515625	135570.265625	424846.500000	492416.625000	119631.976562	-205767.390625	-46896.292969	-162228.156250	-290649.937500	-316682.968750	-22289.205078	114653.679688	410858.718750	432974.781250	-236883.125000	-307524.781250	-95556.492188	105386.453125	116025.968750	-37650.710938	20143.085938	24182.865234	-2518.763916	18518.792969	-20330.949219	23682.222656	31905.175781	-6762.625000	20968.044922	39293.101562	24996.636719	7994.410645	-4034.549316	-3054.516113	-76.640793	0.000000	
0.000000	229.874481	368.265137	-9204.023438	-15608.479492	328.298492	-15376.992188	-23238.464844	-17716.908203	37175.406250	28490.914062	-83308.101562	-80634.601562	50202.367188	176522.125000	227950.828125	61345.375000	-116326.273438	-29116.021484	-110272.976562	-215779.703125	-256314.046875	-19642.621094	109932.328125	428504.343750	491312.437500	-292675.562500	-414228.218750	-140578.031250	169742.750000	205236.234375	-73424.101562	43512.859375	58202.355469	-6801.862305	56598.535156	-71072.539062	95944.226562	152287.531250	-38838.343750	148926.921875	358136.406250	307894.718750	143681.484375	-119735.132812	-188335.046875	-17340.798828	525377.812500	357300.812500	-76287.210938	68741.617188	-77662.531250	-194982.906250	-44883.527344	59998.277344	13685.073242	-58752.765625	-81958.437500	13099.634766	27778.757812	-4433.369141	6491.801758	1456.877319	0.000000	
0.000000	-514.124878	-472.218903	-3715.715332	-12005.952148	-20809.013672	-2155.100098	15477.822266	74612.203125	102932.945312	-72242.046875	-118493.750000	-45996.523438	62856.613281	85274.882812	-33989.679688	22312.701172	32903.480469	-4223.002930	38472.289062	-52764.542969	77654.484375	134205.156250	-37239.007812	155323.046875	406390.562500	380412.312500	193535.390625	-176148.453125	-303345.500000	-30673.824219	1024559.562500	771837.000000	-183605.015625	185635.109375	-237358.109375	-681617.437500	-181837.468750	286379.562500	78594.562500	-417295.406250	-747009.000000	161354.031250	499260.437500	-131571.078125	400270.843750	329634.093750	70212.609375	423717.437500	36661.425781	-244126.218750	-19516.281250	-74391.468750	-39786.308594	-51670.566406	-67955.437500	-35417.667969	-35988.417969	-29193.906250	-5316.090332	2262.308105	2348.412354	1976.953491	0.000000	
0.000000	145.422852	-68.490875	1296.347290	-2935.811768	6304.427246	14724.385742	-5243.032227	27045.222656	85141.296875	93898.398438	55362.554688	-57635.015625	-112330.398438	-12744.859375	474291.843750	395785.750000	-103797.242188	115253.375000	-161341.812500	-506035.593750	-147173.984375	252375.296875	75358.093750	-435217.468750	-847658.625000	199357.312500	672491.437500	-193560.921875	644704.062500	583083.750000	136924.312500	915309.500000	88235.265625	-659257.062500	-59647.136719	-260056.250000	-161187.015625	-246630.296875	-390273.968750	-251556.343750	-328015.906250	-359594.343750	-95544.718750	67139.531250	144798.171875	447306.843750	191703.687500	45018.140625	-86807.429688	-273390.375000	-192559.750000	-60134.312500	15822.001953	-11679.001953	-33796.246094	-29361.013672	61129.246094	62647.925781	-9106.052734	-6414.254883	836.644836	-547.358948	-0.000000	
0.000000	-458.750580	1869.239624	-5436.510742	-28155.750000	-11948.411133	27689.482422	10609.974609	-75781.109375	-177589.656250	49208.007812	192372.281250	-63332.300781	238737.218750	242269.109375	63385.367188	469356.125000	49881.953125	-409306.187500	-40544.542969	-193066.828125	-130460.109375	-217345.796875	-374202.781250	-262360.218750	-372211.750000	-444288.625000	-128696.359375	98772.390625	233222.000000	791232.937500	373848.750000	97247.664062	-208924.671875	-738284.187500	-588515.625000	-210216.359375	64099.972656	-55745.386719	-194094.781250	-208538.546875	557161.625000	771662.437500	-163660.734375	-190358.734375	51585.761719	-123845.812500	-275776.468750	114841.460938	448509.968750	-22749.820312	-160188.406250	-44167.464844	-19779.021484	-47866.867188	-39728.746094	38204.964844	-6886.316895	-24447.964844	14125.326172	4671.022949	-665.849792	203.989258	-0.000000	
0.000000	220.462265	-6638.342285	-1366.173218	-10742.210938	-10591.484375	-23846.203125	-52685.539062	-45682.792969	-77980.625000	-109665.187500	-36814.761719	32317.900391	86363.304688	328754.343750	173063.062500	49867.054688	-118111.179688	-458370.968750	-400037.625000	-156065.500000	51880.664062	-49126.265625	-186102.093750	-217494.890625	632231.812500	953410.000000	-220446.937500	-280046.437500	83087.609375	-219068.609375	-537802.312500	248079.187500	1079456.000000	-61435.347656	-489579.906250	-154399.765625	-80131.117188	-228474.750000	-228165.640625	271353.312500	-62765.234375	-301136.468750	253870.843750	138624.046875	-41054.898438	46154.750000	-221135.375000	-179033.406250	44690.007812	-34597.582031	-117983.460938	-24851.638672	-11618.766602	192546.046875	221427.796875	27794.912109	-48351.597656	-32698.714844	-4253.850586	3318.234131	83.121811	-1449.319214	-0.000000	
0.000000	-522.013550	-7434.100586	-13479.512695	-8683.461914	4211.963867	-5389.913086	-26202.076172	-37870.730469	132456.421875	235333.250000	-63060.851562	-91629.984375	30767.769531	-91022.187500	-248960.890625	127211.062500	610247.750000	-38142.738281	-332787.062500	-114627.015625	-64855.812500	-201346.015625	-218769.937500	283007.406250	-71222.023438	-372062.343750	341957.718750	203936.906250	-66125.867188	81642.296875	-431244.593750	-386745.875000	107558.132812	-93429.953125	-360589.968750	-86875.875000	-47071.324219	919047.187500	1271679.000000	197415.203125	-440699.937500	-402764.625000	-76453.359375	98476.726562	5125.116211	-327923.968750	-235567.625000	178942.515625	145575.937500	-10423.592773	130844.835938	70885.828125	-12105.315430	-80003.453125	-47001.617188	-3991.723389	7971.675781	30713.691406	18147.746094	-7056.881348	-4400.522949	-357.712952	-0.000000	
0.000000	2697.099609	-618.618896	-11213.462891	-6377.831055	-5265.358887	-22090.779297	-30801.513672	49277.929688	-14921.448242	-91837.343750	97820.117188	66727.273438	-24486.750000	33922.070312	-199632.906250	-198317.125000	60805.730469	-58006.898438	-245107.437500	-64497.011719	-38098.167969	809921.000000	1219312.250000	205893.828125	-500078.468750	-497626.718750	-102980.781250	144874.125000	8254.868164	-580058.750000	-459389.500000	386549.531250	350366.343750	-28148.664062	399897.875000	247801.312500	-49042.492188	-381866.843750	-269934.375000	-28351.480469	72657.726562	378314.218750	326164.750000	-209430.234375	-271327.000000	-80936.375000	-161762.640625	-182830.671875	39596.593750	165349.796875	161860.750000	436122.875000	340453.625000	-62063.425781	-105240.625000	-34154.640625	-31102.210938	-39525.160156	-21416.853516	7679.729492	7564.445801	1064.713745	0.000000	
-0.000000	268.741852	-940.786255	-8259.044922	-3588.604492	-3093.023438	88860.890625	171671.953125	35850.726562	-104769.484375	-122830.796875	-29458.587891	47402.187500	3056.820312	-241012.234375	-212661.828125	198216.437500	198072.265625	-17476.373047	271826.593750	183968.718750	-39693.574219	-336524.562500	-258818.671875	-29569.123047	82447.398438	467417.531250	439335.812500	-308103.500000	-437018.125000	-143166.890625	-315459.562500	-394948.687500	95299.507812	446523.218750	494691.062500	1524589.875000	1379286.125000	-296236.750000	-604406.062500	-242585.593750	-283480.625000	-486849.000000	-384919.593750	227914.781250	466407.843750	240902.875000	143750.968750	120707.093750	230403.281250	-147168.312500	-306000.062500	-10600.835938	70767.500000	14625.346680	29831.365234	49939.011719	-23669.771484	-3075.442627	55846.542969	2181.682373	-12477.051758	-1716.877441	-0.000000	
0.000000	875.415955	-283.440979	9159.363281	10235.993164	-3222.547363	-36921.964844	-36440.140625	-5148.646973	17273.232422	115374.179688	125676.000000	-100810.132812	-161830.062500	-59485.304688	-146033.375000	-202523.390625	53875.574219	277228.312500	336261.312500	1131861.875000	1116354.250000	-261062.078125	-579517.000000	-253004.203125	-321675.937500	-601515.250000	-518477.125000	335297.062500	751228.875000	426128.718750	280334.312500	260750.062500	554525.437500	-397424.531250	-935220.562500	-37058.195312	286701.687500	69808.671875	171324.125000	354695.156250	-215737.781250	-37881.597656	1003715.500000	64746.769531	-769308.812500	-388461.875000	-343290.437500	-91630.210938	-618.265869	-199653.250000	-140352.031250	-78400.320312	-19651.968750	38961.312500	16916.132812	-4079.638672	-15397.782227	-10493.469727	-14039.875977	21274.697266	10429.822266	587.483887	-0.000000	
-0.000000	238.112778	4496.233887	11330.530273	62976.632812	90631.914062	-28642.556641	-81592.570312	-44053.699219	-67393.070312	-148473.937500	-148315.093750	109707.750000	278183.906250	177054.890625	129773.109375	133708.484375	313489.312500	-246744.921875	-635706.812500	-27512.156250	232048.062500	61519.699219	164269.125000	369928.656250	-244805.609375	-46803.746094	1351979.875000	95252.273438	-1239102.250000	-687143.125000	-669463.875000	-197938.515625	-1488.017578	-539158.875000	-428954.468750	-274070.312500	-79616.390625	185967.375000	97150.812500	-28975.904297	-140342.859375	-129252.742188	-252335.062500	631378.750000	643080.937500	132924.515625	-112522.226562	-163092.343750	-136039.078125	-26546.259766	128965.507812	90453.062500	119698.046875	-110880.039062	-166999.046875	-15986.750977	1583.433594	-37803.300781	-21634.693359	-1764.667114	-331.360687	-984.539368	-0.000000	
0.000000	1385.522339	-4001.838379	-21420.531250	-1530.772583	18838.964844	6749.664551	23128.121094	64412.863281	-51288.265625	-11552.719727	386746.093750	31166.132812	-458845.937500	-285505.406250	-309910.031250	-101499.718750	-841.219543	-334742.062500	-291577.531250	-203470.921875	-64439.203125	163885.906250	93150.210938	-30220.365234	-159252.218750	-159695.281250	-339889.062500	928853.437500	1035790.812500	235127.750000	-219433.937500	-352310.187500	-327413.437500	-71687.546875	394154.156250	316204.062500	484934.937500	-529244.812500	-959090.000000	-113546.953125	14432.182617	-465640.093750	-388834.750000	-52370.816406	-20431.003906	-222762.562500	-133022.328125	-30494.009766	-81127.757812	149802.000000	194481.750000	-52841.054688	-87025.953125	-10831.914062	2522.144043	7143.175293	19632.716797	-1702.880127	-6241.076660	-5405.127441	-885.546814	389.883881	-0.000000	
-0.000000	-3.717921	-5429.021973	-9824.882812	-11321.093750	-5231.536621	17980.824219	13115.000000	-5262.042480	-33364.308594	-39418.101562	-97228.351562	303916.843750	383558.656250	97694.703125	-101580.945312	-180659.062500	-185096.312500	-44507.914062	267922.343750	234751.203125	392492.312500	-466403.093750	-919595.375000	-118423.585938	16376.729492	-575311.062500	-523750.750000	-77045.375000	-32907.593750	-394040.656250	-259411.968750	-65872.804688	-195255.062500	404536.750000	594389.812500	-184720.734375	-352569.875000	-51702.125000	14484.892578	50734.875000	178942.109375	-20975.132812	-112169.257812	-160410.406250	-54600.957031	88215.398438	-55277.707031	-86570.492188	-32195.962891	-9539.926758	48166.433594	48487.738281	67273.140625	89819.007812	7716.888184	-41955.433594	-28229.472656	-7770.947266	-9008.279297	8704.263672	10163.710938	-146.525711	-0.000000	
-0.000000	-818.066467	-721.852661	9027.807617	13061.523438	31864.732422	-51171.652344	-129473.593750	-20620.199219	3431.024658	-142005.875000	-149823.656250	-25208.916016	-12185.851562	-163722.421875	-120087.687500	-33778.527344	-110383.351562	251160.609375	404030.562500	-137137.437500	-285359.875000	-45563.097656	13888.415039	52913.843750	203052.218750	-25915.349609	-151089.203125	-235987.906250	-87944.093750	156042.609375	-107799.187500	-187008.562500	-77487.960938	-25762.345703	147209.890625	169502.500000	272544.906250	428717.750000	44318.757812	-297991.250000	-257297.125000	-95718.218750	-161903.468750	258320.343750	626673.062500	-33153.011719	-101596.804688	-16016.992188	-153848.062500	295756.781250	278566.093750	-20918.496094	-57707.910156	-48943.816406	60901.402344	20689.904297	-28512.214844	11686.255859	-11632.250977	-14112.513672	-4761.725586	1295.873047	0.000000	
-0.000000	-487.859070	4073.454346	13614.056641	-7630.307617	-23167.117188	-4998.978027	1955.406738	9213.485352	42540.675781	-6396.769043	-43220.441406	-77214.226562	-32566.150391	64835.121094	-49902.691406	-95895.015625	-43806.195312	-15994.804688	100064.453125	125839.351562	220589.968750	377812.468750	42493.742188	-310789.406250	-291964.531250	-118262.476562	-218079.953125	380028.218750	1009363.125000	-58643.757812	-198127.843750	-34599.718750	-370275.406250	798684.187500	851374.750000	-73126.476562	-233793.125000	-233615.171875	349762.031250	146951.406250	-259874.171875	143944.812500	-209063.453125	-418823.406250	-293598.000000	293205.156250	740176.562500	-31949.310547	-385250.562500	-106284.593750	19607.078125	-67241.710938	-105426.945312	-41049.898438	-6311.811035	-2593.982666	14714.839844	22750.830078	30322.642578	12802.389648	-1807.824341	-920.444641	-0.000000	
-0.000000	-193.609344	-259.412140	3371.733154	7001.684082	17908.734375	41451.886719	5982.867676	-54115.398438	-61168.347656	-29191.107422	-62383.753906	124343.593750	373772.375000	-24366.261719	-91717.867188	-17742.185547	-209327.421875	495870.875000	578713.500000	-54289.398438	-189225.406250	-205876.078125	335359.093750	153262.703125	-294888.812500	177847.750000	-281603.281250	-616152.437500	-472889.312500	518645.250000	1443446.875000	-69016.531250	-927205.750000	-287019.031250	59924.632812	-235062.265625	-427118.156250	-195936.468750	-36249.281250	-18423.933594	134118.187500	280232.125000	544981.000000	379942.281250	-111466.656250	-208260.437500	-69929.875000	101637.164062	-132765.812500	-248781.625000	-32745.167969	41048.039062	-22784.302734	-12118.598633	22442.058594	-15914.811523	-20704.878906	15207.333008	7197.466309	-5105.400879	-2278.619141	-174.968140	-0.000000	
-0.000000	-925.160156	8042.293945	19500.105469	-3020.654297	-15362.380859	-22587.796875	47216.578125	26686.468750	-61781.000000	43898.730469	-80555.171875	-201602.421875	-175113.343750	215495.156250	668204.312500	-35390.578125	-524176.281250	-178198.562500	40733.171875	-174511.187500	-345697.062500	-172671.281250	-34756.558594	-19215.207031	152188.859375	346234.406250	734075.937500	558952.437500	-179535.937500	-368388.125000	-136372.953125	219555.421875	-319535.468750	-671828.875000	-100078.257812	143494.937500	-92306.468750	-57843.640625	128886.695312	-113036.000000	-188714.312500	187315.500000	129358.210938	-151515.265625	-140494.859375	-39588.410156	-17231.888672	-94965.945312	-51905.050781	-1057.906982	-18046.148438	-11306.727539	28640.287109	79426.125000	97573.054688	30229.365234	-18013.402344	-16107.951172	-10700.591797	-5388.201172	-2507.832275	63.112946	0.000000	
-0.000000	-2316.691406	-2890.117676	1372.529175	-9709.778320	-28065.630859	-18944.716797	-4893.518066	-3345.798096	31884.492188	85462.156250	209989.078125	182886.828125	-66483.078125	-153063.890625	-63130.132812	112584.523438	-180642.671875	-417111.531250	-68027.195312	106531.234375	-74710.187500	-50975.378906	123579.234375	-117890.687500	-214141.078125	231433.406250	174242.296875	-222901.843750	-226290.781250	-70027.218750	-33604.570312	-205144.328125	-124923.007812	-2856.852539	-55154.003906	-39525.835938	116030.921875	379111.156250	560370.562500	214706.078125	-164182.890625	-198408.796875	-192318.968750	-159908.062500	-154627.671875	14279.978516	183560.640625	4176.101074	-44529.925781	-71052.507812	-91646.835938	92316.132812	125533.195312	-19725.828125	-22718.500000	-787.321960	-22171.056641	-14641.447266	-2916.633789	-1952.049316	-1001.738831	-158.362366	0.000000	
0.000000	-798.382751	-6764.933594	-2292.218018	5927.382812	-6065.393066	-5592.789062	17399.226562	-20527.410156	-44863.863281	57125.453125	49843.589844	-72932.515625	-83796.640625	-29096.048828	-15556.317383	-105194.750000	-70622.601562	-1773.704956	-37490.382812	-29344.144531	93912.078125	334096.093750	537294.875000	223927.296875	-186304.375000	-245139.500000	-259048.875000	-235248.906250	-249054.078125	25259.593750	357968.687500	9021.165039	-107172.851562	-191875.625000	-280097.968750	322716.968750	508574.968750	-94153.929688	-130474.320312	-5592.006348	-202077.781250	-180345.234375	-52419.910156	-57931.843750	-61765.113281	-35831.179688	40730.722656	119120.226562	86440.476562	-9654.104492	-40630.929688	-3700.366699	72245.320312	59007.191406	-26504.033203	-39809.300781	4716.756348	17048.142578	11355.395508	-715.498352	-3145.422607	-290.966980	-0.000000	
-0.000000	-312.129272	-28.766876	-1263.261475	-1632.704102	7624.310059	36655.523438	75647.945312	38990.757812	-39031.902344	-60508.570312	-74103.281250	-76972.429688	-92226.007812	10495.266602	165711.812500	4625.909668	-60587.921875	-119127.859375	-190393.796875	239586.406250	411625.875000	-82974.242188	-125101.476562	-5832.172852	-229305.109375	-222821.453125	-70608.312500	-85226.484375	-99483.179688	-63381.121094	79430.554688	257322.125000	208041.484375	-26070.679688	-124179.320312	-12935.669922	292688.812500	281648.968750	-152214.968750	-282748.187500	42990.804688	209989.578125	204087.578125	-21234.166016	-193940.156250	-65834.390625	-28673.771484	-50418.667969	-10276.921875	37512.699219	37030.761719	-53482.335938	-6230.221191	10474.353516	-17415.611328	4085.489990	1172.281250	-6198.535156	18217.822266	10382.215820	1658.363159	400.989563	-0.000000	
0.000000	-267.779205	-1932.078003	-6415.435547	13330.553711	33418.101562	-9103.560547	-17613.548828	-1015.511902	-48040.816406	-54999.738281	-20198.150391	-27885.738281	-36839.132812	-26334.619141	36770.203125	131950.687500	117611.890625	-16186.237305	-84409.648438	-9603.495117	236893.875000	248206.406250	-145946.859375	-294891.687500	48783.253906	259447.859375	274900.906250	-31238.664062	-312373.468750	-116453.250000	-55917.828125	-108913.820312	-24734.085938	101302.156250	113176.218750	-186962.515625	-25240.611328	49995.445312	-100019.367188	29017.462891	10684.740234	-76350.117188	327424.218750	308117.687500	102251.187500	90728.179688	-133204.531250	-153732.046875	-91928.812500	-72553.804688	-47661.652344	15694.790039	48852.652344	39420.957031	-10147.106445	-9202.496094	3179.616943	-15184.648438	-10077.142578	-2267.326904	-2204.854736	-426.147461	0.000000	
0.000000	519.806885	-262.516876	-2844.234863	-534.337097	19232.375000	27232.091797	-20548.455078	-51347.250000	10220.388672	64040.347656	78637.898438	-10221.156250	-115673.507812	-48385.890625	-25885.630859	-55849.269531	-13982.896484	62894.433594	76930.398438	-138801.734375	-20429.021484	44059.066406	-95900.640625	30263.708984	12124.368164	-94332.656250	441032.312500	453287.656250	164692.859375	160487.421875	-259767.281250	-332090.187500	-221250.609375	-195929.828125	-145667.140625	54865.542969	197917.656250	188161.328125	-58275.714844	-65361.335938	28980.572266	-187036.078125	-181113.875000	-67288.484375	-135946.718750	-96420.421875	84485.781250	106948.515625	13142.083984	25436.181641	189280.062500	51785.234375	-64415.746094	18932.625000	16322.373047	51039.414062	33859.187500	-13473.546875	-17087.384766	-5024.438965	-1125.199463	-222.366837	-0.000000	
-0.000000	-61.799923	1020.054871	2592.217041	-7722.909180	-1658.542725	4833.962402	-13502.243164	5269.589355	2540.128906	-23284.431641	126161.296875	148313.765625	60986.613281	66681.929688	-120252.164062	-170290.562500	-125079.382812	-121644.953125	-99015.789062	40732.406250	160188.828125	165819.343750	-55875.960938	-68168.484375	32885.324219	-231088.171875	-243955.906250	-98991.515625	-218965.218750	-170556.328125	164758.984375	231028.937500	31629.843750	68689.804688	578492.062500	181029.828125	-260968.718750	90367.875000	93740.804688	362510.812500	308609.062500	-165959.687500	-307107.156250	-149112.531250	-69377.437500	-50312.875000	-38893.742188	-81830.085938	10838.595703	-25773.357422	-24805.218750	40424.500000	8098.872559	6478.514648	70716.453125	36220.585938	-20138.234375	-12728.552734	-4568.278809	-4485.797363	-2587.003174	-16.038958	0.000000	
-0.000000	-552.810852	-1972.901489	-3336.397461	2266.345215	13005.029297	18192.953125	-7867.005371	-11869.660156	6889.675781	-57040.238281	-69785.796875	-32389.595703	-81083.945312	-70865.515625	76270.671875	118467.960938	17881.269531	42646.734375	393224.187500	134397.281250	-211220.531250	79637.734375	89880.625000	378079.968750	350190.093750	-205047.718750	-413665.718750	-219367.046875	-111744.117188	-88997.531250	-75848.187500	-176768.406250	26085.900391	-69600.335938	-75811.585938	141315.187500	32811.113281	30922.789062	406130.718750	257259.109375	-183549.640625	-156783.250000	-82104.500000	-133127.015625	-159509.187500	-3628.985596	209062.640625	130081.750000	-78093.882812	-91648.484375	-33145.175781	-47866.589844	-29115.839844	35511.144531	34533.324219	-5632.770020	-16357.939453	-8831.984375	-242.722198	-1165.413208	-2007.311768	-462.624878	0.000000	
0.000000	79.029480	691.667114	13249.929688	7477.846191	-17148.070312	8737.494141	12654.661133	65832.195312	73366.953125	-50612.585938	-118332.835938	-71775.953125	-41379.421875	-36978.140625	-35111.847656	-90644.023438	14747.116211	-43212.050781	-51532.167969	104912.976562	26556.367188	27251.064453	389406.531250	268307.906250	-208280.531250	-193710.000000	-110592.718750	-195849.937500	-256916.562500	-6419.246582	407701.125000	281001.062500	-187953.250000	-247494.546875	-101300.796875	-167331.093750	-117957.546875	169499.281250	198327.875000	-40007.121094	-149094.203125	-108787.476562	-4362.383301	-34586.492188	-123766.625000	-104673.828125	129980.960938	165312.906250	-90319.718750	-117592.343750	9764.744141	27379.441406	-27244.042969	-9090.806641	1369.784424	13554.719727	10461.707031	-6688.663574	796.401733	748.308960	-1608.263184	-187.404312	0.000000	
-0.000000	65.177528	-700.835693	-1736.407837	5837.343262	2155.995117	2989.864258	54826.140625	46718.417969	-43636.042969	-47814.062500	-31636.052734	-64081.257812	-95137.523438	-2667.172852	188734.093750	144092.875000	-106255.421875	-153659.406250	-68858.203125	-124227.296875	-95471.421875	149373.203125	190160.875000	-41725.351562	-169182.687500	-134409.906250	-5876.021973	-50881.953125	-199347.125000	-185155.625000	253480.875000	357107.031250	-217377.906250	-317555.312500	29843.750000	95712.515625	-110374.296875	-43391.593750	7866.791016	96273.289062	95353.078125	-82387.250000	14313.522461	22207.900391	-99162.132812	-42402.230469	19780.103516	90302.781250	104052.406250	33489.359375	2446.392578	-15730.664062	-28366.365234	-20479.000000	-27829.066406	-5192.406250	-1787.673218	-162.486588	4069.368164	662.927368	-217.594650	-203.883286	0.000000	
0.000000	-469.614929	-2492.128906	-2320.219238	-6911.989258	-7750.906738	16388.556641	26773.527344	-7265.318848	-35444.804688	-33176.828125	-1680.889526	-16648.355469	-73819.265625	-76931.468750	117342.046875	183118.796875	-122890.031250	-197157.328125	20285.992188	71057.367188	-89333.765625	-38239.347656	7542.841797	100408.054688	108200.648438	-101791.695312	19279.958984	32671.173828	-159717.421875	-75004.539062	38573.941406	195071.015625	250429.187500	90437.226562	7476.850098	-54990.949219	-114921.179688	-97748.914062	-159824.750000	-36879.410156	-16293.721680	-2001.419678	73137.703125	19673.992188	-13416.428711	-46130.773438	36471.593750	22655.947266	47171.500000	72128.117188	-65212.367188	-59515.609375	-5339.817871	-17877.886719	-19460.492188	27957.271484	21877.343750	-7649.270996	-6222.223145	-770.869324	-201.221588	105.606224	-0.000000	
0.000000	-543.134583	-3197.600830	683.548889	3953.621826	-7252.617188	-4195.449219	1061.987549	17483.291016	22668.695312	-25125.570312	5515.207520	10689.867188	-59144.179688	-31164.103516	17856.753906	100029.312500	141574.890625	56148.835938	5082.314453	-40825.507812	-93013.882812	-86142.359375	-153243.281250	-38463.312500	-18489.085938	-2472.808594	98514.671875	28943.414062	-21609.431641	-81599.882812	71124.664062	48941.113281	113530.484375	194780.265625	-199306.968750	-208053.500000	-21633.304688	-85333.468750	-111763.296875	198568.359375	199400.734375	-94219.484375	-111830.406250	-22877.433594	-12406.900391	23894.537109	-902.812317	50343.757812	95203.859375	-16425.791016	-42913.667969	-38307.929688	-9857.906250	15025.065430	39121.351562	26970.341797	-10001.959961	1950.704834	13544.556641	6573.429199	356.797028	-586.900085	-0.000000	
0.000000	625.715637	910.651245	171.251694	-2271.525635	-7551.389648	-9451.152344	-21575.748047	-6697.324219	-3873.576416	-610.371338	28181.015625	9470.160156	-8002.083984	-33904.449219	32925.218750	25096.222656	64182.078125	120931.234375	-135476.921875	-154459.781250	-17509.371094	-75201.101562	-107160.960938	207096.500000	226267.359375	-116410.742188	-150632.781250	-33656.160156	-19983.416016	42266.613281	-1760.609131	108752.000000	229132.859375	-44357.460938	-131156.000000	-133916.125000	-39937.519531	71716.578125	224677.312500	191558.640625	-91162.718750	24027.699219	243432.812500	195082.609375	21999.355469	-132792.421875	-69407.664062	76691.195312	24614.455078	-68689.828125	-60224.351562	64554.480469	57270.480469	-24895.492188	-38360.843750	-31316.650391	-22964.494141	-4827.153320	142.513611	-217.309937	364.282593	-93.013786	0.000000	
0.000000	283.664215	1961.326172	-4564.977539	-8594.120117	-1421.509155	-8250.727539	-15087.630859	36060.140625	47404.390625	-28734.037109	-43089.875000	-11012.150391	-7399.961914	17561.619141	-815.025879	55766.296875	129535.453125	-27539.763672	-89151.984375	-99419.882812	-32324.273438	63201.066406	215425.265625	199785.718750	-103445.695312	29686.878906	327897.968750	286995.968750	35433.687500	-234894.093750	-135354.562500	165667.437500	59241.089844	-185495.234375	-184062.218750	225668.296875	232020.953125	-118829.406250	-220309.656250	-222428.578125	-209309.531250	-59458.195312	2561.360352	-6449.204590	22460.900391	-21045.363281	23369.949219	25489.441406	-54146.792969	-65500.324219	-15108.154297	71530.093750	38241.113281	-27202.261719	-14661.422852	-5578.181152	7858.513184	7703.083008	460.128693	-1745.847656	-899.145142	546.224365	0.000000	
0.000000	572.505188	-446.654297	-3004.030518	-5531.708496	-2624.266113	6934.136719	30330.603516	34787.167969	-21672.503906	7327.708008	93798.187500	93903.843750	13121.277344	-97597.617188	-62658.699219	84951.625000	33490.707031	-115166.539062	-125114.460938	167537.078125	187791.062500	-104719.789062	-211237.468750	-231981.468750	-237511.250000	-73462.226562	3450.088623	-9487.753906	36177.085938	-37226.761719	45574.640625	55061.992188	-130318.351562	-176882.062500	-46174.683594	250053.531250	154926.937500	-129839.914062	-84201.820312	-39619.398438	71626.304688	94882.304688	8269.774414	-51812.304688	-55439.402344	123589.101562	66625.695312	-72706.953125	-33504.941406	-19988.941406	7638.395996	9214.267578	5974.093262	-11170.318359	-16042.934570	-741.273132	333.056122	-2733.172607	-5130.935547	-2198.240234	-99.545494	-127.756775	-0.000000	
0.000000	148.018188	-1867.831177	-4215.808105	9321.739258	15245.933594	-11489.383789	-29740.986328	-40393.171875	-49760.054688	-18132.917969	986.929199	-3104.352051	13396.560547	-15467.580078	21097.535156	28234.914062	-73672.742188	-109818.960938	-31386.779297	185640.765625	125393.375000	-114422.929688	-80734.453125	-41320.980469	81277.007812	117229.679688	11139.180664	-76223.718750	-89294.546875	218614.515625	129929.335938	-157060.703125	-80638.359375	-53979.660156	23345.042969	32211.058594	24202.955078	-53317.375000	-92135.960938	-5264.941406	3035.635254	-33665.703125	-92216.976562	-65238.164062	-6137.766113	-28906.335938	-26996.810547	52947.097656	97908.929688	15383.483398	-43274.242188	-8393.326172	14642.975586	-3252.614258	20098.613281	1895.795044	-15525.417969	2117.289307	1542.725342	-1203.734131	-623.194153	-131.394272	0.000000	
0.000000	-325.609924	-1781.101440	-1057.596680	10329.026367	10180.138672	-12553.968750	-11366.933594	-7194.908203	17028.029297	28936.177734	3186.463867	-24940.072266	-33066.230469	90833.515625	60147.238281	-80538.234375	-45587.203125	-33513.800781	15868.560547	23913.623047	19589.171875	-46986.554688	-88341.875000	-5491.061035	3444.647217	-41594.898438	-124213.976562	-95975.187500	-9885.912109	-51131.890625	-52647.523438	114375.703125	235643.312500	41542.734375	-132258.015625	-29341.224609	59323.359375	-15525.148438	115428.085938	13465.009766	-141506.203125	26079.595703	27727.005859	-35723.757812	-38424.843750	-29729.359375	32297.968750	14965.393555	-54748.277344	-23040.824219	31229.632812	17291.287109	12574.242188	18422.753906	-4108.928223	-5276.600098	5443.733398	-2020.198364	-5419.463379	-1069.211182	-510.175140	-246.145660	-0.000000	
-0.000000	-201.480835	-543.544373	534.700867	1330.550659	1590.359131	-5155.153320	-12438.013672	-956.116760	721.674561	-10267.001953	-35532.535156	-31402.667969	-3660.804199	-21245.109375	-24371.732422	58650.039062	133216.000000	25792.212891	-89901.070312	-21783.046875	48014.613281	-13681.716797	110674.835938	14043.307617	-160572.296875	32222.052734	37347.585938	-52555.039062	-61889.718750	-52587.722656	62985.515625	32328.070312	-131765.968750	-62221.199219	95446.367188	60446.546875	50942.261719	87934.187500	-23597.929688	-37477.402344	49616.828125	-24883.681641	-97402.617188	-31731.462891	-31456.326172	-55693.085938	-36136.359375	-12143.416992	45653.640625	68631.851562	44402.687500	46673.644531	-10298.778320	-42624.375000	892.956482	37601.675781	22765.009766	-2979.361572	-7838.367188	-2210.140869	-650.370300	96.766624	0.000000	
0.000000	588.772034	418.311615	-3029.271484	-1212.005615	3898.096191	-1501.096436	15582.363281	2445.254395	-33640.875000	7953.472656	10683.616211	-17195.781250	-22918.082031	-21850.001953	29157.423828	16577.320312	-74491.132812	-38630.640625	64878.710938	44875.765625	41231.195312	77493.015625	-22626.183594	-39086.988281	56302.042969	-30744.468750	-131198.906250	-46681.769531	-50665.746094	-98514.492188	-70470.906250	-26232.068359	109877.359375	185338.687500	135706.843750	163160.812500	-41723.632812	-203451.656250	5128.326660	267068.375000	207491.343750	-36698.125000	-140876.953125	-65591.343750	-40100.468750	21894.484375	31957.210938	82544.789062	184598.718750	30683.103516	-103069.484375	-63493.351562	-9871.648438	20185.386719	-4721.002441	-27529.740234	-8517.158203	628.676453	-205.988434	-143.896866	-887.306580	-9.539511	0.000000	
0.000000	-329.226929	-626.531982	2186.127930	2496.881348	3347.380127	8502.185547	-3185.633057	-6805.919922	11795.621094	-7588.756348	-37530.640625	-15274.074219	-18761.785156	-40932.402344	-32622.580078	-13451.386719	62116.859375	115069.335938	92245.375000	121131.265625	-33769.902344	-179294.125000	4917.145508	278538.468750	235448.078125	-45341.535156	-189757.750000	-96494.765625	-64588.597656	38728.753906	62320.988281	178312.281250	444284.843750	82858.992188	-315008.750000	-221958.828125	-39993.195312	96347.468750	-27113.126953	-195531.796875	-77629.515625	7743.687988	-3702.177002	-4270.492188	-54709.460938	-2158.416260	43353.492188	9106.373047	-47653.660156	-44255.882812	25312.464844	19870.212891	-27135.291016	-10100.288086	-971.484314	-8537.781250	-841.149719	3351.142090	2403.757812	-574.362854	-415.290741	-48.317272	0.000000	
-0.000000	274.536621	1866.254761	3108.264404	6739.726562	-2741.630371	-19671.345703	692.305054	48499.789062	49327.808594	-11191.796875	-54281.925781	-31572.671875	-23917.490234	16091.652344	28849.800781	91435.703125	251167.109375	51443.816406	-214124.046875	-164783.140625	-32369.335938	84907.320312	-25996.626953	-203929.531250	-88089.078125	9567.538086	-4986.740723	-6282.538574	-88118.859375	-3817.983398	84545.312500	19671.480469	-114690.929688	-119511.960938	77361.867188	69461.906250	-109933.703125	-48209.980469	-5579.318359	-60640.156250	-7666.646973	41277.507812	43202.121094	-17045.625000	-25605.955078	-10932.299805	77433.609375	97591.062500	-6988.465820	-12177.727539	-26971.042969	-22642.464844	4301.831543	21735.966797	-1472.616699	-12322.424805	8599.368164	4868.495117	-6834.624023	-4067.073975	83.809853	331.656799	0.000000	
0.000000	1110.078247	834.342712	-7215.041016	-9168.510742	-2627.924561	9315.649414	-3660.171387	-35508.699219	-18455.197266	2361.586182	-1426.502441	-2055.619385	-32630.867188	-1586.357788	39137.945312	10087.221680	-64838.109375	-74200.171875	52585.957031	51568.804688	-88977.164062	-42485.605469	-5349.566406	-63244.539062	-8699.626953	50999.488281	58192.183594	-25076.687500	-41242.730469	-19337.945312	151006.265625	210815.078125	-16819.562500	-32885.664062	-82430.945312	-79153.085938	17428.089844	103748.585938	-8457.365234	-87520.835938	78378.820312	59967.421875	-122836.937500	-120700.375000	5167.539062	75040.898438	114647.226562	75833.085938	-60307.281250	-68830.078125	39414.593750	80760.906250	19532.589844	29770.150391	18785.779297	-14887.988281	-9286.419922	-6906.663086	-4765.453125	514.015015	2575.332764	461.926514	-0.000000	
0.000000	-286.563690	-1203.417236	1771.916016	2869.281006	-7223.666016	-4661.329590	-753.187317	-11012.291016	-1822.624878	12588.368164	16646.402344	-8204.983398	-15272.394531	-8034.844238	69904.226562	108102.617188	-9508.585938	-20417.386719	-56031.609375	-58763.578125	14105.791992	91429.640625	-8109.097168	-91279.695312	88939.335938	74091.390625	-165458.296875	-177568.484375	8323.197266	132738.484375	223577.984375	163813.750000	-145145.171875	-185874.000000	120461.867188	282322.406250	79132.742188	142096.781250	107888.359375	-105742.921875	-84640.945312	-85072.445312	-85648.265625	15254.654297	158789.609375	104515.812500	-58118.046875	-61847.226562	-30423.757812	24614.062500	21056.697266	-35161.082031	-48016.058594	-24157.476562	-25.986256	8968.544922	-10328.381836	-8426.185547	3547.827148	351.940277	-962.657227	-121.986069	0.000000	
0.000000	-42.024906	-331.139862	-1888.019409	-3269.597412	1145.187500	10031.249023	-1141.713013	-15893.839844	18633.332031	18288.214844	-47330.851562	-58099.640625	3082.122803	55152.343750	103499.320312	84001.085938	-82054.773438	-115401.687500	81882.750000	209597.328125	64047.757812	125224.429688	103445.593750	-110284.382812	-96045.195312	-105109.328125	-115366.085938	22441.898438	255757.578125	184876.125000	-113338.242188	-133601.656250	-73222.687500	66469.687500	64355.070312	-122915.421875	-194528.359375	-115306.757812	-149.241333	63699.683594	-94137.882812	-103789.078125	63764.183594	10444.689453	-59355.421875	-27600.652344	9445.192383	64107.968750	43592.507812	-30336.720703	-38497.996094	-21651.292969	-23611.230469	-1183.744995	-3284.085693	-5040.724609	-3417.302490	-2350.168457	1125.689941	1588.793213	791.282776	-118.367813	-0.000000	
0.000000	-362.655823	-1871.645020	2759.089355	11661.965820	5199.756836	13739.061523	14564.529297	-19202.982422	-20122.054688	-25944.474609	-33001.515625	7342.892578	94708.351562	76815.335938	-52466.843750	-68508.804688	-41394.910156	41268.359375	43744.714844	-91252.914062	-157445.625000	-101615.414062	-143.095673	66435.468750	-106821.726562	-128234.242188	85888.773438	15365.715820	-95601.968750	-48822.292969	18419.433594	138485.296875	104916.710938	-81923.593750	-117660.484375	-75688.171875	-95656.617188	-5650.167969	-18860.789062	-35802.078125	-31146.955078	-28948.072266	20231.734375	47151.332031	48788.832031	-26781.982422	-25771.531250	-11415.833984	6287.010742	13897.440430	-4708.671387	-7360.259277	-6608.217285	6712.182617	12934.525391	11506.449219	8562.092773	7206.734375	2502.238525	5634.691895	4719.499023	249.057831	-0.000000	
-0.000000	-182.952255	669.311829	1474.005005	-5077.299316	-12782.320312	-11148.786133	-20.147026	11567.902344	-22379.800781	-31652.470703	24569.261719	5027.595703	-35401.898438	-20285.480469	8526.773438	71013.054688	59312.460938	-50863.066406	-79978.539062	-56191.210938	-77421.703125	-4979.275879	-18084.115234	-37339.710938	-35343.597656	-35766.132812	27251.644531	69366.726562	78582.687500	-47374.164062	-50258.054688	-24660.351562	15131.327148	37529.707031	-14390.998047	-25729.851562	-26771.994141	32038.117188	74284.101562	81725.320312	78039.070312	88768.554688	44972.085938	167223.281250	290994.406250	56351.996094	-57672.019531	-86423.000000	-89581.945312	56344.906250	66556.882812	546.414185	-30374.423828	-23478.019531	-7481.791504	-21656.589844	-20606.482422	-4568.413086	1791.518066	-617.405029	-1613.330200	-295.643738	-0.000000	
0.000000	262.142090	-824.923828	-2694.925781	-3126.471191	-6285.528809	-546.303772	-2546.136475	-6501.680176	-7404.698730	-8828.269531	7795.580566	22696.494141	29099.572266	-19683.787109	-23265.593750	-12645.435547	8554.177734	23300.685547	-9782.137695	-19101.949219	-21668.478516	28233.960938	71225.132812	85235.265625	88553.812500	109675.976562	60576.281250	246010.703125	468695.781250	99680.023438	-112468.429688	-186689.953125	-215602.265625	152158.078125	203416.171875	1910.144043	-123056.468750	-112063.625000	-42968.578125	-153817.359375	-187817.484375	-56271.175781	32198.492188	-18323.005859	-99474.554688	-66892.554688	-6956.944336	8418.245117	1123.301147	20860.101562	-3214.450439	-32837.859375	-4765.065918	14487.180664	-3778.169678	-11547.372070	662.124573	1327.954834	-3128.824463	1089.834229	1037.052734	-116.541901	-0.000000	
-0.000000	37.806728	377.902740	-329.615112	-1062.829712	-1759.168823	3097.703125	10028.078125	14841.369141	18552.562500	27071.673828	17328.396484	80493.640625	173560.468750	41416.675781	-52064.187500	-95731.632812	-121886.218750	94468.835938	138270.109375	1418.098755	-99598.343750	-98757.367188	-41199.164062	-160423.531250	-213123.421875	-69524.578125	43370.570312	-26955.908203	-160220.625000	-118325.031250	-13567.005859	18184.994141	2703.516602	56332.207031	-9824.247070	-114793.953125	-19304.800781	69149.187500	-21698.357422	-82015.976562	6034.924805	16357.010742	-56233.554688	32343.500000	63942.492188	-26368.851562	-50794.277344	-9174.965820	53005.324219	14754.192383	-11824.752930	9266.060547	8307.526367	-6748.945312	-12258.020508	-5501.952637	3693.456299	7778.265137	2061.365967	-1907.674072	-724.607544	96.048706	-0.000000	
-0.000000	-538.697998	1532.145020	4659.096191	78.902817	-8085.953613	-10835.213867	-5800.598633	-27933.330078	-44650.652344	-17160.974609	12406.544922	-8819.856445	-59330.523438	-49163.609375	-6280.474609	9324.975586	1528.376343	34974.402344	-6677.933594	-85223.500000	-15624.747070	60938.519531	-20804.833984	-85538.414062	6848.051270	20209.533203	-75745.203125	47582.171875	102990.218750	-46643.378906	-99055.875000	-19819.654297	127571.101562	39843.343750	-36139.703125	32392.115234	33656.437500	-32213.589844	-70398.875000	-39077.984375	33663.953125	95808.359375	37048.398438	-56614.902344	-44677.777344	21732.046875	-2309.752441	-7140.493652	570.416199	5161.237793	-11579.149414	-25898.773438	1219.885986	3269.733398	-3683.579834	116.402992	-432.188416	-2781.353516	-1705.195679	1539.522949	914.920471	183.418091	0.000000	
0.000000	6.754934	567.233154	-225.017059	-4741.823730	-1268.504761	6685.900391	-2929.197754	-14894.153320	1434.708496	4988.384277	-21667.601562	15568.680664	38137.808594	-19380.150391	-45855.210938	-10163.203125	72119.648438	24737.130859	-24565.603516	24048.039062	27240.546875	-28388.597656	-67499.906250	-40756.308594	38199.730469	118373.835938	49903.273438	-83289.070312	-71961.132812	38441.421875	-4504.337402	-15424.810547	1372.855103	13937.799805	-35389.070312	-90536.429688	4942.146973	15606.860352	-21155.119141	826.759949	-3939.174805	-34259.171875	-30647.041016	45689.113281	56412.074219	41500.304688	16796.349609	13764.297852	77812.484375	28797.029297	-37056.730469	-36692.078125	11686.833008	34730.535156	-8352.700195	-14078.696289	683.501038	447.477356	-1387.059082	-2238.395264	-1155.279663	-85.992714	0.000000	
-0.000000	318.745728	401.199738	-827.753052	1338.029541	2211.540771	-3114.669434	-9503.587891	-7096.586426	8003.075684	29218.595703	14275.285156	-27251.824219	-26647.578125	15972.267578	-2085.159912	-7909.597656	776.114807	8653.418945	-24055.367188	-67214.617188	4000.030762	13753.726562	-20283.966797	862.267761	-4469.927246	-42328.140625	-41280.804688	67215.585938	90861.203125	73409.132812	32755.210938	29733.476562	187275.984375	77765.695312	-113255.578125	-128267.453125	47347.085938	165773.343750	-47970.285156	-99994.875000	6229.760254	5511.777832	-24929.255859	-66429.859375	-71232.117188	-19456.771484	14680.714844	-16066.110352	21833.576172	26539.855469	1222.857788	37186.523438	-3032.365723	-16460.560547	4350.496582	11271.560547	6099.085449	-6594.607422	-5706.680176	-1861.500366	-177.134048	174.073807	0.000000	
-0.000000	3.430179	140.345688	-810.560303	-3739.812012	324.744995	1508.996948	-2855.862549	150.140121	-936.476929	-10447.991211	-11808.749023	21992.648438	33646.371094	30501.220703	15163.129883	15246.853516	105872.546875	48281.593750	-76984.343750	-95226.289062	38321.359375	146089.671875	-45994.902344	-104289.468750	7069.138672	6809.951660	-33579.085938	-97728.351562	-114731.398438	-34416.730469	28629.427734	-34705.824219	52548.179688	71670.250000	3737.390381	129995.921875	-12285.079102	-78568.382812	24985.279297	80057.007812	55590.027344	-81228.710938	-102564.687500	-55244.582031	-10921.712891	39386.062500	1364.033813	-19931.351562	-1087.826172	15981.152344	37997.804688	48734.058594	40913.015625	-9133.595703	-26442.589844	-11978.562500	-5560.402344	-6339.467285	-624.987610	2602.246338	410.941284	-87.225464	-0.000000	
0.000000	467.922729	783.056152	-2594.034668	-5298.377441	3111.143555	16028.302734	-6475.810547	-18159.132812	1481.027588	1680.922363	-9605.602539	-31976.294922	-42485.628906	-14300.022461	13253.211914	-17796.593750	29707.011719	44497.175781	2540.453857	96509.507812	-9943.187500	-69239.296875	23956.402344	83495.304688	63080.050781	-100360.296875	-138152.093750	-81273.117188	-17591.269531	69669.289062	2660.054932	-43055.472656	-2618.136719	43156.722656	116131.757812	170363.578125	165751.656250	-43595.832031	-151862.093750	-85078.539062	-50680.207031	-78086.046875	-11232.741211	77228.039062	25337.775391	-19735.693359	-9591.890625	-6420.392578	-16145.430664	-14788.832031	-2495.597412	-1079.579468	-15769.058594	-6433.679688	16576.134766	8366.437500	102.747856	899.143616	753.770813	1796.086182	1099.211914	13.773803	-0.000000	
-0.000000	131.295471	721.678467	85.602142	5369.775391	-807.243896	-7596.624512	3372.919922	14538.403320	13215.655273	-24772.253906	-39519.660156	-26592.214844	-6514.137695	28947.328125	1231.399658	-22078.160156	-1480.108643	26794.273438	78939.406250	126478.617188	134154.593750	-38419.332031	-145608.515625	-88732.500000	-57508.699219	-96477.437500	-15130.223633	113614.101562	40810.781250	-34910.109375	-18705.515625	-13869.256836	-38858.179688	-39936.886719	-7627.233398	-3773.972900	-63885.480469	-30708.785156	95198.179688	59423.179688	936.493774	11075.152344	13547.329102	53303.253906	67775.093750	3116.470215	-67708.820312	-39167.859375	-11785.367188	-21297.128906	-12525.445312	-4388.724609	8298.985352	7666.401855	-473.222412	-6118.206055	994.368286	1196.053711	-1159.125000	-296.392975	-705.148499	347.636383	0.000000	
-0.000000	-6.541606	434.563568	2659.911621	7037.252930	10891.423828	-4215.196289	-20500.818359	-15450.315430	-12048.422852	-23813.835938	-4328.137695	37174.042969	15112.442383	-14505.020508	-8659.207031	-7111.934082	-21967.656250	-24795.208984	-5184.536133	-2801.812988	-51707.062500	-27062.472656	91277.984375	61975.292969	1062.674072	13683.653320	18247.916016	78417.132812	109163.281250	5512.667480	-132041.578125	-84609.953125	-28364.550781	-57512.386719	-38281.210938	-15342.018555	33621.832031	36592.726562	-2717.757324	-43454.964844	9063.155273	14732.326172	-20832.654297	-8796.187500	-43477.972656	78656.445312	150563.281250	6971.625000	-14971.094727	-20852.482422	-47853.089844	-28572.585938	-9367.157227	7124.331055	5925.016113	-7067.689453	-1307.540161	2432.642334	-1880.064697	-1674.633789	-117.670807	-62.656971	-0.000000	
-0.000000	-97.090004	-402.141663	-174.696106	-155.892487	-4197.870117	-2969.172852	12851.401367	10791.287109	222.636688	3377.580078	5219.981934	25657.748047	40423.722656	2290.492676	-61125.042969	-43386.636719	-16035.303711	-35707.128906	-26021.271484	-11389.977539	27212.539062	32247.763672	-2605.842041	-45321.273438	10284.295898	18202.191406	-28061.068359	-12940.519531	-70028.640625	139133.953125	293619.250000	15060.023438	-36031.835938	-56311.632812	-146252.234375	-99883.492188	-37949.339844	34005.355469	34027.882812	-50198.734375	-11917.555664	29963.939453	-33789.917969	-49698.859375	-7255.334961	-14176.809570	-17465.259766	-13586.958008	-7940.933105	3605.972900	9266.830078	26252.792969	14679.803711	-4315.531250	-8027.211914	-6863.063477	-946.340149	2440.410889	221.275055	-154.499725	225.255341	-2.674696	-0.000000	
-0.000000	-70.870903	-579.116943	-876.802673	-633.736755	2209.266846	3538.079590	-366.887146	-7891.448730	2154.622559	4492.905273	-8027.123535	-4234.082031	-25931.966797	57809.640625	135923.015625	7722.540039	-20369.841797	-34961.628906	-99413.492188	-74153.921875	-30715.097656	29967.613281	32626.638672	-52354.675781	-13523.289062	37021.265625	-45514.179688	-73114.523438	-11685.946289	-25077.101562	-34059.675781	-29350.388672	-19111.921875	9737.843750	28321.986328	91774.007812	59472.562500	-20598.587891	-46100.976562	-48745.363281	-8625.403320	30059.628906	3976.919434	-4585.157715	13888.770508	-605.178650	-1215.922607	15648.175781	65756.640625	25595.806641	27425.263672	32931.878906	-17925.152344	-25725.533203	-13058.722656	-4010.668457	-1799.388184	-3557.843506	1007.543762	1698.328735	180.497711	2.115296	-0.000000	
0.000000	-90.028175	-567.026001	-3349.798584	-4125.913574	-2493.624268	3287.911621	4593.638184	-9116.122070	-2833.211426	9138.078125	-13019.744141	-23922.755859	-4327.366211	-10419.442383	-15766.997070	-15050.412109	-10804.524414	6045.835938	19251.587891	68133.398438	48135.371094	-18152.744141	-44202.570312	-50838.882812	-9787.563477	37139.492188	5356.811523	-6745.458984	22370.218750	-1070.489502	-2371.217529	33803.007812	158260.468750	69120.867188	83819.164062	115122.617188	-72620.507812	-122791.296875	-74997.375000	-28486.037109	-16400.498047	-43823.542969	18108.324219	50402.066406	11129.109375	478.608398	-26074.845703	-15987.112305	4037.618652	-23577.033203	-6759.817871	-2375.562744	-10988.664062	883.974548	1477.030762	2860.791016	3978.564697	-1530.063110	678.605713	-9.641937	316.476227	379.607819	0.000000	
-0.000000	-47.752537	98.054535	648.694031	3790.932861	3907.899902	-1991.637573	-6223.460449	-8852.188477	-2050.554199	9167.259766	1532.364624	-2207.085205	8283.806641	-444.784393	-1097.690430	17333.644531	89469.234375	42914.367188	56975.238281	85467.507812	-58776.937500	-108211.250000	-71909.039062	-29709.460938	-18610.250000	-54145.183594	24391.462891	74149.046875	17925.316406	846.601746	-50849.562500	-34535.171875	9717.580078	-63669.218750	-20659.867188	-8304.446289	-44518.578125	4219.324707	8482.715820	20318.958984	36262.570312	-18846.468750	12196.406250	-286.148102	19513.259766	85890.328125	34839.101562	-34908.234375	-33893.585938	-23441.888672	-17289.353516	-12815.785156	-5812.059570	-1229.179199	3972.296143	2602.161865	3213.322998	292.258240	445.373169	996.417358	-124.140778	-77.413704	-0.000000	
0.000000	395.425354	696.007690	1919.815552	4755.399902	-4771.842285	-11872.452148	-10124.367188	-5173.082520	-3898.960693	-13364.830078	6977.399414	24261.248047	6637.836914	351.759857	-23539.416016	-17709.087891	5493.629883	-39529.660156	-14043.337891	-6165.254883	-36032.050781	3718.328857	8133.403320	21191.619141	41148.476562	-23285.326172	16428.255859	-420.967072	31429.410156	151929.843750	67941.070312	-75408.359375	-81573.726562	-63304.265625	-52841.031250	-44801.171875	-23546.503906	-5867.031738	22813.242188	18482.025391	29287.785156	3599.874756	8004.577148	29571.125000	-7654.259277	-17515.677734	-24308.248047	-18224.894531	12613.352539	21698.085938	23555.923828	19130.931641	-423.601013	-12768.961914	-11835.609375	-5327.466309	-3193.251465	-2215.502686	-458.333649	-447.568237	-344.839569	-30.046864	-0.000000	
-0.000000	24.280085	-641.112732	-473.198883	-343.033936	-2925.284424	407.958313	1145.135132	3689.935547	8620.856445	-5747.591797	4699.451660	-137.738617	11638.472656	63126.281250	31451.462891	-38668.207031	-46115.996094	-39303.070312	-35918.164062	-33260.574219	-19057.859375	-5170.389648	21873.808594	19275.794922	33233.929688	4447.743652	10781.966797	43503.589844	-12328.481445	-30983.164062	-47404.449219	-39369.207031	30357.314453	58595.164062	71993.398438	66877.539062	-1716.142700	-60947.910156	-67972.929688	-37838.683594	-29104.843750	-27289.333984	-8237.512695	-13282.683594	-21262.083984	-6798.424316	-1470.662109	16211.790039	6124.521484	16223.892578	56607.410156	12807.230469	-17963.115234	-9875.530273	-6984.079102	-4538.950684	-2546.430664	-1505.018066	-1170.181641	-558.188721	-14.407231	29.251865	0.000000	
-0.000000	-203.817932	-637.437805	-1210.284424	-1850.613647	-1547.224243	-567.271912	3079.703125	3356.347656	6962.710449	1097.850830	3084.279297	14234.186523	-4565.300293	-12873.388672	-21944.595703	-20187.902344	17161.871094	36379.382812	48936.792969	49650.160156	-1388.996216	-53711.050781	-65173.855469	-39463.785156	-33026.339844	-33716.714844	-11095.724609	-19540.832031	-34246.187500	-12025.609375	-2867.994873	35020.519531	14740.254883	43812.238281	173007.859375	44771.269531	-72774.296875	-47137.183594	-40110.171875	-32238.199219	-23209.404297	-18537.978516	-21031.373047	-16565.617188	-888.319580	6618.547363	20468.998047	12920.181641	-8125.399414	-6595.540527	-1152.667603	-3138.959961	-6608.345215	-3029.785889	-591.482300	-1497.486816	-285.322083	301.492126	592.619385	805.211548	257.673950	18.167065	-0.000000	
-0.000000	75.849976	590.019897	1648.955200	2762.527832	-112.766518	-5892.935059	-9176.093750	-6871.528809	-6919.219238	-8322.405273	-3174.032715	-6393.676270	-12681.540039	-4996.595703	-1327.659912	17957.964844	8333.093750	27201.255859	117600.359375	33238.375000	-58901.414062	-41540.191406	-38458.464844	-33622.769531	-26336.568359	-22904.177734	-28328.736328	-24370.523438	-1430.789185	11707.428711	39917.378906	27910.025391	-19555.888672	-17811.101562	-3522.869873	-10973.115234	-26772.511719	-14461.560547	-3396.934326	-10635.999023	-2600.563965	3713.613037	10650.995117	23896.625000	15887.633789	4110.492676	-3035.743408	115.002060	-6046.340332	-13380.595703	-1082.024780	-58.920238	-4644.219238	-3996.324707	260.647095	2384.058350	-281.629608	1031.253174	414.687836	-110.777878	194.918976	16.096006	-0.000000	
0.000000	36.829605	441.164215	3962.616211	1849.378418	-4781.947754	-4557.603027	-5414.724609	-5854.477539	-5517.671387	-5653.512207	-8103.692383	-7973.930176	-529.828613	4864.392578	18478.660156	14311.817383	-11055.510742	-11058.196289	-2394.635742	-8146.485840	-21668.898438	-12744.416992	-3257.050781	-11092.795898	-2950.955811	4588.270020	14346.625977	35155.542969	25589.726562	7270.976074	-5920.120117	248.426102	-14552.091797	-36133.980469	-3306.965820	-205.972229	-18815.212891	-19074.974609	1496.918823	16932.933594	-2566.908936	12702.404297	7453.077148	-3287.604736	12018.293945	3641.893555	-10508.526367	-6063.888672	658.727234	-5999.352539	-5828.208496	-2922.832275	-2134.697021	-519.246094	1432.294189	1185.569458	-710.093872	-270.360077	335.660400	-61.203697	-97.323013	-1.894829	-0.000000	
0.000000	-48.861816	-179.347626	-80.688713	-453.269318	-1759.202881	-1398.260132	-458.573517	-1931.504150	-618.243225	1132.537476	4103.982910	11502.741211	9476.007812	3021.063477	-2740.557861	127.388954	-8226.719727	-22434.134766	-2247.876953	-152.914627	-15228.489258	-16810.042969	1435.276733	17660.169922	-2912.766357	15694.167969	10039.110352	-4836.562988	19357.500000	6442.079590	-20493.082031	-13099.142578	1585.398438	-16201.108398	-17812.611328	-10217.580078	-8648.337891	-2478.428955	8225.790039	8420.585938	-6472.140137	-3330.145508	6032.737793	-1816.369629	-6000.732910	-428.725281	-87.760422	-4661.458984	-4606.422852	-971.248291	323.414246	-211.770126	1067.106812	1435.400513	949.583313	918.051331	565.000061	70.033699	-181.168106	-167.799088	-107.724983	-22.683561	-0.000000	
0.000000	-36.359467	-363.848572	-75.743591	-8.508148	-1236.334351	-1844.322266	202.078491	3075.031250	-610.242310	3873.841797	2871.778564	-1582.502563	7168.181641	2676.659912	-9486.712891	-6717.031738	896.271729	-10058.617188	-12107.945312	-7585.573730	-6999.714844	-2184.144043	7887.057617	8782.234375	-7344.176270	-4114.485840	8125.948242	-2672.153809	-9665.197266	-758.364319	-171.144974	-10069.629883	-11086.554688	-2622.833008	988.443054	-740.301941	4323.189453	6851.352051	5453.539551	6520.520508	5149.684570	862.636230	-3256.087646	-4979.849121	-6642.096191	-5132.397949	-1565.380371	1374.983276	3734.284912	4563.421875	3735.970947	1500.605469	147.049118	-109.183502	-1108.419800	-1287.185913	-831.643005	-654.497131	-293.619202	-42.292850	32.418671	28.754038	0.000000	
-0.000000	3.961234	-163.135925	-407.984619	-422.060242	-568.276184	-239.634476	1110.451172	1529.183716	-1538.649658	-1015.591736	2324.501221	-874.317200	-3579.072266	-315.097565	-79.226891	-5163.545898	-6267.551270	-1628.411499	671.884277	-549.603210	3499.064453	6037.833496	5228.966797	6800.564453	5843.537109	1065.810669	-4385.869141	-7326.109863	-10698.221680	-9078.605469	-3052.708496	2970.222900	8987.528320	12323.413086	11418.157227	5245.787598	595.742859	-521.146973	-6365.750977	-9142.323242	-7579.998047	-8061.732422	-5277.142090	-1255.143921	1998.867065	6505.908203	4771.583008	372.443115	3092.682861	3028.022705	286.910522	-4.934753	-386.786072	-1799.295166	-2079.021973	-1058.083130	-514.937439	41.443497	365.069672	395.631470	222.321838	40.367397	0.000000	
-0.000000	-27.700567	-26.410431	22.639553	-30.579845	284.073730	662.443909	736.207581	1184.130615	1224.256592	263.077454	-1254.617676	-2397.071533	-3961.606445	-3772.126709	-1413.168091	1523.083130	5080.910645	7651.111328	7761.377930	3894.494141	482.177032	-459.266815	-6103.613770	-9534.968750	-8601.303711	-9960.490234	-7108.179688	-1846.506104	3219.514160	11508.182617	9305.248047	804.547302	7443.345703	8177.103027	876.877625	-17.250814	-1566.993530	-8588.268555	-11940.003906	-7515.105957	-4693.390137	510.477997	6561.302734	11741.333008	13707.897461	9133.554688	1971.387329	-1355.567017	862.991394	-941.036072	-5135.954102	-4305.304199	-2529.692627	-1974.273560	-656.831848	970.538513	1299.147339	719.954773	288.049377	182.858566	93.805969	18.611671	-0.000000	
0.000000	22.455997	124.089737	261.524384	216.689117	39.145840	-50.388687	-859.352783	-1660.251587	-1802.025391	-2458.579834	-2033.359253	-604.168823	1192.202637	4781.606934	4307.610352	412.559052	4207.939453	5076.834473	596.048828	-12.807076	-1268.279297	-7568.511230	-11448.323242	-7837.865723	-5325.762695	630.709534	8837.912109	17273.273438	22078.890625	16156.179688	3844.478271	-2928.280029	2077.013428	-2541.245605	-15696.890625	-15050.398438	-10248.590820	-9423.463867	-3772.242432	6893.313965	11841.059570	8868.003906	5177.037109	5426.775879	5783.878906	4211.089844	-213.026947	-5173.863770	-5883.148926	-5607.333984	-4866.200195	-3062.983398	-951.614685	1119.556152	1331.459229	1242.401733	1213.000122	369.125732	42.433743	46.423943	-59.599083	-31.174831	-0.000000	
0.000000	18.597744	82.338760	20.084230	-0.712584	-102.966042	-830.383057	-1611.856323	-1364.747925	-1115.779663	155.680054	2528.165039	5651.740723	8175.927246	6712.832031	1779.696289	-1501.575439	1174.195923	-1577.757202	-10669.804688	-11173.478516	-8294.913086	-8304.536133	-3616.904053	7189.369141	13436.486328	10956.660156	6973.340820	7983.606445	9315.916992	7448.919922	-415.432068	-11176.520508	-14159.328125	-15142.471680	-14872.448242	-10707.517578	-3855.294189	5343.786133	7646.685547	8824.241211	11055.872070	4546.686035	762.650696	1377.744141	-3674.754150	-7053.638672	-7559.359863	-5468.581055	-1505.228882	3680.060791	6677.538086	4139.014160	2866.178711	3680.335205	2471.214600	-709.774841	-739.253052	-298.804810	-496.111359	-269.163300	-128.514236	-27.822084	-0.000000	
-0.000000	5.189569	-25.588892	-359.525604	-621.690735	-673.427612	-911.136353	-509.238708	1251.830200	2815.025879	2704.467773	1994.787354	2612.201416	3449.732178	3094.998535	-192.312927	-5731.141602	-8004.679199	-9401.351562	-10109.398438	-7949.305176	-3120.363770	4709.273438	7331.800781	9203.225586	12545.505859	5617.554688	1027.271484	2026.869629	-5918.814453	-12477.053711	-14741.798828	-11813.166016	-3622.725098	9937.916992	20408.396484	14469.084961	11611.803711	17566.714844	14192.400391	-5041.222656	-6737.911133	-3680.511963	-8916.481445	-7988.080566	-7923.917969	-6295.043945	-3135.113770	-476.470093	580.457031	1380.819092	5403.499023	5614.259277	-1129.838623	-638.044006	2791.100586	-44.708824	-1757.161011	-767.468872	-217.217865	105.186302	52.427959	-5.001054	0.000000	
-0.000000	-35.378117	-152.476059	-340.642365	-442.298218	-253.328659	516.680298	1032.274170	1602.487671	2628.359863	1386.599121	293.860352	663.182983	-2191.767334	-5184.168945	-6824.313477	-6057.603027	-2048.031494	6170.053223	13872.403320	10741.908203	9398.257812	15480.871094	13607.967773	-5257.733887	-7645.756348	-4547.373047	-12010.279297	-11751.671875	-12762.812500	-11135.188477	-6113.905762	-1029.265137	1397.020874	3728.869141	16514.582031	19626.218750	-4577.336426	-3045.466553	16029.532227	-317.547394	-16015.618164	-9453.255859	-3904.000732	3121.661133	3232.597900	-1131.541870	2038.708130	-31.757837	4.150321	1499.796875	-982.499451	-2834.980713	-649.697876	2911.756348	1461.958496	-794.388672	-838.058167	-194.647247	185.279678	617.022339	170.521271	20.881533	0.000000	
-0.000000	-9.051643	100.069153	467.439117	597.678284	763.003418	1698.491577	1915.921387	-915.489197	-1601.832520	-1122.442627	-3435.649414	-3845.096436	-4726.135254	-4626.629395	-2830.265869	-527.790771	789.776428	2315.104980	11225.623047	14570.584961	-3704.763672	-2683.852539	15369.447266	-331.185455	-18173.513672	-11679.754883	-5258.592285	4592.435059	5206.646484	-2001.563843	3975.763428	-68.602913	9.988828	4050.165771	-3002.789062	-9910.470703	-2632.133057	13898.189453	8396.154297	-5642.198242	-7638.469238	-2397.556885	3329.983887	18311.648438	10513.983398	4724.669922	9856.311523	2738.915771	11387.549805	7168.983887	1924.665161	-7107.340332	-4022.390625	484.925171	9211.110352	12509.720703	8891.839844	7839.367676	700.880005	1763.754395	1758.386841	-195.438354	-0.000000	
-0.000000	3.490559	37.547585	378.254242	810.705322	-300.773529	-294.460236	2163.927490	-57.666805	-3807.461670	-2882.951660	-1504.268066	1502.624878	1928.048096	-831.642273	1840.471069	-35.178478	5.646974	2514.584961	-2041.115845	-7357.574219	-2130.372559	12247.940430	8050.406738	-5884.520020	-8667.652344	-2962.246826	4485.405273	26939.199219	16934.550781	8357.382812	19221.171875	5916.574219	27407.101562	19359.669922	5882.307129	-24845.703125	-16295.986328	2314.610596	52900.207031	88851.117188	81044.546875	96560.984375	12596.736328	52343.730469	108418.437500	-44220.019531	-62717.484375	-4965.962402	-21750.226562	26762.560547	11182.070312	-26699.576172	-4126.294434	3977.926025	11267.784180	7734.792480	23603.609375	9280.285156	-6505.320312	1344.527954	-4698.609863	2645.624268	0.000000	
-0.000000	0.024958	40.782856	-68.776649	-409.374390	-172.955612	1343.788940	1133.449707	-1024.626831	-1815.926025	-731.180908	1283.090942	8814.389648	6270.951660	3472.461182	8897.916992	3033.925049	15494.030273	12019.640625	3998.439697	-18445.552734	-13189.500000	2039.777344	50721.816406	92667.109375	91964.234375	119303.726562	16967.490234	77005.531250	174626.265625	-78219.984375	-122307.781250	-10727.414062	-52347.582031	72271.664062	34175.488281	-93335.859375	-16716.933594	18987.156250	64711.863281	54936.875000	215134.750000	114309.398438	-116918.437500	39902.160156	-289706.406250	598600.750000	2006097.250000	809045.250000	-314268.468750	185181.687500	792730.187500	186111.812500	-767882.562500	3429063.250000	2135878.500000	6041343.000000	11717910.000000	1083859.875000	-2022650.000000	-194718.203125	-135524.015625	-32688.845703	0.000000	
0.000000	68.478653	194.940826	134.729874	-1026.307983	-1070.797729	223.795197	7141.331543	16135.419922	19267.066406	29448.123047	4853.704590	25195.876953	64665.007812	-32500.111328	-56619.046875	-5500.847168	-29593.605469	44870.570312	23230.447266	-69292.929688	-13530.202148	16732.650391	62047.074219	57296.312500	244121.328125	141232.390625	-157486.234375	58702.101562	-466621.281250	1058854.000000	3912167.500000	1747690.125000	-756368.812500	500078.718750	2422802.000000	650606.062500	-3110937.000000	16367363.000000	12266536.000000	42909040.000000	106802712.000000	13350384.000000	-36352568.000000	-5778739.500000	-8356126.500000	-7396201.000000	14344872.000000	61048620.000000	110849872.000000	16029879.000000	-46287428.000000	-17051180.000000	-14710927.000000	-14154856.000000	-4904109.500000	-2200107.500000	4415140.000000	11939598.000000	631606.937500	-2503416.500000	-518770.656250	-147876.609375	-0.000000	
-0.000000	-130.794266	727.734375	782.764160	-3855.448730	-1098.457886	1835.831177	8735.861328	9976.571289	51144.906250	34860.843750	-45050.367188	19207.074219	-172792.265625	439949.875000	1811031.125000	896187.687500	-427597.250000	310478.781250	1646875.375000	483012.593750	-2517902.500000	14423928.000000	11761409.000000	44751904.000000	121192976.000000	16494764.000000	-48966004.000000	-8501398.000000	-13458958.000000	-13083005.000000	27974488.000000	131876520.000000	266789056.000000	43288308.000000	-141467136.000000	-59607184.000000	-59598652.000000	-67562960.000000	-28164726.000000	-15626409.000000	40241728.000000	147065360.000000	11351708.000000	-74295016.000000	-31986308.000000	-33458664.000000	-27239466.000000	-3203884.250000	2740340.250000	34800396.000000	64240716.000000	-4504369.000000	-18018506.000000	-6365711.000000	-9181009.000000	-8139759.000000	-1122367.625000	49581.687500	3304408.500000	4618930.000000	-131064.507812	-190426.687500	0.000000	
0.000000	-1889.842773	5035.507324	55492.476562	26874.753906	-204417.468750	1582528.500000	1655936.875000	7792308.500000	25390668.000000	4071455.750000	-14007171.000000	-2781620.750000	-4983921.500000	-5435940.000000	12950025.000000	67624176.000000	150823584.000000	26875968.000000	-96160872.000000	-44252620.000000	-48237424.000000	-59540640.000000	-27004922.000000	-16297534.000000	45663776.000000	181703264.000000	15290469.000000	-109299184.000000	-51519368.000000	-59184424.000000	-53120732.000000	-6920993.500000	6595342.000000	93977640.000000	196337328.000000	-15746285.000000	-72998704.000000	-30384364.000000	-52727332.000000	-57813176.000000	-10229804.000000	610719.750000	59389280.000000	137078064.000000	-8081162.000000	-43086076.000000	2412913.500000	-19261606.000000	-25491218.000000	-10256982.000000	-5719988.500000	11782157.000000	39106056.000000	3166864.000000	-16316385.000000	-4598964.000000	-4904260.000000	-4082191.000000	-1397178.000000	-163986.000000	233859.640625	360921.500000	0.000000	
0.000000	666591.937500	435888.531250	-3240199.500000	-2462209.500000	-3916185.250000	-6532531.000000	-3802133.500000	-2837765.750000	9566839.000000	44850400.000000	4373977.500000	-35762220.000000	-19077888.000000	-24590906.000000	-24590792.000000	-3548975.250000	3728538.000000	58346940.000000	133458344.000000	-11690107.000000	-59083044.000000	-26776572.000000	-50556056.000000	-60296144.000000	-11608135.000000	754560.937500	79995888.000000	201662512.000000	-13016081.000000	-76214176.000000	4705515.500000	-41608696.000000	-61351248.000000	-27698736.000000	-17481862.000000	41187836.000000	158431104.000000	15115852.000000	-93706416.000000	-32664448.000000	-44699808.000000	-50282164.000000	-25111120.000000	-4866686.000000	14419294.000000	81662344.000000	61206308.000000	-24305724.000000	-27993198.000000	-19042992.000000	-21725120.000000	-14760609.000000	-4428260.000000	1392787.625000	13018026.000000	19208088.000000	3539992.250000	-4594359.000000	-2359696.500000	-1154315.250000	-601895.625000	-96998.078125	-0.000000	
-0.000000	16478.943359	946301.250000	4496960.500000	-650435.937500	-4796693.500000	-2937805.000000	-7117994.000000	-10498909.000000	-2431975.000000	186250.703125	22883550.000000	65983104.000000	-4819921.500000	-31666706.000000	2178289.750000	-21336278.000000	-34683640.000000	-17197032.000000	-11883121.000000	30578018.000000	128229552.000000	13321020.000000	-89847648.000000	-34067324.000000	-50722520.000000	-62124988.000000	-33824056.000000	-7159630.000000	23224716.000000	144451040.000000	119360784.000000	-52504940.000000	-67372920.000000	-51425144.000000	-66397952.000000	-51599852.000000	-17940292.000000	6647955.500000	74763656.000000	136426704.000000	32265208.000000	-56590764.000000	-42410216.000000	-34257132.000000	-37111620.000000	-21946852.000000	-4624097.500000	18366580.000000	72878688.000000	42738688.000000	-22404252.000000	-21699786.000000	-11943332.000000	-10767594.000000	-7852487.000000	-3399295.750000	257989.921875	3158402.500000	3449870.750000	-46105.500000	-705704.062500	-112824.976562	-0.000000	
-0.000000	-153290.578125	-278910.468750	-400409.031250	1701356.625000	10410396.000000	1461522.375000	-12650018.000000	-5931884.500000	-10626677.000000	-15334510.000000	-9675678.000000	-2342600.000000	8600232.000000	60018868.000000	55254812.000000	-26923698.000000	-38087864.000000	-31927804.000000	-45133344.000000	-38307944.000000	-14520354.000000	5858588.000000	71684936.000000	142285984.000000	36612520.000000	-69919432.000000	-57125508.000000	-50397416.000000	-59774552.000000	-38821388.000000	-9017631.000000	39675272.000000	175401520.000000	115414808.000000	-68473568.000000	-75857688.000000	-48386244.000000	-51395116.000000	-45097516.000000	-24143724.000000	2351445.500000	38903452.000000	62003640.000000	-1368293.625000	-43512228.000000	-25527858.000000	-18568990.000000	-15649529.000000	-12250031.000000	-8160826.500000	2515070.750000	6955208.000000	1443661.125000	785418.125000	-341997.000000	-2709495.500000	-1877102.500000	-937800.250000	-500386.312500	35891.855469	293747.437500	49666.109375	-0.000000	
-0.000000	-168336.156250	-517821.843750	-1520795.625000	-2131448.500000	-1178843.875000	642777.937500	10092816.000000	24775176.000000	7670546.000000	-17258440.000000	-16341270.000000	-16489817.000000	-22134824.000000	-16130142.000000	-4174465.750000	20344848.000000	99159576.000000	71656416.000000	-46544224.000000	-56317060.000000	-39162424.000000	-45292544.000000	-43240432.000000	-25180652.000000	2668271.750000	48066276.000000	83517360.000000	-2012966.625000	-70083816.000000	-45155764.000000	-36212104.000000	-33805932.000000	-29482888.000000	-22038118.000000	7686749.000000	24313882.000000	5848731.500000	3748902.500000	-1964118.500000	-19244370.000000	-17108824.000000	-11551303.000000	-8993314.000000	1065178.750000	18111850.000000	11237488.000000	-127180.210938	6354510.500000	-1868022.375000	-9363511.000000	-5820339.500000	-3698541.000000	-2298454.000000	1428225.750000	4709607.500000	1616933.125000	546805.062500	950699.250000	-484586.218750	-540137.500000	-152685.625000	-33645.789062	-0.000000	
0.000000	438253.562500	1162161.250000	-1568336.125000	-3133473.250000	-3179425.750000	-4969294.000000	-6087997.500000	-4384515.500000	559019.187500	11864353.000000	23890900.000000	-658634.000000	-25952398.000000	-18762050.000000	-16763403.000000	-17335144.000000	-16667532.000000	-13682582.000000	5224991.000000	18050726.000000	4733794.000000	3303763.750000	-1883237.500000	-20070880.000000	-19414012.000000	-14271951.000000	-12113771.000000	1567038.750000	29172204.000000	19877790.000000	-248019.031250	13726940.000000	-4495882.000000	-25285938.000000	-17788562.000000	-12929288.000000	-9311770.000000	6817106.500000	27047686.000000	11484374.000000	4983847.000000	11710186.000000	-8709343.000000	-16029904.000000	-9414275.000000	-7612719.000000	-4598414.000000	6282291.000000	12256584.000000	3415684.000000	4595010.500000	3988918.750000	-4420057.000000	-4451633.500000	-2359382.000000	-1686433.500000	-535636.000000	1194191.000000	1133069.625000	165640.531250	86790.445312	-1173.153809	-0.000000	
-0.000000	-73665.148438	-221911.281250	176059.265625	1004339.875000	384316.000000	362474.093750	-265148.718750	-3494790.000000	-4067354.000000	-3522791.500000	-3465254.000000	512728.312500	10802617.000000	8259147.000000	-114813.632812	7038956.000000	-2541652.500000	-15699022.000000	-12091598.000000	-9598757.000000	-7536677.000000	6007654.000000	25933882.000000	11977607.000000	5655355.000000	14468255.000000	-11731269.000000	-23582408.000000	-15163285.000000	-13466000.000000	-8967545.000000	13570932.000000	29498658.000000	9223973.000000	14043618.000000	13944385.000000	-17907060.000000	-21248222.000000	-13550136.000000	-11978006.000000	-4882046.500000	14709383.000000	20364368.000000	4915788.500000	5351316.500000	-265438.593750	-10837191.000000	-8042614.500000	-5644977.000000	-1077166.500000	5269469.500000	8854116.000000	16879684.000000	18872516.000000	597815.625000	-7584590.500000	-3508658.500000	-1057477.500000	-688507.437500	-514216.593750	-80510.156250	48337.011719	0.000000	
0.000000	-11233.289062	-254614.968750	-407433.781250	-534073.500000	-611869.812500	659132.750000	3651337.250000	2085569.625000	1184831.250000	3571245.750000	-3355836.000000	-7716062.500000	-5615042.500000	-5595073.000000	-4151279.750000	6958957.500000	16676448.000000	5726794.000000	9546009.000000	10352369.000000	-14493456.000000	-18725242.000000	-12992151.000000	-12492439.000000	-5539838.500000	18173844.000000	27430298.000000	7231867.000000	8619202.000000	-469529.531250	-21134024.000000	-17373562.000000	-13586106.000000	-2908862.500000	16104951.000000	30952046.000000	68384976.000000	90080960.000000	3433307.000000	-53870056.000000	-31979618.000000	-13025421.000000	-12374366.000000	-15260637.000000	-4964087.000000	10936766.000000	36797912.000000	40021672.000000	-9509031.000000	-21503066.000000	-9759811.000000	-7674346.500000	-5822294.000000	-4007039.250000	-763422.062500	5290263.000000	12589852.000000	5366684.500000	-2494827.000000	-1250019.250000	-357096.062500	-82387.132812	-0.000000	
0.000000	73704.554688	92880.148438	321658.625000	576004.312500	-1176660.250000	-2054449.250000	-1829218.000000	-2175213.500000	-1160629.875000	4485908.500000	7846685.500000	2366235.750000	3191734.750000	-195087.765625	-9783419.000000	-8908886.000000	-7680620.000000	-1805995.750000	10947179.000000	22978926.000000	55348824.000000	79384888.000000	3291926.000000	-56183676.000000	-36288452.000000	-16093264.000000	-16667964.000000	-22450700.000000	-7995503.500000	19345846.000000	71761024.000000	86454352.000000	-22885958.000000	-58068516.000000	-29828672.000000	-26827830.000000	-23587968.000000	-19126118.000000	-4384399.000000	37574444.000000	114750016.000000	66103844.000000	-44838884.000000	-37097384.000000	-22017792.000000	-18640970.000000	-15715550.000000	-14617404.000000	-4797745.000000	16359176.000000	48744248.000000	24143842.000000	-16512938.000000	-11252131.000000	-5861969.500000	-4436444.500000	-2735502.500000	-1965196.875000	-496928.156250	1069301.875000	1577861.875000	252430.734375	-0.000000	
-0.000000	-33945.878906	-29290.585938	368871.906250	1278544.250000	4493528.500000	8709753.000000	463483.718750	-9782836.000000	-7602651.500000	-3972352.000000	-4768022.500000	-7345772.500000	-2960776.000000	8038127.000000	33219806.000000	44332416.000000	-12938096.000000	-36052408.000000	-20275742.000000	-19917092.000000	-19091420.000000	-16855112.000000	-4203852.500000	39188196.000000	130211080.000000	81673104.000000	-60396860.000000	-54575852.000000	-35463388.000000	-32973674.000000	-30647498.000000	-31576346.000000	-11547021.000000	44177564.000000	148975856.000000	84401576.000000	-66899172.000000	-53707880.000000	-33665800.000000	-31510140.000000	-24932696.000000	-24206204.000000	-8931162.000000	31734152.000000	97287648.000000	57115152.000000	-30780328.000000	-26852684.000000	-18429068.000000	-17199092.000000	-11064429.000000	-8791282.000000	-4665439.000000	7655064.000000	25876358.000000	14240686.000000	-5628493.000000	-4356144.000000	-1886736.000000	-1057491.000000	-370342.687500	-95577.734375	-0.000000	
0.000000	-57182.238281	-584716.812500	-683203.562500	-1108184.250000	-1549948.750000	-1849267.125000	-591877.625000	6823542.500000	27280014.000000	20159634.000000	-17277070.000000	-17856982.000000	-13132274.000000	-13700438.000000	-14187422.000000	-16191847.000000	-6527866.000000	27428074.000000	101264848.000000	62660080.000000	-54146256.000000	-47330692.000000	-32279466.000000	-32863442.000000	-28292050.000000	-29907426.000000	-12030053.000000	46685728.000000	156698240.000000	101029952.000000	-60025904.000000	-58006856.000000	-44354348.000000	-46445736.000000	-33815944.000000	-30732394.000000	-18901180.000000	36538612.000000	148610176.000000	101145416.000000	-51300816.000000	-53656568.000000	-33909820.000000	-31383636.000000	-22834552.000000	-21625484.000000	-12822082.000000	9313430.000000	44005632.000000	50115504.000000	533138.750000	-21510846.000000	-12452802.000000	-7317019.000000	-5276906.500000	-4300115.500000	-2699454.250000	52081.406250	2330158.000000	2298901.000000	337870.187500	-132510.937500	-0.000000	
-0.000000	-28851.078125	444842.875000	3412181.250000	3486398.000000	-4395897.500000	-5192910.500000	-4544758.000000	-5722261.500000	-5927357.000000	-7382146.500000	-3441306.000000	15275369.000000	58026168.000000	41977568.000000	-27787352.000000	-29744992.000000	-25074800.000000	-28836292.000000	-22986052.000000	-22815856.000000	-15298068.000000	32200074.000000	142490512.000000	105489424.000000	-58212928.000000	-66294156.000000	-45675684.000000	-46170064.000000	-36778916.000000	-38252924.000000	-25004836.000000	20118764.000000	105911000.000000	135335728.000000	1629418.875000	-75197200.000000	-50450268.000000	-34925076.000000	-30305730.000000	-30541856.000000	-24604136.000000	641509.875000	41879328.000000	68225520.000000	20832366.000000	-29982016.000000	-24023226.000000	-19167360.000000	-14788228.000000	-10039153.000000	-7312380.500000	-5785293.000000	-853236.562500	4457553.000000	1039036.437500	816654.687500	864862.062500	-1045096.875000	-791328.625000	-310770.312500	-103138.265625	-22088.382812	-0.000000	
-0.000000	-110822.578125	-467682.062500	-774529.062500	-1269471.000000	-1241983.125000	3532847.250000	20061822.000000	18368072.000000	-12195963.000000	-16363599.000000	-13065944.000000	-15106646.000000	-13619421.000000	-15893947.000000	-11575306.000000	10316582.000000	59874560.000000	84024512.000000	1107581.250000	-55826712.000000	-40832988.000000	-30778128.000000	-29057762.000000	-31853572.000000	-27919220.000000	792602.937500	56410416.000000	100370040.000000	33554054.000000	-53034644.000000	-46848620.000000	-41405108.000000	-35591720.000000	-27110496.000000	-22348650.000000	-20224114.000000	-3456733.250000	21276478.000000	5967276.500000	5800344.000000	7882773.000000	-12872924.000000	-14222345.000000	-9222870.000000	-6359288.500000	-4997733.000000	-4270498.500000	6617212.000000	13634178.000000	4140086.750000	6607436.500000	3874233.250000	-4924569.500000	-3510699.750000	-2215414.500000	-1571574.875000	-848529.000000	-601990.812500	205825.484375	685191.562500	167628.781250	45944.441406	0.000000	
0.000000	264626.375000	1362753.500000	37320.628906	-3106190.500000	-3315051.500000	-3376838.000000	-4091161.250000	-5546420.500000	-5849247.000000	195640.734375	16136712.000000	32840644.000000	12425239.000000	-22035696.000000	-21687288.000000	-21231880.000000	-20121030.000000	-16831816.000000	-15191271.000000	-15014466.000000	-2797780.000000	18750142.000000	5721548.000000	6049458.000000	8944873.000000	-15904849.000000	-19157146.000000	-13568234.000000	-10242712.000000	-8840399.000000	-8328064.000000	14294425.000000	32814196.000000	11180206.000000	20194148.000000	13543469.000000	-19951000.000000	-16757024.000000	-12723317.000000	-11162214.000000	-7733905.000000	-7414989.000000	3699248.250000	20334738.000000	10335638.000000	10395422.000000	12710765.000000	-7336911.500000	-10517984.000000	-6217441.500000	-4766584.500000	-2809311.250000	-1903763.000000	-1489126.375000	2266913.750000	3224980.750000	694099.250000	1512291.125000	540620.187500	-471547.281250	-185392.265625	-36997.050781	-0.000000	
-0.000000	-88928.507812	-272987.218750	-511879.187500	-835402.750000	-227139.500000	2057181.375000	805560.187500	1053346.125000	1874005.375000	-3925845.000000	-5480075.500000	-4439467.500000	-3792929.000000	-3673152.500000	-3855249.750000	7329953.500000	18550818.000000	6941340.000000	13726770.000000	10054727.000000	-16147762.000000	-14767321.000000	-12199380.000000	-11641611.000000	-8775947.000000	-9161422.000000	4982795.500000	29915470.000000	16647297.000000	18388272.000000	24787754.000000	-15849111.000000	-25314264.000000	-16790052.000000	-14567996.000000	-9820736.000000	-7712750.500000	-7107793.000000	13019082.000000	22905640.000000	6326357.500000	18627564.000000	9716427.000000	-13994320.000000	-11430897.000000	-8370978.500000	-6979516.500000	-4131328.750000	-3069132.750000	-2625228.750000	5298270.000000	7792429.000000	1202685.875000	3456489.000000	2469415.000000	-2015771.250000	-1645243.375000	-841195.500000	-531388.125000	-217178.265625	-58688.101562	-18701.941406	0.000000	
0.000000	81988.671875	112578.289062	462531.937500	559443.625000	-1310966.125000	-1620204.125000	-1717600.625000	-2027065.125000	-1838614.375000	-2261343.250000	1425374.000000	9788213.000000	6164579.500000	7640258.500000	11474813.000000	-8127171.500000	-14310888.000000	-10424269.000000	-9902450.000000	-7290954.500000	-6242477.000000	-6263825.000000	12482965.000000	23889394.000000	7178751.000000	23014864.000000	13087786.000000	-20587758.000000	-18411396.000000	-14807272.000000	-13611024.000000	-8924448.000000	-7386666.500000	-7089368.000000	16192974.000000	27240622.000000	4872463.500000	16498269.000000	14182065.000000	-14317149.000000	-14995547.000000	-10361380.000000	-9550502.000000	-6445297.000000	-3618585.000000	-4231514.000000	431021.406250	10274151.000000	5652701.000000	902753.625000	6855055.000000	1139656.250000	-4453242.000000	-2599214.750000	-1578505.125000	-1217082.000000	-631739.312500	-267623.437500	-222345.875000	89308.820312	237786.078125	66250.382812	0.000000	
-0.000000	-63249.539062	-169066.250000	-333669.125000	-405667.687500	-506799.375000	-687238.687500	1757527.750000	4159678.750000	1503992.000000	5680833.000000	3743880.000000	-6736225.500000	-6817835.000000	-6152366.000000	-6300851.500000	-4576315.000000	-4175896.750000	-4401503.500000	11007012.000000	20223550.000000	3943631.250000	14539291.000000	13598058.000000	-14932044.000000	-17016000.000000	-12801767.000000	-12864289.000000	-9482005.000000	-5828344.500000	-7485048.500000	840551.500000	22194100.000000	13604696.000000	2437864.750000	20950938.000000	3983988.250000	-18041502.000000	-12406388.000000	-9065492.000000	-8644406.000000	-5757978.500000	-3296437.250000	-3996165.250000	2650458.000000	14661390.000000	14989857.000000	13643922.000000	5521545.500000	-4707208.000000	-6260198.000000	-5442852.000000	-3305914.750000	-2333291.000000	-1166437.875000	-350267.968750	-659591.250000	66932.156250	330179.281250	513628.000000	1708530.125000	622607.562500	-53507.410156	-0.000000	
-0.000000	-18456.125000	-71385.890625	370888.031250	1125235.500000	320166.156250	1595185.625000	1914526.250000	-2600003.250000	-3564955.500000	-3159901.500000	-3679946.750000	-3102471.000000	-2158266.000000	-3110009.500000	389110.343750	11380781.000000	7691129.000000	1513572.125000	14241191.000000	2957729.250000	-14602270.000000	-10933273.000000	-8692181.000000	-9015667.000000	-6533790.500000	-4072838.250000	-5382735.000000	3899224.000000	23614652.000000	26515286.000000	26607538.000000	11927579.000000	-11329121.000000	-16905516.000000	-16634856.000000	-11556753.000000	-9452905.000000	-5567558.500000	-2011619.250000	-4684790.500000	610052.187500	4066965.500000	9231304.000000	50704816.000000	38388672.000000	-12106624.000000	-10318806.000000	-9209657.000000	-9104657.000000	-4057861.250000	-4436152.500000	-2664754.250000	-2289613.000000	-1668660.625000	59366.074219	210377.437500	1265240.250000	4515966.500000	2116806.750000	-530404.750000	-279278.437500	-55036.800781	-0.000000	
0.000000	33992.328125	24547.906250	479865.656250	164567.640625	-1185494.375000	-1199549.625000	-1223807.750000	-1569829.500000	-1368868.875000	-1005311.750000	-1539780.250000	1275809.250000	8744627.000000	11017002.000000	12317233.000000	6116272.500000	-6404681.000000	-10495955.000000	-11307377.000000	-8579781.000000	-7650908.000000	-4906475.500000	-1928782.250000	-4885993.500000	692248.687500	5024847.000000	12434337.000000	74594440.000000	61831464.000000	-21415188.000000	-20123100.000000	-19894594.000000	-21912726.000000	-10958158.000000	-13558105.000000	-9315396.000000	-9275952.000000	-7964733.000000	340944.531250	1494219.625000	11532014.000000	55625172.000000	38044824.000000	-15741060.000000	-17219722.000000	-12452664.000000	-9899547.000000	-7265506.500000	-4865168.500000	-1889773.875000	-2878238.250000	-1782708.125000	-229534.906250	-890919.625000	-961328.875000	3285867.000000	3598654.250000	-431877.437500	-794756.250000	-266368.406250	-129968.093750	-24466.679688	-0.000000	
0.000000	-28306.638672	-170228.890625	-381009.000000	-477377.781250	-621143.750000	-538316.437500	-271561.125000	-850760.937500	145030.312500	1240299.125000	3556955.000000	24406980.000000	22896508.000000	-8897930.000000	-9315440.000000	-10201631.000000	-12387900.000000	-6803479.500000	-9215987.000000	-6915788.500000	-7507687.500000	-7019013.000000	326904.656250	1558393.625000	13085801.000000	68726424.000000	51245432.000000	-23157476.000000	-27735280.000000	-22027292.000000	-19305490.000000	-15694863.000000	-11709294.000000	-5103289.500000	-8796689.000000	-6231956.500000	-929919.000000	-4252474.500000	-5520995.000000	23338088.000000	32799882.000000	-5319626.500000	-14283950.000000	-7905134.500000	-8013559.500000	-5535848.000000	-3387803.750000	-2936403.250000	-2786541.750000	-713458.625000	560657.750000	-806375.375000	-688611.437500	-209400.953125	1246577.875000	1502820.125000	-269724.093750	-448743.906250	-190777.015625	-107905.265625	-38294.218750	-10254.342773	-0.000000	
-0.000000	-54750.550781	-110342.390625	-310538.312500	-384793.500000	-609516.250000	-770094.562500	46026.246094	271351.250000	2741555.000000	16963964.000000	14659221.000000	-7577026.000000	-10270517.000000	-9152257.000000	-8936949.000000	-8048076.000000	-6619603.500000	-3168427.000000	-5979461.500000	-4626630.000000	-752649.562500	-3747542.500000	-5293644.500000	24340416.000000	37219236.000000	-6572544.000000	-19240126.000000	-11629646.000000	-12907196.000000	-9792261.000000	-6606686.500000	-6343184.000000	-6706538.000000	-1926678.125000	1713524.625000	-2818911.500000	-2789784.250000	-999497.812500	7159205.500000	10673880.000000	-2458396.500000	-5527378.500000	-3428786.000000	-3202353.000000	-2361141.000000	-2320154.750000	-1216542.375000	-343978.187500	-160414.328125	596954.125000	-51219.156250	-247312.031250	98501.343750	-312303.468750	121809.882812	244652.578125	-129941.226562	-113617.875000	-57026.675781	-40319.574219	-11761.312500	-1738.769897	-0.000000	
-0.000000	-29256.527344	-51387.210938	-201481.625000	-257425.046875	-61104.320312	-411163.500000	-745313.875000	4238211.500000	7797656.500000	-1622322.125000	-5503812.500000	-3805170.000000	-4779601.000000	-4068647.750000	-3058385.000000	-3252683.750000	-3791400.500000	-1196197.000000	1164751.250000	-2092771.500000	-2257970.750000	-880819.000000	6864394.500000	11132303.000000	-2789633.000000	-6829227.000000	-4618489.500000	-4711145.000000	-3803017.750000	-4104079.500000	-2372426.250000	-743057.687500	-386078.812500	1612060.500000	-156539.859375	-864548.625000	399060.343750	-1490664.875000	699564.687500	1737661.125000	-1184347.375000	-1399482.000000	-1024925.687500	-1196582.125000	-725177.812500	-393415.281250	-327936.343750	-3828.240723	32585.533203	-147919.656250	449336.000000	529888.750000	-43902.984375	-201020.765625	1308.599243	63385.058594	-9288.175781	-82036.226562	-50335.636719	69523.570312	24413.632812	1563.421387	0.000000	
-0.000000	-16756.775391	-19400.548828	39247.003906	-116441.515625	-183314.765625	-96639.500000	966466.187500	1938383.250000	-584445.125000	-1685680.000000	-1321160.875000	-1541466.250000	-1408277.000000	-1705229.625000	-1098249.875000	-381028.156250	-218261.562500	1000863.562500	-106406.406250	-641844.437500	322987.906250	-1313665.750000	670757.125000	1812290.375000	-1343922.625000	-1729098.250000	-1380549.500000	-1760353.000000	-1168021.750000	-695905.125000	-639521.312500	-8269.720703	78425.562500	-399453.531250	1373294.625000	1852374.750000	-177864.984375	-959498.125000	7515.399414	450196.562500	-84656.937500	-1010476.687500	-904669.375000	2063282.125000	1505293.250000	353740.812500	2825850.000000	1331001.250000	-755659.562500	865775.562500	995592.937500	-745691.687500	-703215.000000	-211419.671875	-437446.937500	-38605.859375	12299.534180	-99569.320312	71902.226562	5632.602539	-21296.001953	-3906.034424	-0.000000	
-0.000000	-964.646179	16232.529297	-3585.428955	-35712.136719	26221.972656	-144129.500000	94438.640625	315560.343750	-281559.968750	-426798.875000	-394918.718750	-575979.875000	-432524.468750	-289145.968750	-296048.937500	-4240.581055	44336.246094	-248004.625000	933483.312500	1375210.750000	-143958.781250	-845568.812500	7205.920410	469531.656250	-96063.351562	-1248471.500000	-1218567.250000	3035399.500000	2424529.750000	625725.687500	5510799.000000	2875213.500000	-1818691.250000	2338006.500000	3042806.500000	-2606774.500000	-2848948.000000	-1009133.500000	-2512295.750000	-274200.687500	112103.921875	-1226439.625000	1292280.250000	167161.281250	-1313066.750000	-883782.062500	-731205.187500	955555.750000	2520914.000000	998602.437500	-672437.562500	323073.968750	810052.312500	-482721.968750	-365271.906250	126017.476562	-132016.328125	-17098.576172	229015.968750	49683.582031	-58228.312500	-3228.289307	0.000000	
-0.000000	195.952011	-4022.269043	31454.291016	76516.531250	-11687.381836	-92772.007812	1014.551025	81755.984375	-20125.857422	-308164.250000	-348582.218750	993169.625000	897815.875000	259986.687500	2551074.000000	1474363.750000	-1028158.937500	1451574.125000	2068317.375000	-1935280.125000	-2305856.250000	-889310.562500	-2408841.250000	-285977.093750	127208.453125	-1515299.625000	1740669.375000	245919.468750	-2114916.500000	-1563306.000000	-1425951.375000	2064180.500000	6067235.500000	2696702.250000	-2055154.500000	1129395.750000	3281780.000000	-2304094.250000	-2097788.250000	895047.500000	-1203261.000000	-210610.781250	4116044.750000	1474482.000000	-3590235.500000	-730434.937500	8861881.000000	5188277.500000	-1079187.125000	98550.148438	-1636012.000000	14825.871094	2293898.000000	-96202.046875	-652683.625000	404633.000000	100761.960938	-350771.593750	-99085.484375	-54189.847656	-48998.687500	-11999.306641	-0.000000	
0.000000	-4544.133301	23542.390625	69693.218750	-107678.718750	-187202.359375	-97571.156250	-339150.625000	-49795.015625	26650.945312	-374026.281250	497934.281250	80463.789062	-783164.500000	-649547.812500	-660105.250000	1058478.875000	3429984.250000	1674273.875000	-1396970.750000	838468.062500	2656178.000000	-2030509.875000	-2011402.875000	933488.125000	-1365384.500000	-260215.375000	5544210.000000	2169185.750000	-5782682.500000	-1292053.125000	17281896.000000	11207656.000000	-2597344.750000	266132.343750	-5000103.500000	51827.992188	9293312.000000	-459184.812500	-3748418.500000	2873932.500000	918393.437500	-4320610.000000	-1780837.875000	-1608216.375000	-3021156.000000	-2714971.500000	-1954852.125000	-1720399.250000	-908279.937500	-249007.828125	-936927.875000	-753184.875000	-270000.875000	-390892.281250	-135343.593750	641841.937500	289302.843750	-180940.562500	-99368.710938	-34990.324219	-15417.981445	-2862.898193	-0.000000	
0.000000	15159.431641	27154.251953	-47071.785156	46652.246094	215643.437500	-222778.406250	-283193.656250	162541.187500	-286056.375000	-64229.796875	1585971.625000	709748.187500	-2141357.000000	-536843.250000	8000181.500000	5747108.000000	-1468354.250000	165230.875000	-3398770.500000	38477.312500	7521738.000000	-404661.937500	-3594061.250000	2997362.750000	1042134.875000	-5338231.500000	-2398744.250000	-2365929.250000	-4866084.000000	-4802463.500000	-3812232.500000	-3716386.250000	-2186012.000000	-672439.750000	-2863509.750000	-2632969.250000	-1093859.625000	-1865779.500000	-777290.000000	4558724.500000	2636846.500000	-2228725.500000	-1785928.250000	-1038423.625000	-950640.312500	-647761.375000	-460347.000000	-377504.156250	-300483.531250	-200779.687500	-120269.125000	-82249.281250	-59386.937500	-44140.851562	-9521.051758	10238.732422	-10282.804688	-16696.521484	-2347.678711	3544.741943	595.478027	-166.428589	-0.000000	
0.000000	-6489.655762	2679.800781	-114523.656250	2140.872314	610656.937500	-44397.687500	-506022.593750	521907.968750	218333.609375	-1317652.750000	-686182.625000	-774121.812500	-1801935.875000	-1995405.625000	-1764768.875000	-1905703.750000	-1235816.000000	-417490.781250	-1946442.125000	-1954727.125000	-885338.375000	-1644239.750000	-745281.750000	4754513.500000	2992127.000000	-2753651.250000	-2405601.000000	-1527677.875000	-1531167.375000	-1145813.250000	-897740.375000	-815480.062500	-723191.750000	-542200.750000	-367575.593750	-287525.437500	-240595.390625	-210690.000000	-54680.226562	72721.273438	-93722.476562	-205658.484375	-42194.222656	105198.906250	36715.921875	-37656.250000	-64593.718750	-65281.191406	-31385.244141	-26960.886719	-24180.978516	-13144.218750	2189.110352	8179.301270	9865.115234	4594.172363	-2146.583008	-3039.421875	-2758.980225	-1279.048828	-133.394608	111.057846	0.000000	
-0.000000	-5461.910645	-6771.084473	-65586.562500	-108760.742188	-71876.742188	-180398.593750	-104931.273438	827867.312500	626868.812500	-679692.562500	-688144.000000	-499849.625000	-566999.125000	-476081.125000	-415584.406250	-418165.187500	-408841.281250	-336630.656250	-249855.843750	-213460.078125	-194730.968750	-185673.000000	-52428.535156	75844.515625	-106350.351562	-254096.687500	-56834.570312	154763.468750	59137.214844	-66609.453125	-125966.703125	-141019.671875	-75536.757812	-72807.234375	-73903.734375	-45949.304688	8868.784180	39040.863281	56656.214844	32630.412109	-19565.000000	-37437.914062	-49586.441406	-37958.906250	-8224.832031	25128.025391	21871.111328	-6558.020508	-14681.994141	-15774.969727	-16540.916016	-9211.460938	-3394.539062	-7127.600098	-3302.905273	-745.016174	2.723194	1196.933105	-187.876450	-664.025146	-92.493950	34.718655	0.000000	
-0.000000	-1806.947510	-5459.652344	-8419.045898	-11876.888672	-15809.353516	-20371.207031	-7381.627930	13206.229492	-22281.044922	-62719.500000	-16258.044922	50637.937500	21898.814453	-27675.980469	-58312.843750	-72312.640625	-42703.121094	-45203.085938	-50235.328125	-34112.953125	7178.137207	34405.214844	54323.152344	34031.828125	-22201.126953	-46255.566406	-66791.703125	-55843.281250	-13247.485352	44448.507812	42651.695312	-14166.559570	-35336.039062	-42599.929688	-50553.597656	-32201.246094	-13752.358398	-34020.957031	-18968.871094	-5291.526367	24.820513	14743.157227	-3376.654785	-19706.572266	-5702.982422	7855.466797	20247.386719	8497.941406	-15096.833984	-2136.252197	14977.271484	12749.328125	6368.883789	-1823.968750	1020.760376	1596.016846	-1938.135864	-1461.429199	-243.026459	-697.075806	-197.001801	432.308624	0.000000	
-0.000000	-188.734116	-733.127319	-1692.710083	-1898.039917	582.761536	3774.785400	7648.378906	5925.703613	-4651.271484	-11417.410156	-19106.373047	-18271.679688	-4905.611816	18468.189453	19744.437500	-7264.386230	-19976.488281	-26448.583984	-34363.304688	-23906.337891	-11130.761719	-29981.361328	-18187.746094	-5518.787598	28.164751	18215.574219	-4548.270020	-28991.343750	-9185.620117	13895.392578	39485.207031	18357.152344	-36334.457031	-5768.897949	45774.667969	44568.851562	25802.376953	-8706.039062	5862.315430	11335.815430	-17665.111328	-18001.074219	-4367.852051	-20687.431641	-12146.717773	97814.453125	169723.203125	84293.351562	13999.314453	7444.875977	-36142.421875	-44786.632812	-18582.962891	-678.910217	-2210.949219	-1205.310913	4613.776855	7623.669434	7282.516113	4357.413086	1858.220581	875.309265	0.000000	
-0.000000	-88.289680	-428.957001	-1157.892578	-1330.145264	-903.657776	-3289.420166	-2560.727295	-960.944580	5.900687	4496.208496	-1301.073975	-9485.841797	-3401.482422	5773.483887	18278.597656	9413.255859	-20540.923828	-3581.676758	31114.875000	33088.097656	20883.699219	-7672.297852	5620.909668	11822.667969	-20045.251953	-22240.818359	-5883.388184	-30434.333984	-19564.347656	173022.203125	330983.781250	182089.515625	33692.992188	20104.710938	-110461.203125	-156564.234375	-75285.500000	-3240.526367	-12697.672852	-8560.799805	42052.199219	93904.132812	130886.789062	129316.906250	114573.976562	198048.078125	281709.625000	197687.125000	-23662.052734	-144995.859375	-83414.523438	-70853.250000	-22982.015625	34333.058594	323.605591	-18757.025391	62267.027344	43459.082031	-16652.246094	45637.035156	32159.152344	-880.772278	-0.000000	
0.000000	-90.784302	-58.089512	1048.434692	1841.017212	1695.456055	-841.770020	791.390869	2058.591309	-4199.602539	-5489.772461	-1682.996582	-9957.982422	-7244.778320	71890.078125	153219.890625	93372.609375	19047.626953	12482.206055	-75084.898438	-116233.937500	-60933.906250	-2855.751221	-12174.791992	-8928.470703	47718.179688	116021.117188	176301.250000	190244.687500	184540.812500	350323.656250	549372.812500	427041.437500	-56948.882812	-391557.875000	-254937.765625	-247687.421875	-93107.468750	163876.125000	1858.494995	-133223.015625	567531.937500	535304.875000	-299286.531250	1354390.875000	1982865.750000	-199284.140625	-630251.062500	-22409.152344	312629.843750	-123382.226562	-314515.250000	-39746.156250	-65986.593750	-149815.203125	-44051.105469	82823.921875	81918.554688	26656.398438	47433.214844	71992.117188	12983.652344	15412.688477	0.000000	
0.000000	84.184402	202.442963	-2530.031738	-6467.239746	-4946.957031	-313.320190	-1714.138672	-1554.646729	9997.250000	28637.865234	50432.574219	62247.242188	68336.406250	145558.171875	254317.140625	218980.046875	-32194.857422	-243102.531250	-173291.406250	-183884.171875	-75358.492188	144417.734375	1781.963501	-138944.703125	643999.375000	661383.750000	-403131.531250	1992513.375000	3193741.250000	-352510.093750	-1229076.875000	-48407.992188	752425.062500	-333190.781250	-961245.312500	-138943.843750	-267332.718750	-715087.312500	-252989.328125	588262.375000	746645.500000	328338.718750	852504.937500	2136542.250000	800544.687500	3487285.500000	5954564.000000	1329561.125000	-1212519.875000	-333283.843750	-592602.625000	-1138342.250000	-913240.187500	-539157.875000	-205864.000000	19958.642578	-91404.773438	-134735.437500	-61686.101562	-8668.432617	14471.307617	8960.959961	0.000000	
0.000000	-142.290955	-3942.764160	-5839.160156	-10231.289062	-6118.025879	15844.864258	250.889923	-24193.384766	134921.796875	163251.484375	-115319.437500	651941.750000	1182658.875000	-146466.625000	-568967.562500	-24822.847656	425367.687500	-206864.750000	-653396.875000	-103152.484375	-216371.375000	-630179.000000	-242571.406250	613527.187500	847246.125000	405671.468750	1148303.000000	3143176.250000	1289412.875000	6168596.000000	11612225.000000	2872102.500000	-2918244.500000	-900025.062500	-1811157.000000	-3979394.750000	-3699827.000000	-2573470.250000	-1182294.875000	141757.578125	-833107.437500	-1659596.500000	-1108668.375000	-257256.984375	892270.437500	2027513.000000	1751643.875000	-293234.125000	137662.359375	7600976.000000	5762342.500000	889418.000000	-58754.906250	-1239253.000000	-1498208.250000	-954747.312500	-624530.500000	-242863.921875	-41500.878906	18202.419922	4312.234375	-7646.339355	-0.000000	
-0.000000	1879.989014	-3355.041016	-22016.607422	-5739.389648	-17566.244141	-69140.406250	-34152.621094	106828.820312	177503.234375	100133.187500	328482.500000	1028433.750000	477476.218750	2563028.500000	5375562.500000	1472768.375000	-1649768.250000	-558789.375000	-1231115.875000	-2954319.000000	-2994533.000000	-2267900.500000	-1133608.750000	147845.796875	-945357.750000	-2050476.750000	-1493348.750000	-378463.843750	1437152.750000	3586431.000000	3415948.250000	-633440.937500	331320.281250	20526254.000000	17611308.000000	3109210.000000	-238034.843750	-5915115.000000	-8604340.000000	-6781156.000000	-5692274.000000	-2991463.000000	-745884.625000	540201.437500	265883.312500	-1730066.000000	-1781491.375000	-892479.062500	-2553310.000000	4755589.500000	8521385.000000	2052537.125000	438685.281250	-379631.718750	-1096907.375000	-911650.875000	-611626.375000	-289277.187500	-84558.812500	-19173.781250	23733.550781	230.089096	-0.000000	
0.000000	-7291.447266	-9062.739258	-41483.203125	-164377.890625	-243113.015625	-248823.843750	-159605.421875	25743.265625	-198058.203125	-506125.781250	-427186.000000	-123831.742188	532185.062500	1490148.625000	1581319.875000	-324818.406250	187304.968750	12743926.000000	11971110.000000	2308290.250000	-192658.531250	-5212763.500000	-8250020.000000	-7072394.000000	-6459233.500000	-3696034.250000	-1004688.000000	794717.812500	428250.125000	-3060282.250000	-3474155.000000	-1927922.875000	-6145205.000000	12842357.000000	26043700.000000	7175219.500000	1777253.875000	-1812031.375000	-6299634.000000	-6475061.000000	-5574660.000000	-3563156.000000	-1519753.750000	-569028.937500	1463360.875000	52060.117188	-3264201.500000	-940459.312500	-547028.437500	2492749.750000	8335502.500000	3345372.500000	741033.625000	605214.312500	-614986.375000	-840621.562500	-960319.250000	-403688.312500	93841.390625	-65862.335938	-36660.570312	-3522.621582	-0.000000	
-0.000000	827.827942	206687.671875	403373.875000	128432.953125	-15641.101562	-571921.000000	-1161554.000000	-1231462.250000	-1353248.750000	-912304.000000	-287400.125000	260028.250000	158583.234375	-1271535.875000	-1608265.125000	-988608.125000	-3474062.500000	7973303.000000	17702946.000000	5326912.500000	1438457.875000	-1596873.625000	-6040219.500000	-6753152.500000	-6325772.000000	-4402376.500000	-2047070.625000	-837127.437500	2356990.750000	92088.195312	-6365645.000000	-2031569.250000	-1316566.250000	6731611.500000	25475594.000000	11694688.000000	3002163.250000	2888766.250000	-3531920.250000	-5970570.000000	-8752816.000000	-4972409.000000	1686587.125000	-1954626.125000	-2260413.750000	-797030.812500	-3929743.250000	-670504.437500	-1652954.000000	4006733.000000	12922417.000000	5241160.000000	1750392.375000	419029.500000	-1433657.375000	-1485181.500000	-1172725.250000	-563852.375000	-12598.236328	1607.381592	-34997.417969	-13347.055664	-0.000000	
-0.000000	-15354.243164	129315.203125	596511.562500	296388.656250	116782.093750	-175201.796875	-850427.250000	-1175875.125000	-1325287.750000	-1086652.750000	-585583.125000	-273904.500000	872805.812500	38262.300781	-2946801.500000	-1041756.375000	-744293.062500	4179386.750000	17316780.000000	8682184.000000	2429864.250000	2545758.750000	-3386478.250000	-6226995.000000	-9932143.000000	-6143547.000000	2271791.000000	-2875550.250000	-3640779.250000	-1409853.375000	-7663543.500000	-1448415.875000	-3978264.000000	10820087.000000	39494468.000000	18321946.000000	7091397.000000	2000082.000000	-8233619.000000	-10548600.000000	-10688787.000000	-6945220.500000	-226424.843750	47702.984375	-2157867.250000	-3019914.250000	-5046713.000000	-2587421.500000	-2199916.750000	15759305.000000	21144948.000000	5697087.500000	751178.437500	-1856348.750000	-2635646.500000	-2385311.500000	-1813032.125000	-630271.937500	-80202.507812	-175210.703125	-69876.765625	-28250.994141	-0.000000	
-0.000000	-3289.537109	67783.484375	583499.500000	483075.531250	197270.031250	279309.187500	-476796.156250	-1084259.250000	-2080844.500000	-1516431.375000	649866.437500	-940867.625000	-1348199.250000	-585788.812500	-3547628.250000	-742724.625000	-2249028.000000	6717757.000000	26845972.000000	13602288.000000	5739572.000000	1762595.375000	-7894564.500000	-11001643.000000	-12128960.000000	-8581010.000000	-304988.656250	70178.289062	-3475611.000000	-5341871.500000	-9841790.000000	-5589318.000000	-5294672.000000	42557628.000000	64624788.000000	19915768.000000	3043263.000000	-8860593.000000	-15136746.000000	-16941832.000000	-16524854.000000	-7763340.000000	-1441458.875000	-5199807.000000	-4308454.500000	-6392089.500000	-5148290.500000	-61723.917969	9008639.000000	25609140.000000	16527995.000000	4704608.500000	570594.000000	-3032012.000000	-3433358.750000	-3095872.250000	-1966565.750000	-592316.250000	-215108.453125	-242085.437500	-114705.312500	-41322.042969	-0.000000	
-0.000000	-9939.983398	108952.101562	904591.437500	756829.437500	465970.687500	193384.046875	-1111508.000000	-1915632.500000	-2541091.000000	-2118078.250000	-87244.773438	22962.033203	-1287036.625000	-2219527.500000	-4555988.000000	-2866113.250000	-2993231.500000	26422320.000000	43928056.000000	14785548.000000	2463129.250000	-7808500.000000	-14513426.000000	-17669454.000000	-18751362.000000	-9591819.000000	-1941609.375000	-7649701.000000	-6939496.000000	-11306851.000000	-10039880.000000	-133335.296875	21681634.000000	69156872.000000	50514108.000000	16446279.000000	2311658.000000	-14472186.000000	-19718078.000000	-21988638.000000	-17924234.000000	-7295823.000000	-3866088.500000	-7184478.000000	-7072488.500000	-9349554.000000	-5921864.000000	10542350.000000	43039636.000000	37432508.000000	10123206.000000	-3785012.500000	-8906330.000000	-6962285.000000	-5285773.500000	-3309233.750000	-1622073.875000	-882566.500000	-493809.906250	-229221.703125	-211704.640625	-29181.660156	0.000000	
-0.000000	-13229.125000	428531.031250	1480182.750000	822665.812500	199970.671875	-856713.500000	-2043404.625000	-3076647.500000	-3928524.500000	-2367579.500000	-555415.000000	-2502949.250000	-2569731.250000	-4697954.500000	-4647688.000000	-68372.218750	12257257.000000	42936720.000000	34336460.000000	12209785.000000	1870989.250000	-12753781.000000	-18906102.000000	-22933010.000000	-20339290.000000	-9014189.000000	-5207525.500000	-10569452.000000	-11391441.000000	-16538257.000000	-11548456.000000	22773462.000000	103586080.000000	101085592.000000	30939308.000000	-13231574.000000	-36082380.000000	-33231888.000000	-30356654.000000	-23504050.000000	-14784369.000000	-10870965.000000	-8875118.000000	-6802715.500000	-13053263.000000	-6602663.000000	26200180.000000	44483564.000000	16269188.000000	-6243318.500000	-10841780.000000	-6057195.000000	-4400513.500000	-5139881.000000	-3039098.500000	-1352344.375000	-847431.250000	-63396.792969	-621276.625000	80951.539062	972018.375000	224374.625000	0.000000	
-0.000000	54173.152344	696370.250000	1156988.000000	679350.750000	151897.421875	-1399287.500000	-2661867.250000	-3993150.750000	-4261205.000000	-2225001.250000	-1489659.875000	-3458279.000000	-4218309.500000	-6871584.000000	-5346042.000000	11677869.000000	58560216.000000	62759980.000000	21030686.000000	-9823175.000000	-29204036.000000	-29285986.000000	-29106590.000000	-24513506.000000	-16776368.000000	-13431374.000000	-11954563.000000	-10007822.000000	-21024492.000000	-11679330.000000	51093984.000000	96092872.000000	39156032.000000	-16859934.000000	-33135466.000000	-21174626.000000	-17827882.000000	-24533316.000000	-17453808.000000	-9605115.000000	-7723899.500000	-780886.562500	-11166045.000000	2402435.000000	59932608.000000	50767160.000000	2733241.750000	-15476137.000000	-11549895.000000	-3499585.000000	-6740840.000000	-7747768.000000	-6036274.000000	-3112909.750000	590553.375000	-407598.812500	4737690.000000	10127535.000000	3770879.750000	-544601.187500	-528905.375000	-40438.433594	-0.000000	
0.000000	258817.406250	1017874.250000	708641.812500	-546560.062500	-2370947.750000	-3213126.750000	-4098035.750000	-4268350.500000	-3514751.250000	-3315309.250000	-3419711.500000	-3274516.000000	-7785478.000000	-4852718.000000	23652564.000000	49274896.000000	22136042.000000	-10467655.000000	-22523502.000000	-15720129.000000	-14429373.000000	-21620270.000000	-16735072.000000	-10017637.000000	-8764594.000000	-964806.625000	-15040385.000000	3534344.750000	96531624.000000	89801104.000000	5330200.000000	-33431372.000000	-27797826.000000	-9450546.000000	-20601866.000000	-27084498.000000	-24454868.000000	-14858321.000000	3391599.250000	-2894997.500000	43181608.000000	124745352.000000	67773048.000000	-16162373.000000	-32611194.000000	-9149628.000000	-4919988.000000	-23154002.000000	-22674154.000000	-16694384.000000	-8969003.000000	-6914.368652	14482589.000000	23805372.000000	5072304.500000	-5133725.500000	-2216102.500000	-223324.187500	-710513.375000	-1018067.500000	-361814.968750	-88339.312500	-0.000000	
0.000000	97834.210938	-169769.906250	-758943.187500	-874665.750000	-1171457.625000	-2372078.750000	-2356199.250000	-1744295.000000	-1836235.750000	-238146.328125	-4302439.000000	1156422.375000	35746156.000000	37312024.000000	2467470.500000	-17143076.000000	-15714918.000000	-5867464.000000	-14003912.000000	-20107642.000000	-19793064.000000	-13094068.000000	3251935.500000	-3019332.250000	48999764.000000	154126288.000000	91288616.000000	-23777292.000000	-52525856.000000	-16184611.000000	-9594659.000000	-50017004.000000	-54571252.000000	-45082784.000000	-27411746.000000	-24171.115234	58673580.000000	113626128.000000	29130684.000000	-36462624.000000	-20198634.000000	-2750783.500000	-12769874.000000	-30213648.000000	-22308750.000000	-19987714.000000	-11138709.000000	3577146.500000	14390427.000000	2049568.125000	-7450622.500000	-3350975.750000	-2074102.250000	-1642334.875000	-2892008.500000	-1538830.750000	-1358257.250000	-1093084.875000	568129.875000	747951.000000	-28874.208984	-42184.468750	-0.000000	
-0.000000	-69454.906250	-95161.609375	-471870.406250	-1118786.375000	-1606912.125000	-1436622.250000	457853.312500	-525733.375000	10265749.000000	38043488.000000	26113936.000000	-7779827.000000	-19450594.000000	-6724645.500000	-4441585.000000	-25647924.000000	-30850710.000000	-27990088.000000	-18632860.000000	-17944.736328	47488700.000000	100134336.000000	27931102.000000	-38028628.000000	-22920136.000000	-3398668.000000	-17200704.000000	-44448836.000000	-35932024.000000	-35355904.000000	-21722026.000000	7727310.000000	34634308.000000	5534810.000000	-22771156.000000	-11714276.000000	-8402849.000000	-7839076.500000	-16609055.000000	-10929647.000000	-12379816.000000	-13464014.000000	10210851.000000	22197278.000000	-1780323.000000	-9544687.000000	-2106102.500000	816767.937500	-2466592.250000	-2274141.500000	-137069.515625	-4385010.000000	145361.578125	4759256.500000	-305878.281250	-1716782.625000	-353074.718750	-186897.593750	-381843.718750	34890.800781	44062.511719	-23370.515625	0.000000	
-0.000000	-136350.265625	-453957.937500	-627845.625000	-998.442566	3855399.500000	10986289.000000	3932534.250000	-6621636.000000	-4801908.000000	-838904.125000	-4920417.500000	-14543467.000000	-13305813.000000	-14690245.000000	-10055619.000000	3962441.500000	19579778.000000	3436341.000000	-15478465.000000	-8696727.000000	-6801023.000000	-6908277.000000	-15925106.000000	-11399055.000000	-14047833.000000	-16635157.000000	13753763.000000	32655548.000000	-2867512.000000	-16883424.000000	-4107191.750000	1764372.500000	-5936496.000000	-6141265.000000	-418922.218750	-15329032.000000	588906.062500	22716548.000000	-1756685.500000	-12193562.000000	-3218094.250000	-2302100.750000	-6862778.500000	1035469.937500	2716801.750000	-5287829.000000	13541103.000000	11618708.000000	-5634401.500000	-3348992.250000	-1587802.250000	-2983906.250000	-918103.750000	768421.750000	-1172314.750000	2341406.500000	2192839.750000	-909345.687500	-682524.625000	-253129.015625	-102785.460938	3014.661865	0.000000	
0.000000	86536.351562	55732.378906	-521556.375000	-483884.687500	-552145.312500	-757945.062500	-2242160.750000	-1984830.875000	-2943106.750000	-4106109.250000	3934388.750000	10684754.000000	-1061854.375000	-7014999.500000	-1901312.250000	904742.125000	-3356073.250000	-3812864.250000	-284758.187500	-11380337.000000	476643.562500	20019220.000000	-1684346.500000	-12717253.000000	-3651690.250000	-2844308.500000	-9243992.000000	1523332.625000	4375870.000000	-9353545.000000	26407026.000000	25098598.000000	-13560653.000000	-9043874.000000	-4852761.500000	-10431081.000000	-3719530.750000	3667776.500000	-6732705.500000	16629994.000000	19986606.000000	-11200816.000000	-12266839.000000	-7512223.500000	-6337536.000000	682099.500000	487744.312500	3009729.750000	11132292.000000	775767.062500	-5189379.500000	-2555674.000000	-2750805.250000	-711164.750000	650296.562500	-160663.140625	649583.875000	379874.687500	-408317.718750	-218174.437500	-87564.976562	-17306.757812	-0.000000	
0.000000	-14832.769531	-61839.031250	-9595.101562	-633200.312500	38696.601562	2196418.750000	-237146.031250	-2214358.500000	-765051.375000	-702069.812500	-2644328.000000	498427.875000	1620407.125000	-3886363.000000	12224411.000000	12870162.000000	-7666230.500000	-5614977.500000	-3298616.000000	-7744078.000000	-3010480.750000	3232270.500000	-6455457.500000	17344222.000000	22679538.000000	-13838913.000000	-16523128.000000	-11051615.000000	-10207675.000000	1206553.375000	951169.000000	6501583.500000	26792756.000000	2094940.500000	-15860174.000000	-8934075.000000	-11144388.000000	-3394481.250000	3734709.750000	-1141120.625000	5920622.500000	4679086.000000	-7338589.000000	-6474861.000000	-5399072.500000	-3915839.250000	-712438.187500	-374864.656250	2440810.500000	1812866.875000	-2168676.750000	-1821239.250000	-1166428.375000	-713899.187500	-151060.625000	-136149.031250	319497.500000	324813.687500	-80099.125000	-60261.765625	-25862.716797	-8282.130859	-0.000000	
0.000000	-33882.281250	-91066.648438	-111148.882812	-430879.406250	-244407.734375	354630.187500	-908890.250000	3020017.500000	4751501.500000	-3415903.500000	-4726590.500000	-3616040.750000	-3779954.750000	501318.437500	440317.687500	3333908.500000	15146723.000000	1300664.375000	-10780795.000000	-6632694.500000	-9019946.000000	-2991426.000000	3580917.000000	-1190129.625000	6718349.000000	5781138.000000	-9884897.000000	-9525498.000000	-8696121.000000	-6926656.500000	-1389353.125000	-809778.250000	5874445.500000	4895604.000000	-6628074.000000	-6366653.000000	-4725573.000000	-3407533.250000	-867554.312500	-967007.500000	2912055.250000	4000874.750000	-1439600.875000	-1788415.500000	-1594640.750000	-1873920.750000	-1016450.500000	-692063.687500	589363.125000	462338.750000	-556660.187500	-178641.890625	-131055.031250	-167210.593750	-112289.093750	23244.548828	290129.312500	17590.591797	-88795.960938	-7366.780273	-13412.983398	-5910.065918	-0.000000	
0.000000	66943.664062	21094.855469	-363265.500000	-369042.187500	-732289.875000	-328205.812500	504171.968750	-207228.218750	1407535.000000	1426976.875000	-2827664.500000	-3116701.750000	-3220218.250000	-2878000.000000	-643163.062500	-415241.406250	3320994.500000	3039483.500000	-4505367.000000	-4726629.500000	-3824742.000000	-3002928.250000	-831829.000000	-1008538.687500	3304416.500000	4943190.000000	-1939106.625000	-2631029.250000	-2568439.250000	-3314744.250000	-1982219.250000	-1494988.000000	1418455.750000	1248534.875000	-1701307.000000	-624492.812500	-530945.687500	-798117.812500	-644886.000000	165095.953125	2644379.500000	216671.156250	-1595906.875000	-218627.234375	-827016.375000	-1337215.625000	-881113.437500	91866.007812	364478.625000	-318987.125000	-238392.687500	13037.126953	-16755.435547	85644.703125	96858.812500	105576.835938	8660.442383	-56640.007812	-28121.224609	-17618.093750	-6559.385742	-669.878784	0.000000	
-0.000000	14677.731445	49295.937500	-151811.109375	-262989.000000	-310514.062500	-329467.781250	-117116.609375	-175609.171875	692295.375000	1220143.500000	-554699.062500	-860861.375000	-951106.250000	-1377263.875000	-917614.250000	-766606.000000	801894.187500	775165.062500	-1156446.375000	-463626.062500	-429732.093750	-703350.562500	-618330.062500	172186.515625	3000674.750000	267703.125000	-2149646.750000	-321633.687500	-1332050.000000	-2365376.500000	-1718293.375000	198447.875000	877212.687500	-861417.125000	-728593.750000	45574.937500	-67881.601562	408793.250000	556268.562500	749866.437500	78935.476562	-697660.187500	-505415.500000	-522860.093750	-404437.937500	-151567.234375	76090.023438	26762.095703	237710.156250	108565.390625	15859.239258	22885.011719	271313.343750	588693.125000	447053.750000	158902.453125	-67168.507812	-84231.968750	-30754.957031	-13419.569336	-7889.059570	-5179.021973	-0.000000	
-0.000000	3544.115479	12572.033203	-38967.167969	-25796.089844	-34888.066406	-77168.460938	-87057.218750	29981.529297	628659.625000	66078.023438	-614926.000000	-105237.148438	-493265.000000	-982805.062500	-795436.937500	101760.914062	495913.781250	-534819.250000	-495254.343750	33835.019531	-54941.406250	360253.781250	533361.812500	782071.812500	89570.992188	-861978.250000	-680782.125000	-769206.125000	-651415.812500	-268104.531250	148386.093750	57811.164062	572111.375000	293178.250000	48470.207031	80000.976562	1099176.750000	2809908.500000	2567468.500000	1128615.125000	-612206.437500	-1037522.625000	-552750.937500	-398258.593750	-486422.843750	-1171809.125000	-788168.375000	1545843.500000	1181060.750000	-159860.796875	-429540.687500	-458808.906250	463624.562500	556022.812500	-8371.925781	-294688.750000	604247.937500	1676876.125000	668973.875000	-143173.156250	-15523.263672	-17374.126953	-0.000000	
0.000000	2191.780029	-8673.978516	-16687.898438	1882.575806	-4460.452148	39525.425781	75094.195312	136176.218750	18765.667969	-212764.859375	-194743.906250	-251680.921875	-241222.640625	-111396.429688	68691.289062	29644.646484	323431.156250	182022.593750	32947.136719	59393.058594	889641.937500	2476264.500000	2461742.000000	1177087.125000	-694693.187500	-1281887.500000	-744541.750000	-585898.500000	-783466.375000	-2072791.875000	-1537037.500000	3339313.250000	2842530.000000	-431700.312500	-1312794.750000	-1603895.250000	1878290.750000	2653968.750000	-48080.695312	-2093046.375000	5507409.000000	20654830.000000	12023295.000000	-4249014.000000	-957131.812500	-3931082.250000	-4953744.500000	7036522.500000	6208457.500000	-3807415.750000	-4269139.500000	-2426019.750000	-1599867.500000	-386967.343750	-103272.062500	-197345.390625	476328.562500	58377.601562	-153855.531250	-25122.316406	-16001.816406	-6761.462402	-0.000000	
0.000000	1429.462036	2952.137695	1110.173950	3304.621338	72226.132812	271684.593750	346598.718750	204957.234375	-145542.453125	-316412.437500	-212982.937500	-191703.468750	-290121.625000	-861237.312500	-711529.562500	1712346.625000	1606964.625000	-268025.343750	-892359.125000	-1190738.500000	1520234.250000	2338840.750000	-46100.765625	-2182939.000000	6249460.000000	25519606.000000	16195079.000000	-6250941.000000	-1541623.000000	-6953619.500000	-9660488.000000	15200214.000000	14942269.000000	-10281836.000000	-13047667.000000	-8480833.000000	-6481572.500000	-1847045.250000	-593100.437500	-1401658.625000	4341489.500000	719062.937500	-2765205.750000	-745566.250000	-986638.375000	-1529853.125000	-1338324.250000	167884.078125	153609.046875	-972289.187500	-210590.921875	1816083.125000	-98419.828125	-809394.312500	5920.019043	-319602.437500	-296445.593750	393811.562500	198542.765625	-125155.468750	38762.878906	19683.320312	-0.000000	
0.000000	7102.269043	-4346.975586	-30068.587891	-66252.523438	123421.156250	256607.093750	-6490.715332	-380098.562500	1309299.875000	6299086.500000	4632749.500000	-2045281.000000	-570870.937500	-2889203.000000	-4472059.000000	7794428.000000	8447298.000000	-6383578.500000	-8869022.000000	-6296205.500000	-5245997.500000	-1627730.000000	-568676.937500	-1461857.375000	4926448.500000	888421.875000	-3724663.500000	-1096840.500000	-1589148.250000	-2706129.500000	-2609917.750000	362661.218750	369700.125000	-2625643.750000	-643623.875000	6348628.000000	-398730.062500	-3863343.750000	33999.183594	-2269997.500000	-2701949.000000	4850752.500000	3568357.750000	-3714295.000000	2390037.500000	4453562.000000	-1899114.750000	-1916171.250000	1657574.875000	4348324.000000	368414.500000	-1244091.750000	-1138964.375000	-1235198.500000	-472914.468750	-76428.734375	-226706.375000	-184502.968750	-84650.375000	-14561.044922	63260.585938	21136.507812	0.000000	
0.000000	37334.351562	-103532.218750	-298847.125000	-350319.968750	-425899.562500	-178587.218750	-80066.359375	-254542.109375	1032120.937500	219292.031250	-1065473.750000	-358881.500000	-588469.812500	-1124386.625000	-1208190.125000	185966.906250	209002.203125	-1630156.625000	-437496.906250	4713247.500000	-322720.593750	-3404616.500000	32599.121094	-2367489.750000	-3066001.000000	5993237.000000	4806489.500000	-5464288.500000	3849560.500000	7877824.500000	-3703536.750000	-4139290.750000	3989385.250000	11742546.000000	1125976.250000	-4349071.500000	-4614307.500000	-5895762.500000	-2715989.000000	-542840.187500	-2066311.875000	-2272605.250000	-1521399.375000	-432134.687500	3900515.000000	4782361.000000	893163.250000	-1021398.312500	-1307043.125000	-804002.125000	-43181.445312	3435875.250000	2879677.750000	-1370162.125000	-1212844.750000	-648316.500000	-77255.406250	722617.000000	68640.101562	-132368.531250	53148.843750	6042.344727	-0.000000	
0.000000	923.722778	-26438.734375	-14741.726562	262244.437500	-26200.271484	-373539.218750	4589.763672	-412232.968750	-642345.875000	1479330.000000	1374939.875000	-1787891.625000	1425512.000000	3273206.500000	-1714451.250000	-2122562.500000	2255315.250000	7290474.500000	765371.125000	-3228768.750000	-3734687.250000	-5195708.500000	-2604146.500000	-566154.125000	-2344720.250000	-2807865.750000	-2049287.125000	-635735.375000	6282440.000000	8459431.000000	1741792.125000	-2206412.750000	-3145739.500000	-2171188.500000	-131974.390625	12011066.000000	11666492.000000	-6539961.000000	-6965472.500000	-4604711.000000	-704143.250000	8900795.000000	1233650.875000	-3928360.250000	3277046.000000	1367145.125000	-4359930.500000	-3470017.000000	-1568284.625000	138309.468750	-303349.125000	-693456.187500	-372133.375000	-203551.453125	449408.375000	585693.687500	-107337.898438	-406699.656250	457652.437500	451953.937500	-24954.107422	-14219.899414	-0.000000	
-0.000000	9967.770508	118240.734375	25789.648438	-179648.234375	-303202.906250	-570049.812500	-366648.437500	-98580.117188	-491233.187500	-693074.562500	-586217.187500	-208009.859375	2326420.000000	3514862.000000	806315.062500	-1131413.375000	-1778377.750000	-1348003.750000	-89708.281250	8917065.000000	9442522.000000	-5763416.500000	-6678639.500000	-4802474.500000	-799017.312500	10997176.000000	1661697.000000	-5779211.000000	5278238.000000	2418318.000000	-8502469.000000	-7495890.500000	-3774485.250000	373501.406250	-927118.500000	-2424170.750000	-1507630.875000	-971577.437500	2580991.250000	4159928.000000	-978329.750000	-5009501.000000	8225269.000000	13412840.000000	-1538617.750000	-3217404.250000	-2461821.250000	-2965327.750000	-1447010.000000	-619724.187500	-458306.187500	-661903.937500	-556525.312500	-266280.656250	-214661.890625	-330333.750000	-33525.800781	335697.500000	65864.304688	-66997.429688	-2352.161865	-566.685120	-0.000000	
-0.000000	-7859.859863	-21862.630859	-3022.775391	496144.250000	766597.000000	-632336.125000	-940312.937500	-836218.437500	-167398.984375	2714468.250000	475343.531250	-1890932.875000	1954558.625000	1004802.125000	-3935985.750000	-3843773.250000	-2133826.000000	231892.015625	-630199.562500	-1799714.375000	-1220232.875000	-856213.875000	2474708.000000	4338589.000000	-1110146.750000	-6189375.000000	11079233.000000	19732312.000000	-2478204.750000	-5691208.000000	-4800892.500000	-6405666.500000	-3482606.000000	-1673550.500000	-1400710.000000	-2313870.750000	-2254661.500000	-1270992.125000	-1232821.875000	-2346217.250000	-305570.437500	4134935.750000	1183762.125000	-1988312.875000	-145029.359375	-128218.562500	-365823.906250	705387.562500	536495.437500	444710.781250	496156.281250	-577297.937500	654240.312500	1043552.375000	-274887.156250	265095.218750	35253.945312	-280337.687500	-128947.921875	-63686.449219	-20299.191406	-4580.342773	-0.000000	
-0.000000	-9430.827148	3760.946045	-21234.958984	-100135.859375	-99065.359375	-93939.937500	348424.250000	755445.562500	-232582.515625	-1527743.375000	3169315.250000	6456327.500000	-917691.937500	-2364675.500000	-2222442.000000	-3284723.750000	-1968818.250000	-1039040.187500	-952118.625000	-1717827.250000	-1824857.750000	-1120076.500000	-1182055.125000	-2446983.000000	-346742.031250	5108826.000000	1594498.125000	-2925108.250000	-233594.375000	-226803.484375	-713407.312500	1523770.000000	1291215.875000	1200930.875000	1516390.375000	-2018107.000000	2650536.000000	4981010.500000	-1578700.750000	1882856.250000	321321.562500	-3453044.250000	-2317547.750000	-1890051.375000	-1251605.500000	-1036351.562500	-458415.125000	1526691.125000	614429.937500	-731829.062500	554649.062500	203097.718750	-744908.812500	53390.957031	426794.468750	-279385.562500	-50289.894531	297193.625000	115529.312500	7070.849609	-31059.478516	-8572.584961	-0.000000	
-0.000000	-8701.545898	-16851.697266	-32082.220703	-95579.671875	-148152.218750	-122889.757812	-166426.375000	-426074.562500	-72644.570312	1261027.875000	456120.687500	-957082.812500	-86501.195312	-94236.000000	-330252.437500	781365.000000	729961.750000	745609.750000	1030751.187500	-1498250.875000	2145267.250000	4389573.000000	-1513691.000000	1963721.500000	364615.406250	-4266330.500000	-3121679.250000	-2780550.750000	-2015922.750000	-1833183.375000	-893973.000000	3297940.250000	1478785.625000	-1976287.000000	1695160.375000	709985.062500	-3017862.750000	254841.953125	2451117.750000	-1984354.500000	-458366.500000	3660666.000000	2076378.500000	209844.781250	-1915062.125000	-1939639.000000	-322131.500000	-646467.500000	271535.062500	3327976.250000	2407171.000000	846647.687500	4111897.000000	3030077.750000	-1226035.750000	-1017961.062500	-501483.437500	-569993.562500	-244555.656250	-77033.195312	-42481.269531	-9160.859375	-0.000000	
0.000000	3226.197266	12092.689453	34731.792969	-83362.468750	174164.843750	481604.250000	-213118.750000	341927.906250	76389.148438	-1053072.125000	-892984.687500	-909784.250000	-746506.562500	-761680.875000	-413840.375000	1691131.375000	836000.375000	-1226997.125000	1152268.375000	527095.812500	-2442571.000000	224582.421875	2350182.500000	-2069578.875000	-520125.343750	4522853.000000	2796830.250000	308713.343750	-3084532.000000	-3430992.250000	-628201.062500	-1396491.625000	653519.812500	8987121.000000	7356977.500000	2959694.500000	16658605.000000	14462953.000000	-7041229.500000	-7230135.500000	-4570763.500000	-7020865.000000	-4395336.000000	-2286148.750000	-2619305.750000	-2072742.500000	-1098451.500000	-1633446.875000	-103269.562500	4148497.500000	1856385.625000	-9414.937500	89258.359375	-1279907.125000	1519061.500000	2095642.125000	-578913.062500	-583319.437500	-56687.339844	64833.109375	-16799.025391	-17879.908203	-0.000000	
0.000000	3694.854004	-19900.082031	38826.386719	29327.539062	-198301.640625	24640.173828	330891.812500	-360360.031250	-108969.429688	1116390.375000	800058.687500	101009.679688	-1142218.125000	-1425564.375000	-290808.500000	-716098.687500	369453.687500	5579742.000000	5000832.000000	2197289.500000	13482993.000000	12745645.000000	-6751276.500000	-7540656.500000	-5186614.000000	-8674470.000000	-5920408.000000	-3363270.000000	-4218836.000000	-3666436.500000	-2142132.750000	-3528553.000000	-248545.078125	11202919.000000	5673626.000000	-32912.558594	361614.031250	-6109162.500000	8724102.000000	14884437.000000	-5276494.500000	-7185005.500000	-1018826.937500	1924081.250000	-1035792.687500	-4045520.250000	-3070457.000000	-1067139.125000	2805628.750000	632109.812500	-417592.687500	5516829.000000	3762796.500000	-1589636.750000	-1105012.375000	-414713.437500	82122.265625	462607.250000	-221559.078125	-190156.609375	232990.828125	44847.894531	-0.000000	
-0.000000	1632.867065	90495.179688	168506.093750	122256.875000	1094625.125000	1398394.875000	-950539.875000	-1312997.250000	-1086627.125000	-2141147.500000	-1693586.500000	-1100447.375000	-1562256.625000	-1523390.625000	-991641.812500	-1809385.750000	-140509.734375	6955442.000000	3856590.750000	-24434.417969	292679.937500	-5383770.000000	8364850.000000	15523696.000000	-5987433.000000	-8877270.000000	-1372334.500000	2830614.000000	-1668319.625000	-7156047.500000	-5987816.500000	-2305221.500000	6752476.000000	1706997.625000	-1276278.375000	19285624.000000	15244288.000000	-7587542.000000	-6346181.500000	-2945529.750000	748502.187500	5698139.500000	-3982024.000000	-5643363.500000	14365725.000000	10147316.000000	-7315973.500000	-5371512.000000	-3210655.750000	-1427409.750000	-1191292.375000	-1891941.125000	-1126341.250000	-166176.109375	35722.265625	-308850.187500	-163470.015625	22777.619141	18018.976562	-35318.835938	-25907.257812	18973.613281	0.000000	
-0.000000	-621.008057	112807.000000	129950.187500	-1359.527588	23761.402344	-590683.062500	1177721.375000	2703023.250000	-1254403.750000	-2191205.250000	-392568.750000	926164.687500	-617787.312500	-2973311.000000	-2771896.000000	-1182080.875000	3817370.500000	1059806.125000	-867537.437500	14317726.000000	12338286.000000	-6686609.000000	-6084850.500000	-3072034.750000	849353.000000	7040207.000000	-5363687.500000	-8302239.500000	23138434.000000	17949402.000000	-14267162.000000	-11603477.000000	-7727278.500000	-3854686.250000	-3640917.750000	-6613811.000000	-4563167.000000	-793180.125000	205156.062500	-2193629.000000	-1489945.125000	280562.093750	323850.406250	-1048172.937500	-1597387.125000	4292982.500000	5045858.500000	522004.750000	-1228495.000000	-1899013.375000	1909656.875000	2469172.750000	-924515.125000	-1274349.375000	-944429.750000	149674.156250	637216.062500	-51458.308594	-277466.031250	7023.389648	55967.308594	-6267.174805	-0.000000	
-0.000000	16871.554688	17188.492188	-29232.205078	796636.250000	1001691.375000	-733624.687500	-856711.000000	-534910.062500	177944.625000	1737756.875000	-1534331.500000	-2716457.000000	8568282.000000	7457910.000000	-6604593.000000	-5950078.500000	-4368454.500000	-2393219.750000	-2474877.500000	-4910120.500000	-3693295.500000	-698999.125000	196707.890625	-2287841.250000	-1690695.625000	346642.125000	436218.468750	-1542020.625000	-2572862.750000	7593779.000000	9840123.000000	1127628.500000	-2956692.750000	-5128240.500000	5836437.500000	8631686.000000	-3745505.250000	-6082634.500000	-5423942.000000	1063070.625000	5807896.000000	-633834.875000	-4986825.500000	208436.281250	3450826.750000	-1418015.250000	-2257692.000000	-1376526.000000	-1769327.875000	-894128.750000	-148901.703125	-761276.375000	-585978.812500	3572045.000000	3342991.250000	-562778.250000	-792383.062500	-266727.093750	-123599.609375	-95015.976562	-29887.429688	2447.096191	-0.000000	
-0.000000	-19307.169922	-38814.492188	-83392.507812	-273198.437500	-299842.468750	-76691.039062	27695.308594	-398364.406250	-354211.031250	85562.789062	124784.250000	-504542.468750	-952744.312500	3155186.750000	4555216.000000	578230.000000	-1671504.250000	-3183918.250000	3967260.250000	6408199.500000	-3031503.750000	-5360392.000000	-5200588.000000	1108727.500000	6590434.000000	-783120.312500	-6717130.000000	306641.250000	5558141.000000	-2508301.500000	-4402812.000000	-2973555.250000	-4258348.000000	-2414573.500000	-455084.656250	-2661255.000000	-2373986.750000	17049832.000000	19199088.000000	-3997169.500000	-7222164.000000	-3285396.500000	-2221424.000000	-2819831.750000	-1842796.125000	553681.687500	-964316.687500	2339943.250000	1814404.875000	-2010089.625000	-228522.421875	1630111.125000	160310.437500	-994712.062500	-487997.250000	-346528.062500	-247798.015625	-8334.428711	-20216.884766	12295.532227	127087.593750	11076.680664	-0.000000	
0.000000	-7387.513184	-51638.453125	133679.265625	356551.312500	-246114.515625	-588118.125000	-732212.062500	193054.296875	1380736.000000	-193300.109375	-1921496.000000	100331.695312	2058208.250000	-1042189.875000	-2038161.625000	-1524791.875000	-2407367.500000	-1499111.625000	-309339.250000	-1975726.750000	-1921436.250000	15025362.000000	18408484.000000	-4168840.500000	-8195255.500000	-4059197.000000	-2992202.750000	-4148398.250000	-2968135.500000	979397.437500	-1880551.125000	5054718.000000	4366837.500000	-5428199.500000	-698427.500000	5698511.000000	649468.687500	-4747889.500000	-2802610.500000	-2461238.500000	-2258551.250000	-102658.867188	-363352.843750	364900.031250	7835954.000000	2506217.250000	-1553149.875000	1183424.625000	-1009281.312500	-930905.437500	-986061.000000	-318930.593750	682484.062500	-202056.500000	837783.750000	762743.750000	-313125.468750	85025.742188	377551.062500	19731.880859	-75794.593750	-4938.136230	0.000000	
-0.000000	-10639.792969	-24313.376953	-10423.375000	-109929.156250	-155992.984375	1648515.250000	2591805.750000	-725888.500000	-1716956.000000	-1001944.687500	-855946.812500	-1357338.000000	-1099115.875000	406935.968750	-870549.812500	2591979.000000	2468700.000000	-3370150.750000	-474749.125000	4230598.000000	525661.187500	-4184132.250000	-2687201.000000	-2566944.000000	-2562861.500000	-126837.835938	-489427.250000	536823.000000	12621132.000000	4433202.500000	-3028857.500000	2556420.000000	-2429098.000000	-2513888.000000	-3013674.250000	-1114911.375000	2764960.500000	-964441.812500	4811464.500000	5417438.000000	-2853977.500000	1047299.937500	6785627.500000	585591.937500	-4673335.500000	-1117306.125000	9184.903320	-2639431.500000	-1330058.250000	573216.250000	-864000.875000	-827746.125000	-641042.750000	-698840.500000	-284526.125000	-138562.031250	-89157.421875	319592.593750	302099.500000	11275.950195	50933.144531	3385.958496	-0.000000	
0.000000	10910.863281	-54658.871094	-15996.961914	235389.875000	42676.128906	-459064.187500	-378342.031250	-446962.437500	-536935.062500	-31307.789062	-140005.109375	175646.171875	4673670.000000	1841979.000000	-1402126.875000	1310891.500000	-1373239.625000	-1560772.000000	-2048515.000000	-827714.812500	2237879.000000	-849925.500000	4613332.000000	5650107.000000	-3238513.500000	1293967.625000	9140072.000000	861494.125000	-7527198.500000	-1976382.500000	17911.833984	-5701669.500000	-3201131.250000	1547956.750000	-2640624.750000	-2893618.750000	-2597068.500000	-3335656.000000	-1634058.250000	-984146.000000	-812624.062500	3936564.500000	5429556.500000	334641.437500	3140430.750000	766109.312500	-3540750.250000	-1814391.250000	-739999.250000	-681562.625000	-764188.875000	-510904.062500	1213696.125000	877351.312500	110782.429688	314155.968750	-328211.656250	58894.140625	542776.250000	165496.328125	150344.406250	58116.609375	-0.000000	
0.000000	-6069.279297	-25313.417969	-69025.968750	-46053.937500	181683.593750	-93250.007812	649529.875000	983810.187500	-678488.312500	319394.187500	2614600.500000	281877.156250	-2787360.250000	-821179.500000	8291.794922	-2923725.250000	-1809692.375000	961064.125000	-1794938.375000	-2148234.500000	-2101992.250000	-2939585.500000	-1566768.875000	-1026413.250000	-922114.437500	4863733.000000	7313478.000000	492308.093750	5058196.000000	1355156.875000	-6904953.500000	-3919426.750000	-1781000.750000	-1840543.750000	-2335571.750000	-1786008.500000	4917069.500000	4187711.500000	636233.125000	2231313.750000	-2991480.500000	725425.375000	9755178.000000	4911509.000000	9269921.000000	13149504.000000	-3833058.500000	-6080053.000000	-1186770.000000	-765308.937500	294350.781250	-1492647.375000	-2303388.500000	-1270080.875000	-563431.812500	-542652.187500	-404942.062500	-242965.140625	-129066.390625	26637.261719	76540.203125	5350.461426	-0.000000	
-0.000000	-7998.260742	15587.041992	-60481.546875	-119527.468750	-170651.531250	-322518.093750	-220591.796875	-178721.546875	-193188.593750	1200530.875000	2092086.750000	161081.078125	1873076.000000	563062.625000	-3196459.500000	-2009819.750000	-1006851.375000	-1142719.625000	-1587581.625000	-1325940.125000	3979734.000000	3690469.250000	610033.500000	2327144.500000	-3394543.250000	896282.812500	13139982.000000	7225571.500000	14930778.000000	23259920.000000	-7474995.000000	-13134059.000000	-2856270.750000	-2066698.500000	899617.062500	-5217968.000000	-9331761.000000	-6062260.500000	-3235837.750000	-3854223.000000	-3690838.500000	-2992710.000000	-2319677.000000	790526.000000	4719308.000000	1210599.125000	-2642089.000000	-1041669.125000	-447286.000000	-600383.187500	-101364.867188	488611.250000	65063.242188	-131058.640625	407084.250000	552605.125000	641.281555	-289406.250000	-27643.318359	12932.579102	-18051.673828	3602.244141	0.000000	
-0.000000	-4449.960449	-18533.224609	-53494.531250	-73775.125000	323097.156250	404901.687500	85889.109375	405207.968750	-711177.437500	221232.375000	3758811.250000	2364175.750000	5528944.000000	9664409.000000	-3460344.750000	-6734936.500000	-1614732.750000	-1283130.000000	611505.750000	-3873840.750000	-7552858.000000	-5342437.000000	-3102588.250000	-4019754.750000	-4188130.500000	-3697574.750000	-3124547.250000	1162983.125000	7601245.000000	2141406.750000	-5152439.500000	-2250201.500000	-1076510.125000	-1621320.625000	-309798.968750	1708077.750000	263591.937500	-625559.875000	2337920.250000	3924914.500000	5844.951660	-3564745.500000	-496826.218750	383805.968750	-1113028.375000	815046.250000	639116.562500	-1373343.750000	-815118.937500	141544.890625	61514.917969	-204386.468750	274552.906250	1541209.375000	1757546.375000	862447.937500	591071.375000	130389.734375	-99640.523438	-12543.687500	-6820.285156	-7440.536133	-0.000000	
-0.000000	-7136.601562	-20810.474609	20605.060547	-215539.953125	-613183.437500	-586148.187500	-436826.093750	-699929.375000	-877438.875000	-912684.312500	-893805.125000	380523.031250	2814780.250000	889746.500000	-2385181.000000	-1153867.500000	-608582.375000	-1006612.750000	-210582.765625	1268084.000000	213343.687500	-551281.875000	2241646.250000	4093482.250000	6632.481934	-4404340.500000	-669212.625000	564636.500000	-1792720.750000	1441720.500000	1246365.875000	-2966681.250000	-1961795.750000	382238.625000	188006.546875	-714490.250000	1112301.250000	7356391.500000	10093742.000000	6125593.500000	5387311.500000	1606068.375000	-1790813.375000	-372264.625000	-420524.437500	-1683500.875000	-3415793.250000	-3277633.250000	-2698014.250000	-1740760.125000	-950829.500000	-802681.875000	-644756.437500	-459755.093750	-242854.671875	-95142.812500	-34820.730469	11616.769531	-11389.819336	-28868.970703	-9309.631836	-1314.341675	-0.000000	
-0.000000	-2689.739258	-16325.772461	-7095.714844	70556.015625	17320.439453	-60484.167969	315610.562500	712766.937500	1389.545410	-1087137.500000	-191434.343750	184746.625000	-663853.750000	599029.437500	576971.000000	-1521266.875000	-1109060.000000	237316.593750	127795.570312	-530440.500000	900264.500000	6482905.000000	9678088.000000	6388676.500000	6113180.500000	1984341.375000	-2412181.000000	-547657.500000	-677325.875000	-2977914.250000	-6661270.000000	-7080305.000000	-6493473.500000	-4700881.000000	-2905997.000000	-2805999.500000	-2612113.750000	-2194470.500000	-1394735.500000	-675758.125000	-317373.031250	143088.921875	-204706.281250	-856757.437500	-574012.312500	-297383.875000	-233069.000000	-42533.894531	-71999.773438	-154675.140625	-55429.000000	-39373.183594	-55120.277344	55041.574219	8334.852539	-55896.378906	-32979.742188	-13832.528320	-1122.690918	-209.472260	-1141.383789	-422.942505	-0.000000	
-0.000000	-4901.690430	3848.924805	4306.149902	-29513.634766	73088.531250	711275.187500	1362617.625000	1112411.750000	1280748.625000	489801.375000	-690026.312500	-179191.156250	-250817.250000	-1237312.250000	-3083653.000000	-3630667.750000	-3670949.000000	-2918588.250000	-1975322.500000	-2083185.625000	-2114169.500000	-1933902.625000	-1337301.250000	-704780.687500	-360134.875000	176790.281250	-275734.281250	-1260419.500000	-924544.125000	-526036.937500	-454516.843750	-91881.218750	-173286.187500	-417696.531250	-169406.296875	-137640.015625	-223309.796875	262720.562500	47867.785156	-397007.750000	-300593.375000	-170381.406250	-20177.833984	-6216.602539	-70375.328125	-95695.265625	-65887.914062	2426.926270	-32118.322266	-53701.148438	46985.054688	86383.585938	15339.572266	-15526.318359	5060.134766	42305.042969	1708.849365	-20663.843750	-3793.552490	2793.380615	2715.172607	-116.324280	0.000000	
-0.000000	-16224.417969	-47335.191406	-66559.703125	-115908.156250	-171640.156250	-212179.093750	-188284.109375	-122718.109375	-75450.453125	43637.710938	-78876.296875	-412403.843750	-342363.468750	-218566.375000	-210406.156250	-47115.226562	-97963.710938	-259330.984375	-115152.242188	-102184.515625	-180740.500000	231525.531250	45896.621094	-414058.500000	-341094.406250	-210510.890625	-27179.041016	-9145.560547	-113351.390625	-169273.609375	-128490.554688	5242.617676	-77301.101562	-145018.671875	143599.281250	301978.062500	62145.496094	-74109.125000	29060.792969	300474.375000	15575.282227	-254525.765625	-68180.539062	82900.414062	167411.843750	-26319.613281	122797.671875	313712.812500	5975.213867	11146.785156	22350.378906	-31005.238281	-32351.083984	-80767.273438	-25340.929688	18128.439453	-17079.210938	45368.574219	28274.708984	-11425.348633	-4611.163574	-849.514832	-0.000000	
-0.000000	-432.968231	-4205.965820	-3880.125244	-5685.532227	-14673.529297	25401.939453	6461.973145	-72096.859375	-71461.351562	-51961.078125	-7774.811523	-2992.387939	-41974.601562	-70332.554688	-59481.191406	2688.331055	-43700.554688	-90036.257812	97610.171875	224189.765625	50298.765625	-65309.523438	27864.091797	313379.187500	17673.847656	-314473.531250	-91837.492188	121959.023438	269645.156250	-46556.285156	239472.468750	677678.750000	14380.907227	30101.628906	68308.921875	-108387.507812	-131064.554688	-385512.656250	-145535.156250	128758.445312	-155668.218750	558824.937500	508174.031250	-339075.187500	-284314.656250	-192211.812500	-181713.015625	91354.257812	147243.703125	-99434.835938	104126.648438	77562.187500	-100537.187500	-49485.871094	-27047.125000	-14929.933594	872.575256	6247.845703	-6182.691406	8992.494141	6242.415527	-686.520569	-0.000000	
0.000000	-193.142456	-1460.255249	3289.034668	12473.886719	4083.536621	-7165.467285	3923.099365	54566.335938	3702.778564	-77622.515625	-26270.949219	39904.464844	99850.984375	-19343.960938	110857.234375	347502.875000	8129.944336	18688.890625	46432.304688	-80467.335938	-106079.859375	-339737.500000	-139542.125000	134288.375000	-176642.468750	690443.500000	684497.812500	-498830.812500	-457936.937500	-339999.968750	-354365.531250	197342.406250	354380.281250	-268521.406250	318239.718750	271140.375000	-407308.187500	-236202.453125	-155333.984375	-106040.843750	7953.074219	76957.500000	-111119.914062	266874.281250	384894.218750	-155332.625000	-174008.687500	-72316.828125	-68556.812500	-76864.164062	-37248.843750	-101064.187500	80345.718750	280872.687500	49154.152344	-34205.339844	-13657.617188	-24610.435547	-11822.434570	-2485.649170	-1948.947388	323.841003	0.000000	
0.000000	35.931747	303.106232	1564.564941	-4477.190918	-8612.159180	-37274.468750	-19646.707031	23382.615234	-37007.671875	170424.390625	195806.812500	-163215.281250	-169576.406250	-141268.718750	-164043.843750	101194.046875	200341.453125	-166714.156250	216320.281250	201295.734375	-329663.468750	-208156.156250	-148937.437500	-110595.101562	9024.646484	95083.093750	-149675.765625	392612.375000	619937.375000	-274765.062500	-339341.031250	-156217.968750	-164999.812500	-207569.843750	-113842.734375	-353298.218750	325506.125000	1340641.750000	282296.562500	-242945.687500	-124482.148438	-303137.687500	-212481.562500	-73767.734375	-120168.007812	73272.492188	130640.429688	-43201.195312	-73263.875000	-67925.546875	-21317.970703	-39915.472656	-2439.826660	61567.171875	6566.000977	-20076.716797	-13533.279297	-9980.952148	-6652.516113	-1605.549561	585.928772	-84.281425	-0.000000	
0.000000	885.445068	-2703.857422	7289.044434	11200.066406	-26763.931641	-22837.957031	-20969.511719	-19257.083984	1890.718384	23469.666016	-42816.109375	128461.070312	229566.000000	-114163.851562	-157088.671875	-80106.085938	-93279.179688	-128871.765625	-77383.460938	-262290.062500	263455.250000	1181456.000000	270671.781250	-253379.765625	-141254.484375	-374534.906250	-286207.406250	-108523.468750	-193550.937500	129610.375000	254766.937500	-93322.718750	-176328.578125	-183431.328125	-65153.593750	-139535.734375	-9884.515625	293868.093750	37709.113281	-142596.203125	-123348.875000	-122939.835938	-119563.953125	-47648.617188	36127.136719	-19069.572266	-41103.804688	-33931.539062	-35213.578125	-27652.921875	-9127.321289	-4126.703125	-10680.160156	-4969.766602	2289.760742	-146.973846	-612.432678	-16.409233	-534.784973	-560.795532	-199.980362	-27.585230	-0.000000	
-0.000000	-412.264069	-2090.109863	-2607.483154	-14593.782227	21388.777344	129624.046875	38108.988281	-44119.093750	-29593.675781	-92447.656250	-81872.226562	-35508.410156	-71672.906250	53852.628906	117937.398438	-47854.402344	-99683.656250	-113885.132812	-44287.503906	-103591.898438	-8000.241211	258974.656250	36156.281250	-148720.453125	-139968.515625	-151895.531250	-161049.671875	-70098.312500	58188.878906	-33731.820312	-80158.117188	-73298.515625	-84750.640625	-74676.054688	-27895.609375	-14426.048828	-43268.730469	-23721.337891	13150.294922	-1043.891479	-5582.008789	-202.119827	-9611.552734	-16642.982422	-12330.369141	-6241.453125	-7529.298340	-10171.431641	-3393.266357	1557.054321	4787.239258	5734.079102	5541.510254	2030.639893	-1917.957031	-401.691284	-185.745895	-550.126526	-463.357361	-283.988861	-141.820084	-48.954266	-0.000000	
-0.000000	-440.569824	-1847.048706	-1492.294556	-5763.838867	-649.504517	28413.535156	5090.590820	-25895.562500	-29324.255859	-37492.859375	-46069.722656	-22935.863281	21547.640625	-14015.445312	-37107.007812	-37586.312500	-47911.992188	-46363.363281	-18961.761719	-10709.958984	-35020.460938	-20904.703125	12608.775391	-1088.724609	-6334.110840	-249.724579	-12946.522461	-24484.337891	-19860.148438	-11040.393555	-14683.174805	-21972.207031	-8166.778320	4204.788086	14631.122070	20045.082031	22450.423828	9692.506836	-11014.993164	-2853.038818	-1692.978271	-6776.153320	-8327.802734	-8428.064453	-8744.328125	-11076.425781	-8597.871094	-2703.771973	2466.429688	5062.664551	2468.738281	767.043884	1377.936646	-131.564377	-341.858124	1549.208008	1744.154419	46.954159	-443.291473	-358.909698	-72.495361	17.028805	0.000000	
-0.000000	-211.755661	-751.945312	-638.928162	-595.900574	-2843.157715	-2293.570068	1775.241089	-189.571350	-1327.034790	-61.640320	-3703.470459	-8011.169922	-7354.315430	-4587.242188	-6797.174805	-11266.998047	-4616.916504	2610.583984	9945.359375	14881.551758	18170.724609	8541.633789	-10561.404297	-2975.571533	-1921.084839	-8372.123047	-11217.342773	-12398.956055	-14084.222656	-19592.888672	-16767.041016	-5840.657227	5936.104492	13671.605469	7545.144531	2681.417236	5582.460449	-627.973816	-1963.320923	11003.352539	15897.069336	578.355286	-7967.163574	-10651.524414	-4469.911621	3852.948975	7251.154785	1006.100037	246.347626	6367.213867	3459.848633	1591.485596	1913.864258	-1308.425903	-2383.502686	-2311.068604	-1448.738525	-414.337585	11.733558	143.861053	131.206985	50.686649	0.000000	
-0.000000	-20.405293	42.339817	335.114960	828.007446	1475.201538	937.149658	-1486.983276	-518.113647	-402.478973	-2066.518066	-3208.822754	-4056.884766	-5215.459961	-8140.771973	-7761.843262	-2994.995850	3355.852051	8488.150391	5128.736816	1990.695190	4518.282227	-553.409180	-1882.472778	11475.925781	18038.990234	714.573730	-10731.571289	-15670.000977	-7199.550293	6815.411621	14140.755859	2173.365479	592.899658	17194.509766	10574.250977	5563.484375	7753.673828	-6245.286133	-13688.663086	-16414.517578	-13204.505859	-5103.580566	210.884201	4269.429199	8089.947266	11468.396484	7437.860352	-2390.355225	-2686.958496	7699.293945	15751.772461	5408.254883	-7935.699219	-5245.258301	-2288.436768	-1718.305786	637.153320	479.374481	-825.410583	-313.694275	770.772827	291.703247	0.000000	
-0.000000	14.831791	137.665268	172.815933	110.762001	366.819519	-60.717567	-265.041046	1998.215820	3779.278564	176.380539	-3069.863525	-5127.156738	-2666.030518	2831.778076	6546.076660	1114.467285	335.183380	10675.379883	7187.741699	4130.354004	6275.599609	-5503.730957	-13124.973633	-17119.490234	-14983.639648	-6305.612793	284.055786	6280.974609	13030.230469	20286.238281	14504.857422	-5163.617676	-6466.864746	20791.761719	48141.757812	18906.072266	-32150.044922	-25036.296875	-13142.690430	-12204.380859	5807.324707	5904.668945	-14834.891602	-9309.645508	47524.230469	66000.976562	15672.871094	9164.667969	-1428.100708	-16184.243164	-13354.584961	-31.782627	13848.985352	287.377930	-6273.695801	57978.621094	42284.785156	-4571.634766	-7845.957031	-3134.461182	764.553528	-64.700562	-0.000000	
0.000000	1.481403	173.138901	242.195358	229.812302	509.488434	-603.844604	-1847.918701	-2980.886719	-3139.163818	-1556.434692	81.256737	2055.107910	4825.161621	8428.855469	6714.627441	-2647.821045	-3655.906494	12908.768555	32723.878906	14035.946289	-26021.316406	-22063.525391	-12601.483398	-12728.536133	6589.785645	7295.379883	-19982.230469	-13695.893555	76545.828125	116747.937500	30564.269531	19797.410156	-3437.095947	-43705.164062	-40815.292969	-111.105095	56106.652344	1371.692139	-36030.378906	411797.000000	385404.062500	-56310.863281	-141013.359375	-93022.812500	47140.765625	-14639.194336	-43435.085938	10354.613281	-32902.984375	6460.392578	82250.656250	28769.808594	-21254.732422	354918.906250	239857.625000	-33331.265625	-10926.898438	-1164.039185	-24406.216797	31183.978516	29612.654297	-1890.314941	-0.000000	
-0.000000	-16.157934	209.361160	1102.651123	780.958069	-2112.556641	-2420.710938	-1774.214478	-2216.323242	1380.600220	1800.742065	-5716.098633	-4481.237305	28345.314453	48508.328125	14148.893555	10151.796875	-1943.089966	-27134.779297	-27743.787109	-82.484879	45411.101562	1208.819580	-34546.675781	429482.906250	437332.187500	-69573.609375	-189941.484375	-136850.609375	75928.195312	-25895.003906	-84704.437500	22367.914062	-79189.593750	17446.136719	251380.671875	100572.937500	-86109.695312	1694073.875000	1377523.125000	-236737.531250	-99593.054688	-14337.989258	-438646.625000	925460.937500	1825854.000000	-427703.968750	-458715.656250	180414.500000	-41258.398438	89606.812500	-57464.933594	-406359.500000	215321.140625	4536868.500000	2396725.000000	-514626.406250	-92485.601562	-338635.843750	-101341.648438	-42320.812500	-39632.808594	-8238.372070	-0.000000	
0.000000	-8.587835	-440.086060	-934.843872	-4.589447	3686.728516	132.626236	-4863.967773	74782.593750	91623.757812	-17173.078125	-54334.488281	-44776.925781	28116.599609	-10759.277344	-39211.605469	11469.910156	-44768.175781	10831.604492	170873.500000	74665.765625	-69694.703125	1492922.250000	1320797.750000	-246904.968750	-113011.914062	-17714.976562	-590846.125000	1361492.750000	2940847.250000	-756557.750000	-894559.062500	389729.312500	-99299.070312	241981.062500	-175628.687500	-1420543.625000	872334.562500	21655060.000000	13764600.000000	-3655168.000000	-842958.625000	-4171128.500000	-1821387.250000	-1255973.750000	-2443675.750000	-1864019.750000	-1976541.750000	-1336574.625000	-1272049.750000	635818.312500	1711795.625000	1663073.875000	848487.750000	-178604.687500	633106.812500	-274839.187500	-476277.468750	4148189.750000	2938965.000000	616160.812500	101905.273438	-56826.703125	-0.000000	
0.000000	-197.860992	175.672638	5757.687500	4154.392578	-5658.207520	163796.718750	185960.515625	-42991.687500	-23676.683594	-4372.644531	-169016.890625	445474.562500	1089010.875000	-314346.906250	-414111.687500	199846.984375	-56136.644531	150236.312500	-119381.843750	-1054617.375000	706042.375000	19083772.000000	13197784.000000	-3812150.750000	-956536.250000	-5153543.000000	-2453363.500000	-1847727.000000	-3935954.000000	-3297230.750000	-3854530.250000	-2887253.000000	-3061518.750000	1717012.250000	5231719.000000	5813741.500000	3437494.250000	-852503.250000	3635987.250000	-1952063.625000	-4341024.000000	51095100.000000	52821260.000000	18286082.000000	6283265.000000	-12857650.000000	-18026796.000000	-14704317.000000	-8083422.000000	-5867945.000000	-4904732.000000	-2082010.875000	-984089.437500	-1548402.125000	-1358040.000000	-848393.375000	88422.570312	-339000.781250	-20614.683594	1576230.500000	667388.125000	53000.386719	-0.000000	
0.000000	-248.105988	2436.611328	-4022.644287	-58678.765625	57320.484375	2093785.625000	1858170.000000	-663780.812500	-200400.171875	-1272065.625000	-701806.875000	-604568.250000	-1457504.000000	-1369987.000000	-1784349.500000	-1480537.375000	-1730765.250000	1066023.875000	3556208.750000	4316145.500000	2782208.500000	-751278.375000	3486260.000000	-2035901.125000	-4925920.000000	63129392.000000	71148928.000000	26901588.000000	10120263.000000	-22743662.000000	-35154748.000000	-31764094.000000	-19454858.000000	-15846245.000000	-14990212.000000	-7278253.000000	-3986859.750000	-7390723.500000	-7799341.500000	-6025770.000000	805926.250000	-4175623.500000	-370502.406250	46778500.000000	41149752.000000	11991904.000000	-3852260.750000	-14925022.000000	-11511250.000000	-7585596.000000	-5448738.000000	-4530329.500000	-2354039.250000	-1210702.250000	-1091340.250000	-826935.500000	-476440.250000	-75837.679688	-12669.830078	-353311.031250	614846.562500	314816.500000	0.000000	
-0.000000	-7649.428223	17289.333984	119828.632812	240149.734375	225875.312500	-82426.882812	490844.781250	-354496.000000	-1032010.250000	15582431.000000	20352796.000000	8802083.000000	3747585.500000	-9449907.000000	-16273930.000000	-16288122.000000	-10998396.000000	-9838297.000000	-10189447.000000	-5403405.000000	-3226849.000000	-6513160.500000	-7478170.000000	-6284565.500000	914514.250000	-5159097.000000	-499057.531250	68818240.000000	66278648.000000	21212260.000000	-7512442.000000	-32240858.000000	-27704818.000000	-20484722.000000	-16652845.000000	-15837038.000000	-9536963.000000	-5778838.500000	-6267661.500000	-5873364.000000	-4342507.500000	-934126.500000	-227711.578125	-10485370.000000	37910148.000000	71230600.000000	17887402.000000	-11608964.000000	-17464286.000000	-11838112.000000	-8140027.000000	-6201425.000000	-3927001.500000	-2069370.375000	-968973.750000	-850856.250000	-703739.125000	-371591.156250	-190725.359375	52227.339844	-169055.906250	13366.118164	0.000000	
-0.000000	-48609.386719	-159562.640625	-343339.656250	-300644.687500	-261973.750000	-714594.687500	-1052882.125000	-1094283.625000	191596.296875	-1273436.500000	-142759.937500	22517030.000000	24543324.000000	8813615.000000	-3477680.000000	-16532599.000000	-15662338.000000	-12718140.000000	-11319605.000000	-11757483.000000	-7718942.000000	-5092668.500000	-6009563.500000	-6125614.000000	-4927603.500000	-1154138.875000	-306721.843750	-15425563.000000	61060720.000000	125998512.000000	34882912.000000	-25077550.000000	-42032348.000000	-31968540.000000	-24878166.000000	-21678822.000000	-15909534.000000	-9877373.000000	-5564900.500000	-6043262.500000	-6414220.000000	-4577054.000000	-3427857.750000	1549974.250000	-10423631.000000	3024227.250000	86323640.000000	47284120.000000	-17629180.000000	-10329230.000000	-9639312.000000	-9726177.000000	-6782467.000000	-3872308.250000	-2692359.250000	-1590757.375000	-973195.875000	-643860.250000	-322757.125000	-90961.101562	-17273.591797	2973.872314	-0.000000	
-0.000000	-69222.515625	-206269.453125	-381421.031250	-654184.687500	-626667.125000	-558744.687500	-846111.062500	-1066606.625000	-1032362.937500	-284879.781250	-87740.570312	-5047177.500000	22611098.000000	52351908.000000	16148092.000000	-12859368.000000	-23762106.000000	-19847980.000000	-16910684.000000	-16094446.000000	-12876717.000000	-8704549.000000	-5335741.500000	-6302809.500000	-7278451.500000	-5655075.000000	-4617239.500000	2280246.250000	-16789024.000000	5349500.500000	168343056.000000	102142608.000000	-42429208.000000	-27893840.000000	-29460392.000000	-34000580.000000	-27477934.000000	-18483028.000000	-15462453.000000	-11298459.000000	-8870179.000000	-7930713.000000	-5800830.500000	-2699493.500000	-1065053.375000	672870.375000	-12344985.000000	33393118.000000	69968016.000000	3437782.250000	-10483864.000000	-5225279.500000	-9614945.000000	-5692154.500000	-4364830.000000	-2697331.000000	-1106643.625000	-671436.812500	-483139.812500	-186315.375000	-67153.648438	-13695.371094	0.000000	
-0.000000	-105020.898438	-321904.937500	-569815.875000	-895492.750000	-1045404.250000	-955023.937500	-751240.875000	-1097460.375000	-1524880.000000	-1395860.375000	-1320803.250000	746086.687500	-6217062.500000	2222697.500000	77929824.000000	52377104.000000	-23986462.000000	-17318164.000000	-20025408.000000	-25242170.000000	-22239846.000000	-16288382.000000	-14825720.000000	-11783707.000000	-10065319.000000	-9798613.000000	-7813575.000000	-3971362.250000	-1715448.875000	1190228.250000	-24074432.000000	72135424.000000	168396224.000000	9283649.000000	-32041578.000000	-18266430.000000	-38953208.000000	-27169390.000000	-25067598.000000	-19157972.000000	-10086487.000000	-8270386.500000	-8683347.000000	-5529365.000000	-4140553.000000	-3098724.250000	1049014.500000	-6994221.500000	3320531.500000	52039048.000000	21599446.000000	-11193207.000000	-3118657.500000	-5968963.500000	-4579942.000000	-2564770.250000	-1772086.500000	-898476.625000	-329945.968750	-196677.421875	-62720.699219	-5316.321777	-0.000000	
0.000000	-106012.476562	-280875.031250	-674768.375000	-1404470.875000	-1805555.625000	-1787088.000000	-2087373.750000	-2051807.375000	-2108745.750000	-2418623.000000	-2235144.000000	-1299412.625000	-635239.562500	494535.375000	-11144600.000000	36989896.000000	95199272.000000	5763844.500000	-21779944.000000	-13561073.000000	-31527600.000000	-23943340.000000	-24035332.000000	-19980770.000000	-11445509.000000	-10218288.000000	-11696253.000000	-8134530.500000	-6669062.000000	-5481277.000000	2045723.625000	-15108836.000000	7991723.500000	140530208.000000	66013860.000000	-39128996.000000	-12634676.000000	-28490636.000000	-26303006.000000	-18216450.000000	-16151656.000000	-11066937.000000	-5930034.000000	-5836884.000000	-3867226.500000	-1202874.750000	-2845191.500000	1870537.625000	-3878581.000000	-4807426.500000	52310128.000000	36652956.000000	-10837383.000000	-2583325.500000	-4821418.000000	-5464394.500000	-2572667.500000	-1915282.375000	-831802.437500	14627.810547	-80060.617188	-33690.105469	-0.000000	
0.000000	420750.281250	93481.046875	-733888.500000	-754536.187500	-2559587.750000	-2626955.500000	-3384032.750000	-3479099.750000	-2397903.750000	-2522213.000000	-3345819.500000	-2661583.250000	-2469588.000000	-2277450.000000	947011.875000	-7747570.500000	4517953.000000	87249560.000000	44872264.000000	-29049526.000000	-10226141.000000	-25107702.000000	-25219866.000000	-18998814.000000	-18327880.000000	-13673503.000000	-7987608.500000	-8586938.000000	-6228823.500000	-2127743.250000	-5548517.500000	4040713.750000	-9334814.000000	-12982342.000000	159874160.000000	128130696.000000	-43905692.000000	-12330547.000000	-27689822.000000	-38811220.000000	-23448540.000000	-23591386.000000	-14949771.000000	434116.125000	-4936369.500000	-7622746.500000	-435000.406250	-4354134.000000	-2199661.000000	-5114273.500000	-1891970.000000	35741292.000000	20501458.000000	-8263189.000000	-2179793.750000	-2766731.000000	-3208633.500000	-1419333.750000	-895045.562500	-372205.062500	-78316.179688	-26763.701172	-0.000000	
-0.000000	19967.904297	1415059.000000	1511998.375000	-1616311.625000	-830215.625000	-2754704.250000	-3550808.250000	-3308119.000000	-3839802.500000	-3375074.500000	-2284928.000000	-2809609.000000	-2306565.500000	-884069.312500	-2568534.750000	2072013.625000	-5277241.000000	-8060214.000000	108672872.000000	95124760.000000	-35536000.000000	-10866437.000000	-26549576.000000	-40478092.000000	-26607924.000000	-29147802.000000	-20136970.000000	638650.312500	-7950859.500000	-13483738.000000	-848311.062500	-9405749.000000	-5294057.000000	-13810975.000000	-5782382.000000	124943712.000000	83057944.000000	-39441272.000000	-12518745.000000	-19650890.000000	-29245042.000000	-17482566.000000	-16086423.000000	-11046097.000000	-4828811.000000	-6055573.500000	-4795554.000000	-1623943.750000	-2521456.000000	800436.875000	-4222230.500000	1391922.750000	33793140.000000	13593709.000000	-7383932.000000	-1679359.125000	-2487374.500000	-2089132.625000	-958585.000000	-468236.593750	-145952.859375	-21105.394531	-0.000000	
0.000000	-23323.714844	-130724.773438	3661798.750000	5292728.000000	-2885012.000000	-1192216.625000	-3738023.250000	-7048142.500000	-5574522.000000	-7194645.500000	-5760363.000000	208963.640625	-2944244.250000	-5602442.500000	-392702.437500	-4823118.500000	-2992884.000000	-8574679.000000	-3930516.250000	92758728.000000	67224696.000000	-34758076.000000	-12003232.000000	-20494858.000000	-33185428.000000	-21600188.000000	-21668012.000000	-16250476.000000	-7777618.500000	-10711594.000000	-9351995.000000	-3508024.500000	-6068540.000000	2161560.750000	-12904301.000000	4865856.500000	136906768.000000	64884536.000000	-42406564.000000	-11927759.000000	-22671140.000000	-25732776.000000	-17228402.000000	-13896068.000000	-8999146.000000	-4775321.500000	-4542912.500000	-3669775.750000	-1323012.875000	-1094212.750000	828721.750000	-3928034.500000	4625080.500000	20775100.000000	3689632.000000	-4145395.250000	-382414.968750	-1190801.125000	-955585.312500	-375357.187500	-157902.468750	-22189.621094	0.000000	
-0.000000	-13227.587891	-139068.625000	-132441.156250	5161082.500000	5457678.500000	-3813500.000000	-1689984.250000	-3568614.000000	-6952549.500000	-5331644.000000	-6198331.500000	-5317085.500000	-2880092.000000	-4450627.500000	-4329250.500000	-1798859.125000	-3430721.500000	1342026.250000	-8771570.000000	3612432.000000	110808384.000000	57180248.000000	-40660292.000000	-12440035.000000	-25725778.000000	-31793548.000000	-23206228.000000	-20443214.000000	-14494650.000000	-8446979.000000	-8859309.000000	-7927406.500000	-3184174.750000	-2954895.750000	2532802.250000	-13731546.000000	18737674.000000	99162240.000000	21189876.000000	-29442944.000000	-3485515.750000	-14667627.000000	-17174488.000000	-11139644.000000	-9735934.000000	-5020639.000000	597911.875000	-2566015.500000	-2817734.000000	-184441.640625	-1158345.250000	-15871.662109	-3807791.000000	4977378.000000	15083149.000000	1558439.875000	-2710896.500000	-295769.312500	-727735.687500	-439865.375000	-126113.414062	-38106.609375	-0.000000	
-0.000000	-15162.690430	21765.683594	-295563.406250	200995.203125	8996047.000000	6273559.500000	-5724729.000000	-2166088.750000	-5389707.000000	-7847704.000000	-6638352.500000	-6688931.500000	-5367443.500000	-3509688.250000	-4101175.000000	-4065048.000000	-1800106.375000	-1834575.875000	1721647.000000	-10194357.000000	15165732.000000	87387872.000000	20317292.000000	-30707464.000000	-3955143.000000	-18122254.000000	-23133610.000000	-16388098.000000	-15681372.000000	-8880917.000000	1166010.875000	-5543077.000000	-6781610.000000	-498080.281250	-3540222.500000	-55483.847656	-15426575.000000	23757670.000000	86623832.000000	11068922.000000	-24708428.000000	-3643122.500000	-13079406.000000	-13054083.000000	-7775888.000000	-8622028.000000	-2643385.000000	2985571.000000	-1986430.125000	-3135546.000000	-433431.593750	-772473.312500	-359524.531250	-3724821.500000	7881820.500000	13253138.000000	-510571.937500	-2439590.250000	-561904.500000	-482152.812500	-204147.421875	-36290.738281	-0.000000	
-0.000000	-7955.893555	-29754.113281	58011.949219	-567212.562500	1231239.375000	9587804.000000	2860554.750000	-5346857.000000	-828626.562500	-4473174.000000	-6617579.000000	-5362115.000000	-5806892.500000	-3689987.750000	539772.937500	-2842401.750000	-3833841.000000	-309238.000000	-2406430.750000	-41191.437500	-12485824.000000	20936720.000000	83056728.000000	11544312.000000	-28037564.000000	-4501177.000000	-17617636.000000	-19204526.000000	-12524385.000000	-15251349.000000	-5154967.000000	6449396.000000	-4780861.000000	-8467468.000000	-1324686.375000	-2700397.250000	-1456548.375000	-17779056.000000	45265976.000000	94131288.000000	-4653600.500000	-30049518.000000	-10098965.000000	-14309065.000000	-12587301.000000	-8211167.500000	-6589681.000000	-3172711.000000	32358.357422	-1845953.750000	-2129727.000000	-99359.023438	-208235.453125	-109870.492188	-1819137.500000	3003821.750000	6316537.000000	329525.093750	-1137084.500000	-281698.906250	-134358.421875	-28984.740234	-0.000000	
-0.000000	-16944.349609	-5015.384277	-81086.164062	-2291.885742	-1013669.312500	2297082.750000	11693896.000000	2010123.250000	-5874040.500000	-1111040.000000	-5039684.500000	-6283638.000000	-4637844.500000	-6336878.500000	-2386351.000000	3307147.500000	-2702759.250000	-5257110.500000	-900442.375000	-2004786.000000	-1178888.125000	-15667998.000000	43401956.000000	98174056.000000	-5280612.000000	-37127000.000000	-13603055.000000	-21050796.000000	-20273980.000000	-14524585.000000	-12850791.000000	-6853653.500000	77878.804688	-4984954.000000	-6509032.500000	-347337.343750	-843628.187500	-524426.062500	-10447464.000000	21334844.000000	57571984.000000	4058907.500000	-20436526.000000	-8360105.500000	-8284258.000000	-6558107.500000	-4532670.500000	-4246900.500000	-2231102.250000	-643010.500000	-1015017.625000	-1176929.875000	-598193.687500	-220645.328125	-122494.039062	-698338.125000	336042.843750	2015188.125000	406988.437500	-318214.843750	-72565.226562	-14999.089844	-0.000000	
0.000000	-11945.331055	-85262.570312	-30340.957031	-111546.015625	-95708.765625	-1719022.250000	6110739.000000	17094302.000000	-1106320.375000	-9164177.000000	-3891277.500000	-6887729.500000	-7507559.500000	-6034910.500000	-5948922.500000	-3514444.500000	44027.148438	-3094957.500000	-4424449.500000	-257864.687500	-682808.250000	-462156.531250	-10017245.000000	22251134.000000	65329052.000000	5014891.000000	-27527494.000000	-12298977.000000	-13343202.000000	-11600517.000000	-8839335.000000	-9174105.000000	-5369728.500000	-1736434.500000	-3102173.750000	-4114288.500000	-2423473.250000	-1053168.750000	-703493.937500	-4959992.500000	3062857.500000	24821970.000000	7314698.000000	-9443805.000000	-4474219.500000	-3393704.500000	-2674903.750000	-1990834.125000	-1565901.125000	-1036076.375000	-601121.000000	-348662.812500	-245051.250000	-157641.468750	-79379.421875	-65210.554688	-37610.570312	-53344.207031	-2449.929199	79514.359375	14273.706055	-4803.382812	-0.000000	
-0.000000	194.585892	-50195.644531	-149084.546875	-14347.554688	-55434.210938	-50705.738281	-1410368.875000	3874421.000000	13686834.000000	1237841.625000	-7874489.500000	-4024172.250000	-4941056.000000	-4819971.500000	-4091929.000000	-4704335.000000	-3035663.250000	-1078082.375000	-2108671.500000	-3054464.750000	-1961489.250000	-928117.125000	-674524.562500	-5173015.000000	3475537.500000	30668220.000000	9852716.000000	-13893263.000000	-7206488.500000	-6003062.000000	-5216432.500000	-4300577.000000	-3768748.250000	-2797899.750000	-1837191.500000	-1218848.625000	-992780.687500	-752443.125000	-455882.906250	-463162.281250	-342800.968750	-657064.375000	-44031.945312	2359783.500000	880086.750000	-1086816.750000	-601211.062500	-354741.843750	-250536.718750	-205376.484375	-154589.531250	-90987.351562	-71466.578125	-59357.941406	135391.875000	135399.109375	14482.115234	29054.724609	1430.274048	-7428.890137	-3067.568359	-996.738708	-0.000000	
-0.000000	-13416.659180	-17484.904297	-71052.976562	-169950.000000	-159244.718750	-101828.835938	-94969.070312	-900737.812500	728146.250000	7569935.500000	2818459.000000	-4545815.500000	-2668599.750000	-2494249.750000	-2414805.000000	-2205267.250000	-2130582.750000	-1737103.375000	-1248812.625000	-904878.312500	-803528.000000	-663099.250000	-437109.968750	-483054.250000	-388988.906250	-811820.937500	-59309.937500	3471597.500000	1417528.875000	-1922450.375000	-1172444.750000	-766309.187500	-602981.812500	-554614.312500	-472468.250000	-318071.812500	-289533.875000	-283323.125000	777567.312500	961681.062500	131997.031250	357879.968750	25705.945312	-220470.500000	-189139.828125	-225522.796875	-239567.609375	-173539.453125	-92308.078125	-61368.125000	-57245.902344	-51533.652344	-43945.144531	41623.007812	63751.843750	1295.394409	-17011.632812	-8407.838867	-3102.892578	-3181.177490	-1749.677002	-328.966553	0.000000	
-0.000000	-9416.493164	-28173.251953	-42079.503906	-50347.300781	-65234.914062	-72752.265625	-61542.500000	-84110.562500	-81495.546875	-200384.375000	-16966.146484	1135891.750000	524918.187500	-798770.937500	-542751.312500	-392951.156250	-340883.093750	-344337.718750	-321155.562500	-236137.828125	-234340.359375	-249681.796875	745547.625000	1002983.500000	149781.890625	442170.468750	34625.269531	-324345.406250	-304641.750000	-398923.156250	-467190.031250	-374877.906250	-222163.406250	-165723.171875	-174959.265625	-180150.343750	-178035.781250	198672.000000	366132.375000	9200.625000	-155052.281250	-103563.093750	-55767.488281	-94409.234375	-107881.406250	-74432.203125	2446.529541	7033.044434	5065.698242	-2549.761475	-25512.882812	-17881.501953	-2739.917236	6091.829102	-3029.862793	-7725.055664	-4801.177246	-2060.467529	-1918.279175	-1083.395020	-130.417557	72.952461	0.000000	
-0.000000	-1506.594116	-5584.649902	-10821.533203	-13138.675781	-19025.066406	-27393.962891	104968.703125	174641.890625	31380.218750	109142.359375	9904.873047	-106124.414062	-112810.406250	-165751.078125	-216272.859375	-192231.421875	-125595.414062	-102890.851562	-118926.812500	-133744.359375	-144097.015625	175082.000000	351055.312500	9595.774414	-175943.546875	-127955.031250	-75117.421875	-138890.234375	-173761.296875	-131661.765625	4771.071777	15192.700195	12191.920898	-6885.570312	-77974.398438	-62509.808594	-11100.278320	29077.087891	-17400.765625	-54867.718750	-43760.257812	-25379.695312	-34476.738281	-32152.402344	-8041.272461	16506.273438	19488.800781	-1885.507812	-4203.405273	-483.544281	-3999.644775	9556.503906	7316.659668	4863.700195	11802.750000	1081.718872	-6004.065430	-1583.368164	-191.887329	-1162.095337	-75.938675	144.370316	0.000000	
-0.000000	-555.091492	-1668.737671	-4007.311523	-7441.517090	-11698.605469	19209.208984	49426.511719	1670.839233	-36861.242188	-31583.552734	-21488.019531	-45444.285156	-64344.699219	-54704.972656	2208.637207	7790.574707	6892.446777	-4274.973633	-53002.320312	-46407.539062	-8984.244141	25624.519531	-16684.214844	-57224.187500	-49656.378906	-31357.306641	-46439.308594	-47301.039062	-12951.832031	29197.648438	38005.863281	-4073.052002	-10116.588867	-1305.799805	-12224.016602	33407.441406	29642.119141	23215.072266	67784.218750	7682.979980	-54723.964844	-19503.050781	-3448.741455	-34488.027344	-4682.219238	32665.328125	52500.015625	26678.306641	35108.875000	69945.218750	31632.480469	-17248.447266	-2405.983643	54510.027344	-60.945595	-6991.866211	-30395.214844	10116.116211	117235.875000	29343.687500	-13032.348633	6889.942871	0.000000	
0.000000	30.462406	-69.333763	-1785.945679	-2582.109131	-729.391418	2811.407227	-2349.038818	-9964.012695	-10403.313477	-7740.024902	-13284.385742	-15476.695312	-4796.129883	12131.513672	17593.775391	-2088.596191	-5719.201172	-810.718628	-8309.153320	24801.820312	23991.474609	20458.550781	64992.914062	8012.949707	-62097.300781	-24096.552734	-4645.369141	-50737.093750	-7541.507812	57781.105469	102382.296875	57630.167969	84498.648438	188885.406250	96677.578125	-60296.785156	-9747.406250	260183.421875	-350.015839	-49660.191406	-277036.718750	124604.710938	2107050.250000	870845.812500	-803547.187500	1558923.250000	1707898.250000	-732608.062500	-450243.812500	-247560.406250	-10779.023438	1053322.750000	48996.054688	-533894.312500	-216411.687500	-152280.312500	-77558.539062	-43208.757812	-29474.431641	-11041.948242	-3758.206787	-583.203552	-0.000000	
-0.000000	-25.277037	-13.148659	-279.981995	1379.969849	1947.762695	2244.620117	9150.618164	1395.234009	-13009.762695	-5947.829590	-1328.849976	-16600.957031	-2792.659180	24007.833984	47395.089844	29551.833984	47769.535156	117271.351562	65715.617188	-44764.582031	-7889.269043	229289.656250	-335.602448	-51793.003906	-314363.781250	153952.515625	2838144.250000	1281145.625000	-1294249.000000	2757551.000000	3330638.250000	-1582571.375000	-1083628.875000	-668531.000000	-32943.667969	3682185.000000	198498.625000	-2548346.750000	-1242871.125000	-1081581.000000	-706906.187500	-532221.500000	-529736.375000	-327696.843750	-231723.140625	-131956.031250	-47882.187500	45752.925781	518650.000000	371893.406250	-1034615.375000	4370506.500000	5682018.000000	-731197.375000	-1050535.875000	-142947.921875	-458771.281250	-272320.468750	-102286.625000	-59980.558594	-27582.921875	-6437.023926	-0.000000	
0.000000	211.126053	1901.968262	2214.327881	-2490.695068	-640.495178	25156.628906	-47.250843	-9018.322266	-65861.132812	38000.593750	811876.937500	419185.312500	-479267.031250	1145752.125000	1541828.000000	-811517.375000	-612606.875000	-415064.000000	-22393.128906	2733669.500000	160659.046875	-2245760.000000	-1191690.500000	-1128033.000000	-802152.500000	-657574.187500	-713541.687500	-482091.531250	-373229.375000	-233414.640625	-93376.898438	98834.937500	1248266.125000	1004289.312500	-3162069.750000	15278331.000000	23019666.000000	-3490099.500000	-6033319.000000	-1015297.000000	-4181464.250000	-3354292.500000	-1838371.125000	-1780069.875000	-1700705.000000	-1456445.500000	-972716.687500	-399223.750000	-17365.880859	851737.625000	-1222688.375000	1838916.750000	10155246.000000	3723209.750000	-2044527.000000	-537834.812500	-574488.312500	-539444.312500	-184868.437500	-148040.578125	-65078.644531	-11522.142578	-0.000000	
-0.000000	-2707.526123	-6731.725586	-754.550171	152100.984375	13043.204102	-246394.687500	-167782.984375	-196415.796875	-168055.828125	-162311.156250	-204115.078125	-157738.265625	-138208.765625	-96982.906250	-43226.285156	50680.980469	705681.062500	623522.875000	-2149385.250000	11342696.000000	18631452.000000	-3075690.750000	-5784871.500000	-1058902.125000	-4744861.500000	-4144320.000000	-2476240.250000	-2618751.500000	-2739273.500000	-2576280.000000	-1896932.375000	-862398.500000	-41795.507812	2300097.250000	-3736872.500000	6428449.500000	41142136.000000	17771362.000000	-11741896.000000	-3820007.250000	-5236165.000000	-6644575.500000	-3322592.750000	-4393467.000000	-4012612.500000	-2607008.000000	-1806157.000000	-1276951.625000	-780706.500000	-119587.000000	317978.687500	-1454785.125000	3827041.500000	7277683.000000	311082.375000	-1596945.500000	-292664.375000	-432269.093750	-276932.000000	-99502.539062	-56581.406250	-12126.257812	-0.000000	
0.000000	3118.884277	10112.620117	-72424.851562	631106.000000	1512606.000000	-337450.937500	-814475.687500	-184378.578125	-994077.375000	-1022955.875000	-708351.000000	-856844.250000	-1014367.125000	-1070434.750000	-878133.000000	-442224.218750	-23628.212891	1428037.875000	-2540101.750000	4772507.500000	33299256.000000	15661218.000000	-11258373.000000	-3984069.500000	-5941669.500000	-8209554.500000	-4475450.000000	-6463453.000000	-6462992.500000	-4611489.000000	-3522256.250000	-2758456.250000	-1878973.250000	-322941.843750	971830.500000	-5085609.500000	15504564.000000	34737324.000000	1786573.125000	-11342411.000000	-2667485.000000	-5324451.000000	-4977227.000000	-2952981.500000	-3488690.750000	-2743695.500000	-1770578.750000	-1115398.375000	-772802.812500	-415781.625000	385616.312500	126408.484375	-1392103.375000	3362474.500000	5026652.000000	-205446.203125	-783204.937500	-80296.898438	-282456.593750	-107643.304688	-32903.609375	-13288.063477	-0.000000	
-0.000000	-104.429138	23160.666016	-85590.289062	265541.656250	2703420.750000	1718278.375000	-1585112.500000	-693715.750000	-1244816.000000	-2026390.750000	-1280243.125000	-2114814.000000	-2393279.250000	-1916056.500000	-1630532.375000	-1414492.375000	-1062238.125000	-200501.609375	660592.062500	-3775577.500000	12548946.000000	30612668.000000	1713003.250000	-11829546.000000	-3026893.750000	-6578504.500000	-6704201.500000	-4344281.500000	-5619127.500000	-4853273.000000	-3452873.750000	-2409470.750000	-1859951.125000	-1122808.375000	1178549.750000	441896.312500	-5639854.500000	16049525.000000	28868498.000000	-1459195.250000	-7138510.000000	-989052.687500	-5076519.500000	-3194578.500000	-2028767.500000	-3006566.500000	-2010403.125000	-1112030.750000	-1005658.562500	-871379.875000	-514185.125000	78352.656250	-5881.593262	-859341.062500	3069833.750000	3322625.500000	-442475.968750	-388147.500000	-51685.921875	-158772.515625	-34542.898438	-8746.386719	-0.000000	
-0.000000	-4694.751953	-3251.840088	22259.054688	-210072.609375	1018793.937500	3358684.250000	241180.734375	-2059789.000000	-634152.625000	-1623793.375000	-1917797.625000	-1421430.125000	-2080791.875000	-2016516.875000	-1598413.625000	-1235538.250000	-1051484.250000	-697106.562500	801107.375000	328065.656250	-4564735.000000	14143830.000000	27679714.000000	-1521865.000000	-8100330.500000	-1222001.625000	-6837946.000000	-4699707.500000	-3267673.750000	-5318261.000000	-3920564.750000	-2402196.000000	-2420379.000000	-2353140.750000	-1571491.375000	273903.687500	-23828.208984	-4101746.000000	17630322.000000	23599168.000000	-4032940.750000	-4780985.500000	-928937.687500	-4711963.500000	-2129842.500000	-1978963.625000	-3044456.500000	-1013354.562500	238656.828125	-637171.812500	-763568.937500	-270194.406250	-26695.304688	-2286.061768	-696927.562500	1211121.750000	1784601.625000	-210310.562500	-280857.312500	-24486.263672	-49779.023438	-9584.728516	-0.000000	
-0.000000	-4647.223633	-11306.040039	26993.804688	18253.527344	-370590.843750	1551797.375000	3897140.250000	-264990.781250	-1697068.500000	-301630.593750	-1956056.500000	-1537724.000000	-1210036.375000	-2209717.500000	-1814918.250000	-1231807.875000	-1368310.500000	-1460970.500000	-1068205.625000	203347.234375	-19285.863281	-3614711.250000	16904318.000000	24612708.000000	-4576326.500000	-5907038.000000	-1251256.000000	-6932009.500000	-3430472.500000	-3500552.750000	-5937112.000000	-2189036.750000	574389.750000	-1720667.250000	-2333677.250000	-944540.312500	-108151.187500	-10911.668945	-4002515.500000	8602072.000000	16265725.000000	-2590489.000000	-5047776.000000	-726689.812500	-3069270.000000	-2168647.500000	-1288608.000000	-1860362.000000	-633743.562500	635095.125000	-102602.609375	-515557.156250	-162405.125000	164992.078125	275887.000000	-462896.218750	1211953.750000	1505306.000000	-162278.156250	-162320.437500	-19949.701172	-15367.438477	-0.000000	
-0.000000	-6047.494141	-23694.783203	-35993.843750	11314.211914	-1565.734741	-396589.843750	2380028.000000	4285623.500000	-958768.250000	-1458053.250000	-357933.156250	-2268123.500000	-1270321.625000	-1454466.625000	-2748423.750000	-1122503.250000	324719.187500	-1068293.125000	-1586293.750000	-701230.625000	-87534.445312	-9616.034180	-3837694.750000	8971515.000000	18457318.000000	-3200619.750000	-6799229.000000	-1069070.375000	-4943579.500000	-3836081.000000	-2512964.000000	-4018732.250000	-1525268.750000	1715059.250000	-313581.875000	-1802274.625000	-657954.875000	787528.562500	1584443.000000	-3287751.000000	11046335.000000	18541524.000000	-2916583.500000	-4817256.500000	-1230056.625000	-3477047.250000	-1657576.750000	-1339349.750000	-2107736.000000	-837673.687500	351067.187500	-365036.218750	-644326.875000	-272782.125000	-50603.222656	191928.015625	-331280.750000	769122.125000	1112280.375000	-22402.519531	-85411.929688	-2554.806885	-0.000000	
-0.000000	1435.154785	-17326.136719	-53451.140625	-39016.375000	-7106.538086	-1055.028076	-540324.750000	1562141.875000	3866920.500000	-790019.250000	-1944981.125000	-349795.218750	-1830632.875000	-1593877.250000	-1163308.125000	-2060742.000000	-862278.687500	1064811.375000	-213154.140625	-1338016.125000	-532529.687500	694018.687500	1519196.750000	-3428954.000000	12534684.000000	22908560.000000	-3928565.500000	-7086911.500000	-1981214.625000	-6150485.500000	-3232504.250000	-2893247.750000	-5072815.500000	-2262118.000000	1072958.125000	-1276086.500000	-2610373.500000	-1302024.375000	-290618.687500	1363181.375000	-3019453.500000	9473620.000000	19990730.000000	-664849.625000	-5266320.000000	-578052.375000	-3207494.750000	-1991282.500000	-1099198.375000	-1960538.125000	-1104769.000000	-235434.203125	-315488.218750	-326609.718750	-162122.984375	-109761.960938	175266.171875	-200230.906250	421945.093750	740895.125000	30877.367188	-28161.228516	0.000000	
-0.000000	-3810.995605	17269.667969	-7182.359375	-74447.031250	-43233.750000	76144.609375	213893.937500	-597057.687500	2626092.500000	5654593.500000	-1123801.750000	-2318806.750000	-733653.937500	-2555503.750000	-1496399.625000	-1483611.375000	-2867809.750000	-1404458.000000	729332.562500	-947371.875000	-2112761.000000	-1147424.125000	-278651.218750	1421727.500000	-3426285.250000	11704916.000000	26927016.000000	-978094.187500	-8482301.000000	-1022506.312500	-6255059.000000	-4301545.000000	-2645507.000000	-5294386.500000	-3376478.750000	-823026.312500	-1278143.250000	-1558950.375000	-931086.375000	-779591.562500	1597460.875000	-2466333.250000	7583510.000000	21987878.000000	1903833.625000	-6371779.000000	789008.937500	-2273804.250000	-3347427.000000	-1312852.250000	-1550954.375000	-1319689.500000	-810747.250000	-491015.875000	-293353.093750	-123933.179688	-40124.542969	54318.437500	-59118.703125	27718.484375	189676.765625	24760.839844	-0.000000	
-0.000000	-12674.799805	-22778.236328	24575.306641	-52711.636719	-171525.796875	-125890.210938	-39232.445312	247554.609375	-717827.625000	2889162.000000	7702717.500000	-320028.187500	-3141039.750000	-424847.562500	-2895608.750000	-2205764.000000	-1495581.875000	-3287071.750000	-2295127.750000	-611018.125000	-1034492.250000	-1373843.125000	-892744.937500	-813073.562500	1812697.750000	-3047222.000000	10214800.000000	32347488.000000	3066446.500000	-11270924.000000	1538676.750000	-4911845.500000	-8056454.000000	-3545326.250000	-4740144.000000	-4613344.500000	-3284595.500000	-2343682.250000	-1684752.250000	-880243.625000	-365714.562500	669064.375000	-1062525.250000	822613.937500	11695071.000000	5602404.500000	-3352797.500000	76622.992188	-465675.406250	-2320204.250000	-659040.812500	-642795.562500	-885707.125000	-546698.750000	-488640.906250	-309708.218750	-125174.039062	-48025.910156	4334.806152	-16516.417969	-14603.950195	26400.296875	0.000000	
-0.000000	-6609.992676	-53311.453125	-77335.734375	-33996.964844	-83985.890625	-150731.890625	-125693.210938	-141574.328125	379771.218750	-752155.625000	2922036.250000	10583958.000000	1135521.000000	-4683026.500000	712288.375000	-2518716.250000	-4554547.000000	-2201150.500000	-3222065.750000	-3424966.250000	-2658456.500000	-2065397.125000	-1615375.375000	-918048.437500	-414989.781250	826647.312500	-1431195.125000	1210189.250000	18836892.000000	9909992.000000	-6538419.500000	165520.109375	-1120769.000000	-6265656.500000	-2014210.250000	-2247072.250000	-3588281.750000	-2609463.750000	-2806307.250000	-2199723.250000	-1140897.000000	-591556.562500	77908.351562	-490165.125000	-900448.875000	5973349.500000	4628934.500000	-2171489.750000	-1085779.625000	-136549.828125	-941716.062500	-570348.000000	-309882.906250	-399828.468750	-193241.843750	-89440.476562	-95044.484375	-45969.796875	25260.957031	24468.158203	1024.956787	-6146.313965	0.000000	
-0.000000	-20129.638672	-35699.410156	-108569.476562	-190564.640625	-215828.437500	-226606.078125	-227435.312500	-159852.796875	-86942.890625	204044.015625	-409406.343750	395968.687500	6975398.500000	4117564.500000	-3026782.750000	84876.070312	-633603.250000	-3890094.000000	-1369139.375000	-1668235.750000	-2904251.500000	-2299620.250000	-2690745.500000	-2294197.250000	-1294617.875000	-730884.250000	104940.609375	-721106.937500	-1450325.500000	10566149.000000	9027064.000000	-4690827.000000	-2613211.250000	-368749.531250	-2878143.750000	-1993811.375000	-1255434.375000	-1908433.000000	-1109804.625000	-635256.875000	-866281.562500	-566230.437500	454008.656250	726152.562500	63196.679688	-1390669.250000	4676172.500000	6201165.000000	-1408391.000000	-1630152.500000	331593.031250	-538797.750000	-925501.937500	-326200.218750	-216065.687500	-177447.312500	-79588.062500	-70101.281250	-52906.273438	-6154.611328	7519.903809	-22.950630	-0.000000	
0.000000	-2800.323486	-63091.582031	-46133.988281	-92820.398438	-235783.453125	-252303.984375	-378841.062500	-399471.125000	-271230.312500	-180406.515625	30019.214844	-235943.078125	-537063.000000	4390195.500000	4178832.500000	-2405381.500000	-1477324.125000	-228941.765625	-1956389.500000	-1480213.750000	-1016112.250000	-1681828.625000	-1064103.750000	-662540.000000	-983001.625000	-699593.187500	611538.375000	1068280.000000	101788.960938	-2459929.750000	9119184.000000	13395685.000000	-3389659.250000	-4402188.000000	1013439.687500	-1883518.750000	-3749503.000000	-1556995.875000	-1240884.000000	-1260331.250000	-725404.187500	-863468.750000	-950870.812500	-182653.156250	463661.468750	-5192.825684	-1260303.625000	1100217.375000	4780399.500000	929148.250000	-1362182.750000	66374.648438	56394.773438	-562884.687500	-304978.500000	-15077.826172	-117753.312500	-105340.070312	-28559.542969	-27783.835938	-11755.544922	214.754105	0.000000	
-0.000000	-6529.299805	-3713.097412	-65921.742188	-82358.890625	-82493.703125	-184522.671875	-149819.515625	-115363.054688	-205944.828125	-172682.828125	174936.109375	349536.593750	37692.976562	-1022091.562500	4221477.500000	6869094.000000	-1916272.750000	-2733141.500000	688875.500000	-1398332.125000	-3034739.500000	-1372120.625000	-1189785.250000	-1314460.125000	-823142.875000	-1066839.250000	-1280799.375000	-268710.375000	746805.375000	-9185.495117	-2457766.750000	2376676.750000	11505275.000000	2509142.750000	-4163206.000000	232031.203125	228473.203125	-2686721.500000	-1751518.000000	-107091.257812	-1073260.875000	-1297520.500000	-513293.312500	-824553.437500	-724822.187500	48590.410156	99447.156250	-596462.312500	-138302.296875	2314300.750000	1133877.000000	-847431.000000	-263169.906250	48907.468750	-184537.828125	-205605.718750	-46849.328125	-20620.458984	-35556.574219	-8700.500000	-4066.635986	-894.757385	0.000000	
0.000000	-8469.311523	-44327.519531	23212.082031	-77803.000000	-246377.203125	-150542.906250	-167514.734375	-228876.953125	-172453.453125	-263331.343750	-366384.281250	-87920.875000	276545.875000	-3816.538818	-1137755.875000	1218722.000000	6504265.500000	1557825.875000	-2829897.750000	172260.921875	184919.593750	-2367704.250000	-1679391.750000	-111690.625000	-1217868.625000	-1603122.000000	-691393.312500	-1213042.500000	-1167449.000000	85950.695312	193935.734375	-1288470.875000	-332860.437500	6249714.000000	3465440.500000	-2962433.000000	-1066185.125000	233441.687500	-1059816.750000	-1460328.250000	-427007.531250	-253991.375000	-639049.125000	-258208.640625	-250740.234375	-202448.437500	314404.343750	153594.375000	-340376.781250	-391097.406250	925686.875000	868833.375000	-356054.437500	-307305.468750	-3526.058350	-33399.042969	-103783.000000	-39545.265625	9950.500000	-5885.810059	-6749.494629	-1075.371582	-0.000000	
0.000000	28746.771484	25265.636719	-95355.132812	9584.573242	15012.812500	-259773.875000	-236448.437500	-19447.839844	-255150.890625	-395703.750000	-197779.343750	-396902.281250	-432312.375000	35712.191406	89777.250000	-660707.375000	-188175.671875	3880196.250000	2355598.500000	-2199322.500000	-862939.375000	205723.187500	-1016174.250000	-1523046.625000	-484541.187500	-313813.281250	-860783.312500	-379863.875000	-403859.656250	-358107.343750	613132.062500	331792.781250	-819205.250000	-1056149.250000	2829154.250000	3037250.750000	-1442490.000000	-1466808.750000	-20250.458984	-237218.906250	-945928.625000	-487096.656250	178837.765625	-174675.828125	-416159.656250	-243314.312500	-127877.257812	266529.718750	95371.101562	-117802.398438	-120770.890625	81802.765625	385541.468750	19647.789062	-128820.781250	-36454.261719	-52159.367188	-30979.099609	-5198.216309	-1444.480713	-2831.295410	-80.589981	0.000000	
-0.000000	-831.676208	62931.054688	79373.335938	-122369.992188	-70058.273438	22571.023438	-143071.328125	-265196.531250	-101514.328125	-77459.539062	-246234.890625	-124289.820312	-149551.296875	-148792.265625	283832.718750	170138.046875	-463120.500000	-655720.562500	1923089.250000	2254867.500000	-1167509.750000	-1292642.250000	-19416.560547	-247407.015625	-1073380.125000	-601821.187500	240890.015625	-256974.515625	-670295.625000	-430394.281250	-249378.375000	575754.437500	229535.375000	-318122.562500	-369109.125000	285964.531250	1561951.250000	93781.437500	-739828.937500	-258918.796875	-475405.781250	-381583.375000	-93426.195312	-42868.503906	-174571.734375	-18234.345703	66030.218750	-356.168457	13475.309570	-48723.312500	102447.281250	111093.265625	-108112.132812	21560.617188	401791.031250	103084.054688	-120256.429688	-36352.816406	-22620.835938	-13453.031250	-3986.888428	-928.079407	-0.000000	
0.000000	-2046.844238	-10634.820312	64799.671875	125460.515625	-94785.000000	-141822.890625	-2733.736816	-43079.101562	-224879.656250	-148549.468750	68908.781250	-84080.953125	-248213.921875	-178827.203125	-115442.906250	295237.687500	129763.007812	-197509.515625	-250898.250000	212301.234375	1264198.250000	82645.976562	-709363.312500	-270038.875000	-539460.500000	-471456.687500	-125842.765625	-63066.039062	-281177.343750	-32254.402344	128768.078125	-769.390930	32431.837891	-131576.140625	313107.125000	388357.687500	-437996.687500	102911.609375	2307520.750000	732161.312500	-1096075.375000	-447773.812500	-406558.468750	-399251.656250	-245823.156250	-209987.890625	-78929.695312	137741.265625	182044.640625	35459.296875	-27217.394531	52779.417969	-1255.783325	18100.396484	72403.054688	17007.503906	-9915.178711	-1350.864502	-16640.458984	-9767.788086	-3082.092285	-259.713898	0.000000	
0.000000	573.510925	-3203.312744	-8454.169922	11812.411133	102634.718750	9067.544922	-99874.156250	-47019.820312	-113020.257812	-116371.164062	-35998.464844	-20634.935547	-104121.421875	-13401.583008	59609.664062	-394.531433	18334.660156	-81690.335938	212831.437500	288318.343750	-354501.875000	90692.046875	2212498.750000	763606.250000	-1243757.250000	-553236.812500	-547624.125000	-587359.500000	-395939.843750	-371443.781250	-153923.843750	297547.062500	438137.781250	95756.992188	-83183.859375	184505.265625	-5087.578125	86395.539062	415817.031250	120796.914062	-90371.750000	-16639.199219	-299074.687500	-289883.062500	-190035.343750	-58763.046875	450512.562500	313427.812500	-135050.984375	-54512.281250	109002.554688	-6686.373535	30053.033203	159768.421875	184597.531250	296274.687500	80887.132812	-74998.187500	-33938.773438	-22258.945312	-5388.437012	-53.826740	-0.000000	
-0.000000	81.033318	-1324.896729	7171.485840	16041.992188	-28780.453125	9950.324219	311506.750000	132960.953125	-260574.703125	-136557.218750	-156652.859375	-192181.484375	-146618.562500	-154333.500000	-71254.843750	152577.406250	247692.000000	59451.667969	-56543.398438	136977.468750	-4117.738770	76137.070312	398693.968750	125984.921875	-102548.156250	-20558.185547	-402846.187500	-426461.718750	-306084.125000	-103944.882812	878561.875000	677063.062500	-325035.343750	-147209.109375	333141.843750	-23374.095703	121754.414062	762595.375000	1060159.625000	2104310.500000	737244.625000	-923786.062500	-609972.812500	-660588.687500	-332239.687500	-12178.875977	-120194.976562	-409589.218750	-297201.906250	-120893.812500	-32805.597656	-67422.171875	-66375.382812	-27999.136719	-11561.681641	-14763.409180	9812.169922	13061.229492	-1928.693970	8091.401855	3402.578369	-288.810242	0.000000	
0.000000	1094.719238	964.218262	-1905.264404	7621.407227	-334.301178	8353.416992	56133.753906	21936.796875	-21484.462891	-5074.442871	-115237.804688	-139536.437500	-113344.523438	-43188.710938	406706.218750	347187.187500	-183751.906250	-91396.218750	226449.843750	-17353.025391	98544.500000	672046.000000	1016503.062500	2194686.750000	836578.625000	-1141362.875000	-821618.187500	-971825.687500	-535128.312500	-21542.992188	-234396.859375	-884789.812500	-715293.750000	-326470.875000	-100262.953125	-235693.125000	-268907.843750	-133643.500000	-66399.742188	-104858.093750	89432.882812	160880.968750	-34663.921875	240132.171875	209795.828125	-65346.406250	120314.382812	16822.492188	-124847.617188	-132244.328125	-94028.234375	-38272.996094	-41248.023438	-44546.687500	-20237.949219	9232.135742	11470.775391	24963.732422	7914.401855	-1466.383911	-286.625580	132.997391	0.000000	
0.000000	-812.124573	-1482.311768	7630.366211	-965.519836	8000.396484	73733.867188	143117.625000	382144.125000	175268.328125	-281726.281250	-235031.343750	-317977.187500	-198160.781250	-8951.032227	-108507.625000	-453706.156250	-404376.312500	-202692.640625	-68152.742188	-174979.546875	-217646.218750	-117774.882812	-63665.445312	-109361.554688	101482.789062	198772.843750	-46691.441406	353270.656250	337911.718750	-115590.070312	234629.718750	36339.750000	-300478.281250	-357122.656250	-287376.187500	-133794.000000	-167108.890625	-212627.093750	-116228.296875	65571.859375	104550.218750	307489.406250	142243.500000	-43518.535156	-17672.730469	30092.082031	196960.281250	87287.132812	-41203.261719	-98627.875000	-78608.179688	30073.628906	107276.921875	155397.687500	45336.640625	-44862.691406	1319.225952	20557.072266	12678.936523	7405.930176	-6160.187500	-1991.561035	0.000000	
-0.000000	-1787.213745	-3287.375244	-2296.448242	-9735.837891	-17669.744141	-12921.730469	-8963.718750	-19042.296875	21261.261719	49063.738281	-13356.510742	115588.640625	125130.453125	-48027.242188	108615.414062	18634.445312	-169869.093750	-221723.109375	-195341.093750	-99329.218750	-135253.093750	-187380.093750	-111442.093750	68388.046875	118636.984375	379911.562500	191598.468750	-64022.335938	-28464.927734	53229.335938	384099.843750	188556.656250	-99166.367188	-266342.218750	-240248.250000	105130.804688	434613.000000	741733.250000	260372.265625	-318640.218750	12024.066406	253210.625000	227875.250000	219789.109375	-379824.218750	-450611.968750	70531.867188	62910.273438	-105065.453125	-147715.281250	-135740.015625	96355.007812	108705.257812	-25967.117188	-19498.984375	-20748.470703	-10454.822266	-17811.650391	-584.024597	26196.064453	7714.100586	-841.815369	-0.000000	
0.000000	-750.766968	-3596.021484	-6582.137695	-5526.663574	-10980.606445	-20558.501953	-15690.388672	11907.890625	24855.171875	93774.789062	54808.480469	-20947.832031	-10540.708984	22116.589844	177808.531250	96688.851562	-56061.625000	-165361.187500	-163306.343750	78049.546875	351763.187500	653661.000000	249650.312500	-332325.250000	13644.151367	312848.625000	306942.312500	323342.968750	-611771.312500	-797079.312500	137546.906250	135898.046875	-252867.343750	-398901.625000	-414858.906250	336835.968750	440399.625000	-123944.406250	-111984.359375	-147367.390625	-95290.320312	-219394.031250	-10496.522461	777432.375000	475635.218750	-190469.734375	-118290.203125	-63178.378906	-141655.015625	-141577.828125	-79897.890625	-17670.253906	-51692.613281	-46077.546875	-20274.173828	-12008.687500	5918.161621	-5250.997070	2123.501709	9594.605469	-10.876089	-172.187592	0.000000	
0.000000	-247.774414	-2681.914307	-5502.707520	4342.665527	28558.113281	71716.750000	35149.289062	-57865.265625	2858.532715	77221.437500	87803.632812	105796.421875	-226542.062500	-331183.468750	63673.582031	69686.351562	-142953.250000	-247661.984375	-281996.187500	250068.406250	356446.750000	-109227.445312	-107372.921875	-153696.546875	-108129.437500	-271067.312500	-14138.555664	1143720.375000	766091.125000	-336918.437500	-230682.281250	-136477.203125	-340929.656250	-382327.562500	-244189.968750	-61771.332031	-209423.250000	-219934.093750	-116436.343750	-85292.500000	53940.996094	-64678.871094	38165.148438	284743.437500	-670.596802	-38959.285156	3369.268066	-79111.835938	-46900.769531	-39119.453125	-19800.755859	-1623.955078	17074.224609	82300.820312	51021.437500	26377.998047	26510.410156	-12712.105469	-23311.437500	-7400.621094	-37.677753	-50.166866	0.000000	
0.000000	-631.807556	-4016.711670	-9502.034180	13913.770508	28938.349609	-11983.944336	-15117.472656	-26762.011719	-22653.775391	-66908.421875	-4044.462158	374220.375000	283687.500000	-139988.359375	-106788.062500	-69983.335938	-192737.437500	-237371.812500	-165985.687500	-45859.289062	-169501.125000	-193819.468750	-111641.578125	-88955.648438	61208.835938	-79912.507812	51407.507812	418900.562500	-1080.109863	-68914.367188	6570.539551	-170896.468750	-112878.906250	-105641.156250	-60516.570312	-5676.990723	69173.125000	392832.468750	293020.562500	187351.484375	241628.750000	-156580.656250	-418970.468750	-219631.562500	-2323.131104	-11350.790039	32890.140625	96861.601562	37666.019531	75490.632812	96901.437500	-74924.289062	-83386.062500	-30211.714844	-8909.057617	3187.661865	-19739.287109	-12800.992188	2805.384033	1921.315552	-191.328064	-272.820221	-0.000000	
-0.000000	-851.837708	-3849.820312	-5592.989258	-2551.604492	-13761.053711	-21265.000000	-15718.474609	-15489.171875	12823.624023	-19725.062500	14705.584961	137062.453125	-399.970215	-28633.664062	3041.651855	-87632.984375	-63813.718750	-65588.343750	-41135.535156	-4214.621582	55986.726562	346188.156250	280954.187500	195397.875000	274185.062500	-193459.687500	-564342.812500	-323111.187500	-3741.796387	-20078.207031	64140.332031	209239.296875	90653.078125	203860.671875	296157.500000	-261918.859375	-337823.500000	-144204.421875	-51165.492188	22640.580078	-179913.453125	-157675.515625	50420.445312	57019.742188	-11796.886719	-61728.492188	-52381.750000	-55565.996094	-51760.761719	87664.406250	76250.351562	-25502.404297	34034.554688	-4331.371094	-31182.121094	-14776.755859	-14776.943359	-9144.033203	-914.101501	1310.603271	-1036.978271	-188.146652	0.000000	
-0.000000	-282.036194	-1063.746094	-1386.086914	-234.500946	4545.316895	37982.207031	39556.687500	34023.148438	57443.437500	-47752.277344	-161435.390625	-105720.585938	-1385.606445	-8342.419922	29692.013672	107294.585938	51248.812500	126568.890625	201310.109375	-194449.640625	-273424.562500	-127081.820312	-49058.535156	23612.951172	-204154.421875	-194812.406250	67915.085938	83884.648438	-19000.884766	-109190.406250	-102151.671875	-120033.015625	-124575.742188	236735.640625	233042.078125	-89150.812500	137884.828125	-20674.195312	-179081.625000	-104952.890625	-134684.234375	-112631.125000	-16428.910156	38895.359375	-63937.898438	-42570.191406	42443.109375	13402.790039	-1753.347656	2036.843506	21570.441406	18121.460938	-7593.788086	-13922.501953	-12982.461914	-9628.091797	3175.851807	1869.843262	-3436.366455	2521.902344	1633.793457	127.233986	0.000000	
0.000000	226.503342	2052.760498	6783.267578	-10819.151367	-22198.142578	-13942.845703	-6907.151855	4111.543457	-42771.593750	-48086.175781	19427.728516	27446.695312	-7036.125488	-45368.207031	-47288.324219	-61551.019531	-70426.281250	146979.640625	158408.031250	-66185.929688	111599.984375	-18219.373047	-171707.171875	-109460.421875	-152831.171875	-139158.828125	-22129.333984	57220.949219	-102982.820312	-75301.640625	82769.945312	28952.550781	-4219.887207	5500.447266	65925.210938	63348.648438	-30764.855469	-66453.898438	-74559.406250	-68384.156250	28946.255859	23031.693359	-61760.925781	74843.632812	100736.273438	28788.048828	10371.013672	48091.054688	25124.066406	89557.125000	136178.703125	-19563.246094	64970.960938	87613.843750	21169.894531	48005.125000	8581.638672	-18999.853516	-19710.664062	-10931.602539	1152.427856	1005.914062	-0.000000	
-0.000000	-311.261597	2383.792969	5337.655273	-3682.575928	9060.314453	-1998.947754	-24175.355469	-19059.511719	-32019.060547	-34349.019531	-6330.296875	18722.447266	-38135.070312	-31287.550781	38316.085938	14846.407227	-2385.624756	3415.006592	44812.003906	47030.296875	-24900.183594	-58563.269531	-71489.101562	-71321.132812	32846.382812	28456.285156	-83190.437500	110106.281250	162252.828125	50922.656250	20224.914062	103885.734375	60467.605469	241846.890625	416199.625000	-68388.812500	263218.062500	418192.218750	121580.539062	340959.562500	78217.218750	-234029.656250	-354254.687500	-324422.093750	71056.273438	227598.812500	-103469.632812	-173333.656250	74468.539062	85563.031250	-63937.500000	-40796.351562	-30557.441406	-53292.406250	-11988.537109	17447.289062	12261.531250	-2886.460938	-4066.791992	-3049.459229	-1024.971313	651.845337	0.000000	
0.000000	-10.543696	55.386368	1509.967896	2616.759277	-2021.536865	-6425.298828	-10065.243164	-12418.606445	6881.517578	7023.956055	-23797.378906	36026.300781	60083.058594	21158.173828	9362.571289	53270.949219	34184.089844	150153.015625	282907.531250	-50772.136719	213041.093750	368536.750000	116573.945312	355603.156250	88755.960938	-289150.031250	-477172.281250	-477273.843750	114448.171875	402595.406250	-201780.109375	-374433.343750	179227.921875	231060.937500	-195410.625000	-142615.093750	-123797.929688	-254371.546875	-68851.210938	123920.523438	111757.546875	-35553.828125	-73091.398438	-90500.171875	-63197.578125	147486.968750	99489.828125	94766.906250	-1466.958130	-82670.078125	-55041.015625	41240.656250	39134.957031	-27414.337891	24118.218750	10135.132812	-16517.332031	318.310455	7450.643555	-3939.076660	-2082.463623	-361.839996	-0.000000	
0.000000	151.082733	2435.260254	9532.743164	-2824.954590	17295.873047	40434.195312	16412.921875	61918.476562	18594.914062	-71371.828125	-136499.468750	-156161.953125	42380.750000	167276.890625	-93408.593750	-192003.453125	101322.742188	143456.437500	-132828.421875	-105878.031250	-100198.468750	-224167.875000	-66015.968750	129242.679688	126815.414062	-43927.722656	-98452.304688	-133139.406250	-101790.406250	260887.031250	194018.937500	204714.359375	-3530.616455	-223248.578125	-168220.515625	144168.281250	158548.171875	-130852.179688	138513.031250	71985.453125	-150546.984375	3920.771484	133908.500000	-116901.750000	-128400.335938	-81870.171875	-120971.601562	-45204.000000	8693.791016	-74533.359375	116335.937500	333356.625000	52251.648438	-17338.855469	73449.851562	-3431.221436	-13213.114258	-39.728313	-12843.664062	-4393.910645	852.138367	707.795837	0.000000	
-0.000000	447.814056	2326.651855	-4475.734863	-5891.038574	-8134.674316	-24594.691406	-9294.658203	22504.044922	26568.601562	-10842.821289	-28163.175781	-43562.640625	-37693.511719	108397.585938	89815.765625	104974.265625	-1995.959961	-138606.062500	-114346.210938	107031.132812	128324.312500	-115315.000000	132809.156250	75077.093750	-170831.218750	4844.220215	180371.421875	-171980.125000	-206810.500000	-144818.656250	-235911.390625	-97649.156250	20923.869141	-201275.562500	355554.687500	1165341.625000	211688.078125	-82760.601562	421828.875000	-24370.476562	-120430.734375	-489.351349	-230835.859375	-130400.062500	52541.062500	160146.375000	499137.531250	187968.609375	-203324.328125	-154426.156250	-65251.085938	10185.535156	-16904.751953	-31062.248047	-4107.208984	-18040.167969	-617.046875	-12960.114258	-8074.443359	953.158936	-1392.489868	-210.797882	-0.000000	
0.000000	-8.821504	-2247.985840	-3852.965576	5955.197266	10418.088867	-12651.842773	18698.744141	13072.603516	-35790.179688	1195.714478	51596.882812	-56271.152344	-76582.992188	-60171.609375	-109208.734375	-50072.933594	11828.870117	-124963.906250	241684.750000	865154.437500	171334.203125	-72933.734375	404458.250000	-25417.144531	-136657.203125	-604.606934	-310930.187500	-191838.171875	84626.281250	283280.031250	973387.375000	406047.593750	-489352.906250	-417024.187500	-199425.296875	35606.398438	-68486.539062	-148264.125000	-23588.058594	-128131.484375	-5624.064453	-159635.500000	-145119.890625	28287.326172	-85858.000000	-47695.277344	-22045.421875	-103551.796875	-94901.500000	150415.656250	95134.609375	66419.000000	104420.320312	68248.601562	159091.218750	18192.902344	-41703.281250	-16037.971680	-8150.509766	671.359497	-4166.907715	-1693.851685	-0.000000	
-0.000000	52.279819	-2026.730103	8143.715332	48137.070312	13909.874023	-8001.961426	56945.332031	-4425.694336	-28630.515625	-149.237076	-88944.398438	-62768.625000	31337.548828	117701.789062	450603.093750	208214.734375	-276645.406250	-258913.546875	-135557.359375	26434.335938	-55431.023438	-130659.484375	-22616.718750	-133634.484375	-6381.833496	-197234.015625	-195472.875000	41614.925781	-138288.859375	-84367.304688	-42991.625000	-223691.390625	-228405.140625	406193.906250	290757.593750	232186.250000	423039.968750	325759.406250	913674.625000	129216.289062	-380103.937500	-197546.843750	-146487.015625	19924.236328	-256922.765625	-383252.062500	-99233.984375	61314.582031	-129838.875000	-113172.617188	-58236.421875	-80735.171875	-18603.033203	14647.494141	1179.578857	14057.490234	13141.815430	51304.558594	32623.560547	-9716.913086	-1017.442566	1370.381958	0.000000	
0.000000	-1222.684082	-4199.195312	-4567.687988	1470.802734	-4500.202148	-14335.371094	-3184.300293	-23268.757812	-1337.032959	-48683.906250	-55916.792969	13616.224609	-51209.074219	-35054.300781	-19901.798828	-114705.382812	-129124.054688	252189.468750	197639.562500	172376.031250	342396.312500	287079.250000	876050.187500	134765.890625	-431317.937500	-244074.515625	-197314.375000	29311.560547	-413817.656250	-677927.625000	-193520.015625	132451.046875	-312491.031250	-305619.968750	-177986.562500	-282232.437500	-75366.812500	69914.382812	6774.423828	99844.257812	119780.882812	631941.062500	586334.812500	-288373.187500	-62733.371094	310063.593750	137317.796875	37523.316406	-266655.312500	-106930.570312	180401.359375	-49543.179688	-141422.625000	-52267.339844	91065.085938	111118.046875	26747.654297	-992.557129	-8033.697266	12786.584961	3624.431641	-2169.505371	-0.000000	
-0.000000	-570.686951	4090.140869	6659.586426	9590.977539	27797.658203	31497.044922	123342.687500	23465.759766	-90363.734375	-60245.699219	-56443.566406	9590.616211	-153238.812500	-281676.375000	-89584.804688	67918.789062	-176660.250000	-189747.156250	-120984.585938	-209530.531250	-60999.718750	61612.863281	6495.457520	104132.382812	135919.781250	780780.437500	789778.437500	-424240.500000	-101042.726562	548465.812500	267788.718750	81057.429688	-641775.375000	-288763.468750	551356.312500	-173192.078125	-572948.062500	-249478.781250	522994.687500	789223.312500	243791.109375	-12225.768555	-144387.562500	379473.218750	223474.843750	-490873.750000	-277254.562500	105141.179688	238950.937500	-104160.929688	-270994.281250	-44723.933594	166154.140625	96263.179688	-75448.250000	-76182.125000	-17256.330078	65459.476562	13658.087891	-19086.607422	-4045.415771	173.240051	-0.000000	
0.000000	-780.781677	-3077.418701	-4076.649658	-11658.249023	-4952.300293	6759.886230	914.522095	18131.779297	28476.023438	192722.546875	225923.296875	-138809.656250	-37416.640625	227885.500000	123965.476562	41564.960938	-362814.250000	-179281.625000	374778.937500	-128578.515625	-463727.625000	-219856.062500	501458.125000	823118.937500	276638.750000	-15105.270508	-194486.468750	558262.375000	359944.093750	-868297.687500	-540684.812500	227124.750000	575097.562500	-281284.125000	-828233.250000	-156345.062500	673143.375000	459476.625000	-433305.875000	-541088.562500	-157282.562500	806293.500000	245473.296875	-566441.875000	-249431.828125	39197.414062	-65981.695312	-268428.625000	-150522.328125	26642.802734	68539.468750	35401.800781	31157.222656	42643.652344	-10371.506836	-42310.699219	-33608.882812	-3057.999756	4702.212891	-4443.180176	-2122.075439	-495.597534	-0.000000	
0.000000	-1603.522705	-2907.683350	12628.405273	-7154.090820	-37648.015625	-24121.617188	70602.343750	143323.453125	57957.503906	-3728.482422	-55634.621094	182661.046875	133289.156250	-360774.437500	-250295.250000	116465.960938	325119.343750	-174638.000000	-562983.250000	-116071.218750	544822.750000	404919.093750	-415462.625000	-564327.312500	-178474.328125	996197.687500	330646.437500	-833321.437500	-401752.250000	69335.593750	-128673.445312	-579856.375000	-362271.156250	71948.257812	209475.500000	123756.921875	126227.835938	203543.671875	-59564.460938	-300514.531250	-306327.656250	-37666.746094	84511.656250	-131862.250000	-130842.710938	-112134.242188	-59994.261719	-24778.404297	-49311.718750	-9809.936523	8371.330078	-2188.645020	-25128.515625	-26471.384766	-7875.797363	732.195801	4067.579346	-984.330994	-2983.824463	5115.028320	4257.088867	109.573097	-0.000000	
0.000000	1436.923340	-2832.370605	-18970.066406	-6458.186035	44231.773438	44425.902344	-58494.683594	-98262.031250	-37391.457031	245894.671875	94584.414062	-272659.187500	-148770.921875	28808.677734	-59565.859375	-297341.125000	-204802.390625	44669.777344	142388.875000	91877.648438	102165.164062	179375.218750	-57111.640625	-313421.062500	-347601.281250	-46538.292969	113835.101562	-193989.281250	-210744.359375	-198352.218750	-116997.125000	-53526.023438	-118681.484375	-26491.501953	25585.091797	-7651.022949	-101803.625000	-126351.343750	-45231.390625	5200.468750	37073.894531	-12124.443359	-53627.507812	151800.984375	262483.156250	24792.083984	-156686.500000	49508.925781	65853.117188	-66017.585938	-45775.425781	-37854.097656	33341.863281	51205.949219	4817.201660	-13000.514648	-16080.009766	-10596.383789	-3162.352539	-1721.425659	-860.587891	-198.080917	-0.000000	
-0.000000	-905.161011	724.477844	4797.880371	5112.059570	8294.341797	19680.242188	-8040.981445	-54573.628906	-72824.585938	-11487.196289	32563.566406	-63472.453125	-78039.718750	-82414.601562	-54160.625000	-27447.292969	-67094.085938	-16447.507812	17391.210938	-5680.150879	-82396.906250	-111348.585938	-43368.792969	5423.819336	42069.113281	-14980.081055	-72234.921875	223322.171875	422773.593750	43854.265625	-305560.406250	106948.609375	158492.656250	-178278.921875	-139902.312500	-132329.609375	135078.500000	244412.625000	27665.607422	-92337.015625	-146561.015625	-130520.382812	-56836.144531	-51087.523438	-53062.042969	-44817.925781	-34900.328125	-27877.189453	-28577.349609	42312.046875	66216.906250	3128.885986	-14184.964844	-4132.949707	-353.759338	-10118.697266	-6161.987793	12499.393555	7409.006348	-3417.017334	-896.881287	187.944916	0.000000	
-0.000000	-296.534363	-266.754303	586.007446	-316.042816	-6689.444336	-12216.666016	-6106.069824	944.408447	8813.735352	-3697.581543	-20663.455078	73070.054688	156555.234375	18221.283203	-141450.843750	54841.542969	89600.500000	-110686.218750	-95097.203125	-98242.054688	109328.640625	215391.453125	26526.357422	-96302.718750	-166308.187500	-161261.500000	-76556.875000	-75157.460938	-85465.414062	-79277.617188	-68060.476562	-60219.980469	-68778.828125	114262.679688	202377.109375	10937.898438	-57467.812500	-19727.103516	-2031.670654	-71868.718750	-56163.347656	153960.593750	133160.156250	-101408.359375	-55299.812500	42524.546875	16051.612305	-22457.119141	-42452.628906	-4021.767090	1905.478271	-26022.748047	-6745.419434	2031.016357	-6118.792480	-1066.868652	-501.487610	-551.597351	-758.539001	-815.487671	-152.834763	74.349251	-0.000000	
0.000000	396.005493	-1795.166992	-3204.358398	-5466.173828	8875.913086	23631.783203	3734.754395	-16768.460938	-34842.578125	-39804.691406	-21899.789062	-24591.195312	-31648.281250	-32939.554688	-31506.738281	-30879.847656	-38882.667969	70941.101562	137563.828125	8120.341309	-46512.785156	-17384.738281	-1948.007935	-74955.343750	-63730.621094	190222.515625	179363.437500	-149187.000000	-89069.718750	75220.898438	31302.867188	-48511.605469	-102173.296875	-10860.686523	5823.666504	-90969.812500	-27327.841797	9694.303711	-35140.753906	-7577.504883	-4570.801270	-6794.270020	-13633.026367	-24201.593750	-9423.469727	16822.312500	-47.861664	-19127.158203	-5681.916504	5909.311523	1522.950317	-781.973877	-3204.665039	-3621.922607	-758.736938	-2547.195068	-2649.730713	-796.977478	177.305511	-41.354397	-131.506180	-16.147215	0.000000	
-0.000000	-171.848923	1150.559937	4635.297363	451.814636	-3776.169189	-1907.375366	-274.268005	-13051.404297	-13351.953125	46953.238281	51308.539062	-48813.343750	-32982.976562	31254.001953	14490.807617	-24875.978516	-57761.531250	-6742.963379	3958.579346	-67536.367188	-22118.365234	8543.217773	-33693.683594	-7902.944824	-5186.656738	-8394.505859	-18363.347656	-35604.199219	-15178.095703	29756.681641	-93.336876	-41318.261719	-13675.010742	15957.955078	4654.555664	-2733.609131	-12983.119141	-17287.906250	-4357.492188	-18091.621094	-24150.931641	-9816.726562	3186.666260	-1227.293091	-8108.395020	-3653.480225	8196.278320	35225.320312	60178.507812	76965.335938	18338.091797	-20588.507812	-12676.532227	840.842346	35298.503906	43133.792969	32779.550781	1044.957642	13650.572266	17941.363281	-2661.697021	-1063.391113	-0.000000	
-0.000000	-255.287460	-109.360916	133.386749	-3757.713867	-1795.693237	937.323425	-4743.871582	-1376.079712	-1086.636230	-2072.042969	-5253.002441	-11649.540039	-5620.526855	12363.790039	-43.207756	-21187.347656	-7730.879883	9907.652344	3163.887695	-2029.442749	-10508.161133	-15235.166992	-4178.053711	-18868.623047	-27404.953125	-12128.833984	4292.360352	-1805.533325	-13059.944336	-6462.574707	15983.877930	76093.328125	144835.234375	207843.046875	56046.261719	-71972.906250	-51356.671875	4013.449219	202722.375000	306360.593750	298768.750000	12871.208984	245338.203125	532453.875000	-164114.640625	-240603.609375	-83330.125000	-158749.031250	-86928.031250	-56585.324219	-50355.570312	-13646.854492	-4016.202393	-16929.800781	-20177.037109	-16412.662109	-6934.741211	27264.058594	14351.248047	2904.862793	23417.658203	3658.004150	-0.000000	
-0.000000	-34.168015	160.687500	106.609138	-112.917908	-853.111572	-1671.534058	-588.245300	-3285.449951	-5741.504395	-2993.799072	1227.868652	-590.762695	-4836.164551	-2685.175537	7399.299805	39019.449219	81879.562500	129041.390625	38096.886719	-53432.980469	-41566.605469	3536.898682	194374.421875	319518.218750	339023.906250	15902.729492	330464.468750	783320.062500	-264334.437500	-425599.343750	-162505.296875	-342927.812500	-209214.937500	-152807.328125	-153900.500000	-47706.410156	-16270.916016	-80808.125000	-115878.476562	-116572.015625	-63206.597656	335823.562500	257931.281250	86208.914062	1443883.625000	827662.562500	-633317.250000	-387712.750000	-180352.078125	-142219.546875	-76616.046875	-71022.375000	-44021.410156	-33420.011719	-41792.550781	-22508.214844	-16265.649414	18014.082031	43921.664062	23326.080078	5952.640625	9878.291992	0.000000	
0.000000	361.881439	2092.860840	1283.697998	-2973.003662	-3374.610596	388.052612	27366.769531	55635.281250	71027.570312	3925.322021	94532.367188	256298.953125	-97884.406250	-176834.937500	-75227.382812	-175847.921875	-118275.273438	-94871.921875	-104612.328125	-35417.433594	-13169.208984	-71213.093750	-111106.679688	-121578.570312	-71722.859375	414919.187500	347427.031250	126826.328125	2325619.250000	1464037.250000	-1235056.375000	-837532.562500	-434064.218750	-384060.500000	-234159.750000	-248278.640625	-178344.765625	-159518.046875	-240018.250000	-159866.078125	-148253.015625	221887.484375	789392.750000	692258.562500	367027.312500	2235069.250000	1250240.750000	-1132141.125000	-579107.187500	-192106.125000	-279303.656250	-271628.562500	-155838.296875	-8169.030273	-3999.554688	-71711.679688	-29300.013672	-26000.615234	-5625.994141	22884.818359	12177.680664	1862.180908	0.000000	
-0.000000	-522.738831	-1538.682495	-3524.976562	-1970.621094	-1069.150391	-7813.180664	-15643.164062	-21169.552734	-15026.375000	102415.835938	99384.656250	41497.027344	861188.750000	608302.000000	-571735.625000	-429473.343750	-245389.093750	-238447.718750	-159167.750000	-184323.093750	-144347.093750	-140577.125000	-230134.468750	-166732.031250	-168228.171875	274148.031250	1063292.375000	1018416.812500	591159.687500	3953573.500000	2438142.500000	-2445638.250000	-1393772.125000	-518778.031250	-853628.937500	-949553.812500	-631350.625000	-38991.839844	-22969.791016	-509336.937500	-267054.531250	-320261.156250	-101114.539062	679163.062500	750850.187500	421338.343750	2245567.000000	2845149.250000	-743540.500000	-708459.500000	-10194.570312	-634725.750000	-390781.750000	-2165.700195	-137149.500000	-122792.781250	-60962.335938	-19038.474609	-6414.914062	-15435.298828	3288.380615	2433.313232	-0.000000	
-0.000000	-1084.541260	-3867.270020	-5363.254883	-10255.710938	-11718.908203	-15423.489258	-32401.572266	-29031.781250	-35244.824219	67668.843750	304164.437500	333221.593750	218909.468750	1642695.000000	1128671.500000	-1254084.375000	-787939.812500	-322088.437500	-580245.750000	-704952.687500	-510996.937500	-34362.011719	-22023.910156	-531212.000000	-303036.625000	-395691.406250	-136198.765625	999151.375000	1209371.500000	745297.750000	4379167.000000	6146058.500000	-1789523.625000	-1913178.125000	-31157.416016	-2218861.750000	-1583181.375000	-10337.167969	-787661.500000	-872143.812500	-555640.312500	-234505.359375	-115293.593750	-458080.312500	202754.640625	550563.187500	-240699.078125	381573.125000	5854795.000000	2365807.750000	-1958088.500000	-179067.171875	-488949.250000	-623656.000000	-45031.085938	-186841.046875	-187634.109375	-69450.000000	-42864.011719	-24807.791016	-6299.037109	1791.979248	0.000000	
-0.000000	-3482.441650	-5223.798828	-19551.736328	-39223.468750	-41485.601562	-3770.045166	-3100.836426	-92495.914062	-63488.019531	-97669.781250	-38960.894531	326918.000000	447836.500000	309668.437500	2027215.750000	3151601.000000	-1011669.625000	-1187815.375000	-21178.943359	-1647292.250000	-1281381.250000	-9109.748047	-755226.187500	-909600.812500	-630505.562500	-289737.781250	-155297.609375	-673905.312500	326570.718750	973881.187500	-469396.562500	824269.875000	14091088.000000	6388808.000000	-5984458.000000	-625979.500000	-1980889.125000	-2976790.750000	-258617.437500	-1327050.875000	-1710188.375000	-855446.562500	-770383.812500	-736231.937500	-388385.406250	405454.468750	596320.125000	758345.750000	-503101.406250	6549474.500000	6021935.500000	-2402459.250000	-1116899.125000	-320881.437500	-636570.625000	-318234.687500	-330140.031250	-133415.703125	-114086.195312	-37174.628906	22514.164062	1340.979858	-0.000000	
0.000000	-4471.255859	-19264.611328	-713.637451	-91655.109375	-104029.734375	-999.480652	-106331.382812	-158381.875000	-132094.750000	-71516.906250	-44424.292969	-220498.906250	120930.812500	404643.968750	-217294.312500	422672.468750	7966101.000000	3966553.750000	-4067875.500000	-464729.781250	-1603274.500000	-2623331.250000	-247967.765625	-1384045.250000	-1940613.750000	-1056927.625000	-1037687.875000	-1083108.375000	-625560.500000	717201.062500	1162906.875000	1638169.625000	-1210844.500000	17686700.000000	18404694.000000	-8398471.000000	-4524914.000000	-1531608.625000	-3655880.500000	-2260282.750000	-3009056.500000	-1643340.625000	-2050441.750000	-1103248.125000	1388176.000000	303411.031250	-957709.500000	-558612.000000	1205502.625000	-1396395.625000	5472820.000000	9443408.000000	-1229375.250000	-2280440.250000	-457288.343750	-500050.968750	-329925.250000	-391714.437500	-175805.046875	-97665.937500	4681.999023	10114.414062	-0.000000	
0.000000	35207.613281	64331.648438	-137069.562500	-25857.500000	-130162.828125	-287820.093750	-34912.394531	-240993.281250	-406570.406250	-260884.828125	-296840.031250	-354388.375000	-231648.265625	297994.343750	538335.937500	840027.312500	-684525.500000	10980961.000000	12510407.000000	-6235059.000000	-3662334.750000	-1349747.875000	-3505334.000000	-2357357.750000	-3414487.250000	-2030392.250000	-2761894.000000	-1623044.625000	2235892.750000	536698.250000	-1867666.125000	-1206707.125000	2901355.750000	-3770933.250000	16726447.000000	33012084.000000	-4980590.500000	-10884836.000000	-2626246.750000	-3551645.000000	-3007099.000000	-4824921.500000	-3159698.750000	-2898476.000000	288682.218750	2288494.500000	-1263468.875000	-2235807.500000	-43952.796875	1678162.125000	-1885970.125000	3988445.000000	8768980.000000	-907825.000000	-2375866.750000	-383585.656250	-607218.250000	-406391.500000	-209324.968750	-118104.054688	-46464.277344	17702.400391	0.000000	
0.000000	-3025.383301	178094.968750	421545.812500	-346917.812500	-297328.906250	-148088.265625	-493530.312500	-410468.812500	-715355.875000	-501168.250000	-790064.875000	-531053.187500	827962.562500	222996.109375	-864585.062500	-618780.187500	1640220.625000	-2341220.750000	11369635.000000	24508306.000000	-4031146.000000	-9592388.000000	-2518099.750000	-3704181.500000	-3412266.000000	-5961322.000000	-4256036.000000	-4264095.500000	464971.656250	4048076.250000	-2463939.250000	-4829765.000000	-105783.843750	4531837.000000	-5764044.500000	13942729.000000	35525932.000000	-4333166.500000	-13644809.000000	-2724442.500000	-5534482.000000	-5005705.000000	-3762143.750000	-3505027.250000	-2864889.750000	4005357.500000	4930820.000000	-2178031.750000	-1688576.125000	1359985.125000	578369.250000	-2528797.750000	1724849.500000	6218126.000000	-81347.671875	-1586905.750000	-462091.656250	-417207.218750	-189471.578125	-107753.710938	-44697.765625	-6032.178711	0.000000	
-0.000000	7249.250000	-37971.144531	383106.812500	1363638.750000	-327271.093750	-1052433.625000	-354533.562500	-644981.000000	-714890.500000	-1471452.250000	-1217477.625000	-1395193.625000	172181.390625	1681960.500000	-1140613.375000	-2476626.750000	-59802.675781	2813635.250000	-3918051.750000	10351139.000000	28753662.000000	-3818653.000000	-13082925.000000	-2841452.250000	-6280180.500000	-6184685.500000	-5067514.000000	-5156424.000000	-4614390.500000	7085004.000000	9615783.000000	-4704959.000000	-4063997.750000	3672607.750000	1767655.875000	-8840122.000000	6987915.000000	29679920.000000	-467186.718750	-11271103.000000	-4211727.500000	-5138927.000000	-3405323.750000	-3197855.500000	-2755970.250000	-1364845.000000	1873520.125000	1292636.375000	-1584900.500000	-245856.750000	1109517.250000	-132979.718750	-1749060.125000	2919092.000000	4761823.000000	-392865.531250	-1201710.875000	-277407.093750	-221738.562500	-146403.656250	-47238.195312	-11860.579102	0.000000	
-0.000000	-264.308685	45633.011719	-132021.140625	575935.937500	2334383.750000	-418965.437500	-1841998.625000	-494760.500000	-1315736.125000	-1526585.750000	-1449608.500000	-1687159.750000	-1708732.500000	2943792.500000	4451364.000000	-2412628.000000	-2297495.750000	2280174.500000	1201546.375000	-6562943.000000	5655816.500000	26155772.000000	-447948.312500	-11755176.000000	-4779202.500000	-6349285.000000	-4586886.500000	-4704528.000000	-4438957.000000	-2414249.500000	3653624.000000	2792338.000000	-3814475.250000	-663930.312500	3390990.500000	-464867.906250	-7086000.000000	13933204.000000	27347564.000000	-2790353.500000	-10952977.000000	-3416946.750000	-3985250.000000	-4344887.000000	-2912607.750000	-2683582.750000	95384.031250	2349895.500000	-159033.234375	-1426919.250000	636192.250000	768445.312500	-1174910.500000	-827275.437500	5690993.500000	3580253.500000	-1412216.125000	-739985.750000	-181058.703125	-202499.343750	-80493.625000	-10927.949219	-0.000000	
-0.000000	-10154.195312	36981.062500	40486.839844	-365161.218750	459170.968750	2869693.750000	-63068.476562	-2046839.375000	-1001272.062500	-1567214.375000	-1312120.500000	-1539301.250000	-1643768.625000	-1003111.625000	1691345.375000	1431866.500000	-2156433.500000	-412207.625000	2304992.000000	-345119.843750	-5735203.500000	12278797.000000	26221410.000000	-2910194.000000	-12428746.000000	-4221731.000000	-5368032.500000	-6391984.500000	-4691248.500000	-4746941.000000	186012.078125	5076217.000000	-382754.875000	-3853361.500000	1944378.875000	2686316.250000	-4759937.000000	-3948692.750000	32683870.000000	25428988.000000	-12871624.000000	-9114734.000000	-3254121.250000	-6009664.000000	-4963068.000000	-2472565.500000	-2320352.250000	722011.375000	2197205.500000	-1559809.500000	-1172434.500000	1003725.687500	249609.390625	-1352865.875000	-22833.408203	3567473.500000	1115589.875000	-910675.000000	-358425.656250	-109790.593750	-64436.500000	-15305.429688	-0.000000	
0.000000	-9530.745117	-6685.399414	77668.117188	-19202.419922	-465616.031250	1347174.375000	3691819.750000	-506729.968750	-2603898.000000	-1042063.437500	-1535574.500000	-2091429.750000	-1737193.500000	-1972336.125000	86109.210938	2603003.250000	-216382.437500	-2392397.250000	1321672.125000	1994332.250000	-3852555.500000	-3479831.250000	31337972.000000	26521116.000000	-14605906.000000	-11261503.000000	-4383220.500000	-8841123.000000	-7993862.000000	-4373676.000000	-4525008.000000	1559680.625000	5288147.000000	-4212228.500000	-3583283.250000	3508804.750000	1011247.187500	-6457404.000000	-131134.250000	25338216.000000	10168028.000000	-11217190.000000	-6441891.500000	-3258304.750000	-3973019.250000	-3463017.000000	-2045102.375000	112086.460938	2034260.625000	527482.812500	-1020332.250000	-207418.203125	250300.375000	-190773.343750	-1153118.500000	2277903.750000	3292608.000000	-147127.515625	-616161.000000	-186753.406250	-63995.656250	-16856.994141	-0.000000	
0.000000	-956.341064	-38801.152344	44534.550781	110964.367188	-312772.093750	-381791.437500	4412201.000000	4617920.000000	-3060026.250000	-2779713.000000	-1253860.000000	-2892777.250000	-2960168.250000	-1817246.125000	-2094729.000000	799779.375000	2989543.000000	-2615203.250000	-2435701.000000	2604951.250000	818474.250000	-5690662.000000	-125734.234375	26426446.000000	11538036.000000	-13859144.000000	-8677068.000000	-4793458.000000	-6399221.000000	-6125668.000000	-3988233.000000	242127.859375	4895977.500000	1424454.750000	-3118416.750000	-725088.562500	1014046.562500	-910585.875000	-6622459.500000	16178961.000000	30010428.000000	-1812235.125000	-11074102.000000	-5542364.500000	-3945837.750000	-3814075.000000	-3416262.000000	-1921731.375000	-33191.898438	117601.148438	-806767.812500	-519811.687500	308238.968750	519457.843750	-160584.734375	-627595.125000	1379244.625000	1008867.812500	-339821.750000	-200443.609375	-48444.058594	-10169.212891	-0.000000	
0.000000	13212.822266	-42414.738281	-82072.437500	144939.125000	66448.335938	-624353.812500	-17702.636719	4601436.000000	2417289.000000	-3420897.000000	-2482154.000000	-1568398.750000	-2369664.500000	-2545192.250000	-1846243.500000	124159.312500	2767838.000000	884386.687500	-2119712.500000	-538308.750000	820740.000000	-802464.312500	-6349751.500000	16873818.000000	34053940.000000	-2239066.000000	-14916541.000000	-8153655.000000	-6355440.500000	-6746648.000000	-6662184.000000	-4151301.500000	-79884.937500	317579.093750	-2465704.750000	-1817147.625000	1248774.250000	2479439.500000	-922252.062500	-4457536.000000	12571105.000000	12426674.000000	-6107529.000000	-5948655.000000	-2986958.750000	-2300893.250000	-1894628.375000	-1660492.375000	-348227.718750	1363620.625000	423957.875000	-654902.000000	-347762.343750	-24713.826172	193314.531250	-166351.781250	-112166.875000	584499.875000	204147.437500	-95467.468750	-39848.582031	-8526.007812	-0.000000	
0.000000	12232.958008	14343.447266	-71425.015625	-29951.421875	66632.281250	-88042.781250	-894007.500000	2938109.750000	7134507.500000	-552675.875000	-4267012.000000	-2667840.750000	-2353452.250000	-2803207.000000	-3084076.000000	-2128721.500000	-45161.273438	197172.093750	-1676038.250000	-1349057.875000	1010721.750000	2185034.750000	-884274.375000	-4648979.000000	14264896.000000	15353495.000000	-8226689.500000	-8751369.000000	-4811003.500000	-4070008.250000	-3694787.750000	-3586976.250000	-838100.562500	3682425.250000	1295732.125000	-2289393.750000	-1408896.125000	-117962.289062	1110222.125000	-1181524.500000	-1022343.375000	7199545.500000	3669089.250000	-2833231.000000	-2456980.000000	-1929100.375000	-1307108.500000	-884561.750000	-636094.937500	-174072.468750	109975.164062	-112068.843750	-135098.781250	134114.812500	341015.187500	258671.250000	-48439.949219	-11098.028320	239262.000000	207285.125000	14073.611328	-15505.811523	-0.000000	
-0.000000	-199.598358	3197.840332	-56475.132812	-75061.390625	82056.070312	239732.187500	-124500.609375	-809491.312500	2988582.750000	3789752.500000	-2353319.250000	-2863410.250000	-1781539.250000	-1691073.250000	-1710401.125000	-1839344.375000	-473802.562500	2286269.750000	880761.000000	-1699655.375000	-1140319.750000	-103955.632812	1064504.000000	-1232268.750000	-1160090.750000	8895235.000000	4942172.000000	-4168110.500000	-3957382.500000	-3412350.500000	-2549042.750000	-1910820.000000	-1530928.000000	-470078.562500	336114.437500	-391768.062500	-547328.187500	640147.375000	1958479.750000	1837229.750000	-441505.218750	-136699.359375	4300194.000000	6151694.000000	867749.250000	-3508355.750000	-2058480.000000	-1325653.000000	-1296913.250000	-720007.375000	-18202.267578	29525.875000	-199734.640625	163623.984375	560220.125000	431531.593750	29456.476562	-97718.039062	137697.296875	200014.906250	48744.234375	-13558.696289	-0.000000	
-0.000000	-2094.055664	37079.921875	29677.779297	-94568.585938	-92577.570312	-11405.544922	149875.859375	-214565.593750	-243046.062500	2195639.500000	1413753.125000	-1363787.750000	-1465439.125000	-1417818.875000	-1180009.625000	-979838.062500	-865478.000000	-291852.875000	228470.421875	-290850.218750	-442991.625000	564137.250000	1877831.000000	1916135.375000	-500992.250000	-168895.796875	5792255.000000	9050070.000000	1397657.250000	-6205866.500000	-4014321.000000	-2863660.250000	-3121359.000000	-1944362.750000	-55631.144531	103215.984375	-809188.625000	780998.437500	3217392.750000	3064981.750000	268480.625000	-1203636.625000	2474798.000000	5935932.000000	3005467.250000	-3067800.000000	-3148166.000000	-1612177.125000	-1549835.125000	-1085416.000000	-100401.359375	273773.687500	-148314.000000	-220706.937500	169970.984375	301002.250000	97334.382812	-122099.593750	9640.163086	154871.609375	69347.187500	-4131.076660	-0.000000	
-0.000000	-3825.135498	-4733.422852	7698.450684	-16182.866211	-35964.550781	61894.605469	264387.500000	333642.093750	-104960.929688	-41689.089844	1656927.125000	2961144.000000	517559.687500	-2578514.250000	-1858320.250000	-1468439.375000	-1764594.875000	-1207176.625000	-37814.714844	76627.968750	-654933.875000	688263.937500	3084903.000000	3196617.000000	304654.875000	-1487126.000000	3333491.250000	8732652.000000	4840814.000000	-5426575.500000	-6139359.500000	-3482606.250000	-3730081.500000	-2931140.000000	-306854.218750	957052.687500	-600867.312500	-1053462.750000	976158.125000	2137888.500000	887152.812500	-1503955.125000	173260.156250	4596194.500000	4275801.500000	-934700.312500	-2837755.500000	-1301333.000000	-1197952.000000	-1106846.500000	-498595.625000	68308.156250	11031.408203	-130268.031250	221620.812500	398092.312500	178929.515625	-86108.414062	-72645.921875	144555.968750	112689.304688	7453.423340	-0.000000	
-0.000000	-7798.943848	-19578.623047	-1274.189941	4263.569336	-53171.214844	75513.226562	434336.093750	556602.625000	63827.050781	-367072.093750	953575.500000	2857286.250000	1792578.375000	-2254721.750000	-2842048.750000	-1785825.000000	-2108723.250000	-1819827.000000	-208581.093750	710519.875000	-486324.625000	-928376.250000	935960.625000	2229706.750000	1006685.000000	-1858177.625000	233377.125000	6761695.500000	6886903.000000	-1653374.375000	-5534016.000000	-2811124.500000	-2883183.250000	-2989012.750000	-1523845.625000	238790.312500	44691.750000	-621786.187500	1272787.500000	2827477.000000	1630850.375000	-1060635.625000	-1305646.375000	4290052.500000	6948185.500000	1686416.750000	-3264658.000000	-2483759.750000	-1619075.375000	-1424490.375000	-964782.437500	-167596.593750	225585.328125	-224247.671875	-58833.199219	332367.843750	231492.187500	70222.007812	-74695.750000	-20800.109375	60242.597656	15304.946289	-0.000000	
-0.000000	-9319.881836	-29514.906250	-7028.267578	39533.226562	-39482.566406	-101857.265625	131777.718750	388241.906250	210906.640625	-458659.937500	66759.648438	2212397.750000	2550255.750000	-686970.875000	-2561821.500000	-1441499.875000	-1629947.125000	-1855757.750000	-1035818.875000	177278.906250	36172.210938	-547956.250000	1220375.125000	2948912.000000	1850586.125000	-1310444.375000	-1758673.375000	6311315.000000	11191230.000000	2983072.000000	-6366535.500000	-5365389.000000	-3896726.250000	-3846802.250000	-2948641.000000	-585880.875000	913918.062500	-1070363.125000	-337884.156250	2360664.750000	2109932.250000	864955.687500	-1342487.500000	-617294.250000	3714432.000000	3462907.750000	-1198098.375000	-2148036.000000	-982204.125000	-1051479.375000	-929617.625000	-450260.000000	273530.062500	148919.359375	-216499.781250	12786.390625	132430.875000	89949.460938	1322.418701	-48406.171875	29605.447266	23398.703125	0.000000	
-0.000000	-7203.844238	-30097.652344	-34902.550781	9863.773438	2936.663330	-60119.296875	171821.593750	513471.625000	387709.062500	-323461.187500	-503084.468750	2065035.000000	4144170.250000	1239455.250000	-2947213.750000	-2751286.000000	-2202932.250000	-2388324.750000	-2004309.250000	-434960.406250	739698.875000	-943269.875000	-323970.343750	2462050.750000	2394217.750000	1068676.375000	-1808297.250000	-908133.000000	5982722.000000	6125474.500000	-2336457.750000	-4640162.500000	-2363929.750000	-2839495.000000	-2841167.750000	-1574010.125000	1108157.375000	710811.375000	-1243377.000000	90816.187500	1207039.250000	1107947.500000	23767.490234	-1436571.750000	1825409.625000	5294207.000000	2354223.000000	-2142114.250000	-1746663.500000	-966734.312500	-998559.125000	-771106.375000	-328094.312500	153721.406250	-56704.765625	-95570.421875	156714.078125	148650.718750	91561.718750	5115.988281	-19807.548828	19605.955078	0.000000	
-0.000000	-9736.254883	-38735.105469	-67536.429688	-24201.134766	60052.910156	-103491.328125	-45613.109375	428698.187500	501603.218750	263784.843750	-517279.843750	-297137.187500	2215432.750000	2545111.750000	-1081599.375000	-2379401.500000	-1336398.125000	-1762928.250000	-1931255.375000	-1168551.625000	896910.562500	626410.750000	-1192175.625000	94716.570312	1369672.000000	1368899.375000	32014.218750	-2113414.000000	2940131.500000	9364827.000000	4591061.000000	-4627370.500000	-4203800.000000	-2610643.000000	-3051871.750000	-2695618.750000	-1329214.500000	733732.187500	-325660.375000	-678795.250000	1428368.125000	1830997.125000	1645615.250000	151829.484375	-1221291.875000	4436057.000000	3749814.500000	-1764310.250000	-1982978.375000	-1191123.250000	-981370.187500	-701181.375000	-487650.250000	77208.757812	238148.125000	-140881.890625	-106407.531250	-29840.728516	14799.775391	70128.226562	2657.876953	4005.230469	0.000000	
-0.000000	-5906.451660	-28592.093750	-65074.832031	-65018.046875	72816.242188	68726.968750	-167851.281250	16492.277344	286954.625000	337889.843750	9157.958008	-691499.937500	1088745.875000	3891050.500000	2125306.250000	-2372842.000000	-2376530.250000	-1620843.375000	-2074479.375000	-2001238.375000	-1075827.875000	646610.000000	-312249.937500	-707948.250000	1620822.000000	2262247.000000	2216602.750000	223364.093750	-1967097.625000	7846860.500000	7312658.000000	-3811242.250000	-4772553.500000	-3216600.000000	-2999337.750000	-2451176.250000	-1975626.500000	368527.406250	1367705.375000	-1000623.000000	-969849.875000	-367561.531250	265992.562500	2081226.875000	163879.109375	906226.187500	6544075.500000	2221874.750000	-2684393.250000	-1591455.750000	-1094460.875000	-813239.875000	-481059.531250	-437677.281250	32898.683594	253886.656250	-87824.640625	-94144.132812	-8240.478516	17451.070312	26567.339844	-3325.531006	-0.000000	
-0.000000	-10503.501953	-26287.685547	-69900.851562	-111348.625000	-87341.750000	70943.140625	-43962.945312	-123269.648438	339572.093750	558397.687500	634079.375000	73083.765625	-728426.375000	3260341.250000	3385195.250000	-1954344.375000	-2698063.000000	-1997057.625000	-2038769.875000	-1819763.250000	-1599015.000000	324769.031250	1311384.250000	-1043597.875000	-1100524.375000	-454132.312500	358285.375000	3061799.000000	263955.062500	1603007.125000	12761854.000000	4799668.000000	-6460690.500000	-4297688.500000	-3344974.250000	-2842908.000000	-1948925.500000	-2089090.375000	188940.000000	1803246.750000	-800476.437500	-1159615.250000	-148104.000000	517903.250000	1638086.375000	-752436.937500	-753615.250000	5085344.500000	2965609.000000	-1945455.875000	-1575506.375000	-821601.125000	-534747.187500	-356866.593750	-277365.812500	-37518.511719	61963.042969	-53664.453125	-19029.695312	15114.865234	14551.971680	7789.892578	0.000000	
-0.000000	-11924.574219	-32389.326172	-68697.601562	-101251.375000	-129817.023438	35632.199219	184635.156250	-181713.765625	-230566.562500	-112094.937500	102490.781250	1001807.437500	97743.921875	666043.437500	5907751.500000	2461193.250000	-3652415.750000	-2668262.000000	-2273712.750000	-2110586.750000	-1577404.000000	-1841035.125000	181159.578125	1880692.875000	-908330.125000	-1432736.250000	-199492.406250	761913.875000	2638415.750000	-1330972.125000	-1469654.125000	10985302.000000	7137509.500000	-5253657.500000	-4815181.500000	-2872137.250000	-2166431.250000	-1703370.500000	-1592936.000000	-266477.718750	564761.250000	-661009.000000	-342015.812500	448570.625000	897244.000000	1762546.500000	10542.056641	-567923.562500	5183079.500000	3708219.750000	-1969730.500000	-1554861.250000	-754865.000000	-702610.000000	-434100.437500	-279219.218750	-65121.582031	87748.296875	-10510.016602	-37803.339844	-7915.656250	315.422424	0.000000	
0.000000	-16142.507812	-43275.269531	-76614.148438	-117432.750000	-128062.515625	-201990.093750	25506.199219	327470.750000	-190300.687500	-353646.906250	-57066.613281	249294.921875	977018.937500	-553013.937500	-680336.187500	5633088.000000	4035041.250000	-3261784.500000	-3273071.750000	-2132286.500000	-1753446.750000	-1501115.000000	-1527340.000000	-277922.437500	640855.437500	-816694.625000	-460686.812500	659915.125000	1445163.500000	3117736.500000	20558.470703	-1226821.875000	12474429.000000	10013959.000000	-6020039.000000	-5435454.000000	-3058198.500000	-3353648.500000	-2493076.500000	-1983172.875000	-593549.687500	1080834.875000	-188893.828125	-1121906.750000	-488062.718750	71367.695312	1083493.750000	583531.625000	-1376689.625000	2211148.500000	4736226.500000	-5661.562500	-1415703.125000	-532866.562500	-475213.187500	-224773.828125	-83499.195312	-147528.843750	-39505.546875	38160.519531	1971.503418	-2734.345215	-0.000000	
0.000000	17833.589844	-52901.332031	-110288.156250	-118640.117188	-142354.656250	-164695.578125	-215040.437500	-48392.519531	134263.109375	-201587.359375	-131783.640625	215921.375000	535151.437500	1295407.875000	9516.982422	-629094.750000	7052156.500000	6217265.000000	-4092061.500000	-4035303.250000	-2475217.500000	-2955441.500000	-2390413.250000	-2068346.500000	-673522.750000	1335401.000000	-254435.281250	-1650494.125000	-786107.750000	126241.023438	2112962.750000	1260538.250000	-3313361.750000	5971154.000000	14475214.000000	-19791.580078	-5735464.500000	-2543441.000000	-2729190.750000	-1596471.000000	-761052.187500	-1817178.375000	-710023.000000	1132506.875000	121558.757812	-618674.875000	-386069.000000	6950.308105	919447.250000	737392.937500	224406.359375	2518890.250000	1921012.625000	-830259.937500	-880280.812500	-358846.843750	-200042.421875	-113155.593750	-59987.257812	-38652.894531	-2279.176270	716.660645	-0.000000	
-0.000000	31168.273438	100834.859375	-137884.515625	-224523.718750	-200952.062500	-324257.750000	-336556.062500	-360145.437500	-141107.125000	329621.312500	-72783.523438	-540034.562500	-291099.750000	52452.671875	978138.437500	646383.937500	-1873139.500000	3707249.500000	9839382.000000	-14693.350586	-4642119.000000	-2241436.750000	-2616804.500000	-1665036.500000	-863594.000000	-2245173.500000	-956383.312500	1666088.500000	195790.968750	-1094362.750000	-752888.062500	15013.974609	2212889.000000	1991312.000000	685847.687500	8805488.000000	7782634.500000	-3962938.250000	-5055529.000000	-2548733.500000	-1823283.625000	-1393787.875000	-1078135.500000	-1147119.250000	-140529.218750	162152.140625	-632742.187500	-579635.812500	-10165.260742	421493.000000	499310.250000	-477954.406250	172559.906250	2035068.250000	671503.187500	-625848.687500	-352104.468750	-140966.296875	-90830.617188	-50090.851562	-17870.355469	-3556.730469	0.000000	
0.000000	-8278.676758	60126.113281	331544.000000	-817.535950	-376873.312500	-245920.359375	-368430.625000	-289920.156250	-180928.203125	-554183.375000	-273582.125000	545137.000000	72502.406250	-454703.625000	-348528.968750	7698.927246	1251010.375000	1236325.625000	466198.093750	6537230.500000	6299039.000000	-3492385.250000	-4847346.000000	-2658196.750000	-2068947.250000	-1722063.000000	-1452221.750000	-1687585.625000	-226346.140625	286827.968750	-1233934.875000	-1252122.500000	-24465.345703	1138231.750000	1526029.750000	-1670823.750000	699095.187500	9713644.000000	3856501.250000	-4445132.000000	-3209251.250000	-1736344.750000	-1632475.250000	-1486568.750000	-1101848.625000	-804748.312500	276784.843750	721549.937500	-97232.820312	-470408.156250	-237134.453125	327071.437500	390497.968750	-446687.281250	687550.312500	1806931.875000	308107.281250	-407167.593750	-179327.171875	-72301.242188	-27252.306641	-5132.132324	-0.000000	
0.000000	5529.064941	20051.375000	15708.830078	363730.593750	511391.406250	-383168.781250	-682477.687500	-462851.593750	-433457.031250	-425062.343750	-415421.218750	-552170.750000	-83817.140625	119175.945312	-571216.500000	-642068.500000	-13830.969727	706682.375000	1037303.500000	-1240426.375000	565827.437500	8560261.000000	3697693.250000	-4636042.000000	-3641655.500000	-2145301.250000	-2198903.500000	-2186967.000000	-1774713.875000	-1423504.625000	539768.812500	1558683.875000	-234016.093750	-1270326.000000	-724748.250000	1143370.000000	1582031.750000	-2132096.250000	3948661.000000	12833853.000000	2808239.250000	-5015264.500000	-3223001.000000	-2145716.500000	-1680319.875000	-1161199.875000	-824277.875000	-777374.500000	50021.191406	318472.218750	-200400.890625	-340372.093750	-92395.460938	204502.859375	142776.234375	-277160.406250	333661.718750	779731.125000	79098.273438	-132549.281250	-30144.648438	-5469.630371	-0.000000	
-0.000000	-61.128456	11461.344727	34952.578125	-69017.156250	45937.050781	939193.375000	520613.343750	-807238.750000	-762949.000000	-529531.625000	-629016.312500	-715566.187500	-657185.687500	-591460.875000	249871.218750	799268.250000	-132296.078125	-788694.312500	-492640.406250	848842.625000	1280450.750000	-1878934.500000	3786058.000000	13385044.000000	3186612.750000	-6196496.500000	-4341302.500000	-3156673.000000	-2706440.000000	-2054025.250000	-1607456.000000	-1679275.375000	120389.007812	860026.625000	-612480.375000	-1189866.125000	-374323.437500	976118.562500	819976.312500	-1968550.000000	3041155.000000	9604295.000000	1421612.875000	-3933724.500000	-1858655.625000	-1237562.375000	-1241425.750000	-908665.437500	-709084.250000	-657735.125000	300903.281250	577437.562500	30179.320312	-94653.953125	49588.613281	247310.078125	127297.195312	-206603.421875	98028.062500	263208.593750	14614.919922	-13896.623047	-0.000000	
0.000000	-584.706299	-12791.458008	-16599.820312	47229.484375	103954.187500	-206148.234375	533054.562500	2330636.000000	667614.750000	-1529501.125000	-1241869.000000	-1032849.750000	-1002208.625000	-853439.812500	-744127.875000	-861105.687500	68059.398438	533955.937500	-416327.406250	-883361.562500	-302966.562500	860215.812500	786210.312500	-2053095.625000	3450910.750000	11866369.000000	1914877.250000	-5787102.500000	-2993679.750000	-2189101.500000	-2420952.250000	-1962888.500000	-1706595.750000	-1776198.125000	919643.375000	2018595.000000	122266.039062	-451795.562500	284791.718750	1756536.125000	1160248.500000	-2544826.250000	1761833.125000	7811360.000000	901125.250000	-3144259.500000	-1483760.250000	-1216286.500000	-847587.375000	-556060.812500	-525110.687500	-473434.781250	232075.734375	540155.000000	-45870.625000	-190098.890625	-18755.917969	73758.859375	45851.128906	-51775.761719	30702.294922	25723.222656	0.000000	
-0.000000	300.800751	8659.977539	-14028.407227	-49150.113281	-24596.529297	94379.007812	110693.765625	-357489.937500	722986.812500	2929014.000000	547768.000000	-1893515.000000	-1108575.000000	-909563.500000	-1120713.750000	-1006537.937500	-964788.062500	-1102770.000000	625118.375000	1498613.250000	98958.593750	-398150.062500	273064.187500	1831976.125000	1316576.625000	-3144202.250000	2373145.500000	11491690.000000	1451414.875000	-5561823.500000	-2893538.250000	-2627408.000000	-2039939.500000	-1501629.000000	-1604883.000000	-1655024.000000	940212.750000	2578229.500000	-263438.968750	-1350190.000000	-170950.531250	908520.687500	824070.500000	-1536572.500000	1893039.000000	5820154.000000	376493.375000	-2017745.125000	-1188468.625000	-889368.687500	-544693.937500	-474515.500000	-406892.468750	-359487.875000	121057.195312	318980.375000	24910.949219	-54510.394531	-28341.347656	22105.089844	8054.256348	-8605.576172	0.000000	
-0.000000	-4264.054199	-17885.300781	21063.746094	83382.632812	8034.015137	-43683.234375	38445.824219	318988.093750	275830.843750	-776093.562500	678859.812500	3760031.250000	537466.437500	-2310916.750000	-1339484.500000	-1347293.000000	-1153237.000000	-932301.062500	-1090903.250000	-1228696.750000	760981.000000	2272094.750000	-252590.750000	-1408178.125000	-193983.875000	1122502.125000	1110002.500000	-2260530.250000	3049060.250000	10295165.000000	734214.250000	-4358709.500000	-2860359.000000	-2401719.000000	-1664734.750000	-1658802.125000	-1648451.000000	-1715882.250000	695242.000000	2265579.250000	227050.484375	-671428.812500	-509371.750000	656022.687500	496608.531250	-1947103.625000	2064645.125000	5836705.000000	-109518.968750	-1931267.500000	-847883.687500	-694194.062500	-495472.312500	-342120.875000	-192655.531250	-194876.671875	45270.261719	184399.031250	36409.734375	-21417.417969	-5381.745605	2764.792725	0.000000	
-0.000000	-5096.937988	-15120.546875	-36758.652344	-68364.507812	61780.714844	249284.015625	-35563.285156	-245195.343750	-40640.800781	277070.812500	317526.312500	-739635.687500	1129082.625000	4277602.500000	339884.437500	-2235077.000000	-1617044.000000	-1491130.750000	-1131586.875000	-1231501.500000	-1334208.500000	-1512141.125000	666612.437500	2362881.750000	257642.562500	-829568.625000	-686111.062500	965108.437500	799872.187500	-3444196.250000	4026344.000000	12608382.000000	-263585.906250	-5215342.000000	-2591366.250000	-2426750.250000	-2007316.125000	-1632987.250000	-1106437.500000	-1384124.500000	412615.125000	2271325.000000	654382.750000	-635614.312500	-331827.125000	625563.937500	836260.500000	-777054.125000	61557.546875	2122492.750000	74682.281250	-912208.500000	-440389.312500	-318126.750000	-229856.921875	-133755.546875	-61731.718750	-66018.554688	34016.117188	41606.953125	-6809.331055	-2286.004395	-0.000000	
-0.000000	-7146.816406	-24183.941406	-38129.511719	-68520.570312	-108318.546875	-165905.312500	93855.093750	411430.625000	53977.683594	-204765.093750	-196268.312500	315779.312500	296196.781250	-1431050.625000	1863886.000000	6465377.500000	-149012.750000	-3237996.250000	-1761455.375000	-1801629.375000	-1624663.750000	-1439088.875000	-1060875.125000	-1443570.000000	468209.593750	2806284.000000	881437.312500	-935084.625000	-534463.812500	1106548.625000	1630823.875000	-1678583.250000	148154.250000	5731741.500000	228249.625000	-3188880.750000	-1784157.375000	-1518460.125000	-1320088.250000	-950007.625000	-562652.875000	-813179.937500	611362.875000	1234788.250000	-419849.031250	-517232.937500	-107418.609375	417179.250000	669553.062500	-527341.562500	804008.000000	1951414.750000	-47044.535156	-514325.156250	-278757.625000	-224155.125000	-86558.421875	-58223.957031	-48993.925781	-32050.482422	6665.983887	4200.247070	-0.000000	
0.000000	-658.588623	-52515.519531	-59353.316406	-100242.406250	-131899.328125	-157890.359375	-149364.953125	-251357.875000	98092.765625	692684.125000	252143.140625	-305955.656250	-197914.703125	459766.843750	754945.375000	-860750.750000	83755.898438	3558607.750000	155150.406250	-2367438.250000	-1444045.375000	-1338160.625000	-1265728.000000	-990808.687500	-638462.937500	-1004706.000000	823490.562500	1816560.000000	-676238.000000	-914923.937500	-209481.171875	901185.750000	1611453.625000	-1424073.375000	2457270.000000	6821717.500000	-190592.390625	-2454940.500000	-1600929.375000	-1592076.625000	-788935.500000	-717170.437500	-880555.187500	-951176.562500	411010.562500	950350.875000	-254407.843750	-202741.171875	-208463.921875	76913.726562	264207.562500	-606106.312500	775148.625000	1723829.375000	-48252.175781	-425675.843750	-138010.750000	-98786.812500	-56406.386719	-24918.269531	-11473.843750	-2853.977783	-0.000000	
-0.000000	370.174225	57715.367188	5227.888184	-131723.937500	-117235.718750	-146816.953125	-178207.015625	-172521.984375	-133761.875000	-247994.812500	235566.968750	594370.562500	-250414.421875	-380147.468750	-96973.585938	462113.718750	911001.500000	-884149.937500	1670304.750000	5064471.500000	-154259.968750	-2163444.750000	-1535004.250000	-1660453.375000	-895234.187500	-886083.625000	-1186086.000000	-1399324.375000	662002.125000	1681058.375000	-496130.531250	-437959.125000	-501722.656250	207703.687500	807491.125000	-2118814.500000	3140374.000000	8228060.500000	-277116.437500	-3023390.750000	-1257896.875000	-1216801.250000	-1013777.437500	-739510.687500	-707453.062500	-645743.000000	-81927.414062	87010.015625	-79514.945312	161634.234375	111274.343750	90551.265625	266766.750000	-209688.453125	337160.281250	853075.750000	21345.833984	-162317.156250	-50276.390625	-29272.982422	-13471.688477	-3378.597168	-0.000000	
0.000000	4026.334717	-14339.606445	56281.941406	281786.468750	-12523.691406	-237363.421875	-216119.515625	-289122.125000	-187557.015625	-218714.875000	-339290.656250	-457852.875000	245142.796875	698473.437500	-229670.078125	-224578.468750	-283638.375000	128954.875000	548884.062500	-1573016.625000	2541728.000000	7251073.500000	-265705.000000	-3153239.750000	-1427382.000000	-1503391.125000	-1365533.000000	-1087931.875000	-1139473.125000	-1142243.125000	-159769.796875	187958.015625	-191373.406250	436489.406250	340085.062500	316547.375000	1080757.125000	-1000870.125000	1936340.750000	6059027.000000	194556.296875	-1999332.750000	-903604.562500	-868747.437500	-830636.000000	-764443.750000	-533302.000000	-386829.062500	-42449.199219	43550.496094	-195641.890625	49797.851562	106201.734375	61798.535156	93809.335938	-163861.250000	213344.937500	420986.031250	15328.200195	-33874.917969	-8197.373047	-5019.305176	-0.000000	
-0.000000	-1253.590698	2091.457764	18494.984375	-87522.429688	206351.750000	795555.187500	-37409.691406	-549049.687500	-299045.218750	-371086.875000	-390623.125000	-355966.625000	-421952.750000	-474597.718750	-73961.070312	96381.882812	-108188.937500	270998.718750	231169.421875	235006.062500	874733.500000	-882028.375000	1856603.625000	6319251.000000	220770.203125	-2470230.250000	-1217132.875000	-1278058.625000	-1337880.000000	-1352210.625000	-1040012.750000	-835623.687500	-102165.039062	117607.085938	-597935.500000	174082.359375	430257.062500	294972.406250	538755.187500	-1163835.375000	1944529.375000	5185472.500000	275489.781250	-1005321.125000	-505432.812500	-1135671.500000	-720085.875000	-441765.625000	-515308.500000	-363575.218750	-47263.265625	-62955.941406	-145652.093750	-52807.179688	-27707.519531	-1945.066895	26736.505859	-77237.554688	135038.296875	195806.828125	16289.359375	-6853.310547	-0.000000	
0.000000	-478.160461	4395.199219	7789.395508	13075.705078	71015.781250	-96772.187500	261398.812500	1100323.125000	46252.703125	-609734.875000	-348171.937500	-418175.250000	-495423.843750	-561838.500000	-481445.500000	-428494.500000	-57756.863281	73017.507812	-406440.718750	129239.460938	348237.625000	259947.843750	516569.593750	-1213819.875000	2206529.250000	6406793.000000	371077.906250	-1478979.125000	-814085.187500	-2008868.625000	-1404267.250000	-954297.000000	-1240224.000000	-981826.187500	-144449.562500	-220080.156250	-590083.062500	-252055.500000	-159126.687500	-13814.965820	243689.500000	-951369.375000	2427008.500000	5811047.000000	1004367.687500	-1550634.875000	-854125.187500	-606390.750000	-647043.625000	-643085.125000	-399695.625000	-315588.906250	-59834.070312	-53557.480469	-12876.815430	75845.296875	-20279.462891	-28497.197266	12195.628906	-20471.830078	17449.339844	17587.935547	0.000000	
-0.000000	-255.266830	1184.236206	-13695.268555	7190.865723	28271.888672	28520.308594	72729.945312	-211353.234375	462281.312500	1581409.250000	106150.203125	-483915.593750	-301459.937500	-834677.437500	-650067.187500	-489348.312500	-701134.562500	-609576.437500	-98188.148438	-163388.421875	-477596.156250	-222126.828125	-152573.968750	-14408.292969	276523.468750	-1175442.875000	3269120.000000	8548928.000000	1617704.375000	-2742889.750000	-1665662.375000	-1309918.125000	-1557278.875000	-1736636.000000	-1221580.000000	-1103229.625000	-242406.875000	-255636.796875	-73952.671875	538696.250000	-184836.875000	-351012.687500	219188.890625	-607551.687500	1075889.625000	3979458.750000	1246286.500000	-1169173.500000	-798828.562500	-613818.125000	-333349.593750	-354840.218750	-345760.531250	-221076.156250	8087.927734	52239.347656	-50899.441406	23205.687500	21074.136719	-16333.421875	-5913.458984	-1672.531982	0.000000	
-0.000000	-3098.790283	-9886.429688	-3308.509766	-9090.909180	-38773.941406	-24370.755859	-21481.513672	-2508.806641	57933.347656	-290138.343750	935161.500000	2797172.250000	599044.250000	-1139660.500000	-771072.937500	-671705.187500	-880374.937500	-1078207.500000	-830356.812500	-819042.187500	-196197.125000	-225282.875000	-70907.351562	561832.250000	-209741.218750	-433685.750000	295242.000000	-893800.250000	1732902.500000	7039192.000000	2430431.500000	-2525635.000000	-1922588.875000	-1657601.125000	-1018808.250000	-1240443.500000	-1400786.125000	-1055225.125000	46449.671875	371033.406250	-463922.218750	285834.812500	378760.031250	-484734.281250	-364611.437500	-378428.250000	201574.671875	1467083.625000	561171.000000	-488945.781250	-232020.453125	-203752.359375	-253109.062500	-150863.578125	-101147.921875	-71930.320312	-12543.041992	2934.867188	-12399.184570	2327.998047	4422.087891	-381.593506	-0.000000	
-0.000000	-3890.975098	-17486.933594	-27979.380859	-45571.394531	-15928.384766	-24717.025391	-9983.335938	97827.578125	-43942.062500	-107048.046875	84456.648438	-292447.593750	641702.750000	2924758.000000	1125101.875000	-1295105.375000	-1086895.250000	-1029137.937500	-692524.750000	-920910.437500	-1133755.750000	-929929.312500	44536.906250	386968.593750	-526429.625000	353156.687500	510180.343750	-713117.312500	-587268.500000	-669394.812500	393098.531250	3169177.000000	1350604.000000	-1320386.500000	-709118.437500	-712273.500000	-1025425.437500	-720091.375000	-580901.312500	-510889.843750	-114323.375000	36150.066406	-222847.343750	69089.046875	272656.625000	-86339.609375	-176098.125000	-117833.406250	-76167.328125	446834.156250	579904.250000	45089.046875	-201045.890625	-113857.523438	-73391.039062	-67452.039062	-32817.183594	-10307.709961	-5215.117676	-2243.643311	-2096.739990	350.393799	0.000000	
-0.000000	-4803.729004	-16691.097656	-23335.044922	-51239.328125	-92044.664062	-102027.664062	6270.533203	67379.906250	-110290.218750	87170.804688	145941.718750	-233328.906250	-217468.562500	-278131.062500	181974.234375	1625103.500000	763535.687500	-819774.875000	-482016.187500	-528794.812500	-829949.750000	-634588.875000	-556980.187500	-532831.625000	-129726.953125	44664.394531	-300169.843750	101640.414062	439159.718750	-152724.578125	-343415.718750	-254542.359375	-183316.500000	1206665.000000	1772347.250000	157621.406250	-814501.000000	-543456.687500	-421491.093750	-479082.593750	-299111.750000	-126964.656250	-93729.968750	-66585.609375	-129280.578125	79280.343750	311574.281250	125522.679688	-4556.144531	-7615.935059	-84313.671875	-63867.960938	171819.078125	212060.406250	-2289.055420	-84009.226562	-48172.601562	-25283.681641	-12804.363281	-4586.426270	-1320.043579	132.138962	-0.000000	
0.000000	3374.583008	-13295.538086	-16241.831055	-29422.068359	-67379.984375	-69624.234375	-78419.523438	-92777.921875	-27178.585938	11024.656250	-85866.304688	33256.304688	162623.109375	-63456.488281	-158974.937500	-130525.273438	-103634.140625	749169.750000	1204735.375000	117018.789062	-659233.562500	-478927.500000	-404134.406250	-499658.281250	-339413.125000	-156868.296875	-126251.937500	-97957.484375	-208228.281250	140237.562500	607613.062500	271152.625000	-10965.546875	-20566.652344	-257685.828125	-223268.390625	696093.812500	1012191.750000	-13146.243164	-596681.062500	-439068.468750	-311430.375000	-230129.515625	-136113.437500	-81391.117188	29897.853516	-4237.269531	-76660.468750	86699.289062	125039.093750	57262.707031	19274.775391	-11195.475586	-6394.875488	4191.818359	54792.488281	29638.208984	-21542.873047	-15536.500000	-5218.630859	-2619.167725	-566.549927	-0.000000	
-0.000000	-458.029694	12150.427734	40594.292969	6510.908691	-53520.285156	-52545.769531	-56899.738281	-87001.703125	-71109.117188	-38720.304688	-36115.511719	-32051.265625	-77108.007812	58268.179688	281277.843750	139042.750000	-6199.141602	-12769.006836	-175159.375000	-165755.375000	563398.250000	892005.687500	-12604.890625	-622307.375000	-498227.187500	-384780.718750	-309978.750000	-200243.406250	-131094.187500	52885.769531	-8263.262695	-165601.046875	208664.406250	337665.093750	175010.609375	67380.390625	-45356.441406	-30523.568359	24073.976562	389167.250000	270137.031250	-265353.156250	-279233.500000	-154875.656250	-161492.375000	-128187.984375	-103878.281250	5824.600586	69590.882812	-29938.212891	-20195.011719	44033.058594	10870.221680	-10460.543945	70347.226562	58947.343750	-18698.755859	6024.935547	33703.937500	6342.119629	-5324.053223	-1018.329712	-0.000000	
0.000000	-27.398220	-207.094437	-5902.102051	-9222.605469	45739.832031	97866.851562	-1774.694092	-108357.656250	-104381.632812	-94976.664062	-88672.234375	-65518.781250	-48544.851562	21973.839844	-3825.251953	-84917.585938	117964.039062	209642.687500	118961.718750	50023.476562	-36710.191406	-26899.248047	23082.626953	405881.281250	306534.437500	-327851.093750	-376120.593750	-227845.468750	-260110.843750	-226749.390625	-202577.046875	12582.234375	167488.562500	-80847.429688	-61721.523438	153929.906250	44038.730469	-49929.531250	404010.250000	418677.406250	-170429.531250	74211.812500	605752.187500	188217.937500	-328269.937500	-230407.984375	-161804.875000	-164060.000000	-91703.132812	-44457.308594	-26811.535156	-19270.171875	-13566.661133	31375.089844	33355.625000	32572.058594	25769.042969	-3696.930176	-11023.466797	7788.736328	11901.725586	2506.464355	-0.000000	
-0.000000	521.363281	3400.094971	4008.487793	2783.299316	-2980.339600	-2951.264648	3249.897461	70673.023438	64220.832031	-80924.539062	-107592.718750	-74550.054688	-96320.382812	-94213.523438	-93777.507812	6451.969238	94686.140625	-50194.917969	-41954.589844	114278.195312	35643.675781	-44000.976562	387373.406250	436658.812500	-193392.671875	91690.718750	815933.187500	276897.000000	-528734.375000	-407564.500000	-315541.906250	-354400.500000	-220707.453125	-120055.906250	-81943.445312	-67364.289062	-54962.867188	149757.359375	191564.265625	231345.203125	234871.562500	-45536.734375	-198121.921875	231149.828125	733835.375000	567114.375000	-103713.609375	-357911.468750	-195573.765625	-173059.312500	-112805.164062	-14515.467773	9911.135742	-1437.469971	-34838.707031	-7513.341309	28263.019531	29090.179688	21393.818359	3547.900879	-3248.035400	433.273010	0.000000	
0.000000	418.482422	-814.087463	-1413.685547	6358.422852	2893.753906	-4827.589355	54539.886719	76032.078125	-40516.941406	22632.316406	233405.093750	90599.500000	-195793.062500	-169341.531250	-146071.500000	-181730.921875	-124772.328125	-74537.882812	-55700.238281	-50011.527344	-44485.355469	131975.406250	183675.781250	241281.046875	266517.406250	-56261.878906	-266865.312500	340056.312500	1181966.250000	1003158.312500	-202255.906250	-773156.187500	-470699.125000	-467342.562500	-344763.656250	-50742.890625	40153.167969	-6861.230469	-200081.703125	-53364.003906	257602.890625	358316.687500	384505.593750	105292.648438	-200267.046875	98032.656250	494408.750000	216378.453125	-195109.656250	-232776.125000	-154948.968750	-143080.687500	-81050.429688	-32490.982422	-3455.095215	29636.312500	-11453.347656	-14227.061523	16264.039062	4178.256348	-552.571167	1419.161255	0.000000	
-0.000000	-551.453735	-1208.894409	-1876.853638	-2782.634277	-3611.571289	14479.749023	25860.464844	42012.437500	55837.023438	-13887.300781	-76339.242188	111264.953125	437688.187500	416808.531250	-93628.851562	-396462.187500	-266099.875000	-290154.218750	-234349.656250	-37671.730469	32498.812500	-6046.538574	-191842.484375	-55655.890625	292311.500000	442710.062500	517919.468750	154901.375000	-322564.000000	173408.171875	964165.500000	467418.218750	-469582.156250	-628606.437500	-473566.750000	-500178.687500	-328361.125000	-155083.656250	-19842.912109	210493.875000	-104391.375000	-175241.046875	292309.375000	123999.984375	-34070.378906	321100.406250	93608.218750	427428.218750	1009381.875000	286805.562500	-175191.015625	-50970.476562	-170368.406250	-198805.828125	-123111.109375	-85221.375000	-34185.750000	-15104.481445	-20475.201172	1188.048462	11543.214844	1180.079224	-0.000000	
-0.000000	-1176.076172	-4705.873047	-7896.555176	-2096.049805	2638.436279	-663.399048	-27010.289062	-9690.936523	61241.039062	109275.546875	148155.578125	50683.062500	-119447.109375	72050.453125	446334.093750	239684.625000	-265468.406250	-390276.437500	-321902.250000	-371334.718750	-265766.000000	-136669.265625	-19025.794922	219534.187500	-118456.742188	-216515.093750	393733.468750	182422.703125	-54876.117188	567988.687500	182549.000000	923325.437500	2429340.250000	774511.562500	-535432.000000	-178181.609375	-690216.687500	-948925.937500	-707037.812500	-605290.437500	-311585.531250	-186048.625000	-367995.500000	35258.250000	711730.375000	267005.531250	-142213.156250	-119538.953125	170521.109375	1316520.375000	896769.000000	-302701.031250	-266305.718750	-137050.734375	-189355.000000	-110473.812500	-67921.984375	-44678.761719	-5380.570801	-3333.402588	-4277.279297	2385.235107	0.000000	
0.000000	-1173.285400	-6329.707520	-10846.693359	-20661.011719	-21576.376953	-14994.738281	-2678.719482	38225.820312	-24817.408203	-53443.117188	112631.031250	59687.917969	-20320.908203	235997.187500	84506.070312	473466.593750	1373376.500000	480863.093750	-363954.562500	-132282.765625	-558641.437500	-836252.000000	-677922.500000	-631286.562500	-353567.593750	-229868.156250	-495680.781250	51870.207031	1146362.375000	472301.218750	-277335.343750	-258226.656250	410403.406250	3555232.000000	2740773.250000	-1058176.375000	-1078889.250000	-654160.875000	-1087482.250000	-784647.562500	-619073.937500	-550328.187500	-96703.617188	-98926.882812	-263728.062500	539684.937500	732249.437500	129284.828125	-98099.507812	-260790.015625	614522.812500	1340371.750000	198073.671875	-351621.343750	-157267.593750	-160811.187500	-98881.000000	-64763.640625	-48566.187500	-6202.081543	6440.806152	-1061.697876	-0.000000	
0.000000	6069.884277	7798.889648	-12263.671875	-7360.194336	-45353.652344	-91749.804688	-95447.476562	-109921.132812	-74074.562500	-56739.097656	-141793.984375	16971.707031	424503.875000	196239.390625	-128384.828125	-132414.515625	232012.953125	2207300.500000	1863013.250000	-785594.562500	-873221.812500	-576486.875000	-1042700.437500	-818346.750000	-702486.000000	-679945.500000	-130257.367188	-145536.375000	-424778.718750	954638.875000	1427987.875000	279279.593750	-236102.000000	-704257.250000	1878151.000000	4685645.500000	802459.562500	-1678334.125000	-903201.437500	-1142172.125000	-901249.437500	-797722.625000	-872867.562500	-184061.968750	397126.562500	-240220.484375	-51903.875000	467363.718750	55234.871094	-145325.140625	-399955.437500	559828.437500	1602777.250000	351359.843750	-265391.843750	-73563.640625	-169580.421875	-120469.882812	-54097.656250	-24277.255859	-3279.284424	1296.115845	-0.000000	
-0.000000	1025.422974	35799.156250	62775.375000	-43710.371094	-70893.054688	-63249.546875	-146806.062500	-142492.500000	-147175.093750	-167833.140625	-37261.300781	-47618.875000	-157297.750000	396648.875000	661048.000000	143210.125000	-133475.312500	-437245.000000	1276654.375000	3478642.750000	649487.562500	-1479051.375000	-866008.250000	-1191226.250000	-1022680.937500	-985608.062500	-1175730.875000	-270782.937500	639639.625000	-424921.656250	-101219.750000	1009593.625000	132937.093750	-392447.093750	-1222374.000000	1957037.250000	6493361.500000	1677086.000000	-1524168.500000	-522490.625000	-1545638.375000	-1483881.125000	-972283.187500	-720487.000000	-202193.796875	293260.062500	-231230.562500	290377.156250	1044165.312500	61711.472656	-266697.531250	-298665.718750	322050.093750	1710067.500000	646200.500000	-326786.812500	-173062.078125	-158814.812500	-78784.226562	-39604.695312	-24144.228516	-2197.935303	0.000000	
0.000000	-589.918091	-7091.468750	43017.652344	193551.187500	52729.050781	-162274.875000	-121928.843750	-207419.187500	-214257.890625	-243280.812500	-336328.500000	-88599.007812	236861.843750	-176553.359375	-46856.917969	517703.562500	75153.195312	-243654.609375	-830896.562500	1452912.500000	5255539.000000	1477951.375000	-1461404.250000	-544930.625000	-1753892.750000	-1833375.625000	-1309641.375000	-1059945.125000	-325667.375000	518742.375000	-450931.625000	627269.375000	2513055.500000	166650.375000	-815101.187500	-1044069.812500	1304727.500000	8162373.500000	3711185.750000	-2321025.000000	-1577371.875000	-1956192.750000	-1415968.500000	-1175366.375000	-1488682.375000	-497306.375000	1277115.875000	351434.593750	-135169.265625	390653.156250	-248419.093750	-74849.820312	-256112.593750	-15035.857422	1599376.375000	719987.875000	-326176.312500	-137216.171875	-116608.531250	-71257.875000	-20304.855469	-4947.595703	-0.000000	
0.000000	332.153046	-3951.718262	-27997.568359	80839.851562	426674.187500	162154.187500	-205757.093750	-94884.632812	-367451.218750	-452538.031250	-374634.781250	-346809.468750	-120596.296875	215535.515625	-208746.484375	321653.750000	1420703.250000	103466.515625	-554056.937500	-775121.750000	1056008.750000	7193186.000000	3558361.750000	-2420708.750000	-1789902.000000	-2416929.500000	-1907274.375000	-1729141.250000	-2397775.250000	-879676.187500	2490552.750000	759164.875000	-325320.031250	1054949.500000	-759237.187500	-261658.546875	-1037593.687500	-71768.093750	9185357.000000	5113761.500000	-2972929.250000	-1690152.625000	-2095775.000000	-2114752.000000	-1251954.750000	-1119446.375000	-585918.562500	893998.812500	535879.375000	-242126.578125	-205877.703125	-278317.843750	98466.945312	-33269.050781	-130339.789062	1238020.125000	719631.312500	-262684.125000	-141041.828125	-74546.796875	-32577.150391	-3741.890137	-0.000000	
0.000000	6279.053223	1678.074097	-18669.287109	-43127.664062	85732.718750	789204.062500	500996.312500	-421499.593750	-374995.375000	-596578.500000	-545593.187500	-565767.562500	-887908.500000	-365502.187500	1152933.375000	389287.687500	-183912.843750	654975.750000	-516083.906250	-194256.390625	-839798.375000	-63246.460938	8807111.000000	5333388.000000	-3373492.500000	-2088229.750000	-2822957.000000	-3111119.500000	-2016485.250000	-1980168.500000	-1142622.375000	1931205.750000	1289733.125000	-653857.062500	-629219.000000	-972938.125000	398920.968750	-158797.484375	-748552.750000	8793120.000000	6559069.000000	-3235597.250000	-2534908.250000	-2212358.750000	-2008638.625000	-846642.687500	-816231.187500	-781490.500000	19786.363281	135791.062500	-122039.367188	-62379.414062	-12229.132812	237412.703125	203986.171875	-219521.765625	371423.375000	510496.000000	-57505.007812	-101250.968750	-27203.224609	-6190.976562	-0.000000	
0.000000	-812.835876	10622.740234	-17389.763672	-10808.398438	-68179.546875	-6939.117676	1239989.125000	928662.312500	-706767.187500	-515444.437500	-807532.500000	-1017944.875000	-746714.875000	-822752.562500	-528945.812500	990291.562500	729123.562500	-405953.562500	-427705.343750	-722313.250000	322875.093750	-139942.109375	-717727.875000	9170768.000000	7442817.500000	-3997668.750000	-3414458.500000	-3254713.750000	-3235253.000000	-1497610.875000	-1591763.875000	-1688166.625000	47621.031250	366700.531250	-372985.937500	-218064.750000	-49544.113281	1133201.500000	1171510.250000	-1559167.875000	3385332.750000	6288006.500000	-1033522.625000	-3004870.500000	-1677293.750000	-1400774.625000	-959803.812500	-705405.437500	-407468.031250	235809.390625	312135.718750	-229134.500000	-244517.937500	-62691.156250	147885.125000	310219.593750	18690.021484	142483.140625	315312.562500	14170.119141	-43040.281250	-6995.454102	-0.000000	
0.000000	3222.492676	-6583.967285	-14411.792969	-40189.410156	26212.814453	-15353.819336	-101051.843750	1596836.125000	1559315.625000	-986757.437500	-976736.875000	-1064928.250000	-1198030.750000	-622251.687500	-736863.625000	-865665.000000	26921.550781	227669.625000	-253533.468750	-161892.171875	-40099.574219	998647.000000	1123268.375000	-1626131.250000	3841462.000000	7769004.000000	-1392129.375000	-4420618.000000	-2701565.750000	-2477804.750000	-1871750.375000	-1523808.625000	-980677.812500	636797.625000	953972.750000	-801003.937500	-990620.062500	-299233.000000	849317.125000	2203355.250000	170349.937500	1755028.375000	5667031.500000	420533.000000	-2653773.250000	-1582796.250000	-1339888.000000	-700008.562500	-406339.156250	-515758.531250	-178862.265625	218350.906250	-22052.550781	-186679.250000	-90288.531250	71609.382812	245707.125000	-4913.790039	28128.357422	240848.062500	41555.710938	-13370.233398	-0.000000	
-0.000000	118.984627	3692.465088	-8542.965820	-9007.657227	-3255.508789	109567.054688	158149.546875	-283145.875000	804809.687500	1917648.250000	-398231.250000	-1446407.125000	-1000403.687500	-1029518.625000	-866475.687500	-781384.812500	-554405.625000	395362.062500	648453.437500	-594668.625000	-801779.250000	-263702.562500	814342.875000	2297985.250000	193302.343750	2168385.500000	7633350.500000	618667.500000	-4274351.500000	-2799779.500000	-2612967.250000	-1512150.375000	-977960.875000	-1392793.625000	-546652.375000	763306.875000	-89341.906250	-891044.250000	-518534.875000	508610.375000	2239494.000000	-60525.339844	505543.718750	7147756.500000	2562238.000000	-3025158.500000	-2078702.875000	-1382051.750000	-885236.250000	-504811.375000	-466337.593750	-265568.531250	245758.578125	115919.656250	-155737.515625	-25515.552734	84628.695312	152446.953125	19390.169922	-14533.608398	93777.195312	14728.262695	-0.000000	
-0.000000	-2450.295166	6412.188965	21850.037109	-33087.277344	-65092.945312	-28932.257812	114654.664062	400130.687500	40498.019531	535229.562500	2183589.250000	202425.343750	-1582814.375000	-1163297.875000	-1209601.750000	-775406.687500	-552869.625000	-864729.562500	-371581.468750	566682.187500	-72310.757812	-785243.062500	-497182.000000	530454.250000	2541236.250000	-74780.710938	680954.812500	10515429.000000	4126918.250000	-5351147.500000	-4053758.500000	-2985492.250000	-2130551.500000	-1363231.125000	-1425256.250000	-928369.375000	995646.312500	553299.500000	-894414.062500	-181225.890625	771347.000000	1877757.000000	348494.500000	-431320.437500	5782104.500000	3332426.750000	-2718815.250000	-2076912.500000	-1166965.750000	-906194.062500	-451635.062500	-214427.453125	-339396.968750	-15764.906250	185177.500000	-65059.574219	-107208.468750	2171.084961	66066.296875	79310.953125	19495.189453	1326.570435	0.000000	
-0.000000	-2443.506836	-14024.636719	-12520.665039	31530.117188	-5870.593750	-86153.335938	-70000.289062	92363.968750	532404.500000	-18458.363281	194793.312500	3440602.750000	1528219.125000	-2223381.750000	-1876576.750000	-1530912.875000	-1204462.500000	-846375.375000	-968803.687500	-689225.250000	805847.375000	487601.593750	-857582.687500	-189009.218750	875275.937500	2320020.000000	469413.437500	-634537.437500	9313059.000000	5894669.500000	-5302066.500000	-4486522.000000	-2808606.750000	-2447155.500000	-1380321.250000	-749591.312500	-1375005.250000	-75247.937500	1063490.500000	-462089.906250	-977150.062500	26742.220703	1187392.500000	2353746.750000	1202032.375000	300150.750000	2945302.000000	2146619.750000	-1391817.500000	-1660909.875000	-853790.312500	-558826.875000	-344063.843750	-373158.406250	-81062.406250	213929.078125	-26349.494141	-93651.742188	9091.288086	16310.308594	16390.914062	1766.028687	0.000000	
-0.000000	-5323.338379	-13726.959961	-32644.431641	-38348.394531	65423.214844	53497.457031	-120742.578125	-32910.738281	183375.640625	572658.000000	134279.984375	-207617.921875	3448673.750000	2449213.000000	-2454446.750000	-2300617.250000	-1587786.875000	-1519340.500000	-938259.625000	-556499.687500	-1112889.500000	-66313.117188	1019696.687500	-481935.812500	-1108808.125000	33040.742188	1599388.250000	3462717.000000	1936076.875000	530931.187500	5743746.500000	4637103.000000	-3349771.000000	-4485247.500000	-2609418.500000	-1953536.000000	-1393912.250000	-1781133.250000	-465548.468750	1519445.375000	-240162.078125	-1153550.250000	163395.375000	484048.343750	1010629.375000	399582.875000	161027.812500	3762713.000000	3368988.500000	-955355.875000	-1823714.875000	-963123.375000	-628068.687500	-370067.593750	-301323.437500	-116191.031250	98166.679688	-20240.300781	-59053.558594	1301.665161	7371.247559	5297.313965	0.000000	
-0.000000	-7017.509277	-24641.458984	-31615.232422	-30963.564453	-90350.617188	-7275.577148	143567.265625	-83915.820312	-232302.062500	8155.552734	457519.531250	1132986.000000	716939.187500	220599.921875	2658910.750000	2377832.500000	-1893722.750000	-2784709.750000	-1773726.250000	-1450313.250000	-1128192.250000	-1569644.375000	-446377.500000	1584702.750000	-272520.750000	-1425242.875000	220089.500000	712108.187500	1627789.875000	706814.875000	314026.531250	8128168.500000	8108347.500000	-2579916.000000	-5573775.000000	-3366868.000000	-2544506.500000	-1766380.500000	-1730526.625000	-825254.500000	894738.750000	-249308.796875	-1061354.375000	38630.101562	454495.625000	1198574.000000	1260757.000000	-270762.531250	1242756.750000	2403944.500000	-55624.589844	-1292155.375000	-770585.750000	-438662.562500	-263108.343750	-208209.343750	-74023.859375	127516.531250	31069.580078	-38463.496094	-4920.798340	747.198853	0.000000	
0.000000	-8369.648438	-45163.882812	-59766.789062	-80695.226562	-91592.992188	-172214.312500	-62847.316406	275932.250000	-57094.761719	-351797.281250	62958.601562	232998.734375	602778.937500	293678.937500	145370.000000	4167995.500000	4583884.000000	-1601766.000000	-3788718.000000	-2499576.750000	-2059450.000000	-1556643.250000	-1659264.750000	-860697.625000	1015293.062500	-308027.812500	-1429618.000000	56830.710938	732042.250000	2120135.750000	2458650.750000	-584898.062500	2991017.500000	6491795.000000	-170004.078125	-4517091.500000	-3121888.250000	-2093793.250000	-1511054.000000	-1478820.625000	-674689.375000	1570677.875000	558405.562500	-1141498.375000	-303406.093750	169061.734375	712927.062500	930595.875000	-3179.194092	1293180.750000	1784435.000000	-160861.171875	-910395.562500	-527987.812500	-228625.984375	-108686.820312	-170351.343750	17750.333984	167470.031250	-7605.103516	-22224.935547	404.248108	0.000000	
0.000000	20259.298828	-25978.281250	-127663.171875	-139076.093750	-167197.718750	-170787.906250	-233614.671875	-149866.734375	212710.078125	-76031.500000	-408955.218750	18594.763672	271079.000000	880908.437500	1138165.250000	-299926.406250	1690909.000000	4030494.500000	-115558.570312	-3353507.500000	-2526766.000000	-1845179.500000	-1448829.875000	-1542333.250000	-765594.875000	1940615.375000	752158.375000	-1679316.500000	-488686.937500	299050.218750	1390306.500000	2010262.375000	-7651.557617	3492204.000000	5453725.000000	-562335.375000	-3688302.250000	-2520154.250000	-1313018.875000	-771955.312500	-1552664.875000	218638.765625	3009895.500000	-225700.078125	-1370342.875000	91465.460938	300463.968750	1483920.250000	-605533.250000	1083256.500000	6563137.000000	1054511.625000	-2342727.500000	-866139.125000	-648262.250000	-484567.218750	-283621.125000	-166105.750000	25104.414062	18394.902344	-22385.839844	-3394.668701	0.000000	
-0.000000	7473.276367	65368.671875	-3893.816650	-186588.687500	-205137.078125	-202444.796875	-203986.687500	-268554.750000	-160396.796875	479008.343750	215161.734375	-549465.125000	-180963.281250	124254.250000	643604.437500	1030830.562500	-4325.647461	2168169.000000	3707115.250000	-417480.093750	-2985205.250000	-2220915.000000	-1258949.625000	-805109.375000	-1761866.000000	270134.156250	4054254.500000	-332038.875000	-2207169.250000	161791.593750	585946.375000	3205547.250000	-1457373.375000	2925308.250000	20058756.000000	3686341.000000	-9491136.000000	-4134194.000000	-3723026.250000	-3441670.750000	-2585060.500000	-2045998.500000	451195.187500	545913.750000	-1380263.875000	-768080.062500	85080.609375	693807.750000	1353681.875000	-1101653.625000	1676757.000000	4917728.500000	-363454.781250	-1474732.000000	-490823.218750	-439140.343750	-260338.703125	-185331.968750	-75422.328125	22645.462891	-2006.871338	-5431.197754	-0.000000	
0.000000	-19.117975	35164.500000	124913.515625	-23228.535156	-242355.734375	-243668.812500	-177252.671875	-140187.578125	-369121.656250	66678.085938	1159756.375000	-108641.687500	-817326.187500	67223.796875	271247.875000	1643753.625000	-823895.437500	1816206.250000	13634739.000000	2736754.750000	-7681851.000000	-3643306.500000	-3569714.750000	-3589484.000000	-2933363.500000	-2527887.000000	607748.687500	803121.562500	-2223149.000000	-1358642.875000	165918.984375	1498755.500000	3257987.500000	-2974989.250000	5124631.500000	17191300.000000	-1472471.125000	-7039086.500000	-2818840.250000	-3119023.250000	-2372853.250000	-2282816.500000	-1355546.000000	672059.562500	-123739.468750	-1228866.625000	-387361.687500	-136237.484375	210472.484375	1168769.375000	-617570.125000	1129844.875000	3846662.000000	75949.578125	-991996.375000	-340057.125000	-304156.500000	-174747.484375	-109813.539062	-39462.648438	-8680.194336	-3366.077148	-0.000000	
0.000000	-3641.353760	29456.185547	459430.875000	152272.656250	-623655.812500	-399727.187500	-502594.750000	-625009.562500	-614557.500000	-623966.500000	173852.031250	262777.906250	-823243.437500	-564511.062500	76807.656250	768537.937500	1841834.875000	-1847051.250000	3483417.000000	12762891.000000	-1191775.625000	-6203276.500000	-2702762.500000	-3252979.500000	-2692564.000000	-2820482.000000	-1825886.875000	988701.062500	-199303.375000	-2173719.750000	-755408.937500	-294298.625000	506556.781250	3156234.000000	-1887464.500000	3949690.000000	15584054.000000	362517.187500	-5697121.500000	-2415278.250000	-2772230.000000	-2152442.750000	-1973650.375000	-1171150.750000	-535202.562500	-761611.000000	-568484.312500	-124001.984375	2962.842529	218662.359375	158345.406250	-405516.875000	-98188.507812	1317789.375000	553693.375000	-408449.781250	-191579.546875	-104759.031250	-62836.703125	-25393.685547	-7390.226562	-1621.485474	-0.000000	
0.000000	8140.320312	-29956.445312	117375.875000	710125.500000	-96755.039062	-680595.625000	-380533.000000	-566416.625000	-564108.562500	-696188.625000	-522311.500000	323498.718750	-73803.070312	-903172.437500	-349695.937500	-150911.640625	286371.250000	1959578.875000	-1282985.125000	2932266.000000	12613282.000000	319472.468750	-5462518.000000	-2519010.000000	-3145751.500000	-2659401.750000	-2658458.000000	-1722939.625000	-862034.437500	-1347199.750000	-1108623.125000	-267867.656250	7130.851562	590492.500000	483947.187500	-1417598.000000	-397792.906250	6289979.500000	3179909.000000	-2901041.500000	-1746149.000000	-1290363.625000	-1129347.875000	-753619.812500	-455665.843750	-366878.406250	-360853.843750	-171024.843750	61117.179688	-2911.983643	17317.191406	128149.828125	-10710.837891	-66468.593750	-56368.765625	1230.590820	3250.129395	-20219.708984	-12520.284180	-5083.126465	-1618.346436	-381.705505	-0.000000	
-0.000000	1265.669189	31781.476562	-43230.968750	163150.875000	1024017.125000	35051.082031	-769090.250000	-438616.062500	-659054.125000	-656428.687500	-760476.062500	-563738.375000	-319215.781250	-559756.500000	-513206.781250	-137358.265625	4031.277100	366613.062500	328958.281250	-1052430.625000	-321962.093750	5543117.000000	3048962.750000	-3025635.750000	-1981419.625000	-1594279.500000	-1521203.500000	-1108688.500000	-733927.062500	-648964.562500	-703715.000000	-369445.875000	147094.390625	-7863.742676	52926.109375	447983.656250	-43393.015625	-317263.218750	-323730.718750	8740.352539	29623.255859	-249055.156250	-225023.828125	-150854.218750	-99783.843750	-86364.953125	-20929.498047	51171.621094	38494.812500	-2602.270996	104316.859375	61881.800781	-56524.136719	-14801.615234	18369.287109	20019.177734	-1283.057983	-15140.266602	978.443481	2064.177734	-1548.036743	-102.550034	0.000000	
-0.000000	17.816954	5945.922852	11084.450195	-58557.093750	-26138.691406	608165.875000	429275.937500	-526831.000000	-415119.500000	-393521.125000	-435154.062500	-362758.093750	-271776.968750	-269642.343750	-325765.656250	-189445.968750	83156.726562	-4882.281738	35975.992188	332584.937500	-35121.054688	-279591.875000	-310399.718750	9115.734375	33614.601562	-307714.437500	-303101.500000	-221929.343750	-160718.781250	-152769.390625	-40815.417969	110540.335938	92647.781250	-7027.371094	318821.062500	216325.203125	-228997.281250	-70650.023438	105496.414062	142187.531250	-11694.413086	-186489.406250	17585.312500	61259.527344	-95448.695312	-23203.041016	24780.619141	-66053.101562	-60877.375000	-30093.505859	-23050.197266	-16827.085938	-18387.392578	-5787.377441	-4049.544922	1643.342407	8911.187500	-865.961670	-4326.551758	-1722.100464	-683.661072	31.621254	0.000000	
-0.000000	367.526093	-79.183403	1212.233154	18504.978516	-2851.324463	-30675.564453	-43702.445312	1587.253540	7042.463867	-75954.140625	-86704.937500	-72614.320312	-59514.992188	-63475.113281	-18894.382812	56683.324219	52376.476562	-4363.012207	216715.437500	160600.718750	-185343.781250	-62261.152344	101152.148438	148294.234375	-13270.082031	-230412.750000	23686.978516	90122.015625	-153736.296875	-41043.437500	48325.640625	-142687.140625	-146517.250000	-81266.796875	-70447.757812	-58823.800781	-74493.179688	-27623.900391	-23256.888672	11671.948242	81220.882812	-10666.435547	-77760.000000	-51107.546875	-42153.105469	7154.646973	24068.068359	4252.340820	-1924.788940	-5712.159668	-8801.644531	21.714670	2163.603516	-10781.128906	-7545.276367	2428.478027	3378.045898	-257.162964	-437.771423	609.546509	129.805771	-109.079247	0.000000	
0.000000	231.487259	-70.761620	7302.359375	8935.801758	-15047.250000	-6831.013672	14241.624023	25821.347656	-2780.162842	-56873.519531	6775.875488	29487.533203	-56929.343750	-17053.394531	22371.035156	-73167.695312	-82830.445312	-50455.289062	-47886.160156	-43671.031250	-60292.628906	-24343.882812	-22299.185547	12173.236328	92164.335938	-13178.671875	-104740.789062	-75186.921875	-67894.718750	12655.724609	46936.066406	9185.857422	-4632.505371	-15425.550781	-26900.251953	75.909721	8765.447266	-51459.722656	-43333.175781	17248.425781	30789.148438	-3167.590576	-7867.953125	18089.785156	8003.551270	-24680.345703	12937.238281	22238.562500	-16566.322266	-19536.156250	-11842.012695	-8461.470703	-3770.198730	-701.158203	1038.985718	4197.436035	1478.298828	-479.584351	-982.869202	-707.267456	-187.341522	-20.671646	-0.000000	
-0.000000	-366.084045	-818.310303	-1613.553467	-2429.850098	-4894.894531	-2670.901367	-3139.593506	2119.633057	19308.988281	-3252.934082	-29962.054688	-24600.835938	-25141.763672	5258.406250	21727.769531	4710.361328	-2618.889648	-9577.104492	-18285.177734	56.355690	7094.500000	-45349.476562	-41548.746094	17989.212891	34937.582031	-3913.644775	-10597.937500	26612.806641	12891.075195	-43656.617188	25229.406250	48039.484375	-39871.167969	-52756.929688	-36192.457031	-29579.445312	-15274.276367	-3346.718994	5966.984863	29812.566406	13473.932617	-5907.253906	-17664.853516	-20989.894531	-11551.084961	-4677.181152	-8405.322266	2697.723389	5613.607910	-3940.894043	2511.450684	6662.009766	-209.995712	-2346.202148	3111.420898	3619.751709	692.526001	159.092896	489.092194	-190.988068	-256.055267	4.723762	-0.000000	
0.000000	-11.574654	-155.326492	-616.130249	3.135623	575.971375	-4975.540527	-5849.817871	3132.324951	7319.636230	-966.017517	-3031.636230	8707.595703	4773.631348	-18139.160156	11679.264648	24633.882812	-22540.328125	-32754.654297	-24601.460938	-21959.902344	-12362.557617	-2949.334717	5721.268555	31092.960938	15289.368164	-7298.573730	-23794.119141	-30879.302734	-18604.978516	-8273.380859	-16391.542969	5827.590332	13510.608398	-10642.291016	7675.685059	23288.923828	-850.759521	-11198.726562	17869.160156	25709.527344	6312.018066	1959.618042	8790.328125	-5668.038574	-15787.830078	1068.801514	-2055.431396	10156.761719	5602.196289	1020.503296	903.110107	-5089.759277	1464.370972	7343.753906	1662.654053	-4203.778320	125.801353	364.231873	-1474.717529	-736.787354	244.330795	-89.036690	-0.000000	
0.000000	-99.621025	-531.232178	-828.961243	-1221.845947	-1003.661865	-323.587769	805.520813	5413.980957	3203.215820	-1801.530396	-6806.523926	-10103.574219	-6889.519531	-3437.558838	-7588.017578	2988.295654	7637.938965	-6607.370605	5217.470215	17289.792969	-688.580139	-9869.007812	17133.320312	26813.703125	7162.479980	2421.161621	11840.353516	-8338.541016	-25428.976562	1890.583618	-4008.376221	21940.517578	13483.142578	2755.844971	2760.153564	-17792.681641	5932.633789	35052.687500	9548.766602	-29857.613281	1146.614624	4486.406250	-26504.716797	-21865.970703	15064.922852	-20145.503906	-25908.162109	210007.859375	151961.546875	-66949.648438	-41075.214844	1058.341919	-8336.402344	-19724.923828	-11291.736328	-2676.160156	-2269.953613	-1354.235474	-316.710632	-378.033691	-356.114563	-43.450520	0.000000	
0.000000	33.757244	-107.161797	175.805862	962.001709	-55.902805	-1082.783081	2412.270264	4668.866211	1500.583130	597.623108	3387.040527	-2728.334473	-9416.480469	785.530396	-1855.568237	11250.749023	7622.411621	1710.993286	1876.186768	-13209.360352	4801.702148	30890.585938	9155.555664	-31139.941406	1301.105835	5543.077637	-35701.195312	-32168.142578	24264.611328	-35635.015625	-50524.507812	453656.531250	365734.968750	-180795.921875	-125537.171875	3699.730957	-33773.421875	-94149.617188	-64849.421875	-19007.603516	-20689.458984	-16680.720703	-5692.158691	-11219.076172	-21957.275391	-9831.144531	3429.010010	954.742798	19849.234375	16229.152344	-9199.804688	-8714.383789	17.014467	5935.108887	6188.684570	5288.313477	-2835.751953	-4459.213867	773.173035	1216.575562	592.949768	81.794434	0.000000	
0.000000	33.688618	27.749784	63.219261	-734.966980	389.829163	3389.176270	1289.048096	-5422.161621	272.589600	1368.215576	-10212.651367	-10525.277344	8985.310547	-14806.215820	-23388.939453	232627.859375	206760.593750	-112248.921875	-85332.640625	2746.695557	-27335.232422	-82970.437500	-62178.968750	-19823.945312	-23477.091797	-20609.486328	-7667.196289	-16504.955078	-35365.914062	-17390.132812	6687.044434	2062.424316	47772.343750	43826.437500	-28117.138672	-30463.574219	68.931030	28329.042969	35542.152344	37560.597656	-25846.419922	-54926.121094	13896.039062	36104.859375	36560.035156	18506.865234	5339.404785	45940.550781	28524.210938	50337.300781	57054.375000	3387.161621	58604.496094	45337.906250	-18131.515625	-707.595947	16164.061523	-4699.387695	-2100.209473	-1400.149902	-608.855164	780.820862	0.000000	
0.000000	913.815613	-1820.511841	-2875.335449	152.825760	-2219.227783	-9103.143555	-8754.431641	-3451.792969	-4918.593750	-5087.105469	-2193.270996	-5400.349609	-13096.179688	-7225.535156	3095.584717	1057.578369	27007.091797	27210.074219	-19112.343750	-22616.283203	55.790783	24965.296875	34078.554688	39173.753906	-29328.886719	-67862.726562	18717.619141	53115.699219	58886.136719	32736.458984	10412.579102	99240.250000	68650.937500	135934.687500	174373.890625	11840.773438	237425.484375	216403.687500	-104130.867188	-5025.747070	147327.093750	-57884.449219	-37746.523438	-41552.878906	-37540.730469	176669.062500	2198.950684	-36984.667969	12931.465820	-60025.855469	-57648.089844	-3179.528564	-17225.861328	-30734.296875	-11619.401367	-7413.839844	-3496.893066	238.283981	2766.332275	582.240540	721.407837	69.118439	0.000000	
0.000000	119.362701	441.307220	-644.002136	-1258.366821	4.529409	2739.080078	4798.059082	6821.028320	-6144.580566	-16750.773438	5354.345215	17379.226562	21805.837891	13601.875977	4820.218750	50888.820312	38810.367188	84396.382812	118528.914062	8790.638672	192165.328125	190708.250000	-99842.835938	-5241.593262	167177.484375	-71517.820312	-50843.628906	-61130.558594	-60465.707031	312506.687500	4288.258301	-79893.851562	31122.937500	-162098.406250	-176188.453125	-11114.933594	-69787.453125	-146698.781250	-66731.234375	-52657.289062	-31872.380859	2935.049805	49718.578125	17279.414062	44480.492188	15638.786133	7375.743164	37258.796875	-15028.603516	-51825.152344	-33294.679688	-4984.929688	-12423.624023	16808.208984	21920.019531	1845.378296	-1916.724609	-7145.497559	-4650.722168	-2311.365479	-864.401306	54.263252	0.000000	
0.000000	171.529388	1368.784668	3993.904297	489.109924	15601.061523	20923.652344	-14057.281250	-912.678833	35024.703125	-17652.972656	-14544.282227	-20001.654297	-22390.763672	129845.359375	1985.131958	-40968.292969	17594.699219	-100640.382812	-119762.335938	-8251.772461	-56483.945312	-129279.992188	-63983.289062	-54918.820312	-36166.765625	3626.334229	66969.687500	25420.626953	71643.375000	27663.164062	14383.720703	80486.023438	-36170.246094	-139952.593750	-101757.718750	-17426.220703	-50332.058594	80227.757812	125888.570312	13106.921875	-17469.957031	-88014.273438	-83586.226562	-68595.429688	-53297.167969	12277.641602	10541.200195	-8519.384766	-13574.042969	-10796.033203	-23467.617188	-20995.169922	-9685.103516	-8523.124023	4700.021484	1056.338501	-6242.721191	-2577.468750	2604.348633	-2701.070068	1749.697510	3328.822021	0.000000	
-0.000000	77.762939	-1632.238403	-4035.465332	-459.127472	-4585.684082	-14184.019531	-9008.468750	-9562.596680	-7577.157715	895.099731	19157.287109	8317.519531	26529.910156	11493.941406	6658.550781	41271.949219	-20448.087891	-86890.937500	-69168.796875	-12937.297852	-40737.312500	70701.640625	120704.570312	13669.839844	-19823.804688	-108744.039062	-112588.578125	-100914.234375	-85844.117188	21717.697266	20556.800781	-18403.476562	-32669.466797	-29154.429688	-71723.507812	-73394.507812	-39237.441406	-40681.976562	26992.630859	7502.713867	-56899.187500	-31747.832031	46807.285156	-80160.867188	107882.671875	753181.562500	615034.187500	321010.531250	27155.666016	-267484.437500	174343.609375	405049.812500	48225.320312	-91078.289062	-60689.789062	17039.484375	-52666.210938	-51410.476562	-21345.050781	-10278.123047	-2801.894531	136.759445	0.000000	
0.000000	-90.374001	-1409.242676	-2330.684814	-719.829407	-3307.283936	7757.065918	16994.490234	2380.225342	-4153.208008	-26841.640625	-32206.984375	-33018.703125	-31788.519531	9023.622070	9516.208984	-9437.009766	-18468.998047	-18100.814453	-48753.335938	-54488.382812	-31757.652344	-35851.460938	25881.093750	7824.941406	-64565.605469	-39225.312500	63048.250000	-117928.742188	173763.328125	1332289.125000	1199401.875000	693443.187500	65357.175781	-722335.375000	532842.125000	1415965.250000	195376.125000	-434728.468750	-348546.718750	121024.062500	-480025.437500	-633245.750000	-383629.093750	-305028.468750	-172758.921875	30943.289062	160152.875000	76656.179688	-277429.531250	234417.984375	1420707.500000	454720.156250	-481006.718750	-223037.375000	-127215.257812	-90983.859375	-47292.437500	2956.690918	6818.711914	-12408.407227	-5064.735352	239.532028	0.000000	
-0.000000	-81.627052	-293.568481	-1642.773560	-3031.726074	-2578.264648	-3933.461182	3643.905273	1362.497559	-13526.887695	-9682.110352	18035.525391	-38585.777344	64345.453125	553561.187500	555230.375000	355586.656250	36948.308594	-448468.968750	362194.093750	1051218.375000	158131.796875	-383109.468750	-334193.812500	126221.820312	-544702.562500	-782392.437500	-516738.875000	-448742.906250	-278257.531250	54735.019531	312320.281250	165591.796875	-667706.312500	633040.187500	4342073.500000	1589601.875000	-1948711.375000	-1064586.250000	-730608.250000	-646218.875000	-431046.218750	36418.878906	122550.953125	-368249.875000	-312280.968750	54196.683594	395599.468750	544005.312500	426943.625000	3571446.250000	2572625.000000	-1046119.437500	-881189.250000	-490014.500000	-367158.906250	-89455.617188	-72385.390625	-114002.171875	-39315.949219	6156.872070	-2916.583496	-2400.010254	0.000000	
0.000000	163.299683	-7273.504883	12204.351562	58489.644531	12838.027344	-42033.050781	-47052.515625	21978.046875	-114118.500000	-193120.437500	-147817.843750	-146826.750000	-103040.187500	22742.197266	144580.140625	84912.835938	-377473.750000	393029.218750	2951481.250000	1180127.000000	-1577230.750000	-938178.937500	-700522.312500	-673972.750000	-489124.031250	44996.519531	165073.093750	-541751.187500	-502981.406250	95867.523438	771473.750000	1175154.000000	1027550.937500	9644606.000000	7862651.000000	-3657004.000000	-3569978.250000	-2338902.500000	-2108625.500000	-635364.437500	-659755.562500	-1404215.500000	-706615.437500	182720.265625	-179830.406250	-543028.000000	103086.117188	872736.250000	-155972.718750	2108491.250000	5892162.000000	1031241.562500	-1641670.625000	-757231.000000	-698650.312500	-397924.562500	-185789.312500	-161802.015625	-79721.351562	-7495.598633	-3212.268555	-3548.690918	-0.000000	
0.000000	-1668.313110	6374.353516	99451.968750	65662.101562	-128048.453125	-102932.773438	-98629.406250	-117353.757812	-102474.460938	11106.634766	47220.656250	-177258.640625	-186256.593750	39832.597656	357132.687500	602600.250000	580904.375000	5987948.000000	5344558.500000	-2714974.750000	-2889437.250000	-2061185.000000	-2021793.875000	-662652.125000	-748648.937500	-1734946.625000	-951793.437500	268809.093750	-289647.343750	-960552.312500	201032.203125	1885274.750000	-375388.937500	5693931.000000	18008072.000000	3604994.000000	-6650930.500000	-3614361.500000	-4012409.500000	-2826285.500000	-1693373.875000	-1992987.375000	-1432811.375000	-222450.250000	-198061.734375	-802929.250000	-280543.875000	506201.312500	781554.500000	101807.000000	952441.687500	3910355.750000	985612.750000	-1205321.250000	-626217.062500	-450256.031250	-224700.062500	-125831.179688	-89836.218750	-17608.494141	-2584.985596	-1502.454346	-0.000000	
0.000000	2567.411133	97115.679688	180088.171875	-151060.812500	-234580.750000	-226143.937500	-284656.625000	-115382.585938	-156846.515625	-428242.437500	-272269.156250	87953.171875	-107257.898438	-399105.906250	93062.367188	966738.875000	-212218.250000	3535132.750000	12240807.000000	2676362.500000	-5383071.000000	-3185197.750000	-3847181.500000	-2947669.250000	-1921533.875000	-2462390.250000	-1929961.250000	-327257.906250	-319011.968750	-1420287.000000	-547099.437500	1093490.125000	1881014.250000	274927.375000	2910924.250000	13669746.000000	3993031.250000	-5753154.500000	-3596419.000000	-3197973.250000	-2048025.375000	-1549918.625000	-1614603.250000	-522575.187500	-159384.781250	-339946.343750	-553032.312500	-178586.625000	66310.328125	327351.000000	21258.318359	-280639.781250	4427361.500000	3186067.500000	-808844.500000	-781173.125000	-512605.937500	-281646.250000	-137218.343750	-63711.648438	-17353.609375	-3472.899170	0.000000	
0.000000	-937.936707	57334.632812	412461.468750	148912.437500	-437027.937500	-349465.593750	-541660.437500	-513255.250000	-402573.031250	-607799.750000	-552082.937500	-107077.375000	-118131.773438	-590123.937500	-253264.734375	560724.375000	1063392.000000	170691.359375	1978671.750000	10148476.000000	3231844.000000	-5070034.000000	-3448321.000000	-3335320.250000	-2323970.000000	-1914966.750000	-2174830.500000	-768787.000000	-256716.203125	-601324.937500	-1078489.625000	-385780.750000	159593.062500	884003.562500	64971.277344	-981055.125000	17936652.000000	15207513.000000	-4645264.000000	-5548333.500000	-4672139.500000	-3469162.250000	-2466189.750000	-1890799.250000	-1069987.000000	-785780.562500	160322.093750	54896.601562	-305713.062500	-202129.125000	-156690.312500	81651.843750	-737528.375000	1731424.750000	2875651.000000	16535.849609	-581300.875000	-322704.281250	-196862.000000	-82072.429688	-28336.527344	-5662.129883	-0.000000	
0.000000	4699.852051	2768.361816	66672.554688	564659.750000	262379.281250	-556261.312500	-485503.250000	-580754.000000	-486885.875000	-472677.406250	-622130.000000	-251543.781250	-95063.328125	-249848.250000	-499257.312500	-197822.234375	90222.585938	548842.250000	44163.578125	-728339.375000	14517408.000000	13401797.000000	-4453975.500000	-5786624.500000	-5301648.500000	-4286244.500000	-3321896.500000	-2781651.000000	-1723395.500000	-1389953.000000	312650.312500	118587.000000	-735778.000000	-545844.937500	-478888.781250	285436.937500	-2987962.500000	8264314.000000	16515113.000000	117446.960938	-5298258.000000	-3974892.500000	-3538150.000000	-2435700.250000	-1747170.750000	-1281117.500000	-545629.000000	102887.648438	-154422.343750	-352023.718750	-58643.343750	8720.162109	398514.656250	-166715.703125	105161.664062	2292231.750000	924474.000000	-384950.718750	-240693.609375	-104035.203125	-36362.203125	-8758.738281	-0.000000	
-0.000000	398.754944	8901.411133	1488.118774	-40524.699219	1178604.750000	1470384.875000	-627093.437500	-1007580.937500	-1110727.750000	-1057987.500000	-950258.625000	-910144.250000	-638182.187500	-577520.250000	144732.921875	60809.527344	-415956.656250	-338893.156250	-325519.875000	211909.562500	-2418370.500000	7283022.500000	15835033.000000	122491.085938	-6012129.000000	-4911088.000000	-4765800.000000	-3583283.000000	-2814114.500000	-2266145.500000	-1064052.125000	222256.703125	-371657.531250	-950631.625000	-179230.218750	30483.771484	1614509.750000	-795755.625000	603952.562500	16280728.000000	8426105.000000	-4741609.500000	-4325924.000000	-3087499.500000	-2242017.250000	-1981758.125000	-1480668.625000	-738221.250000	-74073.765625	127845.914062	-186571.328125	-351780.625000	-188212.000000	39317.734375	210675.281250	-511107.312500	766514.062500	1416859.875000	-58309.839844	-204074.500000	-33492.839844	-8989.291992	-0.000000	
0.000000	-1838.395264	-5496.346680	-10968.590820	11790.618164	-196336.906250	799060.500000	2229479.000000	21328.441406	-1259577.625000	-1212219.625000	-1363300.375000	-1172434.750000	-1042081.062500	-941574.937500	-492573.843750	113969.703125	-210108.781250	-590208.937500	-121829.953125	22631.277344	1306737.500000	-701268.812500	579082.250000	16979954.000000	9561412.000000	-5858388.000000	-5826912.500000	-4542177.500000	-3611148.500000	-3505496.000000	-2887509.000000	-1594697.000000	-178277.781250	345244.843750	-570213.375000	-1229747.875000	-762506.812500	187668.640625	1209926.375000	-3630173.500000	6986381.000000	17452094.000000	-1047987.750000	-6056411.000000	-2065098.000000	-2033923.375000	-1515987.375000	-1246961.750000	-883231.625000	-656437.437500	-157499.812500	-203092.250000	-400241.125000	-42856.589844	11353.653320	106993.390625	43111.167969	-245813.562500	572526.062500	402797.750000	-66903.140625	-16430.082031	-0.000000	
0.000000	-928.613525	-9572.318359	-4105.134766	1259.201172	106088.296875	-76940.062500	81531.359375	2956590.500000	2003174.000000	-1446044.750000	-1666841.125000	-1486181.000000	-1337226.875000	-1456520.500000	-1336693.375000	-817735.187500	-100785.601562	214348.640625	-387596.843750	-912969.875000	-617150.937500	165385.156250	1160102.500000	-3786082.500000	7927704.000000	21562538.000000	-1411613.500000	-8909895.000000	-3326190.250000	-3597770.000000	-2956385.250000	-2693672.250000	-2125726.750000	-1772693.750000	-481362.812500	-709965.937500	-1621504.375000	-204560.046875	65205.015625	759927.687500	392936.125000	-3027795.250000	10289863.000000	11954010.000000	-4125107.250000	-3717482.000000	-1356748.875000	-1820963.500000	-1156567.750000	-699436.875000	-755325.312500	-415561.093750	201261.640625	-29749.751953	-259131.921875	12341.594727	33962.468750	81007.820312	-77673.070312	25739.115234	241414.656250	23083.402344	-0.000000	
-0.000000	-445.440094	3476.418701	-13060.313477	-50797.515625	-50103.781250	18145.316406	163335.578125	-659241.812500	1660902.250000	5322350.500000	-403804.843750	-2915279.000000	-1231705.375000	-1494860.000000	-1368577.875000	-1381272.250000	-1201735.000000	-1100594.250000	-327201.562500	-527081.625000	-1312398.750000	-180270.906250	62519.921875	792565.125000	445879.093750	-3740923.500000	13860190.000000	17586154.000000	-6644184.500000	-6575786.000000	-2645848.250000	-3933624.250000	-2783581.250000	-1888812.625000	-2308482.250000	-1452710.375000	815375.062500	-141999.406250	-1488217.125000	87656.992188	309550.437500	997809.375000	-1395998.000000	763871.312500	14885121.000000	5222867.000000	-6336395.000000	-2305976.750000	-1276036.250000	-1647030.875000	-977069.625000	-584558.312500	-475722.500000	-244578.281250	130399.039062	26402.750000	-190659.359375	-12223.610352	23701.896484	23549.660156	-27398.197266	8398.391602	0.000000	
-0.000000	-5311.283691	-17850.013672	-11025.256836	-29326.748047	-106547.906250	-19778.513672	8802.435547	138003.343750	93414.390625	-923384.187500	3964833.250000	5754113.500000	-2460375.750000	-2732214.500000	-1224823.125000	-2017099.875000	-1573639.250000	-1172687.750000	-1569167.750000	-1078498.125000	659941.000000	-125138.625000	-1426933.500000	91421.695312	351258.281250	1232820.750000	-1880374.625000	1123770.000000	23975010.000000	9238634.000000	-12356848.000000	-4981344.000000	-3071113.250000	-4447767.500000	-2986194.000000	-2043487.500000	-1927303.500000	-1167403.750000	748893.000000	187527.281250	-1737761.875000	-150563.640625	425988.093750	698893.812500	-1689315.250000	1900225.875000	11846551.000000	1819003.750000	-4618238.500000	-1449201.625000	-1178716.375000	-997532.312500	-558658.125000	-369607.281250	-280071.031250	-154951.953125	85273.914062	94724.437500	-50995.167969	-8730.474609	7397.734863	2083.547852	-0.000000	
-0.000000	-6954.981445	-19019.265625	-52874.066406	-60007.488281	53577.718750	-13729.647461	-200903.796875	15918.565430	73590.750000	304301.093750	-537898.250000	367692.687500	8878069.000000	3838618.000000	-5720265.000000	-2554353.750000	-1736189.375000	-2761440.000000	-2029835.625000	-1517093.500000	-1559903.750000	-1028788.125000	718054.125000	195581.234375	-1971902.500000	-186025.500000	573795.375000	1028178.312500	-2720928.500000	3361275.000000	23102416.000000	3929390.750000	-11114993.000000	-3913534.500000	-3602482.000000	-3487154.000000	-2263302.000000	-1764183.375000	-1608472.250000	-1100556.500000	777227.812500	1166763.125000	-916523.000000	-259098.203125	456128.812500	471425.000000	-1091923.250000	1692722.250000	6996817.000000	471843.312500	-2632410.500000	-838413.312500	-734298.000000	-552167.437500	-284982.218750	-159724.031250	-118700.101562	-54554.515625	54091.671875	17861.919922	-14988.708984	-356.489471	0.000000	
-0.000000	-7673.400879	-44786.480469	-68396.554688	-84410.875000	-126641.750000	-112874.000000	101097.773438	34055.074219	-413125.593750	-45917.273438	164139.375000	336415.500000	-1007573.812500	1396597.125000	10694632.000000	2014929.000000	-6283628.000000	-2429756.250000	-2448751.250000	-2588877.500000	-1831851.250000	-1554707.000000	-1542236.500000	-1147823.375000	881949.062500	1441567.625000	-1234533.625000	-381172.562500	734672.750000	833895.125000	-2129401.750000	3656598.750000	16839662.000000	1274201.625000	-8045371.500000	-2930909.000000	-2974875.000000	-2635566.750000	-1636677.625000	-1134450.500000	-1081890.375000	-671972.312500	972175.687500	530096.250000	-924172.312500	-80659.554688	282512.343750	455402.593750	-123447.148438	675667.812500	3223718.250000	345054.593750	-1189950.375000	-421821.187500	-383666.156250	-220687.937500	-109730.703125	-69198.695312	-34747.808594	-16672.812500	6697.034180	1368.973511	-0.000000	
0.000000	-27771.623047	-39407.058594	-82512.171875	-144044.781250	-148719.968750	-170575.468750	-217137.781250	-199861.750000	184773.703125	355826.781250	-353149.562500	-124718.023438	272053.093750	346480.312500	-985748.312500	1875045.625000	9519949.000000	791100.562500	-5468761.000000	-2175919.000000	-2407778.000000	-2322623.750000	-1569280.375000	-1183173.000000	-1227660.875000	-830240.125000	1309496.500000	779851.625000	-1488536.125000	-142677.218750	550938.250000	983755.437500	-297107.687500	1824624.875000	9852572.000000	1206235.125000	-4820868.000000	-2013407.000000	-2203428.000000	-1567450.625000	-1000138.875000	-852351.125000	-624513.375000	-494806.531250	412925.062500	309744.906250	-518630.500000	-169407.656250	81128.921875	246579.156250	72311.187500	96768.031250	1388710.375000	630570.812500	-386386.875000	-263702.156250	-166586.359375	-89655.179688	-31922.548828	-20697.125000	-10143.454102	-1278.501343	-0.000000	
0.000000	42075.125000	12830.483398	-184273.250000	-121067.820312	-195476.937500	-254827.828125	-220945.406250	-206016.921875	-257202.421875	-204930.828125	374593.375000	255164.078125	-551212.562500	-59281.847656	255041.796875	504454.125000	-167963.593750	1132836.250000	6697187.000000	895513.937500	-3901871.250000	-1774338.250000	-2112692.500000	-1634769.750000	-1134894.500000	-1053103.125000	-841204.000000	-727935.125000	665085.750000	547902.125000	-1011401.312500	-365952.468750	195257.859375	665881.187500	221002.921875	338279.812500	5626108.000000	3009796.250000	-2219053.500000	-1872962.000000	-1518349.000000	-1104322.750000	-573735.750000	-614237.875000	-625424.062500	-289274.625000	-18677.679688	-204052.390625	-177590.703125	143240.187500	215984.656250	273992.125000	70324.242188	64975.390625	877229.312500	495254.625000	-138578.546875	-160826.453125	-90503.171875	-35299.210938	-11761.084961	-2619.355957	-0.000000	
0.000000	-742.345276	18372.931641	225665.828125	49826.269531	-316775.843750	-194672.421875	-297454.625000	-284650.031250	-237767.296875	-259940.812500	-240634.046875	-238177.234375	246284.687500	227651.281250	-468200.625000	-187654.593750	110384.937500	413418.843750	150224.531250	251140.312500	4553609.000000	2652417.750000	-2127674.500000	-1953402.250000	-1722926.500000	-1364421.000000	-772807.812500	-903636.687500	-1007351.500000	-511692.593750	-36424.062500	-440791.593750	-427418.218750	386816.718750	660108.625000	957816.375000	284905.906250	310135.968750	5038004.000000	3517578.750000	-1263072.125000	-1980971.125000	-1626590.125000	-1047590.562500	-725163.812500	-592657.250000	-408384.656250	-79628.679688	104718.804688	-176810.140625	-207972.578125	17342.285156	120938.742188	245084.375000	129728.234375	-65163.140625	401689.687500	261431.468750	-85801.179688	-53940.558594	-18268.740234	-3815.413330	-0.000000	
-0.000000	487.866058	6705.043457	5061.907715	13973.412109	369687.593750	291011.343750	-299563.968750	-340131.093750	-360963.593750	-336784.406250	-221068.687500	-295666.000000	-373027.437500	-212606.359375	-16861.523438	-226030.921875	-241631.921875	240158.953125	448702.250000	711086.812500	230594.593750	273310.906250	4830542.500000	3668652.250000	-1433254.500000	-2447543.750000	-2190976.500000	-1541163.875000	-1167999.250000	-1048340.687500	-796406.687500	-172012.953125	252033.046875	-477471.562500	-635621.500000	60624.820312	489961.375000	1169819.500000	745040.500000	-462825.531250	3661194.750000	3220167.750000	-1542082.500000	-1600818.250000	-1126412.250000	-863278.062500	-529939.312500	-405635.593750	-270002.687500	-72973.507812	101850.460938	-77624.156250	-147686.906250	-31994.703125	16523.867188	54619.410156	48737.238281	-29810.556641	32490.716797	86471.453125	21536.173828	-2989.606201	-0.000000	
-0.000000	-1067.935669	3895.023682	15119.296875	39564.769531	18720.964844	29986.443359	680111.875000	638794.562500	-300275.531250	-604135.125000	-626748.750000	-504262.156250	-432516.125000	-435581.625000	-368674.718750	-88205.507812	142481.593750	-296442.906250	-432057.375000	45008.117188	396560.562500	1030916.937500	714360.312500	-482703.031250	4154492.750000	3978605.250000	-2077146.750000	-2355045.250000	-1814277.750000	-1527036.875000	-1033455.125000	-876249.250000	-649831.687500	-197063.234375	311283.093750	-271357.031250	-598326.687500	-152714.859375	94898.007812	387937.968750	444214.843750	-367189.906250	583947.312500	2566252.000000	1327875.125000	-676430.375000	-952089.875000	-579582.187500	-342139.812500	-171684.812500	-236580.875000	-168615.906250	-4201.506348	-57701.195312	-62057.117188	14309.332031	10365.633789	3248.615723	7282.739746	-6437.175781	-5412.334473	3579.436279	0.000000	
-0.000000	629.723022	-4807.866211	-14558.437500	2504.245361	32195.015625	113107.570312	100577.710938	-84049.406250	870391.562500	982051.937500	-594186.687500	-770560.687500	-671836.375000	-634478.125000	-478409.812500	-449326.687500	-367368.718750	-122348.632812	211591.562500	-201456.578125	-484268.343750	-134581.734375	90990.179688	404599.187500	504066.968750	-453673.125000	786562.500000	3775344.250000	2138768.000000	-1196525.375000	-1856707.125000	-1252006.750000	-823448.500000	-463630.781250	-723056.375000	-589444.187500	-17021.642578	-275415.281250	-356399.406250	101632.976562	94477.421875	40014.648438	130890.796875	-191038.968750	-333713.187500	809885.687500	1545234.000000	578770.750000	-544644.437500	-526266.312500	-277758.750000	-201053.609375	-132361.078125	-85544.414062	-10632.195312	-15476.415039	-18914.091797	13037.182617	7088.149902	-53.383568	271.028717	-503.405518	-0.000000	
-0.000000	-1623.651978	-1984.314209	7129.707520	-11209.015625	-39315.625000	-14765.703125	12810.878906	70449.781250	105605.101562	-111981.601562	225003.343750	1235276.375000	791996.812500	-497151.812500	-859511.812500	-642009.125000	-465519.312500	-287849.687500	-491490.343750	-437605.812500	-13776.824219	-242712.890625	-341723.156250	105997.921875	107207.015625	49439.187500	176306.656250	-281047.156250	-537501.625000	1432592.125000	3013420.250000	1250253.750000	-1310828.625000	-1421169.625000	-848907.312500	-702839.312500	-536236.875000	-408314.562500	-61061.621094	-109922.265625	-172392.203125	160584.781250	127393.484375	-1584.288086	16711.060547	-113900.882812	-185892.046875	-139030.734375	-78557.835938	93049.570312	185982.015625	8849.916992	-95664.304688	-55929.531250	-32384.289062	-21321.214844	-11410.399414	-502.278351	348.607483	-2061.695557	-729.668396	-117.752769	-0.000000	
-0.000000	-2057.446289	-4668.497070	-16561.068359	-24348.326172	-1118.480103	-26629.367188	-48112.597656	18456.613281	22460.521484	12203.234375	50434.121094	-91957.414062	-199039.625000	595236.687500	1394980.625000	641110.250000	-741049.437500	-882347.062500	-577036.250000	-521790.812500	-434014.625000	-359831.937500	-58547.148438	-114643.218750	-195619.796875	198406.890625	171595.859375	-2330.727051	26915.996094	-201477.203125	-362515.250000	-300332.593750	-189069.875000	251278.156250	568412.312500	30937.367188	-387566.562500	-266958.906250	-185985.781250	-151435.343750	-103999.914062	-6186.786133	6265.432129	-61185.863281	-44989.820312	-26642.824219	-26155.601562	7563.393555	14713.219727	-14915.541992	-14959.206055	-7231.742676	-4782.905762	-1192.836792	-293.596558	-1993.286621	-1605.895508	-797.161621	-520.788086	90.629158	134.886002	18.897715	-0.000000	
0.000000	-3275.200928	-14310.367188	-19443.589844	-29032.367188	-35235.746094	-39479.140625	-8243.092773	-19961.953125	-40983.539062	48973.410156	49086.554688	-762.603821	9967.131836	-83713.023438	-167816.531250	-154005.765625	-106886.687500	156008.500000	386372.593750	22968.029297	-313685.187500	-235260.609375	-178327.015625	-157939.203125	-118012.539062	-7643.943359	8439.381836	-90013.640625	-72463.734375	-47128.007812	-51007.046875	16338.355469	35411.191406	-40279.066406	-45719.457031	-25280.583984	-19377.074219	-5693.564453	-1686.150513	-14157.450195	-14636.911133	-9818.995117	-9359.989258	2689.642090	8316.787109	4275.810059	-1106.938721	-8569.355469	-6585.557129	-3105.536865	-1560.314819	-698.634705	1305.971558	1444.064209	2203.801270	3565.405518	1287.617554	2669.585693	-9681.612305	11945.204102	19972.958984	2576.963867	-0.000000	
-0.000000	-472.404907	2530.227539	13019.061523	1277.937866	-25466.724609	-25811.736328	-25107.390625	-27500.753906	-24724.345703	-1886.779053	2414.161865	-29452.074219	-26833.693359	-19581.509766	-23612.318359	8378.048828	20018.972656	-25007.652344	-31077.343750	-18768.410156	-15683.244141	-5017.519531	-1616.716064	-14765.486328	-16609.042969	-12131.635742	-12607.672852	3956.869629	13395.595703	7563.402832	-2158.683838	-18511.421875	-15849.857422	-8386.428711	-4768.752441	-2442.273682	5290.906738	6892.705566	12656.622070	25323.529297	11735.971680	32882.476562	-174005.109375	354503.187500	1231490.625000	583065.625000	-41717.011719	-185358.984375	-236026.781250	-170717.750000	-122698.343750	-86674.875000	-55937.808594	-36215.414062	-12123.313477	3653.177246	7068.515137	1820.230469	2298.812500	2333.562256	2163.119873	795.072510	0.000000	
0.000000	88.477448	-405.587189	-1047.170166	-1044.271729	-1273.253906	-550.499695	-227.624069	-2571.001953	-3479.695557	-2994.490723	-3606.539551	1294.670654	4960.458008	3142.565430	-999.303711	-9492.362305	-8960.383789	-5206.795898	-3241.511719	-1813.153931	4282.307129	6074.276367	12135.431641	26411.126953	13317.239258	40627.195312	-234380.578125	521527.687500	1983524.375000	1031374.187500	-81353.953125	-400410.312500	-568059.875000	-461019.218750	-374999.968750	-302996.343750	-226621.890625	-172860.875000	-69625.242188	25946.933594	64425.875000	22420.589844	41315.964844	69254.171875	133373.421875	179893.656250	661541.750000	1002043.062500	-407.530884	-210412.328125	404824.312500	173545.015625	492545.125000	443286.875000	-111697.640625	-132193.359375	5662.546875	18810.726562	21603.587891	57285.601562	22948.138672	7614.711914	0.000000	
-0.000000	-39.602028	-84.446548	-109.224724	-100.883636	347.661743	666.442322	1708.597046	4598.769043	2790.042725	10028.141602	-67046.687500	170641.609375	734509.250000	428532.125000	-37660.589844	-205324.031250	-321140.718750	-286228.281250	-254902.468750	-224945.734375	-183421.203125	-152335.640625	-66758.125000	27061.306641	73106.414062	27701.250000	55651.578125	101883.343750	214820.500000	318210.625000	1290098.000000	2164601.750000	-980.829102	-568213.500000	1237254.625000	606675.312500	1995457.250000	2115865.500000	-641489.250000	-938912.062500	51611.199219	231700.109375	388275.718750	1700090.500000	1414934.000000	1722910.000000	523335.875000	-1062458.625000	-553980.562500	814541.562500	3060414.250000	4726395.500000	2355766.500000	249813.296875	-134501.156250	-33787.613281	-32770.378906	-284699.656250	-352002.125000	-145349.562500	60330.746094	53891.363281	0.000000	
-0.000000	-1419.339111	-4642.200195	-8589.094727	-12515.949219	-14891.164062	-16713.582031	-9399.149414	4711.979492	15316.239258	6837.588379	15919.639648	33335.792969	79549.132812	132215.328125	597215.625000	1109973.375000	-554.491150	-352780.906250	841011.500000	450398.250000	1615065.375000	1864631.125000	-615073.125000	-979236.562500	58565.132812	286271.812500	522997.750000	2501089.750000	2278991.000000	3047624.250000	1020577.437500	-2295110.750000	-1333298.375000	2199650.250000	9353469.000000	16522441.000000	9543960.000000	1192391.250000	-772451.750000	-239978.750000	-298685.125000	-3506772.500000	-6326443.500000	-4313604.000000	3719867.000000	12193498.000000	16067262.000000	2741860.750000	-9228439.000000	-5712418.500000	422363.250000	-116518.625000	-2762911.500000	-1677508.375000	661884.125000	2022181.250000	337314.062500	-571097.375000	-23690.710938	-18606.652344	-92806.085938	-26793.322266	-0.000000	
0.000000	-2.450673	-5721.585938	28338.396484	25060.095703	131120.078125	204578.937500	-86598.664062	-170507.015625	12269.751953	70661.390625	149608.250000	818345.812500	843922.062500	1266276.500000	472448.437500	-1176896.250000	-753752.250000	1365674.375000	6357927.500000	12266329.000000	7724605.500000	1050808.625000	-740642.750000	-250285.390625	-338929.031250	-4332713.000000	-8521562.000000	-6345963.000000	5991476.000000	21568856.000000	31333386.000000	5922936.000000	-22210640.000000	-15426250.000000	1290858.500000	-407323.562500	-11193434.000000	-8006965.000000	3801258.000000	14362676.000000	3074444.000000	-7034461.000000	-425787.031250	-552198.000000	-5722228.000000	-6062276.000000	-3284868.000000	-1413320.625000	-911055.625000	-457464.875000	-787289.937500	-861098.187500	387773.406250	783947.625000	1893230.375000	1255926.125000	-620237.687500	73721.062500	909704.937500	205936.031250	-14298.443359	1619.356934	-0.000000	
-0.000000	-3331.343506	22149.220703	214234.250000	682496.812500	627126.875000	115289.992188	-104278.125000	-43580.292969	-71007.695312	-1069457.500000	-2437670.250000	-2076371.625000	2218674.500000	8961779.000000	14504935.000000	3037187.250000	-12556319.000000	-9577538.000000	877448.187500	-302398.687500	-9059642.000000	-7056230.500000	3644725.000000	14979526.000000	3488685.000000	-8691269.000000	-573524.562500	-812366.625000	-9216618.000000	-10723450.000000	-6405948.000000	-3053038.750000	-2192692.500000	-1235373.000000	-2406175.000000	-3010210.250000	1570993.625000	3741883.500000	10872987.000000	8920299.000000	-5653147.500000	908055.187500	16349892.000000	6111656.000000	-881612.000000	366396.812500	-6021896.000000	-3250311.000000	6533234.500000	3049118.250000	-2460071.500000	-1732974.500000	-695722.625000	-515833.218750	174463.218750	52346.085938	-626104.062500	-480659.156250	-226932.281250	-126295.734375	-52758.832031	-8122.036621	-0.000000	
0.000000	-55494.910156	-155333.531250	29566.154297	-16825.419922	-735512.687500	-774177.875000	513155.718750	2608271.000000	730900.750000	-2145293.750000	-164061.906250	-265802.843750	-3412961.000000	-4455553.000000	-2965458.500000	-1565549.625000	-1239592.625000	-766993.437500	-1635573.500000	-2234792.500000	1271516.750000	3297578.000000	10425245.000000	9303409.000000	-6414835.000000	1121927.000000	22022898.000000	8991169.000000	-1419985.500000	648112.687500	-11743531.000000	-7021284.000000	15723929.000000	8234071.000000	-7518657.000000	-6058098.500000	-2818594.000000	-2462138.750000	1001957.375000	371791.531250	-5706616.500000	-5920493.000000	-4078595.250000	-3748135.250000	-3252998.750000	-1837697.625000	-951898.250000	-764122.625000	-1141905.250000	1061694.500000	2798207.000000	-13183.482422	-1402528.250000	-578915.875000	-352796.500000	-423203.750000	-264266.000000	-126556.750000	-50005.351562	-10560.236328	-7156.734863	-1575.480835	-0.000000	
-0.000000	-5478.602539	-12439.500977	-55111.652344	-124343.539062	103228.882812	361795.437500	1467812.875000	1619931.875000	-1343947.000000	276928.843750	6299850.000000	2941871.500000	-525827.937500	269288.375000	-5436347.000000	-3600402.750000	8889193.000000	5112203.500000	-5110732.000000	-4497557.500000	-2281288.500000	-2169788.250000	960697.500000	387759.281250	-6475508.000000	-7314930.500000	-5493766.500000	-5514073.000000	-5239505.500000	-3250669.750000	-1856333.500000	-1650648.750000	-2748292.250000	2867080.750000	8552092.000000	-46086.558594	-5682088.500000	-2763240.250000	-2026141.000000	-3005832.500000	-2408648.750000	-1558855.875000	-898733.250000	-313400.875000	-441269.250000	-356469.375000	-243457.453125	-367378.843750	-293063.437500	-182181.078125	-217636.765625	-167191.437500	136334.109375	171076.250000	-44143.949219	-50132.355469	16242.734375	-555.950073	-10974.206055	-2435.863525	1308.835815	142.679199	-0.000000	
-0.000000	39287.386719	82912.398438	-172209.234375	-250243.468750	-185207.812500	-238059.406250	135260.531250	67517.578125	-1356658.375000	-1805567.750000	-1571541.750000	-1804180.875000	-1940215.875000	-1350641.125000	-859338.875000	-846426.437500	-1553689.250000	1780055.125000	5813199.000000	-34214.851562	-4598918.000000	-2435137.500000	-1942705.875000	-3134927.500000	-2733182.500000	-1926009.000000	-1210571.375000	-461060.000000	-710738.875000	-630552.187500	-474775.750000	-793607.500000	-705333.437500	-491975.656250	-665157.937500	-584464.562500	552332.875000	816569.062500	-253522.546875	-356068.375000	148044.171875	-6847.884766	-197236.578125	-72290.218750	80700.070312	32282.693359	-191015.375000	-202153.421875	-109429.289062	-65706.367188	-44835.890625	38279.437500	77671.765625	-42399.640625	-36247.152344	-3339.934082	-2619.501221	18592.070312	30134.777344	-1238.288086	25886.500000	17487.001953	0.000000	
-0.000000	-6866.809082	28869.867188	195879.312500	-1903.709595	-373366.031250	-267172.343750	-273521.500000	-545861.125000	-572618.375000	-475402.968750	-346294.937500	-150856.843750	-263190.281250	-261992.093750	-219784.468750	-406949.281250	-398745.468750	-305447.906250	-452134.468750	-433908.906250	447042.281250	719610.937500	-243082.656250	-371360.843750	167991.171875	-8460.748047	-265672.781250	-106349.820312	129981.132812	57104.269531	-372506.437500	-436689.468750	-263370.062500	-177438.484375	-137030.843750	133816.515625	314673.062500	-202378.968750	-208170.546875	-23722.103516	-23875.404297	229006.812500	541604.562500	-36749.234375	1596107.125000	3956621.250000	203992.515625	-1524587.625000	-639566.125000	-660126.500000	-312679.093750	-106249.742188	-199732.593750	-176710.640625	-52947.164062	160246.015625	-163695.546875	234940.000000	1267990.625000	353736.906250	-92651.328125	-18642.115234	-0.000000	
-0.000000	-1762.327148	-4953.914062	-15234.947266	-24142.630859	36293.406250	78952.476562	-34224.601562	-64662.242188	35195.171875	-2088.393799	-75998.109375	-34797.203125	48132.683594	23726.611328	-172441.687500	-223927.406250	-148890.734375	-110164.421875	-93145.343750	99345.929688	254687.281250	-178348.812500	-199598.234375	-24740.923828	-27092.302734	282944.156250	729527.875000	-54063.667969	2570801.000000	6998795.500000	397813.687500	-3293396.500000	-1539282.375000	-1782655.875000	-955633.437500	-371425.781250	-809180.375000	-843462.750000	-304080.156250	1138157.875000	-1492000.625000	2893860.750000	22789268.000000	10498009.000000	-5712686.500000	-4217978.000000	-4241404.500000	-2873994.250000	-1993732.125000	-1405133.375000	-973966.687500	-667671.250000	-439036.281250	76101.968750	-135985.515625	-671099.937500	3742705.500000	3228655.500000	-226545.109375	-344253.843750	-150842.343750	-32879.218750	-0.000000	
-0.000000	-658.049316	-1786.704224	-3138.589600	5527.593750	20676.943359	-19567.628906	-28102.251953	-4307.949219	-5676.002441	69840.015625	208688.078125	-17689.398438	951980.875000	2907973.250000	184156.968750	-1688801.250000	-870200.937500	-1106779.375000	-649582.312500	-275748.031250	-654927.187500	-743311.312500	-291558.343750	1187039.625000	-1693028.125000	3575444.000000	30696578.000000	15444157.000000	-9201249.000000	-7461104.000000	-8271326.500000	-6208368.500000	-4798435.000000	-3794529.250000	-2976710.750000	-2334032.250000	-1778675.750000	363244.531250	-780976.687500	-4766531.500000	34112836.000000	39768788.000000	-4071637.000000	-10216576.000000	-9300622.000000	-7439275.000000	-4934708.500000	-3791544.000000	-2490402.500000	-1780716.250000	-1303683.750000	-834167.750000	301352.062500	-1755173.875000	2247131.000000	10679890.000000	3349252.250000	-1501762.000000	-824640.312500	-505165.781250	-161582.281250	-33321.808594	-0.000000	
-0.000000	-3846.009521	-17950.328125	-21888.072266	-15342.582031	-53170.667969	-81552.773438	-41049.691406	206690.203125	-354699.687500	882538.312500	8781035.000000	5053261.500000	-3407270.000000	-3100061.000000	-3828984.750000	-3183552.750000	-2712694.500000	-2355870.500000	-2023389.375000	-1732795.250000	-1439608.750000	320113.437500	-748816.625000	-4971245.500000	38709092.000000	49135424.000000	-5484394.000000	-15030126.000000	-14980228.000000	-13159198.000000	-9623365.000000	-8190449.000000	-5993801.500000	-4808782.000000	-3984417.000000	-2916067.250000	1220873.250000	-8377672.000000	12905468.000000	75854624.000000	30526710.000000	-18497872.000000	-14821047.000000	-14992032.000000	-9962824.000000	-7539416.000000	-5721816.000000	-3923342.000000	-2711104.750000	-1885064.000000	-1331707.500000	260292.843750	-2475656.250000	2568080.750000	14383700.000000	4992233.500000	-1776843.125000	-1295160.125000	-1026925.125000	-361240.500000	-137166.437500	-32190.148438	-0.000000	
-0.000000	-11989.241211	-38208.742188	-68179.343750	-96412.484375	-116875.531250	35121.410156	-105428.953125	-865605.187500	8109790.500000	12128255.000000	-1568860.625000	-4917792.500000	-5547255.500000	-5467597.500000	-4454874.000000	-4199932.000000	-3388470.000000	-2985579.250000	-2708367.500000	-2164900.500000	988139.500000	-7382920.500000	12374030.000000	79112440.000000	34639784.000000	-22854624.000000	-19963582.000000	-22055542.000000	-16046816.000000	-13336336.000000	-11158334.000000	-8475158.000000	-6524979.000000	-5090570.500000	-4070065.250000	909926.687500	-10029672.000000	12257782.000000	82606832.000000	35457668.000000	-16195011.000000	-15953064.000000	-18456660.000000	-10720697.000000	-8457395.000000	-7283365.000000	-5057866.000000	-3521634.250000	-2510063.500000	-1708866.250000	303393.968750	-3075935.250000	3573001.000000	19577362.000000	7852789.000000	-1902454.625000	-2252502.000000	-1912193.250000	-786722.562500	-377581.031250	-146628.234375	-28469.664062	-0.000000	
-0.000000	-14975.951172	-48421.687500	-91260.101562	-120454.757812	80222.718750	-810020.812500	1742190.375000	13775248.000000	7257245.500000	-5641280.500000	-5710764.000000	-7216478.500000	-5942218.500000	-5541197.500000	-5165446.000000	-4345926.000000	-3688760.000000	-3160530.500000	-2766586.250000	675533.312500	-8117727.000000	10802312.000000	79205144.000000	36980508.000000	-18377076.000000	-19710446.000000	-24860662.000000	-15771764.000000	-13622067.000000	-12883412.000000	-9863539.000000	-7607393.000000	-6041121.000000	-4614753.000000	927255.562500	-10752795.000000	14475365.000000	93445280.000000	45099248.000000	-13512310.000000	-20530396.000000	-23553336.000000	-14139562.000000	-11205642.000000	-9040788.000000	-6441566.000000	-4334433.000000	-3079006.750000	-2526623.750000	-268852.375000	-2768778.250000	790736.562500	20390902.000000	12065427.000000	-1130341.625000	-2684671.750000	-2744213.500000	-1250285.375000	-617142.687500	-325689.531250	-118482.203125	-21731.072266	-0.000000	
-0.000000	-16303.137695	-51259.140625	-93221.812500	37586.578125	-659042.687500	1185181.125000	11151616.000000	6439135.000000	-3850109.250000	-4865193.000000	-7111618.500000	-5160453.000000	-5044321.500000	-5353009.500000	-4566056.000000	-3900950.000000	-3415220.750000	-2865114.500000	630292.687500	-7982919.000000	11715942.000000	82349736.000000	43242092.000000	-14092638.000000	-23296596.000000	-29100790.000000	-19045640.000000	-16485192.000000	-14561722.000000	-11394369.000000	-8452745.000000	-6651234.500000	-6080977.500000	-726029.437500	-8462150.000000	2764241.500000	82610040.000000	57589844.000000	-6491650.000000	-19068060.000000	-25012094.000000	-15400322.000000	-11091746.000000	-9665635.000000	-7305363.500000	-4916887.500000	-3455819.250000	-2681527.750000	-1013197.250000	-560743.187500	-2920849.250000	15704701.000000	19152216.000000	1810715.375000	-2810245.500000	-3464332.750000	-2088028.625000	-1014295.937500	-564600.625000	-264646.937500	-89248.117188	-17647.736328	-0.000000	
-0.000000	-15094.182617	-46467.925781	21238.099609	-444168.500000	951166.000000	9035043.000000	6088231.000000	-2453844.000000	-4880779.000000	-7183041.500000	-5448178.000000	-5393883.500000	-5392280.500000	-4734317.500000	-3912967.250000	-3410647.000000	-3437753.000000	-450762.500000	-5752061.500000	2052184.250000	66862176.000000	50751716.000000	-6224328.500000	-19886998.000000	-28382146.000000	-19027518.000000	-14940307.000000	-14219608.000000	-11766526.000000	-8697393.000000	-6739326.500000	-5792605.000000	-2438522.750000	-1514273.625000	-8926920.000000	54900188.000000	77591728.000000	8642779.000000	-16139483.000000	-24605652.000000	-19031306.000000	-12493535.000000	-10147422.000000	-7854046.000000	-5502851.500000	-3992989.000000	-2855355.000000	-2256186.250000	175252.609375	-3354226.500000	2267003.750000	24985878.000000	14256300.000000	-1451292.750000	-4116565.750000	-3514055.750000	-1693836.375000	-1065042.250000	-588808.000000	-252816.468750	-89444.859375	-17236.826172	-0.000000	
-0.000000	-15193.766602	-7310.702148	-193819.234375	114183.242188	5428247.000000	5568250.000000	-876348.687500	-3462771.750000	-5946232.500000	-4696623.500000	-4273810.500000	-4652594.500000	-4357205.000000	-3613734.250000	-3119787.000000	-2970355.500000	-1378567.750000	-940151.625000	-6067985.000000	40758124.000000	62800500.000000	7616548.500000	-15474871.000000	-25662420.000000	-21595524.000000	-15436104.000000	-13668325.000000	-11554487.000000	-8863275.000000	-7063126.000000	-5568338.000000	-4873787.500000	421791.000000	-9058009.000000	6928588.500000	87345144.000000	57756816.000000	-6927208.000000	-23641794.000000	-24958814.000000	-15438447.000000	-13118600.000000	-10582495.000000	-7502948.000000	-5514982.000000	-3900016.250000	-2686367.750000	-2010405.750000	219406.281250	-2447389.250000	1705319.375000	19363176.000000	9759407.000000	-2961091.500000	-2983360.000000	-2034315.500000	-1273293.500000	-812541.312500	-375016.000000	-164107.031250	-62465.761719	-12681.175781	-0.000000	
-0.000000	-6092.827637	-15247.871094	-204464.468750	2267776.500000	5098497.500000	835653.437500	-2178770.250000	-4468402.000000	-4524394.000000	-3810143.000000	-3909948.500000	-3780578.250000	-3282116.250000	-2934702.250000	-2577710.000000	-2499200.500000	238450.687500	-5623753.500000	4709638.500000	64845396.000000	46746696.000000	-6104682.500000	-22668242.000000	-26030748.000000	-17518576.000000	-16208388.000000	-14254357.000000	-11037969.000000	-8882813.000000	-6898668.000000	-5238789.500000	-4342855.000000	528058.312500	-6609116.500000	5211926.000000	67689416.000000	39538468.000000	-14133672.000000	-17133696.000000	-14448861.000000	-11605415.000000	-10008433.000000	-6740065.500000	-4870278.500000	-3851507.750000	-2869251.500000	-2067821.250000	-1592452.500000	-482009.281250	659554.687500	-2135629.000000	7366087.500000	11511788.000000	282407.531250	-1791757.250000	-1092213.625000	-1054760.500000	-619669.562500	-331648.781250	-158907.406250	-55400.269531	-10849.709961	-0.000000	
-0.000000	1053.875610	-91208.976562	158694.156250	3607988.750000	3795159.500000	-669778.312500	-3191554.750000	-4532536.500000	-3670248.250000	-4000768.500000	-4077588.500000	-3611576.000000	-3289351.500000	-2866370.750000	-2425154.500000	-2226947.000000	298526.687500	-4103334.750000	3542754.500000	50252900.000000	32001294.000000	-12455462.000000	-16428142.000000	-15069412.000000	-13169092.000000	-12365693.000000	-9078701.000000	-7164914.500000	-6203506.000000	-5075367.000000	-4032538.000000	-3439997.250000	-1160080.750000	1781111.750000	-6527071.000000	25750224.000000	46637924.000000	1347967.750000	-10290218.000000	-7757520.000000	-9613599.000000	-7632745.500000	-5960638.000000	-4715966.500000	-3415864.250000	-2454863.000000	-1728269.250000	-1222823.500000	-886766.750000	-185944.375000	440369.968750	-1811415.500000	4742059.000000	8249129.000000	341625.281250	-1218160.000000	-671008.875000	-570622.687500	-275278.718750	-140659.250000	-57224.113281	-11525.301758	-0.000000	
-0.000000	1319.392334	-66550.031250	119375.289062	2796064.250000	2598044.750000	-1366557.375000	-2312985.250000	-2623922.250000	-2759005.000000	-3052263.750000	-2597044.750000	-2344329.250000	-2297190.250000	-2108796.000000	-1866753.250000	-1763975.875000	-655827.312500	1105820.750000	-4436711.500000	19117074.000000	37747384.000000	1187912.125000	-9866474.000000	-8090691.000000	-10908905.000000	-9430466.000000	-8028831.000000	-6937898.500000	-5501828.000000	-4342362.500000	-3370364.500000	-2641529.000000	-2134235.000000	-502138.375000	1345892.000000	-6332311.000000	19211592.000000	39374160.000000	1961983.625000	-8652062.000000	-6115900.500000	-7028614.000000	-4947513.000000	-4174408.000000	-3528318.750000	-2607722.750000	-1926511.500000	-1338438.750000	-787812.937500	-568176.625000	-360013.843750	751545.562500	-116960.171875	-63505.542969	4174153.000000	2295127.250000	-567738.125000	-404739.781250	-224666.140625	-130063.343750	-56840.308594	-11516.783203	-0.000000	
-0.000000	-2898.546631	17934.779297	-149497.703125	1063671.250000	3064545.000000	130332.382812	-1389141.250000	-1408770.500000	-2285482.000000	-2327752.250000	-2296720.000000	-2270050.500000	-2037355.250000	-1804235.375000	-1560218.250000	-1354534.125000	-1206545.000000	-311757.531250	914856.625000	-4701134.000000	15549308.000000	34698932.000000	1881190.500000	-9023652.000000	-6939937.500000	-8684044.000000	-6664177.500000	-6141184.000000	-5682955.000000	-4612753.500000	-3756964.500000	-2891279.750000	-1896076.875000	-1534347.500000	-1100301.500000	2627238.500000	-473842.937500	-303120.187500	23972524.000000	16301293.000000	-5174640.500000	-4985360.000000	-4037866.500000	-3859948.250000	-3504654.000000	-2605795.500000	-1592964.375000	-1320904.000000	-1212756.750000	-873001.125000	-559892.375000	-305196.125000	50717.574219	616238.687500	-45466.222656	271265.625000	1962091.000000	757650.562500	-229413.765625	-105686.070312	-48322.281250	-12235.651367	-0.000000	
-0.000000	-5332.541992	-5056.247070	30826.654297	-261570.421875	1262380.125000	3807011.000000	264860.500000	-1571219.875000	-1453959.250000	-2143510.500000	-1906348.500000	-2009369.000000	-2104427.500000	-1916581.750000	-1739184.000000	-1482602.250000	-1071907.250000	-952614.687500	-747919.000000	1950472.625000	-383514.781250	-267128.156250	22985352.000000	17001404.000000	-5871855.500000	-6159548.500000	-5438906.000000	-5678566.500000	-5644839.000000	-4609344.000000	-3106501.250000	-2853401.250000	-2918814.750000	-2357518.750000	-1711185.375000	-1066898.625000	205473.046875	2941387.000000	-261116.468750	1926682.000000	17883450.000000	9332320.000000	-4123194.500000	-3136493.000000	-2979450.500000	-2768446.750000	-2215044.500000	-1726768.500000	-1413797.750000	-968673.562500	-763380.437500	-556293.937500	-372380.812500	-174878.968750	86851.820312	143084.406250	-94495.070312	-89326.945312	412923.968750	284707.468750	-11779.977539	-10580.704102	-0.000000	
-0.000000	-4737.486816	-15450.003906	-25201.587891	108524.023438	-31135.884766	-29308.101562	3236201.750000	2960325.250000	-1230189.500000	-1520381.250000	-1555848.500000	-1858002.500000	-2090313.000000	-1915165.250000	-1438069.875000	-1463178.750000	-1650090.625000	-1463688.625000	-1163161.250000	-792069.937500	166303.937500	2592131.250000	-250363.890625	2009429.375000	20293010.000000	11530336.000000	-5553840.500000	-4614255.000000	-4798910.000000	-4897055.500000	-4319643.500000	-3730145.250000	-3402672.250000	-2615880.000000	-2333101.000000	-1944681.625000	-1508633.250000	-834719.937500	498797.531250	1016266.437500	-861273.937500	-1100279.750000	7421376.000000	8449391.000000	-726328.625000	-2393997.500000	-1346109.750000	-1176603.875000	-1099076.000000	-911168.562500	-696003.562500	-418994.218750	-233832.468750	-240226.015625	-141897.031250	-69125.570312	4015.814453	88533.945312	45790.445312	-36337.703125	38939.898438	32116.968750	0.000000	
-0.000000	-7292.872070	-23738.867188	-39193.429688	-44070.660156	13501.488281	284397.000000	-35249.753906	349886.656250	4251509.000000	2846069.750000	-1588726.500000	-1509764.250000	-1777061.000000	-2034708.125000	-1999660.875000	-1912759.125000	-1923629.375000	-1624094.625000	-1585902.125000	-1443739.625000	-1221044.125000	-735606.562500	478257.406250	1059913.125000	-977319.312500	-1359425.625000	9996409.000000	12430330.000000	-1169875.375000	-4234698.500000	-2625100.500000	-2541686.000000	-2645212.250000	-2460589.000000	-2127178.750000	-1464711.875000	-947329.812500	-1146629.875000	-814926.937500	-490968.937500	36602.082031	1090512.000000	822979.875000	-1078410.375000	2400952.250000	7266807.500000	1739872.750000	-2108961.000000	-972765.187500	-641180.500000	-699443.000000	-742659.062500	-532397.062500	-284726.531250	-28649.062500	-87905.023438	-120321.546875	-45799.035156	-14505.989258	20629.619141	12120.150391	-3753.446289	0.000000	
-0.000000	-8501.825195	-26340.417969	-53437.945312	-80329.468750	-99131.226562	-80707.445312	67335.820312	184554.625000	-204754.343750	-335551.406250	2859563.500000	4067150.250000	-433210.875000	-1759501.375000	-1215218.625000	-1303336.125000	-1495415.250000	-1527680.875000	-1445928.500000	-1087408.125000	-766741.375000	-1010480.812500	-781368.812500	-512055.125000	41533.734375	1347357.375000	1108533.375000	-1586504.375000	3867140.500000	12854124.000000	3392993.000000	-4555753.000000	-2341212.500000	-1731492.750000	-2137690.500000	-2596173.000000	-2156910.000000	-1359036.625000	-164534.046875	-624351.250000	-1096669.000000	-564127.125000	-260712.390625	612234.500000	747303.000000	-849257.312500	2384077.250000	4496244.500000	656527.375000	-566745.062500	-450489.187500	-634688.812500	-534786.562500	-347870.281250	-310176.156250	-131207.734375	-53621.699219	-71766.554688	-49156.453125	-22336.457031	-1814.195068	2938.616211	-0.000000	
-0.000000	-6609.256348	-24776.728516	-48721.445312	-60503.238281	-62248.371094	-110865.414062	-110012.109375	-89160.265625	8701.570312	332572.562500	317106.062500	-519097.406250	1432022.000000	5340840.500000	1570693.375000	-2336117.750000	-1323555.375000	-1075014.250000	-1453073.875000	-1927409.625000	-1745740.750000	-1197666.750000	-157758.656250	-651166.000000	-1244430.625000	-696994.437500	-351173.125000	900689.375000	1203658.125000	-1502235.875000	4649281.000000	9712735.000000	1580104.000000	-1530481.625000	-1376819.125000	-2218732.750000	-2166590.750000	-1660429.875000	-1781368.625000	-931911.687500	-488734.187500	-883980.562500	-883476.250000	-662889.062500	-111859.453125	664893.312500	-399699.375000	-235962.343750	4962409.500000	3175046.750000	-807682.687500	-546900.875000	-406037.687500	-340084.062500	-313292.812500	-205852.187500	-190089.484375	-115226.414062	-60198.804688	-28411.087891	-9668.625000	-1332.353394	0.000000	
-0.000000	-5849.690918	-17435.144531	-48962.214844	-107240.796875	-141729.031250	-131402.609375	-22211.486328	-113382.578125	-260715.812500	-172041.390625	-100456.257812	294701.656250	445720.781250	-624173.375000	2152257.500000	4980536.000000	893278.625000	-950214.500000	-935879.062500	-1647196.375000	-1753576.000000	-1463273.125000	-1708013.125000	-971935.562500	-554584.687500	-1092182.125000	-1190020.625000	-975209.937500	-180168.609375	1176117.750000	-779469.125000	-509723.093750	11943330.000000	8574139.000000	-2468500.750000	-1911845.500000	-1644988.125000	-1623265.375000	-1799267.750000	-1462078.875000	-1732567.875000	-1419295.125000	-1081937.625000	-843168.625000	-596147.062500	-301459.187500	210475.437500	845920.750000	-180086.218750	-118116.539062	3846772.750000	2210187.000000	-828486.062500	-277783.500000	-134940.843750	-228327.796875	-208949.109375	-145077.312500	-87423.320312	-15641.804688	-7827.903320	-4266.970703	-0.000000	
0.000000	3948.005371	-15411.076172	-31535.017578	-91649.773438	-142365.140625	-160543.734375	-240478.156250	-169235.750000	-116188.875000	-269586.843750	-340416.187500	-319084.468750	-66717.359375	488672.500000	-360833.937500	-261377.890625	6751911.000000	5323338.000000	-1677938.750000	-1419362.000000	-1331405.750000	-1430521.375000	-1725175.250000	-1524872.375000	-1966008.625000	-1753577.875000	-1457343.000000	-1240428.375000	-960195.875000	-533245.687500	410456.250000	1827348.125000	-433424.343750	-318970.906250	11756798.000000	7726328.500000	-3356461.000000	-1325896.625000	-774977.000000	-1621713.375000	-1904463.625000	-1786981.875000	-1571236.875000	-464208.875000	-482652.093750	-965447.687500	-681059.625000	-473000.437500	-142027.187500	456724.250000	-41928.523438	-29001.546875	2359964.250000	1718783.125000	-316960.656250	-325683.437500	-145479.812500	-101131.484375	-97328.156250	-54267.726562	-24661.074219	-819.014404	0.000000	
-0.000000	29841.283203	86336.679688	-56539.175781	-78973.101562	-108091.007812	-156950.375000	-242894.484375	-265514.437500	-411890.781250	-432841.250000	-416886.218750	-405862.812500	-355565.468750	-221561.593750	190009.515625	937035.000000	-245027.359375	-198036.203125	7991566.000000	5736058.000000	-2716622.500000	-1168461.750000	-743064.000000	-1691362.875000	-2161065.000000	-2207865.000000	-2116417.000000	-682921.312500	-777392.937500	-1707762.875000	-1328160.625000	-1021770.000000	-341825.375000	1233373.000000	-128145.125000	-101383.046875	9560967.000000	8203974.500000	-1820332.625000	-2313188.250000	-1325973.625000	-1245681.500000	-1749253.750000	-1610527.750000	-1520550.000000	-185310.765625	551435.937500	-423623.500000	-544289.875000	-570514.125000	-433367.718750	149222.484375	-169219.656250	673472.937500	2263988.000000	753384.187500	-373624.093750	-190419.281250	-87882.226562	-41599.367188	-27173.837891	-6459.537598	-0.000000	
0.000000	-1082.942383	-3211.854980	269280.718750	319153.468750	-220550.671875	-128198.367188	-104619.023438	-294504.156250	-452756.281250	-544974.375000	-605420.312500	-223448.921875	-287872.625000	-709569.125000	-614835.687500	-523947.406250	-193243.812500	765751.687500	-87105.367188	-75267.195312	7738370.000000	7229847.500000	-1745372.625000	-2412535.250000	-1504631.125000	-1539073.625000	-2356201.500000	-2369329.500000	-2449103.500000	-327792.843750	1075376.375000	-915106.562500	-1309975.250000	-1540659.750000	-1324491.250000	521649.062500	-685562.750000	3214573.500000	13002279.000000	5350961.000000	-3405391.250000	-2345479.250000	-1579484.625000	-1234563.000000	-1675481.750000	-1461539.500000	-1177398.375000	264175.312500	364133.968750	-252295.375000	-195115.890625	-484084.625000	-71626.296875	119584.140625	177297.015625	1699369.250000	1257851.000000	-105010.023438	-196441.359375	-93633.726562	-24795.583984	-7195.844727	-0.000000	
-0.000000	-854.075745	12419.361328	-2935.068848	-4187.855957	628244.375000	793226.375000	-245738.156250	-420076.437500	-315229.375000	-379894.468750	-674012.812500	-775234.375000	-906915.625000	-136196.703125	497816.156250	-469252.062500	-740567.000000	-956533.687500	-900309.687500	387274.406250	-554874.625000	2832880.250000	12466854.000000	5580775.000000	-3864223.000000	-2897903.500000	-2127526.500000	-1816228.625000	-2698647.250000	-2585290.500000	-2296090.000000	570668.437500	876383.125000	-681317.687500	-596327.937500	-1692253.625000	-290180.937500	570790.562500	1018232.125000	12069883.000000	11464664.000000	-1293455.250000	-3530590.000000	-2778810.000000	-1528843.625000	-1628136.875000	-1942548.750000	-1767237.875000	-567248.312500	288025.906250	-535555.500000	-508157.906250	-468587.625000	-224577.765625	40559.527344	78028.617188	1716560.250000	1452520.375000	-49875.257812	-145556.328125	-40601.183594	-11297.839844	-0.000000	
-0.000000	-3273.068848	-15513.564453	-30336.486328	21547.894531	-45047.843750	310810.875000	1755259.500000	971737.937500	-809578.250000	-715298.812500	-608598.250000	-594262.187500	-999323.000000	-1074178.625000	-1062912.125000	292629.687500	495444.812500	-423002.750000	-405347.968750	-1256336.000000	-234864.062500	503015.781250	976302.062500	12588262.000000	13009377.000000	-1598099.250000	-4755617.000000	-4088049.000000	-2462461.750000	-2879981.750000	-3788239.250000	-3817566.750000	-1365230.625000	777807.125000	-1636805.250000	-1776408.500000	-1898397.750000	-1071938.750000	232936.890625	554203.437500	15645563.000000	17891340.000000	-896395.125000	-4319740.500000	-2503383.750000	-2556257.000000	-2790537.750000	-2215612.250000	-1914267.250000	-1156684.875000	-128739.289062	-384487.937500	-554978.687500	-643539.000000	-45501.039062	-120607.070312	117838.960938	2419471.500000	1419822.000000	-179764.687500	-123424.882812	-12642.449219	-0.000000	
0.000000	2189.707275	-6860.480469	-13658.448242	-69902.359375	-19067.583984	55188.628906	137457.562500	2191898.250000	2725543.750000	-394463.968750	-1360387.500000	-1337592.000000	-911862.250000	-1196621.625000	-1753661.875000	-1957587.375000	-771804.500000	482909.187500	-1112602.000000	-1318813.000000	-1536508.250000	-944658.437500	223344.718750	578005.437500	17753596.000000	22105240.000000	-1207422.000000	-6354990.500000	-4032123.750000	-4521716.500000	-5441935.500000	-4786140.000000	-4607182.000000	-3123600.000000	-393462.750000	-1344085.500000	-2248395.500000	-3071694.750000	-261316.421875	-856619.687500	1074041.500000	29801710.000000	25518094.000000	-5334957.500000	-7610119.000000	-2860489.250000	-3204162.500000	-4167099.250000	-2967603.000000	-2587858.250000	-1701181.875000	-716155.437500	-668403.562500	-822219.312500	-429931.937500	411384.718750	-468949.031250	904663.125000	2693277.500000	588358.375000	-209090.687500	-20770.091797	-0.000000	
-0.000000	-3411.128662	7832.074219	-37489.804688	-73378.570312	-124742.375000	-103643.679688	31445.615234	100643.695312	3719486.750000	5456307.000000	-345394.000000	-2079325.500000	-1493116.125000	-1878756.375000	-2519195.250000	-2454256.250000	-2604573.750000	-1939317.625000	-267452.375000	-997854.562500	-1819786.250000	-2706966.500000	-250555.593750	-893409.937500	1218754.500000	36820824.000000	34372236.000000	-7848528.000000	-12257386.000000	-5059867.500000	-6248560.500000	-9001719.000000	-7142308.500000	-6988449.500000	-5199280.500000	-2503522.250000	-2707915.750000	-3924559.000000	-2469136.500000	2921887.250000	-4274229.000000	11143138.000000	48405580.000000	17460976.000000	-12892092.000000	-4699455.500000	-2264526.000000	-5324667.500000	-4642947.000000	-2304163.500000	-2546204.000000	-2538366.000000	-1671403.375000	-1280055.500000	-766983.625000	-67717.617188	-326393.718750	-376023.531250	2257995.500000	1547356.375000	-93231.742188	-55065.003906	-0.000000	
-0.000000	-11511.381836	-31452.869141	-9011.971680	-55520.488281	-147740.484375	-296996.187500	-35276.750000	-155562.687500	255336.484375	9088603.000000	9832491.000000	-2568004.500000	-4538973.000000	-2102356.000000	-2892600.500000	-4615938.500000	-4037754.250000	-4338847.500000	-3534159.000000	-1858625.250000	-2191708.750000	-3458563.000000	-2367459.250000	3047376.750000	-4850125.500000	13767652.000000	65201116.000000	25687732.000000	-20764900.000000	-8312781.000000	-4416139.500000	-11502284.000000	-11174460.000000	-6222338.500000	-7781901.000000	-8873570.000000	-6771387.500000	-6109870.500000	-4404853.500000	-480968.843750	-2974910.750000	-4631649.500000	40582372.000000	45921592.000000	-5748473.000000	-12459046.000000	-4330095.500000	-6994982.000000	-6282111.000000	-4276748.000000	-3625695.750000	-2282338.500000	-1445382.750000	-1060160.500000	-802070.875000	-142068.250000	-172708.343750	-565246.750000	3159951.000000	2329004.500000	-112088.023438	-75443.671875	-0.000000	
-0.000000	-17845.580078	-70369.695312	-119085.656250	-103413.648438	-177935.218750	-379458.000000	-333324.281250	530616.562500	-1016130.812500	3398313.750000	18651372.000000	8404915.000000	-7689349.000000	-3453929.500000	-2044331.125000	-5898188.500000	-6317246.000000	-3863199.750000	-5289669.500000	-6587775.000000	-5480565.500000	-5384394.000000	-4223465.000000	-501625.562500	-3375740.750000	-5722529.000000	54663444.000000	67557592.000000	-9258890.000000	-22038580.000000	-8444286.000000	-15110479.000000	-15119534.000000	-11549256.000000	-11081125.000000	-7978554.000000	-5855706.000000	-5060283.000000	-4606363.000000	-1009049.062500	-1574147.750000	-6962395.500000	56792984.000000	69118912.000000	-6911112.000000	-17069938.000000	-8149766.000000	-12659828.000000	-8923421.000000	-5824464.000000	-4733822.500000	-2516132.000000	-1559327.625000	-1473957.875000	-1005933.250000	262157.906250	-1131388.750000	1213156.875000	5147535.500000	1453109.625000	-278941.281250	-37044.804688	-0.000000	
-0.000000	-27920.205078	-62655.398438	-178238.640625	-366542.875000	-444943.093750	-590751.500000	-594638.875000	-87344.250000	-707238.250000	-1412510.250000	15636975.000000	22104552.000000	-3428614.750000	-9156948.000000	-3909051.500000	-7748413.000000	-8547511.000000	-7170468.500000	-7532284.500000	-5923311.500000	-4739439.000000	-4459433.000000	-4416676.000000	-1052385.875000	-1786243.500000	-8602230.000000	76498744.000000	101684352.000000	-11131517.000000	-30194702.000000	-15893172.000000	-27347614.000000	-21476534.000000	-15728826.000000	-14467866.000000	-8795845.000000	-6317333.000000	-7035392.000000	-5777162.000000	1861993.875000	-10312026.000000	14942994.000000	92515328.000000	43124584.000000	-17198932.000000	-8381783.500000	-14822098.000000	-14004023.000000	-8598249.000000	-7613563.500000	-4949620.000000	-3507648.750000	-2843434.000000	-1857567.875000	-81465.835938	-1661981.250000	958624.500000	7578818.500000	3075817.500000	-402883.156250	-186406.687500	-76161.960938	-0.000000	
-0.000000	-37777.261719	-116294.414062	-253804.937500	-329572.218750	-384774.281250	-489268.937500	-621841.875000	-183243.953125	-374228.875000	-2123316.000000	21883160.000000	33270680.000000	-4122058.000000	-12545786.000000	-7357310.000000	-14023421.000000	-12141308.000000	-9765396.000000	-9834387.000000	-6530072.000000	-5113067.000000	-6200020.500000	-5539262.500000	1941963.000000	-11701436.000000	18462478.000000	124615848.000000	63442776.000000	-27701796.000000	-14826385.000000	-28905144.000000	-30251328.000000	-20693924.000000	-20560248.000000	-15127403.000000	-12261970.000000	-11519657.000000	-8866412.000000	-467865.375000	-11804332.000000	8737369.000000	93351680.000000	55280876.000000	-11956544.000000	-11493445.000000	-17232458.000000	-14232484.000000	-8542863.000000	-9180472.000000	-5734007.500000	-3725540.000000	-3776344.500000	-1708447.875000	-198857.781250	-3500537.000000	6136677.500000	12614684.000000	2427102.750000	-1112818.750000	-588162.250000	-354438.781250	-77864.031250	-0.000000	
-0.000000	-53660.691406	-158380.312500	-331375.687500	-363332.281250	-415107.500000	-680238.375000	-779895.437500	338139.250000	-2451522.250000	4557152.500000	35647496.000000	20758202.000000	-10258117.000000	-6160307.500000	-13380847.000000	-15512399.000000	-11698875.000000	-12765031.000000	-10282701.000000	-9103337.000000	-9323678.000000	-7813628.000000	-448599.031250	-12311306.000000	9914615.000000	115338552.000000	74461968.000000	-17589882.000000	-18512140.000000	-30482184.000000	-27755316.000000	-18454192.000000	-22095194.000000	-15484551.000000	-11386277.000000	-13201272.000000	-6921466.500000	-949173.937500	-20103888.000000	43586160.000000	114976352.000000	29895706.000000	-20000404.000000	-17455154.000000	-21853950.000000	-17617570.000000	-13433880.000000	-9263637.000000	-5507480.000000	-5532748.000000	-4226354.000000	-1039885.812500	-5061782.000000	6958859.500000	21097444.000000	5462898.500000	-2549839.500000	-1556738.875000	-1157080.500000	-719542.187500	-268001.875000	-52406.589844	-0.000000	
-0.000000	-51705.281250	-207029.953125	-346481.906250	-506508.406250	-756948.500000	-857276.125000	-63160.089844	-2143674.250000	2077172.125000	28469386.000000	21300522.000000	-5755333.500000	-6855141.000000	-12665233.000000	-12848565.000000	-9463016.000000	-12491054.000000	-9613735.000000	-7739708.000000	-9800679.000000	-5602035.000000	-836470.500000	-19276024.000000	45458104.000000	130467912.000000	36936960.000000	-26940046.000000	-25679168.000000	-35199492.000000	-31163398.000000	-26197926.000000	-20011200.000000	-13255183.000000	-14941055.000000	-12916902.000000	-3635212.750000	-20506890.000000	33215538.000000	121164456.000000	38800596.000000	-23240474.000000	-19175046.000000	-20795910.000000	-21354176.000000	-16524432.000000	-11857552.000000	-9124404.000000	-7068622.000000	-3524493.250000	-1929020.750000	-4422259.000000	16928122.000000	21067898.000000	455806.093750	-2679149.750000	-2081209.125000	-2039878.875000	-1371749.375000	-652330.812500	-317588.875000	-131187.453125	-26471.468750	-0.000000	
-0.000000	-55206.457031	-155920.593750	-260794.203125	-545308.375000	-454804.687500	-91773.781250	-2713950.250000	7915274.000000	27333822.000000	9117269.000000	-7706445.000000	-8402113.000000	-13034552.000000	-12948275.000000	-12127614.000000	-10261425.000000	-7493539.500000	-9276300.000000	-8780135.000000	-2698796.750000	-16597684.000000	29271576.000000	116174992.000000	40467012.000000	-26371824.000000	-23691292.000000	-28011574.000000	-31415218.000000	-26615398.000000	-20974608.000000	-17793852.000000	-15269555.000000	-8482610.000000	-5209275.000000	-13515642.000000	59177004.000000	85352768.000000	2175621.500000	-15386590.000000	-14781926.000000	-18592446.000000	-16896448.000000	-11724174.000000	-9425227.000000	-8088743.000000	-5989452.500000	-2422905.750000	-5537769.500000	6283241.500000	22606840.000000	4542724.000000	-5320921.000000	-2620027.000000	-2053251.000000	-1811800.125000	-1162736.750000	-698071.562500	-534889.375000	-299993.000000	-73316.148438	-42296.496094	9207.648438	0.000000	
-0.000000	-33119.046875	-150447.890625	-295852.031250	-150160.671875	-1347493.250000	3211545.750000	16356752.000000	7046213.000000	-5525057.500000	-5847798.000000	-8012965.000000	-10278923.000000	-9855819.000000	-8714871.000000	-8237177.500000	-7829985.000000	-4795465.500000	-3234229.250000	-9187123.000000	43933252.000000	69082064.000000	1917291.500000	-14752981.000000	-15416782.000000	-21097534.000000	-20876024.000000	-15792171.000000	-13865932.000000	-13028291.000000	-10594634.000000	-4725002.000000	-11962625.000000	15122256.000000	61049236.000000	13883816.000000	-18600772.000000	-10614564.000000	-9800433.000000	-10405325.000000	-8258415.000000	-6362563.000000	-6588470.500000	-5391696.500000	-2175836.250000	-2607913.000000	2083329.000000	14830485.000000	7445973.500000	-3955161.000000	-4605820.000000	-2743558.250000	-1609952.125000	-1384405.250000	-1147057.375000	-721129.687500	-356212.562500	-122242.679688	-118613.882812	91652.437500	320948.031250	76365.625000	-10234.909180	-0.000000	
-0.000000	-21194.421875	-52454.425781	-309565.718750	2444440.000000	5608470.000000	210356.609375	-2077132.625000	-2684407.000000	-4420062.000000	-5152896.000000	-4517494.000000	-4536873.000000	-4824443.000000	-4402031.000000	-2187310.500000	-6134243.500000	8549050.000000	37903016.000000	9437386.000000	-13809290.000000	-8591121.000000	-8636745.000000	-9976841.000000	-8613099.000000	-7219834.500000	-8140235.000000	-7262481.500000	-3200983.500000	-4200486.000000	3685162.750000	28921500.000000	16084705.000000	-9519124.000000	-12437907.000000	-8385070.000000	-5628039.500000	-5608667.000000	-5475053.000000	-4141510.250000	-2530023.250000	-1114179.125000	-1461020.000000	1647245.625000	9524919.000000	4708544.000000	-2315757.750000	-2765061.250000	-2187684.250000	-1485363.125000	-937398.625000	-646459.625000	-561103.812500	-463057.000000	-304629.000000	-173669.031250	-124730.195312	-40447.941406	23267.980469	7404.295410	-11643.188477	-6322.796875	-1176.298462	-0.000000	
-0.000000	37784.062500	614730.937500	317998.468750	-768346.937500	-697475.500000	-947584.812500	-1404680.250000	-1499733.375000	-1512599.375000	-2009280.375000	-2077498.875000	-1047348.000000	-1555461.625000	1531171.375000	13388419.000000	8247981.000000	-5381437.000000	-7722196.500000	-5699667.500000	-4178279.750000	-4539493.000000	-4824954.000000	-3970965.750000	-2638683.000000	-1264300.125000	-1805130.125000	2218799.000000	14012594.000000	7583908.500000	-4096301.500000	-5392252.500000	-4725810.000000	-3574912.750000	-2531422.750000	-1975758.750000	-1961495.750000	-1875991.375000	-1454033.625000	-997396.312500	-885904.500000	-368662.156250	286602.062500	133075.500000	-345540.125000	-389850.343750	-266150.093750	-39637.625000	228030.734375	39746.300781	-186031.234375	-224962.125000	-56331.558594	-3818.288086	-8992.509766	-38680.023438	-36407.464844	-26075.937500	-19339.685547	-8709.309570	-3063.739990	-737.009094	-201.046661	-0.000000	
0.000000	-23784.226562	-125242.632812	-192053.796875	-232478.906250	-368541.531250	-529372.250000	-559088.500000	-459453.812500	-264878.562500	-445566.062500	634707.562500	4584860.000000	2808360.250000	-1701998.000000	-2496196.000000	-2423320.000000	-2021001.875000	-1571658.625000	-1343002.250000	-1456222.500000	-1518373.250000	-1281384.000000	-956324.250000	-923952.437500	-418334.531250	354104.687500	179249.390625	-508341.687500	-627920.062500	-470788.062500	-77298.859375	492589.312500	95659.820312	-502372.906250	-687546.250000	-196922.765625	-15469.101562	-42922.414062	-222142.718750	-258586.421875	-237668.750000	-238215.515625	-156530.171875	-90923.992188	-45442.429688	-45488.957031	-70293.039062	-41482.078125	-8945.353516	-5498.901367	-11232.851562	-13091.563477	-11750.142578	-8540.495117	-3827.131348	-4097.087402	-2996.831299	-2027.928589	-1801.218262	-139.388672	424.180359	31.431536	-0.000000	
-0.000000	-8932.180664	-25489.982422	-45253.285156	-81024.015625	-123270.070312	-140587.687500	-134644.796875	-160880.812500	-87643.632812	87404.796875	51275.914062	-166327.203125	-232522.031250	-195610.687500	-35783.398438	252591.968750	54079.269531	-311903.156250	-467352.687500	-146196.281250	-12520.244141	-37825.875000	-212995.046875	-269692.218750	-269691.500000	-294321.781250	-210842.250000	-133762.921875	-73192.734375	-80464.593750	-137081.171875	-89609.101562	-21529.320312	-14849.652344	-34330.691406	-45765.234375	-47603.574219	-40764.890625	-21979.546875	-29099.835938	-27314.576172	-24978.900391	-32372.830078	-4136.700195	26154.068359	7111.720703	-195.569656	2114.713135	-4157.385254	-994.246521	7937.499023	3600.416260	-1654.124512	-7806.293457	-7117.167480	-1046.274414	-126.041077	557.450989	641.783936	-327.520508	-138.841446	-26.435137	-0.000000	
0.000000	239.013046	-5058.608398	-15747.735352	-8134.340332	-1016.463745	-4150.084961	-29988.443359	-46959.457031	-56502.007812	-72648.390625	-60313.343750	-43766.648438	-27103.646484	-33432.738281	-63457.980469	-45950.121094	-12171.149414	-9219.551758	-23335.945312	-33976.296875	-38528.957031	-35924.531250	-21074.445312	-30349.619141	-30994.855469	-30862.113281	-43605.398438	-6085.710938	42125.558594	12579.793945	-381.387909	4568.178711	-10005.829102	-2684.939209	24259.183594	12586.265625	-6701.385742	-37260.449219	-40874.511719	-7431.232910	-1148.799561	6866.371582	11534.617188	-9719.972656	-8560.671875	-5981.232422	-13397.772461	-5276.448730	-174.488922	2909.194580	4922.864746	-2868.250488	-4904.304199	-3021.572021	1020.491577	2241.609131	714.252319	1289.288818	224.376236	-85.098801	100.308372	-6.585382	0.000000	
-0.000000	-53.792583	-149.527527	-786.318970	-1890.436401	-3127.997070	-3941.478027	-2967.157471	-5284.548828	-6493.611328	-7617.794434	-12473.720703	-1991.218262	15599.311523	5226.857422	-176.553116	2342.489502	-5656.585449	-1666.970703	16489.937500	9344.094727	-5423.907715	-32836.203125	-39191.328125	-7750.390625	-1303.585205	8483.589844	15536.842773	-14299.547852	-13788.413086	-10580.093750	-26127.511719	-11398.123047	-419.953003	7856.210938	15045.631836	-10026.774414	-19868.898438	-14422.354492	5860.771484	15921.176758	6510.042480	15880.745117	4032.656250	-2525.515137	6184.803223	-1490.013062	1490.085815	927.647034	-11479.194336	-2125.318115	6002.609375	3909.866211	3382.407471	1290.695801	1114.079468	-1138.512695	-837.136108	-61.649181	-712.131470	-521.894897	-222.430222	-38.500946	0.000000	
0.000000	-25.000296	-27.035805	555.638550	519.904175	-440.343292	-3602.640381	-5517.907227	-1349.516602	-273.109039	2094.031738	4444.455078	-4678.750000	-5105.920410	-4395.989258	-12095.017578	-5844.775879	-237.411606	4877.605469	10227.118164	-7443.918457	-16081.312500	-12709.866211	5619.429199	16604.962891	7387.185059	19621.093750	5431.887695	-3715.414307	9961.673828	-2635.656982	2905.873779	2003.892334	-27627.667969	-5739.371094	18345.626953	13668.034180	13703.209961	6160.657715	6398.254883	-8086.361328	-7630.064941	-759.360413	-12798.955078	-15488.509766	-13714.580078	-8711.250977	1341.307251	3574.092285	-646.619202	2309.423828	8222.899414	5772.906738	-1326.960815	-1641.767578	1351.445435	-165.271652	-679.212402	-298.821106	-342.698181	-235.476501	-102.140862	-5.040121	0.000000	
-0.000000	-1.049283	79.107559	344.609009	-414.178589	-1305.571289	-1394.469360	791.182434	2891.295898	1547.660278	4843.137695	1553.840820	-1215.667480	3688.859131	-1095.105591	1345.194946	1027.564087	-15618.722656	-3563.344727	12470.257812	10147.205078	11090.982422	5429.150879	6134.779297	-8433.655273	-8658.116211	-938.210510	-17239.875000	-22785.937500	-22089.656250	-15409.172852	2615.734863	7720.712891	-1556.257324	6236.544434	25131.447266	20180.814453	-5375.940918	-7836.369141	7761.468262	-1173.852905	-6190.671875	-3680.712646	-6159.226074	-6988.341797	-6297.791016	-1140.381226	2107.624268	-1152.961548	2625.149414	-2015.750854	27652.458984	-64198.703125	56650.851562	475256.125000	414422.531250	640771.250000	423423.406250	10454.445312	7866.648438	-15361.493164	-23705.083984	-4868.730957	0.000000	
0.000000	-69.029747	-57.792191	420.192963	564.589050	900.428284	595.662048	863.740662	-1468.488403	-1813.927979	-231.581528	-4931.622559	-7455.459961	-8179.913086	-6402.453613	1210.883057	3959.058594	-879.797424	3872.019531	17082.849609	14982.320312	-4351.131348	-6905.891113	7441.856445	-1224.267700	-7024.783203	-4547.621094	-8296.324219	-10280.906250	-10143.659180	-2017.199707	4110.159668	-2490.614014	6318.104980	-5443.487305	84513.539062	-224424.578125	229510.656250	2268459.000000	2380064.500000	4551120.500000	3859286.250000	128772.062500	141385.250000	-455889.937500	-1461605.750000	-1101602.500000	2517787.750000	2884006.000000	-216111.812500	-1213478.250000	-140144.484375	549833.375000	-306038.562500	-573911.750000	-346281.781250	-307723.656250	-221089.312500	-93827.195312	33108.324219	12410.073242	-7524.150879	-2745.361816	-0.000000	
0.000000	-3.888423	62.798443	575.617126	833.614197	-353.249268	-757.683289	1047.769409	-213.172424	-1471.734863	-1122.503906	-2373.239014	-3363.868164	-3756.249268	-838.138916	1902.686035	-1277.147217	3571.808105	-3379.642334	57447.234375	-166613.734375	185759.281250	1999105.750000	2282055.250000	4746582.500000	4379274.500000	159101.390625	190442.406250	-670682.937500	-2354163.750000	-1948604.625000	4910034.500000	6229996.500000	-520129.281250	-3276969.250000	-428320.156250	1922096.875000	-1239859.750000	-2739355.250000	-1988726.250000	-2185627.750000	-2015115.250000	-1155711.375000	595047.375000	368299.343750	-463923.312500	-621167.437500	-542944.875000	-319528.625000	-227676.421875	-227534.703125	-206232.265625	-104603.210938	-69892.015625	-60425.886719	-45562.988281	-18971.402344	4199.271484	-3597.389404	-6093.781250	1745.999878	3886.135986	966.302490	0.000000	
-0.000000	15.786248	-54.812813	1935.719604	-9270.364258	15080.982422	219332.890625	321299.875000	826486.312500	917484.687500	39271.507812	54477.781250	-219444.546875	-871758.937500	-809637.937500	2272966.500000	3194643.000000	-294044.187500	-2034538.500000	-291146.343750	1426972.625000	-1003506.625000	-2414088.500000	-1906832.000000	-2279496.250000	-2286625.500000	-1427913.000000	801514.000000	541823.937500	-747227.125000	-1098771.875000	-1058817.750000	-690242.000000	-547962.562500	-614452.062500	-630302.625000	-365669.875000	-283154.843750	-288420.593750	-261672.187500	-134745.640625	38274.199219	-44310.648438	-109521.960938	51816.820312	239610.984375	218636.281250	99967.609375	19128.318359	90833.906250	15730.143555	-127758.695312	-85168.406250	-33069.308594	-31109.994141	-14792.203125	9144.921875	2285.286865	4159.101562	5272.950684	-365.796722	383.995605	-60.658958	-0.000000	
0.000000	-1299.581055	-32997.210938	-9810.354492	79396.554688	-81470.312500	-264862.937500	-268470.687500	-396911.375000	-479061.968750	-352456.343750	229280.359375	177282.453125	-276702.062500	-456535.593750	-490150.750000	-353945.125000	-309779.125000	-381488.593750	-428441.906250	-271474.812500	-229177.343750	-254173.984375	-250896.718750	-140532.718750	43431.144531	-54747.015625	-147523.359375	76230.367188	385934.093750	386741.718750	194950.687500	41320.769531	218615.421875	42478.878906	-390465.781250	-297730.062500	-133974.312500	-148492.031250	-84952.906250	64952.414062	20829.214844	51229.507812	94769.382812	-10855.914062	23676.363281	-13724.738281	-97250.593750	-81569.375000	-58764.968750	61791.363281	388047.843750	346116.812500	-2088.690186	-98903.554688	-61259.605469	-60703.660156	-27302.476562	10704.958984	39576.328125	32252.828125	561.780518	15100.218750	0.000000	
-0.000000	-1369.124512	-6187.181641	-14436.612305	-15104.821289	-18605.904297	-27886.826172	-35324.773438	-24469.892578	9099.088867	-13513.381836	-42200.398438	24942.246094	142913.375000	160689.750000	90247.093750	21188.632812	123589.640625	26373.427734	-265415.218750	-221036.015625	-108434.929688	-130860.320312	-81454.601562	67742.000000	23635.677734	63295.453125	127652.000000	-15970.688477	38134.792969	-24277.439453	-189652.125000	-176205.218750	-141433.187500	166866.109375	1185981.125000	1209948.500000	-8461.949219	-472079.468750	-351819.218750	-431151.781250	-248848.015625	131857.750000	711295.125000	957181.687500	34638.207031	3416586.000000	2913734.000000	-1030237.312500	-991336.937500	-746886.187500	-514360.125000	-288126.375000	-290350.125000	-206096.781250	-114619.742188	-92247.398438	-37958.156250	13159.416016	62058.027344	-44281.718750	104974.757812	65258.996094	0.000000	
0.000000	546.226624	427.738068	-8943.328125	-12298.413086	-8803.356445	-14357.406250	-11468.327148	11795.399414	4951.818359	15623.420898	36516.015625	-5225.540527	14121.510742	-10087.185547	-87794.273438	-90355.234375	-79956.281250	103600.453125	806158.875000	898270.750000	-6848.857422	-416025.500000	-337331.562500	-449668.937500	-282377.031250	162913.843750	958096.875000	1408158.750000	55790.699219	6043536.500000	5682185.000000	-2225506.500000	-2385910.250000	-2016948.375000	-1572026.250000	-1007226.562500	-1176300.750000	-983726.625000	-658271.125000	-655193.250000	-345969.062500	162090.390625	1115352.875000	-1314168.500000	6472523.000000	14765546.000000	407703.781250	-4328806.000000	-1874588.125000	-1825200.750000	-1405703.250000	-993226.125000	-658714.562500	-380708.093750	-202790.843750	-142375.234375	-66243.523438	-47066.785156	57069.035156	25237.835938	14921.837891	69827.179688	0.000000	
-0.000000	-353.381165	1680.246460	27164.015625	49979.656250	-556.028687	-45644.445312	-47494.292969	-78297.437500	-59159.707031	40212.546875	274072.312500	460743.468750	20659.582031	2511067.000000	2630412.250000	-1141204.375000	-1348824.375000	-1252242.125000	-1068569.125000	-747769.125000	-952063.875000	-866920.500000	-631164.000000	-683332.625000	-392583.843750	200267.093750	1502352.625000	-1933340.250000	10425095.000000	26118506.000000	795078.875000	-9351036.000000	-4511684.000000	-4928911.000000	-4296216.500000	-3472100.500000	-2668662.500000	-1817169.000000	-1164645.500000	-1011229.562500	-603775.625000	-579742.562500	1025687.000000	748994.562500	920049.187500	15799147.000000	9297535.000000	-5342130.500000	-3321358.000000	-2143155.500000	-1699784.375000	-1298757.500000	-859142.500000	-589786.000000	-158156.125000	-14839.606445	-186143.437500	-116648.968750	-51666.656250	38289.437500	-19226.539062	9401.750000	0.000000	
-0.000000	-5961.371582	-20309.517578	-36006.093750	-41605.769531	-77293.898438	-95114.617188	-88864.156250	-118983.515625	-82248.703125	49432.570312	429761.625000	-632580.562500	3860466.250000	10852141.000000	368060.062500	-4795062.500000	-2550586.000000	-3060162.750000	-2920310.250000	-2577701.750000	-2159938.250000	-1601401.125000	-1116686.250000	-1054660.000000	-685126.437500	-716287.750000	1381574.875000	1101884.125000	1481895.125000	27946824.000000	18131482.000000	-11540008.000000	-7993712.000000	-5787540.500000	-5195009.500000	-4540171.000000	-3480660.000000	-2815125.000000	-908304.375000	-105399.281250	-1696601.625000	-1436817.250000	-928591.500000	1136332.875000	-1185468.000000	2127246.500000	14749523.000000	4067840.000000	-4980953.000000	-2112750.750000	-1734011.625000	-1181864.625000	-854666.875000	-590228.312500	-348894.031250	-171792.671875	5815.421875	-44181.226562	-64697.550781	-25082.181641	16661.435547	-1601.207397	0.000000	
-0.000000	-11272.772461	-49631.324219	-98401.640625	-143422.968750	-175355.921875	-175698.531250	-157222.812500	-183639.921875	-143538.156250	-176803.609375	395212.062500	360531.718750	548753.375000	11611801.000000	8393474.000000	-5917532.500000	-4519077.500000	-3593251.250000	-3531255.750000	-3370641.750000	-2817145.750000	-2480861.500000	-870901.000000	-109925.984375	-1925196.375000	-1775227.000000	-1250789.750000	1671717.125000	-1909397.250000	3762847.500000	28763612.000000	8787301.000000	-11987959.000000	-5705433.000000	-5299617.500000	-4131539.500000	-3462527.750000	-2817236.000000	-2003728.625000	-1220168.875000	53004.578125	-544199.875000	-1162792.375000	-744375.187500	1027309.125000	-362290.281250	53524.394531	10170897.000000	5222689.000000	-3396806.000000	-1670486.250000	-1071705.500000	-928876.312500	-551536.375000	-437598.250000	-270975.968750	-135361.750000	-42506.972656	-29631.580078	-28083.564453	-12705.157227	2427.146240	0.000000	
-0.000000	-19972.875000	-58277.230469	-118987.828125	-187542.031250	-228711.718750	-272188.968750	-122617.718750	-19140.576172	-403340.375000	-438184.968750	-357799.750000	546978.625000	-707059.625000	1563449.125000	13315329.000000	4505988.000000	-6777141.000000	-3542274.000000	-3602362.000000	-3067272.000000	-2802470.000000	-2482722.000000	-1921216.625000	-1272572.875000	60146.246094	-672373.812500	-1566252.500000	-1095088.250000	1654655.500000	-640848.687500	104379.984375	21971054.000000	12569760.000000	-9172994.000000	-5105466.500000	-3746447.250000	-3763174.000000	-2632554.500000	-2513164.750000	-1924624.875000	-1233752.625000	-523577.312500	-532560.750000	-833448.562500	-783373.312500	549167.812500	933849.000000	-1417085.000000	5529944.000000	8798988.000000	-376266.750000	-2255846.750000	-629782.875000	-883707.750000	-483026.562500	-253452.109375	-334636.000000	-138078.890625	39094.359375	-17844.363281	-29983.474609	-5265.041504	-0.000000	
0.000000	-29952.792969	-57450.457031	-121383.796875	-170662.578125	-227520.250000	-272393.093750	-270495.937500	-221583.437500	12601.004883	-165964.187500	-448040.750000	-358308.156250	612727.437500	-266270.250000	48319.863281	11266406.000000	7106050.000000	-5695143.000000	-3470389.750000	-2781378.000000	-3045804.250000	-2319969.000000	-2409674.250000	-2007283.875000	-1399984.625000	-646894.062500	-717346.062500	-1226128.625000	-1261755.500000	971412.937500	1821135.000000	-3061170.500000	13309249.000000	23761458.000000	-1149974.875000	-7885945.000000	-2551451.250000	-4218051.500000	-2774063.500000	-1800160.375000	-3050034.750000	-1700779.125000	702632.812500	-529575.187500	-1848718.000000	-1191271.875000	-784792.625000	377671.906250	-848915.812500	639446.062500	6391829.500000	2223287.250000	-1808399.250000	-553747.187500	-387541.968750	-505798.687500	-208776.343750	-137965.531250	-113556.304688	-19874.529297	6752.989258	-2158.852539	-0.000000	
0.000000	31406.464844	-92366.812500	-116936.906250	-154755.484375	-247275.500000	-254536.578125	-339267.906250	-349513.093750	-293305.312500	-159674.937500	-205203.359375	-401184.000000	-467234.531250	403618.437500	843044.687500	-1569719.625000	7524104.500000	14752534.000000	-781683.937500	-5854558.000000	-2065070.750000	-3717206.750000	-2659829.500000	-1877474.000000	-3460987.000000	-2101359.000000	946429.000000	-779085.062500	-2977673.750000	-2107219.250000	-1530454.375000	815842.437500	-2043136.875000	1726808.875000	19535194.000000	7772124.000000	-7326401.500000	-2643107.000000	-2225687.250000	-3592468.500000	-1902889.000000	-1699382.875000	-2040918.125000	-589825.312500	416375.125000	-488463.500000	-722763.187500	-399235.718750	23637.357422	286628.593750	-901261.937500	2081712.000000	4240566.000000	252394.000000	-1011193.125000	-194902.343750	-257410.718750	-290343.718750	-95177.031250	-38742.585938	-26144.509766	-3511.531250	-0.000000	
-0.000000	33254.132812	239264.328125	-26339.318359	-325746.812500	-167654.046875	-407835.187500	-374488.281250	-326910.281250	-725097.875000	-518685.218750	270734.593750	-254913.265625	-1102647.875000	-875541.687500	-708482.062500	418351.031250	-1155044.500000	1072106.125000	13278853.000000	5770057.000000	-5929777.500000	-2329268.750000	-2134035.000000	-3746758.250000	-2159278.250000	-2099634.000000	-2749066.000000	-867722.125000	670642.687500	-864034.187500	-1409488.375000	-862424.375000	56889.449219	774033.750000	-2754504.750000	7277208.500000	17179884.000000	1204709.250000	-5807370.000000	-1384306.875000	-2346166.250000	-3576293.000000	-1710592.250000	-1149781.125000	-1612015.500000	-794521.500000	-213842.890625	-484673.093750	-395706.531250	-163455.531250	155397.468750	33111.078125	-378947.906250	578900.687500	1142692.625000	94328.078125	-245814.437500	-49826.921875	-48741.800781	-45793.378906	-12264.043945	-2460.457764	-0.000000	
0.000000	-5104.926758	17387.978516	447439.062500	321045.156250	-481412.656250	-255556.875000	-300459.500000	-652394.562500	-452381.937500	-518259.406250	-786395.312500	-283914.937500	248342.437500	-359002.968750	-652484.125000	-442237.500000	32161.255859	480566.406250	-1872347.125000	5402629.500000	13904901.000000	1061664.000000	-5568226.500000	-1443760.250000	-2662281.250000	-4418607.500000	-2304125.250000	-1691501.500000	-2596424.250000	-1405414.625000	-417023.250000	-1046985.125000	-952370.687500	-441407.750000	474937.500000	115749.062500	-1535238.750000	2763168.000000	6562583.000000	669971.437500	-2240472.000000	-613740.375000	-876023.812500	-1359030.625000	-756175.187500	-556704.875000	-304954.093750	-263876.906250	-468721.156250	-313554.437500	-159816.187500	-86868.484375	46608.578125	-42500.242188	-192060.593750	499237.437500	555892.062500	-53810.234375	-97612.890625	-16597.880859	-10900.811523	-3211.452148	-0.000000	
-0.000000	142.142441	7794.077637	-63089.882812	300601.562500	1128878.000000	116480.992188	-783973.375000	-251391.000000	-557764.125000	-1090659.125000	-659115.937500	-553452.000000	-961469.250000	-583944.500000	-193049.531250	-536877.312500	-538402.812500	-274052.343750	322834.031250	85932.578125	-1242577.875000	2435073.750000	6292340.500000	698745.437500	-2542346.250000	-758293.000000	-1179982.250000	-1999339.250000	-1217948.250000	-984745.125000	-594702.750000	-570023.812500	-1128099.375000	-846746.312500	-488442.343750	-303673.156250	188826.203125	-202859.171875	-1103020.625000	3545867.000000	5066670.000000	-662804.625000	-1754371.250000	-492582.781250	-672121.125000	-726625.437500	-425442.812500	-356151.531250	-279193.968750	-208909.968750	-75846.570312	-32511.349609	-18856.783203	38360.296875	36013.082031	-10668.695312	-100789.570312	150014.671875	243242.796875	14449.828125	-20397.232422	-1877.022095	-0.000000	
-0.000000	-2379.567871	-4444.724121	10878.089844	4781.276855	-100879.453125	267165.343750	885924.375000	121667.234375	-532637.000000	-187171.890625	-337544.656250	-654175.187500	-451012.531250	-409157.937500	-275301.406250	-292299.125000	-637747.312500	-525710.750000	-332013.812500	-225448.218750	152830.468750	-178771.984375	-1057599.000000	3698155.250000	5749337.500000	-818913.187500	-2363094.500000	-724663.625000	-1082565.000000	-1285314.500000	-829672.437500	-769354.375000	-671952.937500	-564156.437500	-231808.031250	-113652.546875	-76394.843750	183098.671875	206826.250000	-75775.117188	-918645.062500	1847797.500000	4371740.000000	428834.062500	-1257650.500000	-424696.312500	-556686.437500	-636307.437500	-358205.062500	-243453.296875	-193645.812500	-158504.187500	-121507.140625	-57278.261719	5960.540527	37143.632812	8283.671875	-14111.351562	-30488.816406	43121.312500	37856.355469	-306.931793	-0.000000	
-0.000000	-2818.638916	-8526.251953	-11187.408203	-12543.907227	12407.635742	-19614.058594	-148903.687500	643931.687500	1204521.125000	-202134.984375	-675984.625000	-237106.812500	-400879.406250	-534043.375000	-384074.187500	-394512.687500	-379874.500000	-350262.031250	-157569.187500	-84376.117188	-61831.773438	161357.828125	198309.296875	-79029.515625	-1042420.437500	2283004.250000	5888625.500000	630879.625000	-2025659.250000	-751237.562500	-1085615.625000	-1374544.000000	-862113.687500	-657439.875000	-591834.937500	-554095.875000	-492264.156250	-273396.562500	34231.902344	263815.125000	75501.406250	-173815.796875	-547967.625000	1279730.625000	2334143.500000	-69446.601562	-717498.000000	-368219.906250	-379120.250000	-244220.859375	-154868.000000	-100808.421875	-64239.640625	-63320.941406	-38134.226562	-11374.116211	1769.975708	3308.726074	9824.760742	-6947.183594	-3558.606934	14741.810547	0.000000	
-0.000000	-1678.923584	-5680.732910	-5309.390625	-4694.675293	-5019.851074	17703.455078	27920.777344	-13760.808594	-218393.421875	563521.312500	1684494.750000	206421.093750	-750112.062500	-312136.406250	-502556.125000	-704844.250000	-487377.906250	-408177.968750	-402293.906250	-411363.062500	-398424.375000	-240933.875000	32822.257812	275145.500000	85674.226562	-214754.171875	-738098.750000	1882676.875000	3759533.500000	-122842.828125	-1399220.500000	-795424.375000	-912451.500000	-659512.625000	-473319.312500	-352404.125000	-260255.250000	-302239.031250	-219008.171875	-80785.414062	16132.417969	40755.050781	176577.890625	-206174.687500	-219416.234375	3335492.250000	2891915.250000	-591840.625000	-892814.000000	-561292.312500	-390164.875000	-273666.906250	-150656.109375	-108931.945312	-104927.257812	-51488.480469	-12235.601562	2686.980957	5081.398926	1934.245972	554.264160	-2879.950439	0.000000	
-0.000000	-2154.054199	-6620.043945	-13555.539062	-22888.183594	-32346.330078	-26434.181641	4621.179688	47908.992188	17949.271484	-53008.460938	-211139.859375	616003.750000	1392174.625000	-51040.738281	-647730.937500	-407880.937500	-515835.312500	-409464.875000	-321734.062500	-261626.265625	-210643.078125	-266351.656250	-209989.578125	-84255.000000	18306.048828	50353.980469	237846.031250	-303314.093750	-353407.031250	5900092.000000	5639635.500000	-1278487.250000	-2148789.250000	-1515756.625000	-1192451.375000	-956679.500000	-610355.875000	-519946.250000	-602606.375000	-365700.343750	-111521.210938	33096.742188	91326.671875	57403.484375	34174.761719	-651619.625000	799112.500000	4291671.000000	1735614.375000	-1082996.125000	-889906.750000	-521576.031250	-257764.281250	-197639.281250	-151567.906250	-93783.203125	-70309.773438	-31381.519531	-3932.482422	-7452.632324	1302.242676	3079.375977	0.000000	
-0.000000	-2279.826904	-6640.915527	-10841.026367	-14556.848633	-17101.189453	-29222.906250	-29565.291016	-14670.682617	3835.229004	12429.035156	68038.015625	-99243.062500	-130868.437500	2451466.000000	2610715.250000	-655587.875000	-1214772.875000	-941072.312500	-810556.937500	-710242.812500	-494004.437500	-458208.656250	-577791.437500	-381406.500000	-126547.234375	40891.925781	123014.757812	84449.195312	55044.246094	-1152638.125000	1558380.000000	9270818.000000	4177207.500000	-2924605.250000	-2719800.500000	-1823315.375000	-1044285.250000	-943357.875000	-870467.625000	-666101.437500	-640837.437500	-386540.156250	-70677.492188	-221175.109375	80293.546875	696741.750000	48940.218750	-142277.859375	2030249.000000	1401386.250000	-122630.710938	-482383.843750	-491016.093750	-179114.718750	-139785.906250	-137772.781250	-71896.710938	-35551.171875	-26026.546875	-15887.308594	-2421.898926	760.148926	0.000000	
-0.000000	-5368.907227	-15262.803711	-27312.210938	-39517.808594	-40106.054688	-50272.593750	-81349.625000	-66411.414062	-26512.416016	10093.486328	35189.488281	27631.412109	20383.167969	-478916.812500	721409.437500	4753928.000000	2361496.500000	-1815769.875000	-1848757.125000	-1353636.875000	-845214.250000	-831345.062500	-834622.375000	-694709.250000	-727181.875000	-477580.906250	-95200.828125	-325381.968750	129326.367188	1232453.875000	95440.203125	-307346.968750	4886322.500000	3784410.000000	-374793.250000	-1686308.125000	-1989262.625000	-854937.687500	-802802.625000	-978540.312500	-655301.500000	-437899.593750	-467768.406250	-471494.781250	-149329.203125	171991.828125	673706.312500	-377389.343750	211485.015625	3759526.000000	1931834.875000	-782849.062500	-729014.437500	-262709.218750	-74292.992188	-195124.859375	-163252.640625	-72846.210938	-36486.890625	-27817.207031	-8836.220703	-270.888306	0.000000	
0.000000	10437.058594	-29449.107422	-62295.003906	-75316.164062	-68619.242188	-91211.437500	-117509.898438	-120964.437500	-152349.031250	-117882.828125	-27233.062500	-106463.578125	47890.218750	512079.968750	44181.433594	-157602.640625	2762380.000000	2349588.000000	-254761.968750	-1251922.125000	-1610051.625000	-753423.750000	-769743.750000	-1020566.812500	-743594.812500	-541036.937500	-630072.437500	-693640.000000	-240519.984375	304233.218750	1313820.625000	-815232.125000	508993.718750	10152511.000000	5904219.500000	-2736668.750000	-2953469.750000	-1253945.000000	-426671.093750	-1385887.250000	-1487963.750000	-897279.187500	-655769.500000	-825543.750000	-544822.750000	-61291.375000	188220.859375	858608.562500	-302416.468750	25613.710938	3950707.500000	1690910.250000	-1038550.937500	-603142.812500	-255647.546875	-240294.593750	-226383.546875	-132014.328125	-35988.410156	-9459.466797	-13417.988281	-3333.868408	-0.000000	
-0.000000	12208.833984	38106.851562	-8584.360352	-69656.765625	-130713.039062	-82662.265625	-108375.375000	-177703.546875	-155787.640625	-133545.875000	-180237.937500	-226956.015625	-89065.789062	126407.765625	608197.375000	-418038.031250	287748.937500	6303285.500000	4013334.500000	-2031714.125000	-2390453.000000	-1105053.625000	-409101.093750	-1445408.500000	-1688447.250000	-1108613.000000	-883305.250000	-1214499.500000	-877529.437500	-108417.195312	367056.750000	1854756.250000	-727843.875000	69169.218750	12074451.000000	5911051.000000	-4207500.500000	-2878878.750000	-1468206.000000	-1706708.250000	-2063369.500000	-1626079.375000	-646810.437500	-280732.843750	-827324.937500	-754323.375000	-343049.718750	-14594.984375	763618.250000	97145.218750	-627.608276	5870795.500000	3926865.500000	-1361287.625000	-842259.812500	-352151.187500	-500156.718750	-249147.171875	-129792.898438	-79039.664062	-21300.783203	-4716.199219	-0.000000	
-0.000000	1271.758057	102229.984375	135231.765625	-113044.289062	-194070.406250	-121241.507812	-57599.015625	-251678.000000	-353740.000000	-273642.500000	-252677.484375	-397379.000000	-324953.656250	-45046.937500	169918.890625	951089.437500	-411471.281250	42944.386719	8207487.500000	4388388.500000	-3405429.500000	-2537045.250000	-1407746.375000	-1780008.250000	-2341381.500000	-2009065.500000	-871237.562500	-413000.375000	-1332547.000000	-1334309.000000	-668994.500000	-31527.914062	1837846.000000	262338.375000	-1918.143799	20523014.000000	15908984.000000	-6497602.000000	-4837171.000000	-2501177.000000	-4558671.000000	-3068856.750000	-2332734.250000	-2345695.750000	-1313361.625000	-1067090.500000	-883988.625000	-381839.968750	-214596.734375	415358.843750	284913.312500	-259536.718750	2781803.750000	2189557.250000	-599584.437500	-465674.968750	-222584.453125	-228768.234375	-111435.835938	-48883.269531	-22183.318359	-2719.677979	-0.000000	
0.000000	-1818.571167	696.494568	276556.312500	244169.328125	-276471.906250	-278353.187500	-198202.375000	-309939.312500	-490533.687500	-495904.093750	-249225.421875	-135131.937500	-493449.000000	-554400.375000	-309692.718750	-16167.012695	1038987.625000	162875.343750	-1303.839111	15236370.000000	12876272.000000	-5726087.000000	-4637980.000000	-2608598.000000	-5172892.000000	-3791656.250000	-3142135.000000	-3450872.500000	-2115391.250000	-1887557.000000	-1723900.375000	-824846.250000	-516482.875000	1121666.750000	870773.625000	-907283.375000	11269973.000000	10451041.000000	-3443465.500000	-3307487.250000	-2028742.750000	-2817840.250000	-2002807.625000	-1450730.750000	-1367776.750000	-615356.250000	-615663.437500	-699544.750000	26381.011719	213201.828125	285334.531250	762647.937500	-345962.062500	1180326.375000	1731872.250000	-320707.218750	-372826.250000	-129221.468750	-122916.953125	-55722.878906	-18807.964844	-3798.177734	-0.000000	
-0.000000	4591.992676	2641.597656	-43.933659	847749.437500	1045368.062500	-628240.500000	-653000.125000	-454215.343750	-1083752.375000	-935906.687500	-898836.250000	-1129110.625000	-783340.312500	-784272.875000	-798032.562500	-422968.031250	-291982.750000	696397.750000	591899.687500	-673570.937500	9121591.000000	9210101.000000	-3301666.000000	-3449537.750000	-2302089.250000	-3481518.500000	-2697732.000000	-2134244.000000	-2203036.250000	-1088492.500000	-1200629.000000	-1511148.375000	63492.769531	575746.437500	872061.000000	2666049.750000	-1401602.500000	5633850.500000	9946293.000000	-2277844.250000	-3398119.500000	-1591678.375000	-2209154.750000	-1653713.000000	-1159659.625000	-859378.312500	-327589.750000	-363690.062500	-554709.687500	-250823.984375	37602.230469	33387.742188	527257.812500	-34222.054688	267963.375000	1267608.500000	84734.281250	-330661.312500	-68737.718750	-39647.148438	-22311.583984	-3115.163574	-0.000000	
-0.000000	-1290.470337	11294.543945	19944.421875	-37477.390625	740542.000000	1010490.812500	-464855.093750	-600641.812500	-482301.718750	-859354.375000	-771710.750000	-698315.437500	-815795.625000	-452264.531250	-555798.437500	-774892.875000	35894.304688	357457.812500	592774.750000	1979286.375000	-1134416.500000	4964896.000000	9536711.000000	-2375673.250000	-3855971.500000	-1966562.125000	-2975676.500000	-2432861.500000	-1867828.250000	-1520138.750000	-638845.437500	-785639.062500	-1335053.125000	-677344.187500	114922.781250	116716.218750	2136089.250000	-163346.296875	1538937.000000	9003273.000000	772309.375000	-4072902.750000	-1235405.250000	-1176626.250000	-1375685.375000	-704839.062500	-460426.093750	-294092.250000	-352629.125000	-388044.406250	-216306.718750	-110450.820312	-103572.703125	5550.532227	129631.382812	81312.046875	131721.062500	250092.750000	114555.070312	-40128.066406	-24794.941406	-3857.619141	-0.000000	
-0.000000	158.641327	5797.438477	19973.908203	110127.218750	-92098.304688	544726.062500	1342712.625000	-413657.937500	-807849.500000	-485412.843750	-851219.312500	-796021.750000	-691666.437500	-631611.937500	-295736.031250	-402863.218750	-754744.250000	-420535.781250	78117.609375	86650.601562	1728889.000000	-143950.812500	1475564.625000	9389947.000000	876367.875000	-5032182.500000	-1664060.250000	-1730994.750000	-2215774.500000	-1246777.000000	-897894.687500	-635294.625000	-848693.687500	-1047904.687500	-661092.937500	-386111.843750	-419606.031250	26493.408203	744484.250000	577524.187500	1200569.750000	3080503.750000	2058868.625000	-1190898.625000	-1528804.000000	-872827.562500	-579857.875000	-442170.875000	-242005.171875	95082.750000	-49742.554688	-167773.156250	28295.558594	133519.890625	300285.281250	227980.046875	-24940.765625	104117.570312	167970.281250	18826.849609	-29468.974609	-5976.651855	-0.000000	
-0.000000	-3335.728027	-6820.469727	2632.220703	4821.227051	140360.921875	-15793.636719	207750.781250	1635000.125000	183604.406250	-1242109.750000	-476019.531250	-566374.000000	-820512.687500	-518031.187500	-415655.812500	-325768.968750	-479791.187500	-650601.875000	-449371.343750	-286651.000000	-339617.000000	23347.623047	713826.937500	602327.812500	1362330.750000	3806046.500000	2773245.000000	-1751991.750000	-2462398.000000	-1543928.875000	-1130803.250000	-955172.375000	-582448.437500	256768.718750	-152026.953125	-586498.125000	114634.328125	637307.687500	1724564.500000	1619243.375000	-227322.250000	1282462.500000	3018886.500000	558732.875000	-1816995.000000	-1352281.375000	-891022.062500	-686775.812500	-483740.343750	-145723.000000	154636.968750	-50372.203125	-216068.843750	-68292.375000	24201.847656	124662.640625	85810.015625	-31748.529297	78387.617188	104318.156250	9240.779297	-6436.670898	-0.000000	
-0.000000	-2120.523193	-10551.801758	-15141.841797	-15949.222656	-27572.015625	2561.596191	100502.617188	104878.765625	285416.593750	939458.687500	793311.875000	-573244.125000	-911838.625000	-641496.687500	-523474.468750	-489797.187500	-329275.000000	159417.375000	-103338.804688	-435418.625000	92781.710938	561634.812500	1653548.125000	1688786.875000	-257950.937500	1584517.375000	4066365.250000	821980.437500	-2926578.500000	-2392026.000000	-1737616.375000	-1483565.000000	-1164247.000000	-393521.500000	472613.187500	-176090.171875	-875363.750000	-325968.312500	138993.312500	885424.687500	782114.187500	-391060.781250	1408840.500000	3095896.750000	569767.062500	-1456365.625000	-986164.000000	-669418.812500	-480890.875000	-358475.406250	-235291.921875	-13088.737305	-100763.281250	-102738.867188	45481.101562	80586.000000	139688.656250	58336.296875	-23083.191406	64771.292969	52708.894531	1332.204224	-0.000000	
-0.000000	-1455.290039	2585.514404	-3482.064209	-24226.630859	7532.540527	61620.042969	232809.812500	294055.625000	-54042.292969	391111.531250	1163220.750000	268948.468750	-1083727.000000	-993877.875000	-804382.062500	-760748.562500	-658182.625000	-244321.671875	321254.093750	-130730.070312	-708494.125000	-287263.375000	133269.671875	923452.000000	887493.750000	-483166.250000	1897673.125000	4554531.500000	917706.375000	-2576138.750000	-1923156.375000	-1446070.750000	-1157389.000000	-968054.312500	-719117.000000	-45755.351562	-408224.156250	-490385.906250	261201.906250	572367.375000	1273190.125000	718554.125000	-414868.250000	1922246.750000	3249919.750000	301425.468750	-1565497.250000	-1119990.375000	-777786.375000	-501832.218750	-387764.750000	-125135.445312	126853.632812	-66963.632812	-119442.789062	11575.540039	58304.492188	123175.007812	61924.917969	-8977.850586	27170.664062	12098.332031	-0.000000	
-0.000000	-2908.956299	-3962.536865	10824.853516	-7273.802734	-57519.531250	-31517.244141	18763.582031	160793.671875	185935.343750	-119261.484375	542846.625000	1490223.125000	339831.406250	-1070376.000000	-890272.750000	-741522.062500	-654305.562500	-601026.000000	-488812.593750	-33968.964844	-330404.843750	-432158.250000	250445.796875	596949.500000	1444735.875000	887793.250000	-558817.250000	2827915.250000	5234546.500000	533186.000000	-3052936.500000	-2419390.250000	-1871945.250000	-1355186.000000	-1185116.000000	-437446.062500	513924.500000	-319626.093750	-685970.312500	82216.039062	531415.437500	1517201.375000	1112960.625000	-266439.687500	1675286.000000	2737377.000000	-84251.226562	-1546051.750000	-964052.375000	-657251.875000	-402449.125000	-324841.187500	-136964.984375	146551.140625	-7115.875488	-124488.898438	-34018.980469	8882.170898	49310.968750	27751.085938	-3757.507080	7676.976562	0.000000	
-0.000000	-2891.821045	-9747.753906	-16470.839844	-1890.028320	-26824.121094	-47414.460938	35261.289062	103942.281250	302680.937500	219136.859375	-159854.734375	925281.625000	1938379.500000	221536.796875	-1413273.500000	-1240624.875000	-1058265.000000	-841380.500000	-805570.750000	-324761.750000	415955.625000	-281674.187500	-657722.562500	85747.070312	603016.687500	1874543.750000	1499130.250000	-391973.031250	2698332.000000	4842096.500000	-164301.562500	-3339763.000000	-2320242.750000	-1774893.125000	-1229995.500000	-1135573.500000	-554888.812500	699507.562500	-40867.089844	-884190.625000	-310065.500000	109405.656250	886253.312500	823581.437500	-231679.984375	1736998.000000	3114701.250000	418804.593750	-1401625.125000	-948187.875000	-601060.937500	-381786.937500	-276626.000000	-193458.375000	6525.887695	-23377.992188	-66991.140625	12794.691406	28054.757812	33233.816406	17917.789062	-938.170471	0.000000	
-0.000000	-4677.191895	-13645.949219	-27144.199219	-18069.699219	33769.613281	-30904.025391	-92603.453125	14930.485352	126335.671875	462699.656250	428839.812500	-128251.882812	999206.250000	2011873.000000	-76058.921875	-1712577.375000	-1311700.625000	-1101959.750000	-836077.125000	-843054.500000	-449110.968750	616449.125000	-39184.214844	-922165.000000	-351842.781250	135173.671875	1193761.250000	1211612.625000	-373159.875000	3072544.250000	6074099.000000	904696.812500	-3373375.500000	-2560559.000000	-1837008.000000	-1334643.375000	-1120700.000000	-923401.875000	37478.742188	-166043.734375	-610589.750000	157597.906250	504220.937500	986294.937500	1104773.125000	-212271.093750	1073457.500000	3105310.000000	865041.250000	-1366208.375000	-996902.312500	-622211.562500	-440257.750000	-275792.625000	-217749.984375	58637.261719	151465.500000	-32237.654297	-30390.464844	14019.625977	10645.085938	4100.796875	0.000000	
-0.000000	-5797.296387	-17872.160156	-28172.130859	-46907.433594	-36461.351562	67634.023438	-5516.905762	-160569.578125	-73713.203125	33365.351562	341486.250000	396434.406250	-138183.015625	1276630.625000	2811838.000000	463914.125000	-1907067.000000	-1589748.000000	-1248687.875000	-990844.687500	-907062.187500	-813758.625000	35935.394531	-173175.000000	-692858.687500	194716.515625	679173.062500	1450988.750000	1779424.375000	-375482.500000	2093390.750000	6708054.500000	2081946.875000	-3689413.250000	-3046808.250000	-2175115.000000	-1783624.375000	-1316393.875000	-1250557.000000	416475.031250	1380530.125000	-397085.531250	-546200.000000	416066.750000	656353.625000	927849.125000	304694.531250	601527.812500	2472563.500000	1062148.250000	-1194851.375000	-848852.000000	-497169.281250	-397601.718750	-237595.578125	-176772.281250	-8694.268555	61829.445312	-22584.636719	-16048.273438	4161.102051	1259.213257	0.000000	
0.000000	-8428.625000	-25783.367188	-42075.300781	-55130.460938	-73640.406250	-89281.937500	5059.491211	-30153.648438	-145158.125000	48062.503906	194283.625000	474757.250000	658930.000000	-156011.578125	969078.062500	3439783.500000	1176985.000000	-2290608.250000	-2071037.500000	-1614814.375000	-1443614.000000	-1160087.375000	-1199060.000000	434361.875000	1566538.375000	-490610.031250	-735717.812500	612097.000000	1057168.750000	1641255.375000	594196.562500	1299413.375000	5950867.500000	2868306.250000	-3651795.250000	-2967400.500000	-2014191.125000	-1897804.500000	-1364532.125000	-1255536.750000	-79243.781250	761580.812500	-405907.843750	-476271.843750	256564.828125	284910.468750	395194.406250	-219267.562500	1939000.375000	3459247.000000	366725.687500	-1188231.500000	-729285.312500	-529815.875000	-325960.343750	-152664.000000	-125317.437500	-41709.828125	12825.567383	-3113.151367	-4581.534180	-33.633984	0.000000	
